<?xml version="1.0" encoding="utf-8"?>
<clothing-items>
 <clothing>
  <id>
   457755136
  </id>
  <name>
   Fila Belts A-7355
  </name>
  <category>
   Belts
  </category>
  <size>
   XXL
  </size>
  <color>
   Зеленый
  </color>
  <material>
   Нейлон
  </material>
  <price>
   137112
  </price>
  <rating>
   3.13
  </rating>
  <reviews>
   385671
  </reviews>
  <exclusive>
   no
  </exclusive>
  <sporty>
   no
  </sporty>
 </clothing>
 <clothing>
  <id>
   444233295
  </id>
  <name>
   DC Handbags B-9679
  </name>
  <category>
   Handbags
  </category>
  <size>
   S
  </size>
  <color>
   Желтый
  </color>
  <material>
   Вискоза
  </material>
  <price>
   549815
  </price>
  <rating>
   2.78
  </rating>
  <reviews>
   965668
  </reviews>
  <new>
   -
  </new>
  <exclusive>
   no
  </exclusive>
  <sporty>
   yes
  </sporty>
 </clothing>
 <clothing>
  <id>
   835279572
  </id>
  <name>
   Vans Belts T-2913
  </name>
  <category>
   Belts
  </category>
  <size>
   XXL
  </size>
  <color>
   Зеленый
  </color>
  <material>
   Вискоза
  </material>
  <price>
   719800
  </price>
  <rating>
   1.4
  </rating>
  <reviews>
   621926
  </reviews>
  <new>
   -
  </new>
  <exclusive>
   no
  </exclusive>
 </clothing>
 <clothing>
  <id>
   771625432
  </id>
  <name>
   Ellesse Shirt M-9508
  </name>
  <category>
   Shirt
  </category>
  <size>
   M
  </size>
  <color>
   Голубой
  </color>
  <material>
   Вискоза
  </material>
  <price>
   607231
  </price>
  <rating>
   2.63
  </rating>
  <reviews>
   840700
  </reviews>
  <new>
   -
  </new>
  <exclusive>
   no
  </exclusive>
  <sporty>
   no
  </sporty>
 </clothing>
 <clothing>
  <id>
   295838143
  </id>
  <name>
   Addidas T-shirt Y-6992
  </name>
  <category>
   T-shirt
  </category>
  <size>
   XL
  </size>
  <color>
   Зеленый
  </color>
  <material>
   Вискоза
  </material>
  <price>
   387324
  </price>
  <rating>
   3.48
  </rating>
  <reviews>
   612726
  </reviews>
 </clothing>
 <clothing>
  <id>
   634865411
  </id>
  <name>
   Brooks T-shirt S-8848
  </name>
  <category>
   T-shirt
  </category>
  <size>
   S
  </size>
  <color>
   Зеленый
  </color>
  <material>
   Шерсть
  </material>
  <price>
   919368
  </price>
  <rating>
   4.26
  </rating>
  <reviews>
   259418
  </reviews>
  <new>
   -
  </new>
  <exclusive>
   no
  </exclusive>
 </clothing>
 <clothing>
  <id>
   687223561
  </id>
  <name>
   Puma Gloves N-8419
  </name>
  <category>
   Gloves
  </category>
  <size>
   M
  </size>
  <color>
   Зеленый
  </color>
  <material>
   Лен
  </material>
  <price>
   601387
  </price>
  <rating>
   2.47
  </rating>
  <reviews>
   168144
  </reviews>
  <new>
   -
  </new>
  <exclusive>
   no
  </exclusive>
 </clothing>
 <clothing>
  <id>
   153094387
  </id>
  <name>
   Brooks Blouse R-8539
  </name>
  <category>
   Blouse
  </category>
  <size>
   M
  </size>
  <color>
   Фиолетовый
  </color>
  <material>
   Нейлон
  </material>
  <price>
   177976
  </price>
  <rating>
   4.74
  </rating>
  <reviews>
   683904
  </reviews>
  <new>
   -
  </new>
 </clothing>
 <clothing>
  <id>
   573756365
  </id>
  <name>
   Asics Belts W-8501
  </name>
  <category>
   Belts
  </category>
  <size>
   M
  </size>
  <color>
   Красный
  </color>
  <material>
   Вискоза
  </material>
  <price>
   918451
  </price>
  <rating>
   1.33
  </rating>
  <reviews>
   530543
  </reviews>
  <new>
   -
  </new>
  <exclusive>
   no
  </exclusive>
  <sporty>
   no
  </sporty>
 </clothing>
 <clothing>
  <id>
   138081581
  </id>
  <name>
   Fila T-shirt X-1176
  </name>
  <category>
   T-shirt
  </category>
  <size>
   XXL
  </size>
  <color>
   Голубой
  </color>
  <material>
   Кожа
  </material>
  <price>
   890611
  </price>
  <rating>
   2.97
  </rating>
  <reviews>
   25035
  </reviews>
  <exclusive>
   no
  </exclusive>
  <sporty>
   no
  </sporty>
 </clothing>
 <clothing>
  <id>
   274020398
  </id>
  <name>
   Brooks Blouse I-4541
  </name>
  <category>
   Blouse
  </category>
  <size>
   XXL
  </size>
  <color>
   Фиолетовый
  </color>
  <material>
   Хлопок
  </material>
  <price>
   112477
  </price>
  <rating>
   2.43
  </rating>
  <reviews>
   258811
  </reviews>
  <exclusive>
   yes
  </exclusive>
 </clothing>
 <clothing>
  <id>
   918045704
  </id>
  <name>
   Asics Umbrellas Q-2622
  </name>
  <category>
   Umbrellas
  </category>
  <size>
   XXL
  </size>
  <color>
   Фиолетовый
  </color>
  <material>
   Шерсть
  </material>
  <price>
   688433
  </price>
  <rating>
   4.44
  </rating>
  <reviews>
   893701
  </reviews>
  <sporty>
   yes
  </sporty>
 </clothing>
 <clothing>
  <id>
   177845530
  </id>
  <name>
   Puma Blouse K-3913
  </name>
  <category>
   Blouse
  </category>
  <size>
   S
  </size>
  <color>
   Красный
  </color>
  <material>
   Вискоза
  </material>
  <price>
   472582
  </price>
  <rating>
   3.46
  </rating>
  <reviews>
   830493
  </reviews>
  <new>
   +
  </new>
 </clothing>
 <clothing>
  <id>
   613682582
  </id>
  <name>
   Reebok Belts E-1480
  </name>
  <category>
   Belts
  </category>
  <size>
   XXL
  </size>
  <color>
   Оранжевый
  </color>
  <material>
   Кожа
  </material>
  <price>
   747443
  </price>
  <rating>
   2.93
  </rating>
  <reviews>
   423428
  </reviews>
  <new>
   +
  </new>
  <exclusive>
   no
  </exclusive>
  <sporty>
   no
  </sporty>
 </clothing>
 <clothing>
  <id>
   111884472
  </id>
  <name>
   Lacoste Pants B-3647
  </name>
  <category>
   Pants
  </category>
  <size>
   L
  </size>
  <color>
   Красный
  </color>
  <material>
   Лен
  </material>
  <price>
   529910
  </price>
  <rating>
   1.67
  </rating>
  <reviews>
   816486
  </reviews>
  <exclusive>
   yes
  </exclusive>
 </clothing>
 <clothing>
  <id>
   686568986
  </id>
  <name>
   Converse Socks T-1831
  </name>
  <category>
   Socks
  </category>
  <size>
   M
  </size>
  <color>
   Красный
  </color>
  <material>
   Хлопок
  </material>
  <price>
   783070
  </price>
  <rating>
   1.73
  </rating>
  <reviews>
   252432
  </reviews>
  <exclusive>
   yes
  </exclusive>
 </clothing>
 <clothing>
  <id>
   392389729
  </id>
  <name>
   Brooks Umbrellas L-2554
  </name>
  <category>
   Umbrellas
  </category>
  <size>
   S
  </size>
  <color>
   Голубой
  </color>
  <material>
   Вискоза
  </material>
  <price>
   919596
  </price>
  <rating>
   1.69
  </rating>
  <reviews>
   359492
  </reviews>
  <exclusive>
   no
  </exclusive>
  <sporty>
   yes
  </sporty>
 </clothing>
 <clothing>
  <id>
   430563460
  </id>
  <name>
   Addidas Umbrellas E-4556
  </name>
  <category>
   Umbrellas
  </category>
  <size>
   XL
  </size>
  <color>
   Голубой
  </color>
  <material>
   Лен
  </material>
  <price>
   961626
  </price>
  <rating>
   2.63
  </rating>
  <reviews>
   794177
  </reviews>
  <sporty>
   yes
  </sporty>
 </clothing>
 <clothing>
  <id>
   627486885
  </id>
  <name>
   Addidas Belts V-7637
  </name>
  <category>
   Belts
  </category>
  <size>
   XL
  </size>
  <color>
   Синий
  </color>
  <material>
   Хлопок
  </material>
  <price>
   896678
  </price>
  <rating>
   3.94
  </rating>
  <reviews>
   21221
  </reviews>
  <new>
   +
  </new>
  <exclusive>
   yes
  </exclusive>
  <sporty>
   no
  </sporty>
 </clothing>
 <clothing>
  <id>
   922068202
  </id>
  <name>
   DC T-shirt L-4615
  </name>
  <category>
   T-shirt
  </category>
  <size>
   XXL
  </size>
  <color>
   Оранжевый
  </color>
  <material>
   Вискоза
  </material>
  <price>
   682870
  </price>
  <rating>
   3.9
  </rating>
  <reviews>
   526117
  </reviews>
 </clothing>
 <clothing>
  <id>
   493541604
  </id>
  <name>
   Lacoste Jeans H-6446
  </name>
  <category>
   Jeans
  </category>
  <size>
   XL
  </size>
  <color>
   Желтый
  </color>
  <material>
   Полиэстер
  </material>
  <price>
   817331
  </price>
  <rating>
   3.02
  </rating>
  <reviews>
   94637
  </reviews>
  <exclusive>
   no
  </exclusive>
 </clothing>
 <clothing>
  <id>
   327906823
  </id>
  <name>
   Reebok T-shirt C-8642
  </name>
  <category>
   T-shirt
  </category>
  <size>
   XL
  </size>
  <color>
   Синий
  </color>
  <material>
   Шелк
  </material>
  <price>
   885444
  </price>
  <rating>
   2.72
  </rating>
  <reviews>
   685575
  </reviews>
  <new>
   +
  </new>
  <exclusive>
   yes
  </exclusive>
 </clothing>
 <clothing>
  <id>
   596354585
  </id>
  <name>
   Ellesse Jeans F-8633
  </name>
  <category>
   Jeans
  </category>
  <size>
   M
  </size>
  <color>
   Голубой
  </color>
  <material>
   Шелк
  </material>
  <price>
   941262
  </price>
  <rating>
   4.51
  </rating>
  <reviews>
   69592
  </reviews>
 </clothing>
 <clothing>
  <id>
   871239096
  </id>
  <name>
   Adidas Jeans P-7530
  </name>
  <category>
   Jeans
  </category>
  <size>
   XXL
  </size>
  <color>
   Синий
  </color>
  <material>
   Вискоза
  </material>
  <price>
   475507
  </price>
  <rating>
   3.44
  </rating>
  <reviews>
   722322
  </reviews>
  <exclusive>
   no
  </exclusive>
 </clothing>
</clothing-items>
