<?xml version="1.0" encoding="utf-8"?>
<clothing-items>
 <clothing>
  <id>
   583651368
  </id>
  <name>
   Converse Handbags W-6634
  </name>
  <category>
   Handbags
  </category>
  <size>
   L
  </size>
  <color>
   Оранжевый
  </color>
  <material>
   Полиэстер
  </material>
  <price>
   828005
  </price>
  <rating>
   4.36
  </rating>
  <reviews>
   455683
  </reviews>
  <sporty>
   no
  </sporty>
 </clothing>
 <clothing>
  <id>
   236093942
  </id>
  <name>
   Adidas Socks H-4876
  </name>
  <category>
   Socks
  </category>
  <size>
   M
  </size>
  <color>
   Желтый
  </color>
  <material>
   Полиэстер
  </material>
  <price>
   599738
  </price>
  <rating>
   1.8
  </rating>
  <reviews>
   755021
  </reviews>
  <exclusive>
   yes
  </exclusive>
  <sporty>
   yes
  </sporty>
 </clothing>
 <clothing>
  <id>
   874742864
  </id>
  <name>
   Reebok Gloves D-7716
  </name>
  <category>
   Gloves
  </category>
  <size>
   L
  </size>
  <color>
   Голубой
  </color>
  <material>
   Лен
  </material>
  <price>
   352787
  </price>
  <rating>
   2.3
  </rating>
  <reviews>
   325137
  </reviews>
  <new>
   +
  </new>
  <sporty>
   no
  </sporty>
 </clothing>
 <clothing>
  <id>
   591578508
  </id>
  <name>
   Fila Belts Z-1892
  </name>
  <category>
   Belts
  </category>
  <size>
   S
  </size>
  <color>
   Фиолетовый
  </color>
  <material>
   Полиэстер
  </material>
  <price>
   391066
  </price>
  <rating>
   2.96
  </rating>
  <reviews>
   987023
  </reviews>
  <new>
   +
  </new>
  <exclusive>
   no
  </exclusive>
  <sporty>
   yes
  </sporty>
 </clothing>
 <clothing>
  <id>
   960916505
  </id>
  <name>
   Brooks T-shirt L-2568
  </name>
  <category>
   T-shirt
  </category>
  <size>
   L
  </size>
  <color>
   Зеленый
  </color>
  <material>
   Полиэстер
  </material>
  <price>
   313201
  </price>
  <rating>
   4.43
  </rating>
  <reviews>
   268186
  </reviews>
  <new>
   -
  </new>
  <exclusive>
   no
  </exclusive>
  <sporty>
   yes
  </sporty>
 </clothing>
 <clothing>
  <id>
   597285740
  </id>
  <name>
   Adidas Shoes R-1596
  </name>
  <category>
   Shoes
  </category>
  <size>
   S
  </size>
  <color>
   Синий
  </color>
  <material>
   Шелк
  </material>
  <price>
   132737
  </price>
  <rating>
   3.27
  </rating>
  <reviews>
   886549
  </reviews>
  <sporty>
   no
  </sporty>
 </clothing>
 <clothing>
  <id>
   532637840
  </id>
  <name>
   Adidas Gloves U-1409
  </name>
  <category>
   Gloves
  </category>
  <size>
   M
  </size>
  <color>
   Синий
  </color>
  <material>
   Нейлон
  </material>
  <price>
   597598
  </price>
  <rating>
   2.8
  </rating>
  <reviews>
   680920
  </reviews>
  <sporty>
   no
  </sporty>
 </clothing>
 <clothing>
  <id>
   118109762
  </id>
  <name>
   Lacoste Handbags K-8023
  </name>
  <category>
   Handbags
  </category>
  <size>
   S
  </size>
  <color>
   Фиолетовый
  </color>
  <material>
   Лен
  </material>
  <price>
   819468
  </price>
  <rating>
   4.5
  </rating>
  <reviews>
   848358
  </reviews>
  <exclusive>
   no
  </exclusive>
 </clothing>
 <clothing>
  <id>
   784477965
  </id>
  <name>
   Puma Sweater P-4688
  </name>
  <category>
   Sweater
  </category>
  <size>
   XXL
  </size>
  <color>
   Зеленый
  </color>
  <material>
   Кожа
  </material>
  <price>
   922368
  </price>
  <rating>
   4.42
  </rating>
  <reviews>
   816541
  </reviews>
  <new>
   +
  </new>
  <exclusive>
   no
  </exclusive>
  <sporty>
   yes
  </sporty>
 </clothing>
 <clothing>
  <id>
   881160033
  </id>
  <name>
   Ellesse Gloves C-5055
  </name>
  <category>
   Gloves
  </category>
  <size>
   S
  </size>
  <color>
   Фиолетовый
  </color>
  <material>
   Вискоза
  </material>
  <price>
   207164
  </price>
  <rating>
   3.32
  </rating>
  <reviews>
   755782
  </reviews>
  <new>
   +
  </new>
  <exclusive>
   no
  </exclusive>
 </clothing>
 <clothing>
  <id>
   984806966
  </id>
  <name>
   Fila Jeans Z-3044
  </name>
  <category>
   Jeans
  </category>
  <size>
   M
  </size>
  <color>
   Голубой
  </color>
  <material>
   Нейлон
  </material>
  <price>
   314641
  </price>
  <rating>
   2.77
  </rating>
  <reviews>
   353241
  </reviews>
  <new>
   -
  </new>
  <exclusive>
   yes
  </exclusive>
  <sporty>
   no
  </sporty>
 </clothing>
 <clothing>
  <id>
   395668150
  </id>
  <name>
   PleinSport Handbags A-6615
  </name>
  <category>
   Handbags
  </category>
  <size>
   L
  </size>
  <color>
   Фиолетовый
  </color>
  <material>
   Полиэстер
  </material>
  <price>
   287095
  </price>
  <rating>
   3.85
  </rating>
  <reviews>
   305359
  </reviews>
  <new>
   -
  </new>
  <sporty>
   no
  </sporty>
 </clothing>
</clothing-items>
