<?xml version="1.0" encoding="utf-8"?>
<clothing-items>
 <clothing>
  <id>
   394042091
  </id>
  <name>
   Asics Shirt A-7959
  </name>
  <category>
   Shirt
  </category>
  <size>
   L
  </size>
  <color>
   Оранжевый
  </color>
  <material>
   Шелк
  </material>
  <price>
   877020
  </price>
  <rating>
   3.39
  </rating>
  <reviews>
   540046
  </reviews>
  <new>
   -
  </new>
  <exclusive>
   no
  </exclusive>
 </clothing>
 <clothing>
  <id>
   370892275
  </id>
  <name>
   Adidas Shoes N-5966
  </name>
  <category>
   Shoes
  </category>
  <size>
   L
  </size>
  <color>
   Фиолетовый
  </color>
  <material>
   Лен
  </material>
  <price>
   856375
  </price>
  <rating>
   3.87
  </rating>
  <reviews>
   382369
  </reviews>
 </clothing>
 <clothing>
  <id>
   959344270
  </id>
  <name>
   Asics Skirt N-9641
  </name>
  <category>
   Skirt
  </category>
  <size>
   M
  </size>
  <color>
   Желтый
  </color>
  <material>
   Полиэстер
  </material>
  <price>
   533946
  </price>
  <rating>
   3.51
  </rating>
  <reviews>
   641530
  </reviews>
 </clothing>
 <clothing>
  <id>
   261424629
  </id>
  <name>
   Ellesse Handbags E-1503
  </name>
  <category>
   Handbags
  </category>
  <size>
   M
  </size>
  <color>
   Фиолетовый
  </color>
  <material>
   Шерсть
  </material>
  <price>
   354284
  </price>
  <rating>
   3.58
  </rating>
  <reviews>
   652708
  </reviews>
  <sporty>
   yes
  </sporty>
 </clothing>
 <clothing>
  <id>
   371758326
  </id>
  <name>
   New Balance Shoes C-7960
  </name>
  <category>
   Shoes
  </category>
  <size>
   XL
  </size>
  <color>
   Голубой
  </color>
  <material>
   Лен
  </material>
  <price>
   613580
  </price>
  <rating>
   4.89
  </rating>
  <reviews>
   301721
  </reviews>
  <new>
   +
  </new>
  <exclusive>
   yes
  </exclusive>
  <sporty>
   no
  </sporty>
 </clothing>
 <clothing>
  <id>
   664798303
  </id>
  <name>
   Reebok Blouse R-4811
  </name>
  <category>
   Blouse
  </category>
  <size>
   L
  </size>
  <color>
   Оранжевый
  </color>
  <material>
   Лен
  </material>
  <price>
   826688
  </price>
  <rating>
   3.42
  </rating>
  <reviews>
   6002
  </reviews>
  <sporty>
   yes
  </sporty>
 </clothing>
 <clothing>
  <id>
   574076849
  </id>
  <name>
   DC Belts S-3996
  </name>
  <category>
   Belts
  </category>
  <size>
   XL
  </size>
  <color>
   Фиолетовый
  </color>
  <material>
   Полиэстер
  </material>
  <price>
   196221
  </price>
  <rating>
   4.08
  </rating>
  <reviews>
   306317
  </reviews>
  <new>
   -
  </new>
 </clothing>
 <clothing>
  <id>
   355593972
  </id>
  <name>
   Under Armour Skirt H-3606
  </name>
  <category>
   Skirt
  </category>
  <size>
   M
  </size>
  <color>
   Зеленый
  </color>
  <material>
   Лен
  </material>
  <price>
   757565
  </price>
  <rating>
   4.76
  </rating>
  <reviews>
   640553
  </reviews>
 </clothing>
 <clothing>
  <id>
   668579888
  </id>
  <name>
   Adidas Hat C-5449
  </name>
  <category>
   Hat
  </category>
  <size>
   L
  </size>
  <color>
   Фиолетовый
  </color>
  <material>
   Шерсть
  </material>
  <price>
   315665
  </price>
  <rating>
   3.31
  </rating>
  <reviews>
   189642
  </reviews>
  <new>
   -
  </new>
  <sporty>
   no
  </sporty>
 </clothing>
 <clothing>
  <id>
   362528278
  </id>
  <name>
   Reebok Hat O-5141
  </name>
  <category>
   Hat
  </category>
  <size>
   XL
  </size>
  <color>
   Синий
  </color>
  <material>
   Шелк
  </material>
  <price>
   127286
  </price>
  <rating>
   2.35
  </rating>
  <reviews>
   867335
  </reviews>
  <new>
   +
  </new>
  <sporty>
   yes
  </sporty>
 </clothing>
 <clothing>
  <id>
   445023891
  </id>
  <name>
   Vans Umbrellas I-1592
  </name>
  <category>
   Umbrellas
  </category>
  <size>
   S
  </size>
  <color>
   Желтый
  </color>
  <material>
   Нейлон
  </material>
  <price>
   237782
  </price>
  <rating>
   2.29
  </rating>
  <reviews>
   30755
  </reviews>
 </clothing>
 <clothing>
  <id>
   373763999
  </id>
  <name>
   Ellesse Blouse I-5660
  </name>
  <category>
   Blouse
  </category>
  <size>
   XL
  </size>
  <color>
   Голубой
  </color>
  <material>
   Кожа
  </material>
  <price>
   275668
  </price>
  <rating>
   3.05
  </rating>
  <reviews>
   12520
  </reviews>
  <new>
   +
  </new>
  <exclusive>
   yes
  </exclusive>
  <sporty>
   yes
  </sporty>
 </clothing>
 <clothing>
  <id>
   355286627
  </id>
  <name>
   Adidas Shoes U-3499
  </name>
  <category>
   Shoes
  </category>
  <size>
   M
  </size>
  <color>
   Зеленый
  </color>
  <material>
   Шерсть
  </material>
  <price>
   531357
  </price>
  <rating>
   3.19
  </rating>
  <reviews>
   90518
  </reviews>
  <exclusive>
   no
  </exclusive>
  <sporty>
   no
  </sporty>
 </clothing>
 <clothing>
  <id>
   436664416
  </id>
  <name>
   Puma Skirt O-9093
  </name>
  <category>
   Skirt
  </category>
  <size>
   L
  </size>
  <color>
   Оранжевый
  </color>
  <material>
   Шелк
  </material>
  <price>
   801464
  </price>
  <rating>
   4.66
  </rating>
  <reviews>
   298443
  </reviews>
  <new>
   +
  </new>
  <exclusive>
   no
  </exclusive>
 </clothing>
 <clothing>
  <id>
   436580204
  </id>
  <name>
   DC Blouse R-1535
  </name>
  <category>
   Blouse
  </category>
  <size>
   M
  </size>
  <color>
   Синий
  </color>
  <material>
   Нейлон
  </material>
  <price>
   158090
  </price>
  <rating>
   4.07
  </rating>
  <reviews>
   390215
  </reviews>
  <new>
   -
  </new>
  <exclusive>
   no
  </exclusive>
  <sporty>
   yes
  </sporty>
 </clothing>
 <clothing>
  <id>
   592449265
  </id>
  <name>
   Addidas Hat D-6475
  </name>
  <category>
   Hat
  </category>
  <size>
   XL
  </size>
  <color>
   Красный
  </color>
  <material>
   Лен
  </material>
  <price>
   457108
  </price>
  <rating>
   4.27
  </rating>
  <reviews>
   522875
  </reviews>
  <new>
   -
  </new>
 </clothing>
 <clothing>
  <id>
   703987608
  </id>
  <name>
   Asics Umbrellas T-8305
  </name>
  <category>
   Umbrellas
  </category>
  <size>
   L
  </size>
  <color>
   Фиолетовый
  </color>
  <material>
   Нейлон
  </material>
  <price>
   967881
  </price>
  <rating>
   4.11
  </rating>
  <reviews>
   135301
  </reviews>
  <new>
   +
  </new>
 </clothing>
</clothing-items>
