<?xml version="1.0" encoding="utf-8"?>
<clothing-items>
 <clothing>
  <id>
   548831720
  </id>
  <name>
   Nike Belts T-6953
  </name>
  <category>
   Belts
  </category>
  <size>
   S
  </size>
  <color>
   Желтый
  </color>
  <material>
   Шелк
  </material>
  <price>
   959613
  </price>
  <rating>
   3.05
  </rating>
  <reviews>
   185673
  </reviews>
  <new>
   -
  </new>
  <sporty>
   no
  </sporty>
 </clothing>
 <clothing>
  <id>
   419874593
  </id>
  <name>
   Reebok Handbags J-2455
  </name>
  <category>
   Handbags
  </category>
  <size>
   S
  </size>
  <color>
   Красный
  </color>
  <material>
   Полиэстер
  </material>
  <price>
   370950
  </price>
  <rating>
   2.11
  </rating>
  <reviews>
   94620
  </reviews>
  <exclusive>
   yes
  </exclusive>
  <sporty>
   no
  </sporty>
 </clothing>
 <clothing>
  <id>
   159858763
  </id>
  <name>
   Asics Belts L-7475
  </name>
  <category>
   Belts
  </category>
  <size>
   S
  </size>
  <color>
   Зеленый
  </color>
  <material>
   Нейлон
  </material>
  <price>
   649887
  </price>
  <rating>
   2.8
  </rating>
  <reviews>
   897358
  </reviews>
  <sporty>
   no
  </sporty>
 </clothing>
 <clothing>
  <id>
   153792385
  </id>
  <name>
   Vans Dress Y-5040
  </name>
  <category>
   Dress
  </category>
  <size>
   L
  </size>
  <color>
   Желтый
  </color>
  <material>
   Полиэстер
  </material>
  <price>
   935893
  </price>
  <rating>
   2.26
  </rating>
  <reviews>
   214245
  </reviews>
  <new>
   +
  </new>
  <exclusive>
   yes
  </exclusive>
  <sporty>
   yes
  </sporty>
 </clothing>
 <clothing>
  <id>
   544941329
  </id>
  <name>
   Converse T-shirt M-6059
  </name>
  <category>
   T-shirt
  </category>
  <size>
   S
  </size>
  <color>
   Зеленый
  </color>
  <material>
   Кожа
  </material>
  <price>
   764181
  </price>
  <rating>
   2.7
  </rating>
  <reviews>
   12366
  </reviews>
  <new>
   -
  </new>
  <exclusive>
   no
  </exclusive>
 </clothing>
 <clothing>
  <id>
   232254584
  </id>
  <name>
   Adidas Shoes X-8275
  </name>
  <category>
   Shoes
  </category>
  <size>
   XL
  </size>
  <color>
   Оранжевый
  </color>
  <material>
   Лен
  </material>
  <price>
   431458
  </price>
  <rating>
   2.46
  </rating>
  <reviews>
   311807
  </reviews>
  <exclusive>
   yes
  </exclusive>
 </clothing>
 <clothing>
  <id>
   967760992
  </id>
  <name>
   Under Armour Socks X-3552
  </name>
  <category>
   Socks
  </category>
  <size>
   M
  </size>
  <color>
   Желтый
  </color>
  <material>
   Нейлон
  </material>
  <price>
   648266
  </price>
  <rating>
   1.35
  </rating>
  <reviews>
   335352
  </reviews>
  <new>
   +
  </new>
  <sporty>
   no
  </sporty>
 </clothing>
 <clothing>
  <id>
   573041693
  </id>
  <name>
   Under Armour Shoes B-7104
  </name>
  <category>
   Shoes
  </category>
  <size>
   XXL
  </size>
  <color>
   Фиолетовый
  </color>
  <material>
   Шелк
  </material>
  <price>
   690073
  </price>
  <rating>
   1.51
  </rating>
  <reviews>
   33432
  </reviews>
  <new>
   -
  </new>
  <sporty>
   yes
  </sporty>
 </clothing>
 <clothing>
  <id>
   452012656
  </id>
  <name>
   Nike Hat K-4223
  </name>
  <category>
   Hat
  </category>
  <size>
   S
  </size>
  <color>
   Голубой
  </color>
  <material>
   Шерсть
  </material>
  <price>
   103958
  </price>
  <rating>
   2.6
  </rating>
  <reviews>
   868909
  </reviews>
  <new>
   +
  </new>
  <exclusive>
   no
  </exclusive>
  <sporty>
   yes
  </sporty>
 </clothing>
 <clothing>
  <id>
   884968576
  </id>
  <name>
   New Balance Skirt T-6301
  </name>
  <category>
   Skirt
  </category>
  <size>
   S
  </size>
  <color>
   Голубой
  </color>
  <material>
   Лен
  </material>
  <price>
   504597
  </price>
  <rating>
   4.3
  </rating>
  <reviews>
   59657
  </reviews>
  <new>
   +
  </new>
  <exclusive>
   no
  </exclusive>
 </clothing>
 <clothing>
  <id>
   651218220
  </id>
  <name>
   Puma Shirt D-2065
  </name>
  <category>
   Shirt
  </category>
  <size>
   M
  </size>
  <color>
   Желтый
  </color>
  <material>
   Кожа
  </material>
  <price>
   259671
  </price>
  <rating>
   3.93
  </rating>
  <reviews>
   544416
  </reviews>
  <new>
   +
  </new>
  <sporty>
   no
  </sporty>
 </clothing>
 <clothing>
  <id>
   988911223
  </id>
  <name>
   Nike Umbrellas F-8030
  </name>
  <category>
   Umbrellas
  </category>
  <size>
   L
  </size>
  <color>
   Красный
  </color>
  <material>
   Кожа
  </material>
  <price>
   211688
  </price>
  <rating>
   1.0
  </rating>
  <reviews>
   613549
  </reviews>
  <new>
   -
  </new>
  <sporty>
   yes
  </sporty>
 </clothing>
 <clothing>
  <id>
   807232877
  </id>
  <name>
   Reebok T-shirt V-5305
  </name>
  <category>
   T-shirt
  </category>
  <size>
   XXL
  </size>
  <color>
   Синий
  </color>
  <material>
   Лен
  </material>
  <price>
   339209
  </price>
  <rating>
   1.23
  </rating>
  <reviews>
   414969
  </reviews>
  <exclusive>
   yes
  </exclusive>
  <sporty>
   yes
  </sporty>
 </clothing>
 <clothing>
  <id>
   971039491
  </id>
  <name>
   Converse Socks G-7312
  </name>
  <category>
   Socks
  </category>
  <size>
   S
  </size>
  <color>
   Оранжевый
  </color>
  <material>
   Кожа
  </material>
  <price>
   971185
  </price>
  <rating>
   3.17
  </rating>
  <reviews>
   498810
  </reviews>
  <new>
   -
  </new>
  <sporty>
   no
  </sporty>
 </clothing>
 <clothing>
  <id>
   127658523
  </id>
  <name>
   Asics Socks A-4294
  </name>
  <category>
   Socks
  </category>
  <size>
   M
  </size>
  <color>
   Синий
  </color>
  <material>
   Шелк
  </material>
  <price>
   784486
  </price>
  <rating>
   3.98
  </rating>
  <reviews>
   502023
  </reviews>
  <new>
   -
  </new>
  <sporty>
   yes
  </sporty>
 </clothing>
 <clothing>
  <id>
   809949690
  </id>
  <name>
   Vans T-shirt T-9889
  </name>
  <category>
   T-shirt
  </category>
  <size>
   L
  </size>
  <color>
   Голубой
  </color>
  <material>
   Шерсть
  </material>
  <price>
   655324
  </price>
  <rating>
   1.43
  </rating>
  <reviews>
   785919
  </reviews>
  <new>
   -
  </new>
 </clothing>
 <clothing>
  <id>
   965398733
  </id>
  <name>
   Lacoste Pants O-5631
  </name>
  <category>
   Pants
  </category>
  <size>
   XL
  </size>
  <color>
   Синий
  </color>
  <material>
   Шерсть
  </material>
  <price>
   652249
  </price>
  <rating>
   2.58
  </rating>
  <reviews>
   382894
  </reviews>
  <new>
   -
  </new>
  <exclusive>
   no
  </exclusive>
  <sporty>
   no
  </sporty>
 </clothing>
 <clothing>
  <id>
   419558104
  </id>
  <name>
   Nike Shirt V-2053
  </name>
  <category>
   Shirt
  </category>
  <size>
   M
  </size>
  <color>
   Голубой
  </color>
  <material>
   Лен
  </material>
  <price>
   567244
  </price>
  <rating>
   4.92
  </rating>
  <reviews>
   992384
  </reviews>
  <exclusive>
   no
  </exclusive>
 </clothing>
 <clothing>
  <id>
   388707710
  </id>
  <name>
   PleinSport Dress K-3211
  </name>
  <category>
   Dress
  </category>
  <size>
   S
  </size>
  <color>
   Зеленый
  </color>
  <material>
   Кожа
  </material>
  <price>
   833830
  </price>
  <rating>
   2.33
  </rating>
  <reviews>
   972193
  </reviews>
  <new>
   -
  </new>
  <exclusive>
   yes
  </exclusive>
  <sporty>
   no
  </sporty>
 </clothing>
 <clothing>
  <id>
   856615656
  </id>
  <name>
   Under Armour Umbrellas N-6775
  </name>
  <category>
   Umbrellas
  </category>
  <size>
   M
  </size>
  <color>
   Желтый
  </color>
  <material>
   Полиэстер
  </material>
  <price>
   339393
  </price>
  <rating>
   2.04
  </rating>
  <reviews>
   908499
  </reviews>
  <new>
   -
  </new>
  <exclusive>
   no
  </exclusive>
  <sporty>
   yes
  </sporty>
 </clothing>
 <clothing>
  <id>
   837153944
  </id>
  <name>
   Adidas Handbags U-2852
  </name>
  <category>
   Handbags
  </category>
  <size>
   XL
  </size>
  <color>
   Красный
  </color>
  <material>
   Полиэстер
  </material>
  <price>
   259259
  </price>
  <rating>
   4.06
  </rating>
  <reviews>
   202357
  </reviews>
  <sporty>
   yes
  </sporty>
 </clothing>
 <clothing>
  <id>
   729005484
  </id>
  <name>
   Lacoste Sweater A-8569
  </name>
  <category>
   Sweater
  </category>
  <size>
   L
  </size>
  <color>
   Зеленый
  </color>
  <material>
   Лен
  </material>
  <price>
   228110
  </price>
  <rating>
   4.64
  </rating>
  <reviews>
   817178
  </reviews>
  <new>
   +
  </new>
  <exclusive>
   no
  </exclusive>
 </clothing>
 <clothing>
  <id>
   606182480
  </id>
  <name>
   Nike Skirt X-3868
  </name>
  <category>
   Skirt
  </category>
  <size>
   XL
  </size>
  <color>
   Голубой
  </color>
  <material>
   Шелк
  </material>
  <price>
   474974
  </price>
  <rating>
   3.5
  </rating>
  <reviews>
   389322
  </reviews>
 </clothing>
 <clothing>
  <id>
   913029638
  </id>
  <name>
   Nike Umbrellas K-6688
  </name>
  <category>
   Umbrellas
  </category>
  <size>
   XL
  </size>
  <color>
   Красный
  </color>
  <material>
   Хлопок
  </material>
  <price>
   665530
  </price>
  <rating>
   1.35
  </rating>
  <reviews>
   844440
  </reviews>
  <exclusive>
   yes
  </exclusive>
  <sporty>
   yes
  </sporty>
 </clothing>
 <clothing>
  <id>
   528643604
  </id>
  <name>
   Asics Skirt S-7019
  </name>
  <category>
   Skirt
  </category>
  <size>
   XL
  </size>
  <color>
   Фиолетовый
  </color>
  <material>
   Вискоза
  </material>
  <price>
   885363
  </price>
  <rating>
   4.63
  </rating>
  <reviews>
   963927
  </reviews>
  <new>
   -
  </new>
  <exclusive>
   no
  </exclusive>
 </clothing>
 <clothing>
  <id>
   461461343
  </id>
  <name>
   New Balance Belts I-2584
  </name>
  <category>
   Belts
  </category>
  <size>
   XXL
  </size>
  <color>
   Желтый
  </color>
  <material>
   Полиэстер
  </material>
  <price>
   842262
  </price>
  <rating>
   3.14
  </rating>
  <reviews>
   182450
  </reviews>
  <new>
   -
  </new>
  <exclusive>
   yes
  </exclusive>
  <sporty>
   yes
  </sporty>
 </clothing>
 <clothing>
  <id>
   889420495
  </id>
  <name>
   Vans Dress D-2326
  </name>
  <category>
   Dress
  </category>
  <size>
   XXL
  </size>
  <color>
   Фиолетовый
  </color>
  <material>
   Нейлон
  </material>
  <price>
   995894
  </price>
  <rating>
   1.71
  </rating>
  <reviews>
   536152
  </reviews>
  <new>
   +
  </new>
  <sporty>
   yes
  </sporty>
 </clothing>
 <clothing>
  <id>
   293773380
  </id>
  <name>
   Brooks Pants H-1862
  </name>
  <category>
   Pants
  </category>
  <size>
   L
  </size>
  <color>
   Голубой
  </color>
  <material>
   Кожа
  </material>
  <price>
   927288
  </price>
  <rating>
   3.13
  </rating>
  <reviews>
   771819
  </reviews>
  <new>
   +
  </new>
  <exclusive>
   no
  </exclusive>
  <sporty>
   no
  </sporty>
 </clothing>
 <clothing>
  <id>
   569337812
  </id>
  <name>
   Under Armour Socks C-1325
  </name>
  <category>
   Socks
  </category>
  <size>
   S
  </size>
  <color>
   Желтый
  </color>
  <material>
   Вискоза
  </material>
  <price>
   907627
  </price>
  <rating>
   1.76
  </rating>
  <reviews>
   336543
  </reviews>
  <new>
   +
  </new>
  <sporty>
   no
  </sporty>
 </clothing>
 <clothing>
  <id>
   790948455
  </id>
  <name>
   Under Armour T-shirt Z-5838
  </name>
  <category>
   T-shirt
  </category>
  <size>
   M
  </size>
  <color>
   Красный
  </color>
  <material>
   Лен
  </material>
  <price>
   243463
  </price>
  <rating>
   4.85
  </rating>
  <reviews>
   867746
  </reviews>
  <new>
   +
  </new>
 </clothing>
 <clothing>
  <id>
   537329821
  </id>
  <name>
   Converse Dress A-3309
  </name>
  <category>
   Dress
  </category>
  <size>
   L
  </size>
  <color>
   Красный
  </color>
  <material>
   Хлопок
  </material>
  <price>
   351304
  </price>
  <rating>
   2.93
  </rating>
  <reviews>
   254766
  </reviews>
  <exclusive>
   no
  </exclusive>
  <sporty>
   yes
  </sporty>
 </clothing>
 <clothing>
  <id>
   619501500
  </id>
  <name>
   Adidas Hat I-3151
  </name>
  <category>
   Hat
  </category>
  <size>
   M
  </size>
  <color>
   Оранжевый
  </color>
  <material>
   Вискоза
  </material>
  <price>
   707947
  </price>
  <rating>
   2.4
  </rating>
  <reviews>
   895873
  </reviews>
  <new>
   -
  </new>
  <exclusive>
   no
  </exclusive>
 </clothing>
 <clothing>
  <id>
   255011672
  </id>
  <name>
   Vans Belts C-8096
  </name>
  <category>
   Belts
  </category>
  <size>
   M
  </size>
  <color>
   Зеленый
  </color>
  <material>
   Лен
  </material>
  <price>
   334440
  </price>
  <rating>
   4.47
  </rating>
  <reviews>
   518237
  </reviews>
  <new>
   -
  </new>
  <exclusive>
   no
  </exclusive>
 </clothing>
 <clothing>
  <id>
   328404568
  </id>
  <name>
   Ellesse Belts W-5862
  </name>
  <category>
   Belts
  </category>
  <size>
   M
  </size>
  <color>
   Фиолетовый
  </color>
  <material>
   Лен
  </material>
  <price>
   593009
  </price>
  <rating>
   2.87
  </rating>
  <reviews>
   290130
  </reviews>
  <new>
   +
  </new>
  <exclusive>
   no
  </exclusive>
 </clothing>
 <clothing>
  <id>
   856562452
  </id>
  <name>
   Lacoste Jacket E-1853
  </name>
  <category>
   Jacket
  </category>
  <size>
   XL
  </size>
  <color>
   Зеленый
  </color>
  <material>
   Лен
  </material>
  <price>
   286638
  </price>
  <rating>
   3.72
  </rating>
  <reviews>
   740921
  </reviews>
  <sporty>
   no
  </sporty>
 </clothing>
 <clothing>
  <id>
   962441968
  </id>
  <name>
   Addidas Sweater K-9883
  </name>
  <category>
   Sweater
  </category>
  <size>
   XL
  </size>
  <color>
   Голубой
  </color>
  <material>
   Шерсть
  </material>
  <price>
   631052
  </price>
  <rating>
   3.98
  </rating>
  <reviews>
   394220
  </reviews>
  <new>
   +
  </new>
  <exclusive>
   no
  </exclusive>
 </clothing>
 <clothing>
  <id>
   978511029
  </id>
  <name>
   Lacoste Gloves K-1188
  </name>
  <category>
   Gloves
  </category>
  <size>
   XL
  </size>
  <color>
   Красный
  </color>
  <material>
   Вискоза
  </material>
  <price>
   865129
  </price>
  <rating>
   3.55
  </rating>
  <reviews>
   940076
  </reviews>
  <exclusive>
   no
  </exclusive>
 </clothing>
 <clothing>
  <id>
   471091338
  </id>
  <name>
   PleinSport Dress F-9990
  </name>
  <category>
   Dress
  </category>
  <size>
   XXL
  </size>
  <color>
   Синий
  </color>
  <material>
   Лен
  </material>
  <price>
   685204
  </price>
  <rating>
   3.65
  </rating>
  <reviews>
   674836
  </reviews>
  <new>
   -
  </new>
  <sporty>
   no
  </sporty>
 </clothing>
 <clothing>
  <id>
   669021946
  </id>
  <name>
   PleinSport Pants M-4317
  </name>
  <category>
   Pants
  </category>
  <size>
   XXL
  </size>
  <color>
   Синий
  </color>
  <material>
   Нейлон
  </material>
  <price>
   714025
  </price>
  <rating>
   3.65
  </rating>
  <reviews>
   703944
  </reviews>
  <new>
   +
  </new>
  <sporty>
   no
  </sporty>
 </clothing>
 <clothing>
  <id>
   446423418
  </id>
  <name>
   Addidas Umbrellas D-1812
  </name>
  <category>
   Umbrellas
  </category>
  <size>
   L
  </size>
  <color>
   Красный
  </color>
  <material>
   Лен
  </material>
  <price>
   797991
  </price>
  <rating>
   4.83
  </rating>
  <reviews>
   620108
  </reviews>
 </clothing>
 <clothing>
  <id>
   230439641
  </id>
  <name>
   Lacoste Jacket S-3578
  </name>
  <category>
   Jacket
  </category>
  <size>
   L
  </size>
  <color>
   Зеленый
  </color>
  <material>
   Полиэстер
  </material>
  <price>
   512794
  </price>
  <rating>
   1.51
  </rating>
  <reviews>
   167688
  </reviews>
  <new>
   +
  </new>
 </clothing>
 <clothing>
  <id>
   571126876
  </id>
  <name>
   Lacoste Socks I-6252
  </name>
  <category>
   Socks
  </category>
  <size>
   M
  </size>
  <color>
   Оранжевый
  </color>
  <material>
   Кожа
  </material>
  <price>
   750572
  </price>
  <rating>
   4.3
  </rating>
  <reviews>
   165449
  </reviews>
 </clothing>
 <clothing>
  <id>
   730550940
  </id>
  <name>
   Brooks T-shirt N-5461
  </name>
  <category>
   T-shirt
  </category>
  <size>
   L
  </size>
  <color>
   Красный
  </color>
  <material>
   Шелк
  </material>
  <price>
   618447
  </price>
  <rating>
   3.97
  </rating>
  <reviews>
   547845
  </reviews>
  <new>
   -
  </new>
  <exclusive>
   yes
  </exclusive>
 </clothing>
 <clothing>
  <id>
   471466301
  </id>
  <name>
   Lacoste Sweater F-1453
  </name>
  <category>
   Sweater
  </category>
  <size>
   XL
  </size>
  <color>
   Красный
  </color>
  <material>
   Вискоза
  </material>
  <price>
   328380
  </price>
  <rating>
   1.83
  </rating>
  <reviews>
   389862
  </reviews>
  <new>
   -
  </new>
  <exclusive>
   yes
  </exclusive>
 </clothing>
 <clothing>
  <id>
   159340898
  </id>
  <name>
   Vans Jeans E-3387
  </name>
  <category>
   Jeans
  </category>
  <size>
   S
  </size>
  <color>
   Красный
  </color>
  <material>
   Кожа
  </material>
  <price>
   397454
  </price>
  <rating>
   3.34
  </rating>
  <reviews>
   171449
  </reviews>
  <new>
   +
  </new>
  <exclusive>
   yes
  </exclusive>
 </clothing>
 <clothing>
  <id>
   411752098
  </id>
  <name>
   Puma Handbags A-2708
  </name>
  <category>
   Handbags
  </category>
  <size>
   L
  </size>
  <color>
   Синий
  </color>
  <material>
   Нейлон
  </material>
  <price>
   388568
  </price>
  <rating>
   3.26
  </rating>
  <reviews>
   143390
  </reviews>
  <new>
   -
  </new>
  <sporty>
   yes
  </sporty>
 </clothing>
 <clothing>
  <id>
   647143689
  </id>
  <name>
   Brooks Gloves B-7831
  </name>
  <category>
   Gloves
  </category>
  <size>
   S
  </size>
  <color>
   Зеленый
  </color>
  <material>
   Лен
  </material>
  <price>
   178424
  </price>
  <rating>
   1.11
  </rating>
  <reviews>
   161863
  </reviews>
  <new>
   -
  </new>
 </clothing>
 <clothing>
  <id>
   826361797
  </id>
  <name>
   Vans Shirt B-1585
  </name>
  <category>
   Shirt
  </category>
  <size>
   XL
  </size>
  <color>
   Голубой
  </color>
  <material>
   Вискоза
  </material>
  <price>
   712553
  </price>
  <rating>
   3.21
  </rating>
  <reviews>
   421079
  </reviews>
  <new>
   -
  </new>
  <exclusive>
   no
  </exclusive>
 </clothing>
 <clothing>
  <id>
   549017763
  </id>
  <name>
   Addidas Shirt B-4431
  </name>
  <category>
   Shirt
  </category>
  <size>
   XXL
  </size>
  <color>
   Оранжевый
  </color>
  <material>
   Шерсть
  </material>
  <price>
   115202
  </price>
  <rating>
   4.59
  </rating>
  <reviews>
   301870
  </reviews>
  <new>
   +
  </new>
  <exclusive>
   yes
  </exclusive>
 </clothing>
 <clothing>
  <id>
   276167106
  </id>
  <name>
   Reebok Umbrellas J-3564
  </name>
  <category>
   Umbrellas
  </category>
  <size>
   M
  </size>
  <color>
   Зеленый
  </color>
  <material>
   Лен
  </material>
  <price>
   634516
  </price>
  <rating>
   2.9
  </rating>
  <reviews>
   143770
  </reviews>
  <exclusive>
   yes
  </exclusive>
 </clothing>
</clothing-items>
