<?xml version="1.0" encoding="utf-8"?>
<clothing-items>
 <clothing>
  <id>
   431395621
  </id>
  <name>
   Brooks Socks X-1774
  </name>
  <category>
   Socks
  </category>
  <size>
   S
  </size>
  <color>
   Зеленый
  </color>
  <material>
   Шелк
  </material>
  <price>
   854532
  </price>
  <rating>
   2.91
  </rating>
  <reviews>
   179396
  </reviews>
  <sporty>
   yes
  </sporty>
 </clothing>
 <clothing>
  <id>
   645888097
  </id>
  <name>
   Reebok Umbrellas F-8668
  </name>
  <category>
   Umbrellas
  </category>
  <size>
   L
  </size>
  <color>
   Желтый
  </color>
  <material>
   Полиэстер
  </material>
  <price>
   549506
  </price>
  <rating>
   1.77
  </rating>
  <reviews>
   502012
  </reviews>
  <new>
   -
  </new>
  <exclusive>
   no
  </exclusive>
  <sporty>
   no
  </sporty>
 </clothing>
 <clothing>
  <id>
   614049409
  </id>
  <name>
   Lacoste T-shirt Q-9351
  </name>
  <category>
   T-shirt
  </category>
  <size>
   L
  </size>
  <color>
   Желтый
  </color>
  <material>
   Лен
  </material>
  <price>
   528703
  </price>
  <rating>
   1.47
  </rating>
  <reviews>
   477557
  </reviews>
  <new>
   +
  </new>
  <sporty>
   yes
  </sporty>
 </clothing>
 <clothing>
  <id>
   915280011
  </id>
  <name>
   Fila Shoes M-4582
  </name>
  <category>
   Shoes
  </category>
  <size>
   L
  </size>
  <color>
   Фиолетовый
  </color>
  <material>
   Вискоза
  </material>
  <price>
   239073
  </price>
  <rating>
   4.83
  </rating>
  <reviews>
   798674
  </reviews>
  <new>
   -
  </new>
  <exclusive>
   no
  </exclusive>
  <sporty>
   yes
  </sporty>
 </clothing>
 <clothing>
  <id>
   623885161
  </id>
  <name>
   Nike Jeans H-2226
  </name>
  <category>
   Jeans
  </category>
  <size>
   M
  </size>
  <color>
   Зеленый
  </color>
  <material>
   Хлопок
  </material>
  <price>
   785388
  </price>
  <rating>
   4.11
  </rating>
  <reviews>
   180338
  </reviews>
  <new>
   +
  </new>
  <sporty>
   yes
  </sporty>
 </clothing>
 <clothing>
  <id>
   782348815
  </id>
  <name>
   Addidas Jeans I-2151
  </name>
  <category>
   Jeans
  </category>
  <size>
   XL
  </size>
  <color>
   Фиолетовый
  </color>
  <material>
   Шерсть
  </material>
  <price>
   104776
  </price>
  <rating>
   2.78
  </rating>
  <reviews>
   857000
  </reviews>
  <sporty>
   yes
  </sporty>
 </clothing>
 <clothing>
  <id>
   733419954
  </id>
  <name>
   Puma Gloves F-4182
  </name>
  <category>
   Gloves
  </category>
  <size>
   XXL
  </size>
  <color>
   Красный
  </color>
  <material>
   Полиэстер
  </material>
  <price>
   248128
  </price>
  <rating>
   2.86
  </rating>
  <reviews>
   557973
  </reviews>
  <new>
   +
  </new>
  <exclusive>
   yes
  </exclusive>
 </clothing>
 <clothing>
  <id>
   437426550
  </id>
  <name>
   Addidas Belts H-2133
  </name>
  <category>
   Belts
  </category>
  <size>
   M
  </size>
  <color>
   Фиолетовый
  </color>
  <material>
   Нейлон
  </material>
  <price>
   618563
  </price>
  <rating>
   4.34
  </rating>
  <reviews>
   898093
  </reviews>
  <exclusive>
   no
  </exclusive>
 </clothing>
 <clothing>
  <id>
   463009408
  </id>
  <name>
   Adidas Belts B-4375
  </name>
  <category>
   Belts
  </category>
  <size>
   XL
  </size>
  <color>
   Голубой
  </color>
  <material>
   Полиэстер
  </material>
  <price>
   675023
  </price>
  <rating>
   3.52
  </rating>
  <reviews>
   201756
  </reviews>
  <exclusive>
   yes
  </exclusive>
  <sporty>
   no
  </sporty>
 </clothing>
 <clothing>
  <id>
   118349408
  </id>
  <name>
   PleinSport Sweater U-5109
  </name>
  <category>
   Sweater
  </category>
  <size>
   XXL
  </size>
  <color>
   Фиолетовый
  </color>
  <material>
   Полиэстер
  </material>
  <price>
   708679
  </price>
  <rating>
   4.2
  </rating>
  <reviews>
   248314
  </reviews>
  <new>
   -
  </new>
  <exclusive>
   yes
  </exclusive>
 </clothing>
 <clothing>
  <id>
   499163223
  </id>
  <name>
   New Balance Handbags X-5496
  </name>
  <category>
   Handbags
  </category>
  <size>
   S
  </size>
  <color>
   Фиолетовый
  </color>
  <material>
   Кожа
  </material>
  <price>
   591008
  </price>
  <rating>
   4.65
  </rating>
  <reviews>
   723788
  </reviews>
  <new>
   -
  </new>
  <exclusive>
   yes
  </exclusive>
 </clothing>
 <clothing>
  <id>
   943976510
  </id>
  <name>
   Ellesse Skirt B-3711
  </name>
  <category>
   Skirt
  </category>
  <size>
   M
  </size>
  <color>
   Оранжевый
  </color>
  <material>
   Полиэстер
  </material>
  <price>
   291388
  </price>
  <rating>
   1.48
  </rating>
  <reviews>
   991944
  </reviews>
  <new>
   -
  </new>
 </clothing>
 <clothing>
  <id>
   495985355
  </id>
  <name>
   Converse Skirt Q-2802
  </name>
  <category>
   Skirt
  </category>
  <size>
   S
  </size>
  <color>
   Синий
  </color>
  <material>
   Кожа
  </material>
  <price>
   860218
  </price>
  <rating>
   3.22
  </rating>
  <reviews>
   664860
  </reviews>
  <sporty>
   yes
  </sporty>
 </clothing>
 <clothing>
  <id>
   261955044
  </id>
  <name>
   Under Armour Handbags G-2515
  </name>
  <category>
   Handbags
  </category>
  <size>
   S
  </size>
  <color>
   Красный
  </color>
  <material>
   Хлопок
  </material>
  <price>
   645610
  </price>
  <rating>
   4.88
  </rating>
  <reviews>
   6776
  </reviews>
  <new>
   +
  </new>
  <exclusive>
   no
  </exclusive>
  <sporty>
   yes
  </sporty>
 </clothing>
 <clothing>
  <id>
   346677013
  </id>
  <name>
   Reebok T-shirt B-6944
  </name>
  <category>
   T-shirt
  </category>
  <size>
   XXL
  </size>
  <color>
   Оранжевый
  </color>
  <material>
   Хлопок
  </material>
  <price>
   879183
  </price>
  <rating>
   1.37
  </rating>
  <reviews>
   566720
  </reviews>
  <sporty>
   no
  </sporty>
 </clothing>
 <clothing>
  <id>
   733312365
  </id>
  <name>
   Puma Shirt Z-4366
  </name>
  <category>
   Shirt
  </category>
  <size>
   S
  </size>
  <color>
   Голубой
  </color>
  <material>
   Шелк
  </material>
  <price>
   859079
  </price>
  <rating>
   1.74
  </rating>
  <reviews>
   671178
  </reviews>
  <new>
   -
  </new>
 </clothing>
 <clothing>
  <id>
   321812612
  </id>
  <name>
   Ellesse Shirt M-2452
  </name>
  <category>
   Shirt
  </category>
  <size>
   XXL
  </size>
  <color>
   Фиолетовый
  </color>
  <material>
   Кожа
  </material>
  <price>
   117003
  </price>
  <rating>
   1.37
  </rating>
  <reviews>
   467959
  </reviews>
  <exclusive>
   yes
  </exclusive>
  <sporty>
   no
  </sporty>
 </clothing>
 <clothing>
  <id>
   332826394
  </id>
  <name>
   Vans T-shirt S-5994
  </name>
  <category>
   T-shirt
  </category>
  <size>
   L
  </size>
  <color>
   Зеленый
  </color>
  <material>
   Полиэстер
  </material>
  <price>
   876733
  </price>
  <rating>
   1.87
  </rating>
  <reviews>
   785241
  </reviews>
  <exclusive>
   no
  </exclusive>
  <sporty>
   no
  </sporty>
 </clothing>
</clothing-items>
