<?xml version="1.0" encoding="utf-8"?>
<clothing-items>
 <clothing>
  <id>
   425087314
  </id>
  <name>
   Lacoste Shoes G-9234
  </name>
  <category>
   Shoes
  </category>
  <size>
   XL
  </size>
  <color>
   Синий
  </color>
  <material>
   Вискоза
  </material>
  <price>
   731503
  </price>
  <rating>
   1.02
  </rating>
  <reviews>
   458321
  </reviews>
  <new>
   +
  </new>
  <sporty>
   no
  </sporty>
 </clothing>
 <clothing>
  <id>
   744112925
  </id>
  <name>
   New Balance Shirt Z-9585
  </name>
  <category>
   Shirt
  </category>
  <size>
   S
  </size>
  <color>
   Голубой
  </color>
  <material>
   Хлопок
  </material>
  <price>
   241433
  </price>
  <rating>
   2.04
  </rating>
  <reviews>
   315514
  </reviews>
  <exclusive>
   yes
  </exclusive>
 </clothing>
 <clothing>
  <id>
   134555502
  </id>
  <name>
   Lacoste Jacket Q-8139
  </name>
  <category>
   Jacket
  </category>
  <size>
   XL
  </size>
  <color>
   Синий
  </color>
  <material>
   Шелк
  </material>
  <price>
   859559
  </price>
  <rating>
   3.28
  </rating>
  <reviews>
   655326
  </reviews>
  <new>
   -
  </new>
  <exclusive>
   yes
  </exclusive>
 </clothing>
 <clothing>
  <id>
   918237531
  </id>
  <name>
   Fila Hat J-9523
  </name>
  <category>
   Hat
  </category>
  <size>
   M
  </size>
  <color>
   Зеленый
  </color>
  <material>
   Шелк
  </material>
  <price>
   971500
  </price>
  <rating>
   3.75
  </rating>
  <reviews>
   15009
  </reviews>
  <new>
   -
  </new>
  <exclusive>
   no
  </exclusive>
  <sporty>
   yes
  </sporty>
 </clothing>
 <clothing>
  <id>
   529424214
  </id>
  <name>
   Under Armour T-shirt G-2677
  </name>
  <category>
   T-shirt
  </category>
  <size>
   M
  </size>
  <color>
   Фиолетовый
  </color>
  <material>
   Хлопок
  </material>
  <price>
   320713
  </price>
  <rating>
   4.78
  </rating>
  <reviews>
   838091
  </reviews>
  <new>
   +
  </new>
 </clothing>
 <clothing>
  <id>
   314777179
  </id>
  <name>
   Nike Jacket Y-3900
  </name>
  <category>
   Jacket
  </category>
  <size>
   L
  </size>
  <color>
   Красный
  </color>
  <material>
   Кожа
  </material>
  <price>
   772345
  </price>
  <rating>
   3.24
  </rating>
  <reviews>
   142252
  </reviews>
  <new>
   +
  </new>
  <exclusive>
   no
  </exclusive>
 </clothing>
 <clothing>
  <id>
   997949979
  </id>
  <name>
   Ellesse Pants M-4609
  </name>
  <category>
   Pants
  </category>
  <size>
   M
  </size>
  <color>
   Желтый
  </color>
  <material>
   Лен
  </material>
  <price>
   361942
  </price>
  <rating>
   4.37
  </rating>
  <reviews>
   435078
  </reviews>
  <new>
   -
  </new>
  <exclusive>
   no
  </exclusive>
 </clothing>
 <clothing>
  <id>
   672233102
  </id>
  <name>
   Fila T-shirt H-2196
  </name>
  <category>
   T-shirt
  </category>
  <size>
   L
  </size>
  <color>
   Зеленый
  </color>
  <material>
   Лен
  </material>
  <price>
   639703
  </price>
  <rating>
   2.31
  </rating>
  <reviews>
   181144
  </reviews>
  <new>
   -
  </new>
  <exclusive>
   no
  </exclusive>
  <sporty>
   yes
  </sporty>
 </clothing>
 <clothing>
  <id>
   882068955
  </id>
  <name>
   Under Armour Pants M-6657
  </name>
  <category>
   Pants
  </category>
  <size>
   XXL
  </size>
  <color>
   Желтый
  </color>
  <material>
   Кожа
  </material>
  <price>
   911895
  </price>
  <rating>
   4.05
  </rating>
  <reviews>
   133833
  </reviews>
  <new>
   -
  </new>
  <exclusive>
   yes
  </exclusive>
  <sporty>
   yes
  </sporty>
 </clothing>
 <clothing>
  <id>
   364561951
  </id>
  <name>
   Reebok T-shirt V-8016
  </name>
  <category>
   T-shirt
  </category>
  <size>
   M
  </size>
  <color>
   Синий
  </color>
  <material>
   Вискоза
  </material>
  <price>
   305392
  </price>
  <rating>
   2.44
  </rating>
  <reviews>
   70213
  </reviews>
  <sporty>
   no
  </sporty>
 </clothing>
 <clothing>
  <id>
   198465935
  </id>
  <name>
   Nike Jacket K-4882
  </name>
  <category>
   Jacket
  </category>
  <size>
   S
  </size>
  <color>
   Оранжевый
  </color>
  <material>
   Вискоза
  </material>
  <price>
   138936
  </price>
  <rating>
   2.39
  </rating>
  <reviews>
   647240
  </reviews>
  <exclusive>
   no
  </exclusive>
 </clothing>
 <clothing>
  <id>
   571869550
  </id>
  <name>
   Ellesse Blouse T-3586
  </name>
  <category>
   Blouse
  </category>
  <size>
   XL
  </size>
  <color>
   Фиолетовый
  </color>
  <material>
   Нейлон
  </material>
  <price>
   193018
  </price>
  <rating>
   2.49
  </rating>
  <reviews>
   596708
  </reviews>
  <new>
   +
  </new>
 </clothing>
 <clothing>
  <id>
   986612535
  </id>
  <name>
   Addidas Skirt Q-1772
  </name>
  <category>
   Skirt
  </category>
  <size>
   XL
  </size>
  <color>
   Оранжевый
  </color>
  <material>
   Вискоза
  </material>
  <price>
   652009
  </price>
  <rating>
   1.28
  </rating>
  <reviews>
   30803
  </reviews>
  <sporty>
   no
  </sporty>
 </clothing>
 <clothing>
  <id>
   553462329
  </id>
  <name>
   Addidas Skirt M-9352
  </name>
  <category>
   Skirt
  </category>
  <size>
   XXL
  </size>
  <color>
   Оранжевый
  </color>
  <material>
   Хлопок
  </material>
  <price>
   877122
  </price>
  <rating>
   1.54
  </rating>
  <reviews>
   386862
  </reviews>
  <exclusive>
   yes
  </exclusive>
 </clothing>
 <clothing>
  <id>
   661551621
  </id>
  <name>
   Under Armour Jacket V-5594
  </name>
  <category>
   Jacket
  </category>
  <size>
   XXL
  </size>
  <color>
   Желтый
  </color>
  <material>
   Кожа
  </material>
  <price>
   123307
  </price>
  <rating>
   4.07
  </rating>
  <reviews>
   290151
  </reviews>
  <new>
   -
  </new>
  <exclusive>
   yes
  </exclusive>
  <sporty>
   no
  </sporty>
 </clothing>
 <clothing>
  <id>
   790310777
  </id>
  <name>
   Converse Sweater T-8519
  </name>
  <category>
   Sweater
  </category>
  <size>
   L
  </size>
  <color>
   Зеленый
  </color>
  <material>
   Шерсть
  </material>
  <price>
   826576
  </price>
  <rating>
   2.85
  </rating>
  <reviews>
   830475
  </reviews>
  <sporty>
   no
  </sporty>
 </clothing>
 <clothing>
  <id>
   689204996
  </id>
  <name>
   Nike Belts D-8030
  </name>
  <category>
   Belts
  </category>
  <size>
   XL
  </size>
  <color>
   Зеленый
  </color>
  <material>
   Полиэстер
  </material>
  <price>
   146819
  </price>
  <rating>
   4.27
  </rating>
  <reviews>
   318145
  </reviews>
  <exclusive>
   no
  </exclusive>
 </clothing>
 <clothing>
  <id>
   249722825
  </id>
  <name>
   Under Armour Pants U-8051
  </name>
  <category>
   Pants
  </category>
  <size>
   S
  </size>
  <color>
   Фиолетовый
  </color>
  <material>
   Шерсть
  </material>
  <price>
   325533
  </price>
  <rating>
   2.24
  </rating>
  <reviews>
   376371
  </reviews>
  <new>
   -
  </new>
  <exclusive>
   no
  </exclusive>
  <sporty>
   no
  </sporty>
 </clothing>
 <clothing>
  <id>
   182100859
  </id>
  <name>
   Ellesse Hat Q-3367
  </name>
  <category>
   Hat
  </category>
  <size>
   L
  </size>
  <color>
   Фиолетовый
  </color>
  <material>
   Полиэстер
  </material>
  <price>
   503509
  </price>
  <rating>
   3.85
  </rating>
  <reviews>
   628879
  </reviews>
  <new>
   -
  </new>
  <sporty>
   no
  </sporty>
 </clothing>
 <clothing>
  <id>
   373287366
  </id>
  <name>
   Lacoste Blouse X-4944
  </name>
  <category>
   Blouse
  </category>
  <size>
   S
  </size>
  <color>
   Красный
  </color>
  <material>
   Шерсть
  </material>
  <price>
   394479
  </price>
  <rating>
   1.68
  </rating>
  <reviews>
   44550
  </reviews>
 </clothing>
 <clothing>
  <id>
   662419787
  </id>
  <name>
   PleinSport Handbags V-9975
  </name>
  <category>
   Handbags
  </category>
  <size>
   XXL
  </size>
  <color>
   Зеленый
  </color>
  <material>
   Шерсть
  </material>
  <price>
   124821
  </price>
  <rating>
   4.93
  </rating>
  <reviews>
   673832
  </reviews>
  <exclusive>
   yes
  </exclusive>
  <sporty>
   no
  </sporty>
 </clothing>
 <clothing>
  <id>
   745098720
  </id>
  <name>
   Fila Blouse C-9611
  </name>
  <category>
   Blouse
  </category>
  <size>
   M
  </size>
  <color>
   Оранжевый
  </color>
  <material>
   Кожа
  </material>
  <price>
   424960
  </price>
  <rating>
   4.76
  </rating>
  <reviews>
   448975
  </reviews>
  <new>
   +
  </new>
  <sporty>
   no
  </sporty>
 </clothing>
 <clothing>
  <id>
   492852509
  </id>
  <name>
   Asics Shirt X-7669
  </name>
  <category>
   Shirt
  </category>
  <size>
   L
  </size>
  <color>
   Красный
  </color>
  <material>
   Лен
  </material>
  <price>
   159921
  </price>
  <rating>
   1.5
  </rating>
  <reviews>
   981120
  </reviews>
  <new>
   -
  </new>
 </clothing>
 <clothing>
  <id>
   956424118
  </id>
  <name>
   Converse T-shirt U-1152
  </name>
  <category>
   T-shirt
  </category>
  <size>
   XL
  </size>
  <color>
   Зеленый
  </color>
  <material>
   Шелк
  </material>
  <price>
   800583
  </price>
  <rating>
   4.86
  </rating>
  <reviews>
   250385
  </reviews>
  <exclusive>
   no
  </exclusive>
 </clothing>
 <clothing>
  <id>
   694491283
  </id>
  <name>
   Reebok Sweater W-3535
  </name>
  <category>
   Sweater
  </category>
  <size>
   M
  </size>
  <color>
   Голубой
  </color>
  <material>
   Шелк
  </material>
  <price>
   666018
  </price>
  <rating>
   2.01
  </rating>
  <reviews>
   323525
  </reviews>
  <sporty>
   yes
  </sporty>
 </clothing>
 <clothing>
  <id>
   252428780
  </id>
  <name>
   Converse Shoes E-3433
  </name>
  <category>
   Shoes
  </category>
  <size>
   S
  </size>
  <color>
   Фиолетовый
  </color>
  <material>
   Шерсть
  </material>
  <price>
   467343
  </price>
  <rating>
   1.47
  </rating>
  <reviews>
   855798
  </reviews>
  <new>
   +
  </new>
  <sporty>
   no
  </sporty>
 </clothing>
 <clothing>
  <id>
   765164996
  </id>
  <name>
   Converse Shoes S-1149
  </name>
  <category>
   Shoes
  </category>
  <size>
   XL
  </size>
  <color>
   Голубой
  </color>
  <material>
   Полиэстер
  </material>
  <price>
   121097
  </price>
  <rating>
   1.61
  </rating>
  <reviews>
   711387
  </reviews>
  <new>
   -
  </new>
  <exclusive>
   no
  </exclusive>
 </clothing>
 <clothing>
  <id>
   657719197
  </id>
  <name>
   Converse Shirt E-6094
  </name>
  <category>
   Shirt
  </category>
  <size>
   XL
  </size>
  <color>
   Синий
  </color>
  <material>
   Лен
  </material>
  <price>
   136620
  </price>
  <rating>
   4.33
  </rating>
  <reviews>
   423316
  </reviews>
  <exclusive>
   no
  </exclusive>
  <sporty>
   yes
  </sporty>
 </clothing>
 <clothing>
  <id>
   125841147
  </id>
  <name>
   Under Armour Pants M-7281
  </name>
  <category>
   Pants
  </category>
  <size>
   XL
  </size>
  <color>
   Красный
  </color>
  <material>
   Кожа
  </material>
  <price>
   879921
  </price>
  <rating>
   4.95
  </rating>
  <reviews>
   740110
  </reviews>
  <new>
   -
  </new>
  <sporty>
   no
  </sporty>
 </clothing>
 <clothing>
  <id>
   197229269
  </id>
  <name>
   Nike Jacket L-3392
  </name>
  <category>
   Jacket
  </category>
  <size>
   M
  </size>
  <color>
   Зеленый
  </color>
  <material>
   Полиэстер
  </material>
  <price>
   153829
  </price>
  <rating>
   1.29
  </rating>
  <reviews>
   540118
  </reviews>
  <sporty>
   no
  </sporty>
 </clothing>
 <clothing>
  <id>
   939125645
  </id>
  <name>
   Under Armour Handbags G-5253
  </name>
  <category>
   Handbags
  </category>
  <size>
   XXL
  </size>
  <color>
   Фиолетовый
  </color>
  <material>
   Кожа
  </material>
  <price>
   482718
  </price>
  <rating>
   1.12
  </rating>
  <reviews>
   822124
  </reviews>
  <new>
   -
  </new>
  <exclusive>
   no
  </exclusive>
  <sporty>
   no
  </sporty>
 </clothing>
 <clothing>
  <id>
   648397369
  </id>
  <name>
   Lacoste Shirt V-2279
  </name>
  <category>
   Shirt
  </category>
  <size>
   XL
  </size>
  <color>
   Желтый
  </color>
  <material>
   Шерсть
  </material>
  <price>
   115492
  </price>
  <rating>
   2.66
  </rating>
  <reviews>
   1892
  </reviews>
  <new>
   -
  </new>
  <sporty>
   yes
  </sporty>
 </clothing>
 <clothing>
  <id>
   289126580
  </id>
  <name>
   Puma T-shirt U-6120
  </name>
  <category>
   T-shirt
  </category>
  <size>
   M
  </size>
  <color>
   Оранжевый
  </color>
  <material>
   Кожа
  </material>
  <price>
   863712
  </price>
  <rating>
   3.0
  </rating>
  <reviews>
   536727
  </reviews>
  <new>
   -
  </new>
  <exclusive>
   yes
  </exclusive>
 </clothing>
 <clothing>
  <id>
   813878067
  </id>
  <name>
   Converse Blouse I-6069
  </name>
  <category>
   Blouse
  </category>
  <size>
   L
  </size>
  <color>
   Желтый
  </color>
  <material>
   Вискоза
  </material>
  <price>
   105471
  </price>
  <rating>
   3.77
  </rating>
  <reviews>
   108532
  </reviews>
  <exclusive>
   no
  </exclusive>
  <sporty>
   no
  </sporty>
 </clothing>
 <clothing>
  <id>
   403784332
  </id>
  <name>
   Vans Hat Z-9567
  </name>
  <category>
   Hat
  </category>
  <size>
   L
  </size>
  <color>
   Голубой
  </color>
  <material>
   Вискоза
  </material>
  <price>
   375367
  </price>
  <rating>
   4.56
  </rating>
  <reviews>
   321435
  </reviews>
  <exclusive>
   no
  </exclusive>
 </clothing>
 <clothing>
  <id>
   792665180
  </id>
  <name>
   PleinSport Umbrellas X-8087
  </name>
  <category>
   Umbrellas
  </category>
  <size>
   S
  </size>
  <color>
   Фиолетовый
  </color>
  <material>
   Кожа
  </material>
  <price>
   790280
  </price>
  <rating>
   3.69
  </rating>
  <reviews>
   468474
  </reviews>
  <new>
   -
  </new>
 </clothing>
 <clothing>
  <id>
   147970906
  </id>
  <name>
   Fila Jacket L-7617
  </name>
  <category>
   Jacket
  </category>
  <size>
   XXL
  </size>
  <color>
   Фиолетовый
  </color>
  <material>
   Вискоза
  </material>
  <price>
   296349
  </price>
  <rating>
   3.09
  </rating>
  <reviews>
   863363
  </reviews>
  <new>
   -
  </new>
  <sporty>
   no
  </sporty>
 </clothing>
 <clothing>
  <id>
   285218181
  </id>
  <name>
   Puma Gloves L-7415
  </name>
  <category>
   Gloves
  </category>
  <size>
   XL
  </size>
  <color>
   Красный
  </color>
  <material>
   Вискоза
  </material>
  <price>
   775714
  </price>
  <rating>
   4.22
  </rating>
  <reviews>
   635485
  </reviews>
  <new>
   +
  </new>
  <exclusive>
   no
  </exclusive>
  <sporty>
   yes
  </sporty>
 </clothing>
 <clothing>
  <id>
   320302740
  </id>
  <name>
   Reebok Shirt S-2347
  </name>
  <category>
   Shirt
  </category>
  <size>
   M
  </size>
  <color>
   Оранжевый
  </color>
  <material>
   Лен
  </material>
  <price>
   723018
  </price>
  <rating>
   3.83
  </rating>
  <reviews>
   425183
  </reviews>
 </clothing>
 <clothing>
  <id>
   497305277
  </id>
  <name>
   Lacoste Pants V-5630
  </name>
  <category>
   Pants
  </category>
  <size>
   L
  </size>
  <color>
   Красный
  </color>
  <material>
   Кожа
  </material>
  <price>
   515752
  </price>
  <rating>
   1.22
  </rating>
  <reviews>
   206809
  </reviews>
  <exclusive>
   yes
  </exclusive>
 </clothing>
 <clothing>
  <id>
   982571183
  </id>
  <name>
   Puma Handbags S-3364
  </name>
  <category>
   Handbags
  </category>
  <size>
   L
  </size>
  <color>
   Голубой
  </color>
  <material>
   Полиэстер
  </material>
  <price>
   811731
  </price>
  <rating>
   4.51
  </rating>
  <reviews>
   718394
  </reviews>
  <exclusive>
   yes
  </exclusive>
 </clothing>
 <clothing>
  <id>
   446932625
  </id>
  <name>
   DC Sweater N-8716
  </name>
  <category>
   Sweater
  </category>
  <size>
   L
  </size>
  <color>
   Зеленый
  </color>
  <material>
   Лен
  </material>
  <price>
   805016
  </price>
  <rating>
   4.23
  </rating>
  <reviews>
   640301
  </reviews>
  <new>
   +
  </new>
  <exclusive>
   no
  </exclusive>
 </clothing>
 <clothing>
  <id>
   958831910
  </id>
  <name>
   New Balance Belts F-8342
  </name>
  <category>
   Belts
  </category>
  <size>
   XL
  </size>
  <color>
   Оранжевый
  </color>
  <material>
   Шерсть
  </material>
  <price>
   491098
  </price>
  <rating>
   2.48
  </rating>
  <reviews>
   22559
  </reviews>
  <exclusive>
   yes
  </exclusive>
  <sporty>
   yes
  </sporty>
 </clothing>
 <clothing>
  <id>
   771814411
  </id>
  <name>
   Nike Skirt P-6716
  </name>
  <category>
   Skirt
  </category>
  <size>
   S
  </size>
  <color>
   Зеленый
  </color>
  <material>
   Нейлон
  </material>
  <price>
   223758
  </price>
  <rating>
   3.43
  </rating>
  <reviews>
   15951
  </reviews>
  <new>
   -
  </new>
 </clothing>
 <clothing>
  <id>
   661068161
  </id>
  <name>
   New Balance Belts J-7769
  </name>
  <category>
   Belts
  </category>
  <size>
   S
  </size>
  <color>
   Желтый
  </color>
  <material>
   Полиэстер
  </material>
  <price>
   331001
  </price>
  <rating>
   1.02
  </rating>
  <reviews>
   627539
  </reviews>
  <new>
   +
  </new>
  <exclusive>
   no
  </exclusive>
 </clothing>
</clothing-items>
