<?xml version="1.0" encoding="utf-8"?>
<clothing-items>
 <clothing>
  <id>
   523592325
  </id>
  <name>
   Brooks Skirt U-6912
  </name>
  <category>
   Skirt
  </category>
  <size>
   M
  </size>
  <color>
   Голубой
  </color>
  <material>
   Нейлон
  </material>
  <price>
   339120
  </price>
  <rating>
   1.31
  </rating>
  <reviews>
   589700
  </reviews>
  <new>
   -
  </new>
  <exclusive>
   yes
  </exclusive>
  <sporty>
   no
  </sporty>
 </clothing>
 <clothing>
  <id>
   696877708
  </id>
  <name>
   New Balance Dress C-1063
  </name>
  <category>
   Dress
  </category>
  <size>
   XL
  </size>
  <color>
   Фиолетовый
  </color>
  <material>
   Шерсть
  </material>
  <price>
   336196
  </price>
  <rating>
   1.65
  </rating>
  <reviews>
   385229
  </reviews>
  <exclusive>
   no
  </exclusive>
  <sporty>
   yes
  </sporty>
 </clothing>
 <clothing>
  <id>
   550057402
  </id>
  <name>
   Addidas Handbags R-8444
  </name>
  <category>
   Handbags
  </category>
  <size>
   L
  </size>
  <color>
   Фиолетовый
  </color>
  <material>
   Вискоза
  </material>
  <price>
   574388
  </price>
  <rating>
   3.4
  </rating>
  <reviews>
   938970
  </reviews>
  <new>
   +
  </new>
  <exclusive>
   yes
  </exclusive>
  <sporty>
   no
  </sporty>
 </clothing>
 <clothing>
  <id>
   175636179
  </id>
  <name>
   Reebok Pants D-1322
  </name>
  <category>
   Pants
  </category>
  <size>
   S
  </size>
  <color>
   Желтый
  </color>
  <material>
   Вискоза
  </material>
  <price>
   912879
  </price>
  <rating>
   2.06
  </rating>
  <reviews>
   300083
  </reviews>
 </clothing>
 <clothing>
  <id>
   381815658
  </id>
  <name>
   Fila Handbags O-7455
  </name>
  <category>
   Handbags
  </category>
  <size>
   XXL
  </size>
  <color>
   Синий
  </color>
  <material>
   Лен
  </material>
  <price>
   767435
  </price>
  <rating>
   2.77
  </rating>
  <reviews>
   672016
  </reviews>
 </clothing>
 <clothing>
  <id>
   926798629
  </id>
  <name>
   Adidas T-shirt Q-6625
  </name>
  <category>
   T-shirt
  </category>
  <size>
   XL
  </size>
  <color>
   Красный
  </color>
  <material>
   Шелк
  </material>
  <price>
   132253
  </price>
  <rating>
   4.11
  </rating>
  <reviews>
   305010
  </reviews>
  <new>
   +
  </new>
  <exclusive>
   no
  </exclusive>
  <sporty>
   no
  </sporty>
 </clothing>
 <clothing>
  <id>
   273244467
  </id>
  <name>
   Addidas Socks I-1758
  </name>
  <category>
   Socks
  </category>
  <size>
   M
  </size>
  <color>
   Фиолетовый
  </color>
  <material>
   Кожа
  </material>
  <price>
   217208
  </price>
  <rating>
   3.64
  </rating>
  <reviews>
   908071
  </reviews>
  <exclusive>
   no
  </exclusive>
  <sporty>
   yes
  </sporty>
 </clothing>
 <clothing>
  <id>
   424109015
  </id>
  <name>
   PleinSport Dress K-7898
  </name>
  <category>
   Dress
  </category>
  <size>
   L
  </size>
  <color>
   Оранжевый
  </color>
  <material>
   Шелк
  </material>
  <price>
   842957
  </price>
  <rating>
   1.19
  </rating>
  <reviews>
   850101
  </reviews>
  <new>
   -
  </new>
 </clothing>
 <clothing>
  <id>
   144640448
  </id>
  <name>
   Fila Dress S-1703
  </name>
  <category>
   Dress
  </category>
  <size>
   XL
  </size>
  <color>
   Оранжевый
  </color>
  <material>
   Шелк
  </material>
  <price>
   298581
  </price>
  <rating>
   4.47
  </rating>
  <reviews>
   952316
  </reviews>
  <new>
   +
  </new>
  <exclusive>
   yes
  </exclusive>
 </clothing>
 <clothing>
  <id>
   575814559
  </id>
  <name>
   Puma Skirt Q-8035
  </name>
  <category>
   Skirt
  </category>
  <size>
   L
  </size>
  <color>
   Синий
  </color>
  <material>
   Вискоза
  </material>
  <price>
   945476
  </price>
  <rating>
   4.18
  </rating>
  <reviews>
   303105
  </reviews>
  <exclusive>
   no
  </exclusive>
  <sporty>
   yes
  </sporty>
 </clothing>
 <clothing>
  <id>
   176210410
  </id>
  <name>
   Nike Dress O-4875
  </name>
  <category>
   Dress
  </category>
  <size>
   XL
  </size>
  <color>
   Фиолетовый
  </color>
  <material>
   Лен
  </material>
  <price>
   186530
  </price>
  <rating>
   1.02
  </rating>
  <reviews>
   859076
  </reviews>
  <new>
   -
  </new>
  <sporty>
   no
  </sporty>
 </clothing>
 <clothing>
  <id>
   203098201
  </id>
  <name>
   Ellesse Shoes T-1336
  </name>
  <category>
   Shoes
  </category>
  <size>
   M
  </size>
  <color>
   Оранжевый
  </color>
  <material>
   Лен
  </material>
  <price>
   808981
  </price>
  <rating>
   3.8
  </rating>
  <reviews>
   503141
  </reviews>
 </clothing>
 <clothing>
  <id>
   692699576
  </id>
  <name>
   Converse Jeans Y-8908
  </name>
  <category>
   Jeans
  </category>
  <size>
   L
  </size>
  <color>
   Красный
  </color>
  <material>
   Вискоза
  </material>
  <price>
   975132
  </price>
  <rating>
   1.73
  </rating>
  <reviews>
   843207
  </reviews>
  <new>
   +
  </new>
  <exclusive>
   no
  </exclusive>
 </clothing>
 <clothing>
  <id>
   148612887
  </id>
  <name>
   Puma Sweater Q-3090
  </name>
  <category>
   Sweater
  </category>
  <size>
   L
  </size>
  <color>
   Желтый
  </color>
  <material>
   Шерсть
  </material>
  <price>
   732498
  </price>
  <rating>
   1.91
  </rating>
  <reviews>
   803466
  </reviews>
  <new>
   -
  </new>
  <exclusive>
   yes
  </exclusive>
  <sporty>
   yes
  </sporty>
 </clothing>
 <clothing>
  <id>
   683205955
  </id>
  <name>
   Reebok Sweater H-3320
  </name>
  <category>
   Sweater
  </category>
  <size>
   XXL
  </size>
  <color>
   Зеленый
  </color>
  <material>
   Лен
  </material>
  <price>
   429155
  </price>
  <rating>
   2.9
  </rating>
  <reviews>
   325134
  </reviews>
  <exclusive>
   yes
  </exclusive>
  <sporty>
   yes
  </sporty>
 </clothing>
 <clothing>
  <id>
   986789560
  </id>
  <name>
   Nike Shoes T-1759
  </name>
  <category>
   Shoes
  </category>
  <size>
   XL
  </size>
  <color>
   Оранжевый
  </color>
  <material>
   Лен
  </material>
  <price>
   931663
  </price>
  <rating>
   3.12
  </rating>
  <reviews>
   873518
  </reviews>
  <sporty>
   yes
  </sporty>
 </clothing>
 <clothing>
  <id>
   500355899
  </id>
  <name>
   Under Armour Handbags N-8911
  </name>
  <category>
   Handbags
  </category>
  <size>
   XL
  </size>
  <color>
   Красный
  </color>
  <material>
   Хлопок
  </material>
  <price>
   196458
  </price>
  <rating>
   1.61
  </rating>
  <reviews>
   519226
  </reviews>
  <new>
   -
  </new>
  <exclusive>
   yes
  </exclusive>
 </clothing>
 <clothing>
  <id>
   742636178
  </id>
  <name>
   Puma Dress C-5001
  </name>
  <category>
   Dress
  </category>
  <size>
   L
  </size>
  <color>
   Желтый
  </color>
  <material>
   Полиэстер
  </material>
  <price>
   708860
  </price>
  <rating>
   4.12
  </rating>
  <reviews>
   648249
  </reviews>
  <sporty>
   no
  </sporty>
 </clothing>
 <clothing>
  <id>
   526840415
  </id>
  <name>
   Converse Shirt G-7136
  </name>
  <category>
   Shirt
  </category>
  <size>
   L
  </size>
  <color>
   Синий
  </color>
  <material>
   Вискоза
  </material>
  <price>
   524587
  </price>
  <rating>
   1.21
  </rating>
  <reviews>
   553234
  </reviews>
  <exclusive>
   yes
  </exclusive>
 </clothing>
 <clothing>
  <id>
   840826294
  </id>
  <name>
   Asics Dress Q-5150
  </name>
  <category>
   Dress
  </category>
  <size>
   L
  </size>
  <color>
   Желтый
  </color>
  <material>
   Полиэстер
  </material>
  <price>
   293964
  </price>
  <rating>
   1.61
  </rating>
  <reviews>
   961544
  </reviews>
  <new>
   +
  </new>
  <exclusive>
   no
  </exclusive>
 </clothing>
</clothing-items>
