<?xml version="1.0" encoding="utf-8"?>
<clothing-items>
 <clothing>
  <id>
   614733093
  </id>
  <name>
   Nike Skirt I-3780
  </name>
  <category>
   Skirt
  </category>
  <size>
   S
  </size>
  <color>
   Синий
  </color>
  <material>
   Кожа
  </material>
  <price>
   230419
  </price>
  <rating>
   2.83
  </rating>
  <reviews>
   342650
  </reviews>
  <new>
   +
  </new>
  <exclusive>
   yes
  </exclusive>
  <sporty>
   yes
  </sporty>
 </clothing>
 <clothing>
  <id>
   823866724
  </id>
  <name>
   PleinSport Jacket I-6027
  </name>
  <category>
   Jacket
  </category>
  <size>
   S
  </size>
  <color>
   Зеленый
  </color>
  <material>
   Шерсть
  </material>
  <price>
   311379
  </price>
  <rating>
   4.38
  </rating>
  <reviews>
   399835
  </reviews>
  <exclusive>
   yes
  </exclusive>
  <sporty>
   yes
  </sporty>
 </clothing>
 <clothing>
  <id>
   125265926
  </id>
  <name>
   Lacoste Shoes P-1539
  </name>
  <category>
   Shoes
  </category>
  <size>
   M
  </size>
  <color>
   Фиолетовый
  </color>
  <material>
   Лен
  </material>
  <price>
   976845
  </price>
  <rating>
   1.6
  </rating>
  <reviews>
   820516
  </reviews>
  <sporty>
   yes
  </sporty>
 </clothing>
 <clothing>
  <id>
   581773961
  </id>
  <name>
   Ellesse Jeans M-3349
  </name>
  <category>
   Jeans
  </category>
  <size>
   XL
  </size>
  <color>
   Фиолетовый
  </color>
  <material>
   Хлопок
  </material>
  <price>
   661231
  </price>
  <rating>
   4.91
  </rating>
  <reviews>
   464648
  </reviews>
  <exclusive>
   yes
  </exclusive>
  <sporty>
   no
  </sporty>
 </clothing>
 <clothing>
  <id>
   334713746
  </id>
  <name>
   PleinSport Socks D-5396
  </name>
  <category>
   Socks
  </category>
  <size>
   M
  </size>
  <color>
   Оранжевый
  </color>
  <material>
   Лен
  </material>
  <price>
   374982
  </price>
  <rating>
   1.45
  </rating>
  <reviews>
   387157
  </reviews>
  <new>
   +
  </new>
  <exclusive>
   no
  </exclusive>
  <sporty>
   no
  </sporty>
 </clothing>
 <clothing>
  <id>
   965001743
  </id>
  <name>
   Converse Handbags E-9324
  </name>
  <category>
   Handbags
  </category>
  <size>
   M
  </size>
  <color>
   Зеленый
  </color>
  <material>
   Шелк
  </material>
  <price>
   104209
  </price>
  <rating>
   1.2
  </rating>
  <reviews>
   957030
  </reviews>
  <new>
   -
  </new>
  <exclusive>
   no
  </exclusive>
 </clothing>
 <clothing>
  <id>
   929248970
  </id>
  <name>
   Vans Hat G-4356
  </name>
  <category>
   Hat
  </category>
  <size>
   M
  </size>
  <color>
   Зеленый
  </color>
  <material>
   Кожа
  </material>
  <price>
   885266
  </price>
  <rating>
   1.23
  </rating>
  <reviews>
   954842
  </reviews>
  <new>
   -
  </new>
  <sporty>
   yes
  </sporty>
 </clothing>
 <clothing>
  <id>
   585868970
  </id>
  <name>
   Under Armour Gloves J-5298
  </name>
  <category>
   Gloves
  </category>
  <size>
   L
  </size>
  <color>
   Синий
  </color>
  <material>
   Полиэстер
  </material>
  <price>
   827458
  </price>
  <rating>
   3.8
  </rating>
  <reviews>
   777230
  </reviews>
  <sporty>
   no
  </sporty>
 </clothing>
 <clothing>
  <id>
   175993884
  </id>
  <name>
   Adidas Blouse W-2496
  </name>
  <category>
   Blouse
  </category>
  <size>
   S
  </size>
  <color>
   Красный
  </color>
  <material>
   Нейлон
  </material>
  <price>
   793658
  </price>
  <rating>
   4.31
  </rating>
  <reviews>
   182875
  </reviews>
  <exclusive>
   no
  </exclusive>
 </clothing>
 <clothing>
  <id>
   383393584
  </id>
  <name>
   Ellesse Hat H-8830
  </name>
  <category>
   Hat
  </category>
  <size>
   L
  </size>
  <color>
   Зеленый
  </color>
  <material>
   Шелк
  </material>
  <price>
   722607
  </price>
  <rating>
   1.18
  </rating>
  <reviews>
   126796
  </reviews>
  <new>
   -
  </new>
 </clothing>
 <clothing>
  <id>
   764843808
  </id>
  <name>
   Vans T-shirt U-8087
  </name>
  <category>
   T-shirt
  </category>
  <size>
   S
  </size>
  <color>
   Зеленый
  </color>
  <material>
   Нейлон
  </material>
  <price>
   881714
  </price>
  <rating>
   1.8
  </rating>
  <reviews>
   600358
  </reviews>
  <sporty>
   no
  </sporty>
 </clothing>
 <clothing>
  <id>
   369430497
  </id>
  <name>
   New Balance Dress S-8950
  </name>
  <category>
   Dress
  </category>
  <size>
   M
  </size>
  <color>
   Синий
  </color>
  <material>
   Полиэстер
  </material>
  <price>
   485710
  </price>
  <rating>
   2.32
  </rating>
  <reviews>
   745119
  </reviews>
  <exclusive>
   no
  </exclusive>
  <sporty>
   no
  </sporty>
 </clothing>
 <clothing>
  <id>
   186222677
  </id>
  <name>
   Addidas Sweater Z-3724
  </name>
  <category>
   Sweater
  </category>
  <size>
   M
  </size>
  <color>
   Синий
  </color>
  <material>
   Лен
  </material>
  <price>
   435972
  </price>
  <rating>
   2.29
  </rating>
  <reviews>
   146735
  </reviews>
  <new>
   -
  </new>
  <exclusive>
   no
  </exclusive>
  <sporty>
   no
  </sporty>
 </clothing>
 <clothing>
  <id>
   246569394
  </id>
  <name>
   DC Shirt L-3634
  </name>
  <category>
   Shirt
  </category>
  <size>
   S
  </size>
  <color>
   Фиолетовый
  </color>
  <material>
   Хлопок
  </material>
  <price>
   626798
  </price>
  <rating>
   1.85
  </rating>
  <reviews>
   753579
  </reviews>
  <new>
   +
  </new>
  <sporty>
   no
  </sporty>
 </clothing>
 <clothing>
  <id>
   314719950
  </id>
  <name>
   Under Armour Gloves E-3066
  </name>
  <category>
   Gloves
  </category>
  <size>
   L
  </size>
  <color>
   Голубой
  </color>
  <material>
   Вискоза
  </material>
  <price>
   157715
  </price>
  <rating>
   1.57
  </rating>
  <reviews>
   149168
  </reviews>
  <new>
   -
  </new>
  <exclusive>
   yes
  </exclusive>
 </clothing>
 <clothing>
  <id>
   893787391
  </id>
  <name>
   Puma Jeans N-2554
  </name>
  <category>
   Jeans
  </category>
  <size>
   XXL
  </size>
  <color>
   Синий
  </color>
  <material>
   Шелк
  </material>
  <price>
   817258
  </price>
  <rating>
   3.57
  </rating>
  <reviews>
   345023
  </reviews>
  <new>
   -
  </new>
  <exclusive>
   no
  </exclusive>
 </clothing>
 <clothing>
  <id>
   249199788
  </id>
  <name>
   Reebok Pants I-4418
  </name>
  <category>
   Pants
  </category>
  <size>
   XXL
  </size>
  <color>
   Синий
  </color>
  <material>
   Шерсть
  </material>
  <price>
   535246
  </price>
  <rating>
   2.23
  </rating>
  <reviews>
   355337
  </reviews>
  <exclusive>
   yes
  </exclusive>
  <sporty>
   yes
  </sporty>
 </clothing>
 <clothing>
  <id>
   123265844
  </id>
  <name>
   Fila Blouse O-9720
  </name>
  <category>
   Blouse
  </category>
  <size>
   M
  </size>
  <color>
   Голубой
  </color>
  <material>
   Шелк
  </material>
  <price>
   636100
  </price>
  <rating>
   2.6
  </rating>
  <reviews>
   12864
  </reviews>
  <new>
   -
  </new>
  <exclusive>
   yes
  </exclusive>
 </clothing>
 <clothing>
  <id>
   934353454
  </id>
  <name>
   Brooks Socks N-5687
  </name>
  <category>
   Socks
  </category>
  <size>
   M
  </size>
  <color>
   Фиолетовый
  </color>
  <material>
   Нейлон
  </material>
  <price>
   769670
  </price>
  <rating>
   2.36
  </rating>
  <reviews>
   434968
  </reviews>
  <exclusive>
   no
  </exclusive>
  <sporty>
   yes
  </sporty>
 </clothing>
 <clothing>
  <id>
   663809488
  </id>
  <name>
   Adidas Dress Z-8873
  </name>
  <category>
   Dress
  </category>
  <size>
   M
  </size>
  <color>
   Зеленый
  </color>
  <material>
   Шерсть
  </material>
  <price>
   940184
  </price>
  <rating>
   4.49
  </rating>
  <reviews>
   898740
  </reviews>
  <new>
   -
  </new>
  <sporty>
   no
  </sporty>
 </clothing>
 <clothing>
  <id>
   538322746
  </id>
  <name>
   Converse Dress T-3502
  </name>
  <category>
   Dress
  </category>
  <size>
   S
  </size>
  <color>
   Оранжевый
  </color>
  <material>
   Вискоза
  </material>
  <price>
   651386
  </price>
  <rating>
   1.54
  </rating>
  <reviews>
   405237
  </reviews>
  <exclusive>
   no
  </exclusive>
 </clothing>
 <clothing>
  <id>
   218312363
  </id>
  <name>
   Reebok Shirt M-4758
  </name>
  <category>
   Shirt
  </category>
  <size>
   XXL
  </size>
  <color>
   Голубой
  </color>
  <material>
   Нейлон
  </material>
  <price>
   233517
  </price>
  <rating>
   2.63
  </rating>
  <reviews>
   907346
  </reviews>
  <new>
   -
  </new>
  <exclusive>
   yes
  </exclusive>
 </clothing>
 <clothing>
  <id>
   885953604
  </id>
  <name>
   DC Blouse C-9247
  </name>
  <category>
   Blouse
  </category>
  <size>
   XXL
  </size>
  <color>
   Желтый
  </color>
  <material>
   Шерсть
  </material>
  <price>
   751380
  </price>
  <rating>
   3.2
  </rating>
  <reviews>
   404825
  </reviews>
  <exclusive>
   no
  </exclusive>
  <sporty>
   no
  </sporty>
 </clothing>
 <clothing>
  <id>
   937789628
  </id>
  <name>
   Fila Shirt C-1164
  </name>
  <category>
   Shirt
  </category>
  <size>
   M
  </size>
  <color>
   Фиолетовый
  </color>
  <material>
   Вискоза
  </material>
  <price>
   736076
  </price>
  <rating>
   1.35
  </rating>
  <reviews>
   666344
  </reviews>
  <exclusive>
   no
  </exclusive>
 </clothing>
 <clothing>
  <id>
   622887996
  </id>
  <name>
   Nike Jacket A-6023
  </name>
  <category>
   Jacket
  </category>
  <size>
   XXL
  </size>
  <color>
   Красный
  </color>
  <material>
   Шелк
  </material>
  <price>
   608969
  </price>
  <rating>
   2.8
  </rating>
  <reviews>
   236566
  </reviews>
  <exclusive>
   no
  </exclusive>
 </clothing>
 <clothing>
  <id>
   746594043
  </id>
  <name>
   Addidas Sweater E-3305
  </name>
  <category>
   Sweater
  </category>
  <size>
   XL
  </size>
  <color>
   Зеленый
  </color>
  <material>
   Хлопок
  </material>
  <price>
   257260
  </price>
  <rating>
   4.64
  </rating>
  <reviews>
   432282
  </reviews>
 </clothing>
 <clothing>
  <id>
   265340614
  </id>
  <name>
   Fila Jacket M-8048
  </name>
  <category>
   Jacket
  </category>
  <size>
   XXL
  </size>
  <color>
   Фиолетовый
  </color>
  <material>
   Нейлон
  </material>
  <price>
   788862
  </price>
  <rating>
   4.5
  </rating>
  <reviews>
   473465
  </reviews>
  <exclusive>
   no
  </exclusive>
  <sporty>
   no
  </sporty>
 </clothing>
 <clothing>
  <id>
   565525999
  </id>
  <name>
   New Balance Umbrellas I-4200
  </name>
  <category>
   Umbrellas
  </category>
  <size>
   XL
  </size>
  <color>
   Желтый
  </color>
  <material>
   Хлопок
  </material>
  <price>
   762019
  </price>
  <rating>
   2.39
  </rating>
  <reviews>
   239241
  </reviews>
  <new>
   +
  </new>
 </clothing>
 <clothing>
  <id>
   408079483
  </id>
  <name>
   Brooks Umbrellas T-8593
  </name>
  <category>
   Umbrellas
  </category>
  <size>
   M
  </size>
  <color>
   Голубой
  </color>
  <material>
   Нейлон
  </material>
  <price>
   745608
  </price>
  <rating>
   1.89
  </rating>
  <reviews>
   431776
  </reviews>
  <exclusive>
   yes
  </exclusive>
  <sporty>
   yes
  </sporty>
 </clothing>
 <clothing>
  <id>
   656444623
  </id>
  <name>
   Addidas Shoes W-2907
  </name>
  <category>
   Shoes
  </category>
  <size>
   XXL
  </size>
  <color>
   Голубой
  </color>
  <material>
   Нейлон
  </material>
  <price>
   175705
  </price>
  <rating>
   2.4
  </rating>
  <reviews>
   803593
  </reviews>
  <sporty>
   no
  </sporty>
 </clothing>
 <clothing>
  <id>
   460102909
  </id>
  <name>
   Under Armour Jacket J-9146
  </name>
  <category>
   Jacket
  </category>
  <size>
   XXL
  </size>
  <color>
   Зеленый
  </color>
  <material>
   Полиэстер
  </material>
  <price>
   751040
  </price>
  <rating>
   2.93
  </rating>
  <reviews>
   76776
  </reviews>
  <new>
   +
  </new>
 </clothing>
 <clothing>
  <id>
   695442472
  </id>
  <name>
   Puma Blouse X-4009
  </name>
  <category>
   Blouse
  </category>
  <size>
   L
  </size>
  <color>
   Красный
  </color>
  <material>
   Хлопок
  </material>
  <price>
   252855
  </price>
  <rating>
   4.87
  </rating>
  <reviews>
   390615
  </reviews>
  <sporty>
   yes
  </sporty>
 </clothing>
 <clothing>
  <id>
   245430172
  </id>
  <name>
   Asics Shoes A-6774
  </name>
  <category>
   Shoes
  </category>
  <size>
   XXL
  </size>
  <color>
   Желтый
  </color>
  <material>
   Вискоза
  </material>
  <price>
   433155
  </price>
  <rating>
   1.37
  </rating>
  <reviews>
   630246
  </reviews>
  <sporty>
   no
  </sporty>
 </clothing>
 <clothing>
  <id>
   482416609
  </id>
  <name>
   Lacoste Belts S-9754
  </name>
  <category>
   Belts
  </category>
  <size>
   XXL
  </size>
  <color>
   Оранжевый
  </color>
  <material>
   Хлопок
  </material>
  <price>
   624037
  </price>
  <rating>
   4.39
  </rating>
  <reviews>
   607894
  </reviews>
  <new>
   -
  </new>
  <exclusive>
   yes
  </exclusive>
  <sporty>
   no
  </sporty>
 </clothing>
 <clothing>
  <id>
   520321842
  </id>
  <name>
   PleinSport Shirt Z-9674
  </name>
  <category>
   Shirt
  </category>
  <size>
   M
  </size>
  <color>
   Фиолетовый
  </color>
  <material>
   Лен
  </material>
  <price>
   750442
  </price>
  <rating>
   3.49
  </rating>
  <reviews>
   163396
  </reviews>
 </clothing>
 <clothing>
  <id>
   668775507
  </id>
  <name>
   Nike Shirt L-8337
  </name>
  <category>
   Shirt
  </category>
  <size>
   S
  </size>
  <color>
   Оранжевый
  </color>
  <material>
   Шелк
  </material>
  <price>
   901848
  </price>
  <rating>
   3.09
  </rating>
  <reviews>
   592006
  </reviews>
  <new>
   -
  </new>
  <exclusive>
   no
  </exclusive>
  <sporty>
   yes
  </sporty>
 </clothing>
 <clothing>
  <id>
   815034013
  </id>
  <name>
   Brooks Jacket B-3814
  </name>
  <category>
   Jacket
  </category>
  <size>
   M
  </size>
  <color>
   Красный
  </color>
  <material>
   Шерсть
  </material>
  <price>
   800421
  </price>
  <rating>
   3.53
  </rating>
  <reviews>
   946026
  </reviews>
  <new>
   -
  </new>
  <sporty>
   no
  </sporty>
 </clothing>
 <clothing>
  <id>
   473665399
  </id>
  <name>
   New Balance Socks E-1078
  </name>
  <category>
   Socks
  </category>
  <size>
   S
  </size>
  <color>
   Зеленый
  </color>
  <material>
   Хлопок
  </material>
  <price>
   833389
  </price>
  <rating>
   3.54
  </rating>
  <reviews>
   237552
  </reviews>
 </clothing>
 <clothing>
  <id>
   134820499
  </id>
  <name>
   DC T-shirt I-9989
  </name>
  <category>
   T-shirt
  </category>
  <size>
   M
  </size>
  <color>
   Красный
  </color>
  <material>
   Шерсть
  </material>
  <price>
   276591
  </price>
  <rating>
   2.82
  </rating>
  <reviews>
   13900
  </reviews>
  <exclusive>
   no
  </exclusive>
 </clothing>
 <clothing>
  <id>
   656167375
  </id>
  <name>
   PleinSport Shirt X-1412
  </name>
  <category>
   Shirt
  </category>
  <size>
   L
  </size>
  <color>
   Желтый
  </color>
  <material>
   Вискоза
  </material>
  <price>
   410599
  </price>
  <rating>
   3.39
  </rating>
  <reviews>
   607638
  </reviews>
  <new>
   +
  </new>
  <sporty>
   yes
  </sporty>
 </clothing>
 <clothing>
  <id>
   495383510
  </id>
  <name>
   PleinSport Shoes X-6162
  </name>
  <category>
   Shoes
  </category>
  <size>
   S
  </size>
  <color>
   Красный
  </color>
  <material>
   Лен
  </material>
  <price>
   641160
  </price>
  <rating>
   2.07
  </rating>
  <reviews>
   201898
  </reviews>
 </clothing>
 <clothing>
  <id>
   965150917
  </id>
  <name>
   Adidas Dress C-3382
  </name>
  <category>
   Dress
  </category>
  <size>
   S
  </size>
  <color>
   Фиолетовый
  </color>
  <material>
   Шелк
  </material>
  <price>
   252644
  </price>
  <rating>
   4.06
  </rating>
  <reviews>
   778012
  </reviews>
 </clothing>
 <clothing>
  <id>
   110068814
  </id>
  <name>
   PleinSport Belts X-1587
  </name>
  <category>
   Belts
  </category>
  <size>
   XL
  </size>
  <color>
   Голубой
  </color>
  <material>
   Вискоза
  </material>
  <price>
   684851
  </price>
  <rating>
   1.6
  </rating>
  <reviews>
   835817
  </reviews>
  <new>
   -
  </new>
 </clothing>
 <clothing>
  <id>
   368867267
  </id>
  <name>
   Fila Hat O-7835
  </name>
  <category>
   Hat
  </category>
  <size>
   XXL
  </size>
  <color>
   Оранжевый
  </color>
  <material>
   Вискоза
  </material>
  <price>
   724604
  </price>
  <rating>
   4.26
  </rating>
  <reviews>
   595842
  </reviews>
  <new>
   +
  </new>
  <exclusive>
   no
  </exclusive>
  <sporty>
   no
  </sporty>
 </clothing>
 <clothing>
  <id>
   254420818
  </id>
  <name>
   Adidas Jacket I-2899
  </name>
  <category>
   Jacket
  </category>
  <size>
   L
  </size>
  <color>
   Синий
  </color>
  <material>
   Нейлон
  </material>
  <price>
   846206
  </price>
  <rating>
   2.42
  </rating>
  <reviews>
   801261
  </reviews>
  <new>
   -
  </new>
  <sporty>
   yes
  </sporty>
 </clothing>
 <clothing>
  <id>
   679016709
  </id>
  <name>
   Reebok Belts I-3418
  </name>
  <category>
   Belts
  </category>
  <size>
   L
  </size>
  <color>
   Красный
  </color>
  <material>
   Нейлон
  </material>
  <price>
   660691
  </price>
  <rating>
   2.11
  </rating>
  <reviews>
   297054
  </reviews>
  <new>
   -
  </new>
  <exclusive>
   no
  </exclusive>
  <sporty>
   yes
  </sporty>
 </clothing>
 <clothing>
  <id>
   865386288
  </id>
  <name>
   Under Armour Shoes M-7368
  </name>
  <category>
   Shoes
  </category>
  <size>
   L
  </size>
  <color>
   Голубой
  </color>
  <material>
   Шерсть
  </material>
  <price>
   871290
  </price>
  <rating>
   2.11
  </rating>
  <reviews>
   396196
  </reviews>
  <new>
   +
  </new>
  <sporty>
   no
  </sporty>
 </clothing>
</clothing-items>
