<?xml version="1.0" encoding="utf-8"?>
<clothing-items>
 <clothing>
  <id>
   275337393
  </id>
  <name>
   Nike Shoes V-4217
  </name>
  <category>
   Shoes
  </category>
  <size>
   S
  </size>
  <color>
   Синий
  </color>
  <material>
   Вискоза
  </material>
  <price>
   806180
  </price>
  <rating>
   1.97
  </rating>
  <reviews>
   561967
  </reviews>
  <new>
   +
  </new>
  <sporty>
   yes
  </sporty>
 </clothing>
 <clothing>
  <id>
   353899295
  </id>
  <name>
   Puma Dress H-6321
  </name>
  <category>
   Dress
  </category>
  <size>
   M
  </size>
  <color>
   Синий
  </color>
  <material>
   Хлопок
  </material>
  <price>
   812299
  </price>
  <rating>
   1.4
  </rating>
  <reviews>
   692292
  </reviews>
  <exclusive>
   no
  </exclusive>
 </clothing>
 <clothing>
  <id>
   424521534
  </id>
  <name>
   Lacoste Shoes A-6633
  </name>
  <category>
   Shoes
  </category>
  <size>
   XL
  </size>
  <color>
   Желтый
  </color>
  <material>
   Кожа
  </material>
  <price>
   592511
  </price>
  <rating>
   2.08
  </rating>
  <reviews>
   601374
  </reviews>
  <new>
   +
  </new>
  <exclusive>
   no
  </exclusive>
  <sporty>
   no
  </sporty>
 </clothing>
 <clothing>
  <id>
   317390130
  </id>
  <name>
   Lacoste Pants M-9203
  </name>
  <category>
   Pants
  </category>
  <size>
   XL
  </size>
  <color>
   Голубой
  </color>
  <material>
   Полиэстер
  </material>
  <price>
   168547
  </price>
  <rating>
   3.33
  </rating>
  <reviews>
   167993
  </reviews>
  <new>
   +
  </new>
  <sporty>
   no
  </sporty>
 </clothing>
 <clothing>
  <id>
   353557500
  </id>
  <name>
   Fila Shirt D-3802
  </name>
  <category>
   Shirt
  </category>
  <size>
   S
  </size>
  <color>
   Оранжевый
  </color>
  <material>
   Нейлон
  </material>
  <price>
   328327
  </price>
  <rating>
   3.05
  </rating>
  <reviews>
   427986
  </reviews>
 </clothing>
 <clothing>
  <id>
   413077360
  </id>
  <name>
   Ellesse Jacket H-1206
  </name>
  <category>
   Jacket
  </category>
  <size>
   XL
  </size>
  <color>
   Зеленый
  </color>
  <material>
   Хлопок
  </material>
  <price>
   373940
  </price>
  <rating>
   1.43
  </rating>
  <reviews>
   665093
  </reviews>
  <new>
   +
  </new>
  <exclusive>
   no
  </exclusive>
 </clothing>
 <clothing>
  <id>
   542611721
  </id>
  <name>
   Nike Socks R-7833
  </name>
  <category>
   Socks
  </category>
  <size>
   XXL
  </size>
  <color>
   Оранжевый
  </color>
  <material>
   Шерсть
  </material>
  <price>
   456625
  </price>
  <rating>
   2.86
  </rating>
  <reviews>
   654688
  </reviews>
  <new>
   -
  </new>
  <exclusive>
   yes
  </exclusive>
  <sporty>
   no
  </sporty>
 </clothing>
 <clothing>
  <id>
   253732263
  </id>
  <name>
   Converse Socks B-6724
  </name>
  <category>
   Socks
  </category>
  <size>
   L
  </size>
  <color>
   Зеленый
  </color>
  <material>
   Шерсть
  </material>
  <price>
   482716
  </price>
  <rating>
   3.85
  </rating>
  <reviews>
   745213
  </reviews>
  <new>
   +
  </new>
  <sporty>
   yes
  </sporty>
 </clothing>
 <clothing>
  <id>
   670838402
  </id>
  <name>
   DC Pants M-1294
  </name>
  <category>
   Pants
  </category>
  <size>
   XXL
  </size>
  <color>
   Красный
  </color>
  <material>
   Нейлон
  </material>
  <price>
   588195
  </price>
  <rating>
   2.05
  </rating>
  <reviews>
   474062
  </reviews>
  <sporty>
   no
  </sporty>
 </clothing>
 <clothing>
  <id>
   851763956
  </id>
  <name>
   Reebok Socks N-1126
  </name>
  <category>
   Socks
  </category>
  <size>
   S
  </size>
  <color>
   Оранжевый
  </color>
  <material>
   Лен
  </material>
  <price>
   895775
  </price>
  <rating>
   3.29
  </rating>
  <reviews>
   660727
  </reviews>
  <new>
   +
  </new>
  <exclusive>
   yes
  </exclusive>
  <sporty>
   no
  </sporty>
 </clothing>
 <clothing>
  <id>
   183320342
  </id>
  <name>
   Asics Handbags S-4800
  </name>
  <category>
   Handbags
  </category>
  <size>
   M
  </size>
  <color>
   Синий
  </color>
  <material>
   Шелк
  </material>
  <price>
   408814
  </price>
  <rating>
   3.17
  </rating>
  <reviews>
   856309
  </reviews>
  <new>
   -
  </new>
 </clothing>
 <clothing>
  <id>
   161522147
  </id>
  <name>
   Addidas Shirt Z-1140
  </name>
  <category>
   Shirt
  </category>
  <size>
   XXL
  </size>
  <color>
   Красный
  </color>
  <material>
   Вискоза
  </material>
  <price>
   539679
  </price>
  <rating>
   4.81
  </rating>
  <reviews>
   316684
  </reviews>
  <new>
   -
  </new>
  <exclusive>
   yes
  </exclusive>
  <sporty>
   no
  </sporty>
 </clothing>
 <clothing>
  <id>
   391741918
  </id>
  <name>
   Puma Hat A-2737
  </name>
  <category>
   Hat
  </category>
  <size>
   L
  </size>
  <color>
   Синий
  </color>
  <material>
   Нейлон
  </material>
  <price>
   260095
  </price>
  <rating>
   1.59
  </rating>
  <reviews>
   905733
  </reviews>
  <exclusive>
   no
  </exclusive>
 </clothing>
 <clothing>
  <id>
   129748912
  </id>
  <name>
   Fila Shirt E-4422
  </name>
  <category>
   Shirt
  </category>
  <size>
   L
  </size>
  <color>
   Желтый
  </color>
  <material>
   Шерсть
  </material>
  <price>
   612299
  </price>
  <rating>
   3.32
  </rating>
  <reviews>
   910512
  </reviews>
  <new>
   +
  </new>
  <exclusive>
   no
  </exclusive>
  <sporty>
   yes
  </sporty>
 </clothing>
 <clothing>
  <id>
   493469683
  </id>
  <name>
   New Balance Umbrellas K-8960
  </name>
  <category>
   Umbrellas
  </category>
  <size>
   M
  </size>
  <color>
   Фиолетовый
  </color>
  <material>
   Лен
  </material>
  <price>
   497186
  </price>
  <rating>
   2.42
  </rating>
  <reviews>
   21976
  </reviews>
  <new>
   -
  </new>
 </clothing>
 <clothing>
  <id>
   886905192
  </id>
  <name>
   Ellesse Handbags P-9543
  </name>
  <category>
   Handbags
  </category>
  <size>
   L
  </size>
  <color>
   Зеленый
  </color>
  <material>
   Полиэстер
  </material>
  <price>
   610965
  </price>
  <rating>
   1.08
  </rating>
  <reviews>
   130082
  </reviews>
  <new>
   -
  </new>
 </clothing>
 <clothing>
  <id>
   374285679
  </id>
  <name>
   Lacoste Blouse R-5653
  </name>
  <category>
   Blouse
  </category>
  <size>
   M
  </size>
  <color>
   Желтый
  </color>
  <material>
   Полиэстер
  </material>
  <price>
   821203
  </price>
  <rating>
   2.67
  </rating>
  <reviews>
   665125
  </reviews>
  <new>
   -
  </new>
  <exclusive>
   yes
  </exclusive>
  <sporty>
   no
  </sporty>
 </clothing>
 <clothing>
  <id>
   451743158
  </id>
  <name>
   Ellesse Blouse R-4238
  </name>
  <category>
   Blouse
  </category>
  <size>
   L
  </size>
  <color>
   Зеленый
  </color>
  <material>
   Полиэстер
  </material>
  <price>
   303399
  </price>
  <rating>
   2.42
  </rating>
  <reviews>
   889037
  </reviews>
  <exclusive>
   no
  </exclusive>
  <sporty>
   yes
  </sporty>
 </clothing>
 <clothing>
  <id>
   402808111
  </id>
  <name>
   Reebok Pants T-7613
  </name>
  <category>
   Pants
  </category>
  <size>
   XL
  </size>
  <color>
   Зеленый
  </color>
  <material>
   Шелк
  </material>
  <price>
   511974
  </price>
  <rating>
   2.35
  </rating>
  <reviews>
   141830
  </reviews>
  <new>
   -
  </new>
 </clothing>
 <clothing>
  <id>
   178870926
  </id>
  <name>
   New Balance Skirt I-7566
  </name>
  <category>
   Skirt
  </category>
  <size>
   M
  </size>
  <color>
   Фиолетовый
  </color>
  <material>
   Вискоза
  </material>
  <price>
   294498
  </price>
  <rating>
   4.99
  </rating>
  <reviews>
   469716
  </reviews>
  <new>
   -
  </new>
  <exclusive>
   no
  </exclusive>
  <sporty>
   yes
  </sporty>
 </clothing>
 <clothing>
  <id>
   208552156
  </id>
  <name>
   Vans Dress U-6483
  </name>
  <category>
   Dress
  </category>
  <size>
   S
  </size>
  <color>
   Красный
  </color>
  <material>
   Полиэстер
  </material>
  <price>
   820275
  </price>
  <rating>
   3.89
  </rating>
  <reviews>
   643315
  </reviews>
  <new>
   -
  </new>
  <exclusive>
   no
  </exclusive>
 </clothing>
 <clothing>
  <id>
   129166642
  </id>
  <name>
   DC Hat I-6147
  </name>
  <category>
   Hat
  </category>
  <size>
   S
  </size>
  <color>
   Зеленый
  </color>
  <material>
   Лен
  </material>
  <price>
   952632
  </price>
  <rating>
   2.6
  </rating>
  <reviews>
   68708
  </reviews>
  <new>
   -
  </new>
 </clothing>
 <clothing>
  <id>
   516610081
  </id>
  <name>
   Lacoste Dress E-1212
  </name>
  <category>
   Dress
  </category>
  <size>
   XXL
  </size>
  <color>
   Голубой
  </color>
  <material>
   Лен
  </material>
  <price>
   570079
  </price>
  <rating>
   2.66
  </rating>
  <reviews>
   130542
  </reviews>
  <new>
   +
  </new>
  <exclusive>
   yes
  </exclusive>
 </clothing>
 <clothing>
  <id>
   107285009
  </id>
  <name>
   Brooks Jacket J-1744
  </name>
  <category>
   Jacket
  </category>
  <size>
   M
  </size>
  <color>
   Желтый
  </color>
  <material>
   Вискоза
  </material>
  <price>
   883861
  </price>
  <rating>
   3.57
  </rating>
  <reviews>
   405003
  </reviews>
  <new>
   +
  </new>
  <sporty>
   no
  </sporty>
 </clothing>
 <clothing>
  <id>
   781144602
  </id>
  <name>
   Under Armour Umbrellas Y-6568
  </name>
  <category>
   Umbrellas
  </category>
  <size>
   L
  </size>
  <color>
   Красный
  </color>
  <material>
   Нейлон
  </material>
  <price>
   686143
  </price>
  <rating>
   4.56
  </rating>
  <reviews>
   8916
  </reviews>
  <new>
   -
  </new>
  <exclusive>
   yes
  </exclusive>
  <sporty>
   no
  </sporty>
 </clothing>
 <clothing>
  <id>
   957153847
  </id>
  <name>
   Puma Jacket T-7836
  </name>
  <category>
   Jacket
  </category>
  <size>
   XXL
  </size>
  <color>
   Синий
  </color>
  <material>
   Шерсть
  </material>
  <price>
   554216
  </price>
  <rating>
   3.77
  </rating>
  <reviews>
   120522
  </reviews>
  <new>
   +
  </new>
  <sporty>
   no
  </sporty>
 </clothing>
 <clothing>
  <id>
   709119205
  </id>
  <name>
   Addidas Shirt H-3178
  </name>
  <category>
   Shirt
  </category>
  <size>
   M
  </size>
  <color>
   Голубой
  </color>
  <material>
   Лен
  </material>
  <price>
   614385
  </price>
  <rating>
   4.83
  </rating>
  <reviews>
   118348
  </reviews>
  <new>
   -
  </new>
  <sporty>
   no
  </sporty>
 </clothing>
 <clothing>
  <id>
   814699137
  </id>
  <name>
   Ellesse Shoes N-8520
  </name>
  <category>
   Shoes
  </category>
  <size>
   XXL
  </size>
  <color>
   Желтый
  </color>
  <material>
   Шелк
  </material>
  <price>
   635062
  </price>
  <rating>
   3.76
  </rating>
  <reviews>
   996432
  </reviews>
  <new>
   +
  </new>
  <exclusive>
   yes
  </exclusive>
  <sporty>
   no
  </sporty>
 </clothing>
 <clothing>
  <id>
   409838400
  </id>
  <name>
   Puma T-shirt Q-2210
  </name>
  <category>
   T-shirt
  </category>
  <size>
   XXL
  </size>
  <color>
   Оранжевый
  </color>
  <material>
   Вискоза
  </material>
  <price>
   680574
  </price>
  <rating>
   4.06
  </rating>
  <reviews>
   605791
  </reviews>
  <exclusive>
   no
  </exclusive>
 </clothing>
 <clothing>
  <id>
   446869952
  </id>
  <name>
   Addidas Umbrellas M-9436
  </name>
  <category>
   Umbrellas
  </category>
  <size>
   XXL
  </size>
  <color>
   Желтый
  </color>
  <material>
   Полиэстер
  </material>
  <price>
   250386
  </price>
  <rating>
   4.38
  </rating>
  <reviews>
   728200
  </reviews>
  <exclusive>
   yes
  </exclusive>
  <sporty>
   no
  </sporty>
 </clothing>
 <clothing>
  <id>
   158756484
  </id>
  <name>
   Fila Umbrellas G-5003
  </name>
  <category>
   Umbrellas
  </category>
  <size>
   XL
  </size>
  <color>
   Голубой
  </color>
  <material>
   Вискоза
  </material>
  <price>
   150219
  </price>
  <rating>
   1.8
  </rating>
  <reviews>
   943938
  </reviews>
  <sporty>
   no
  </sporty>
 </clothing>
 <clothing>
  <id>
   383955042
  </id>
  <name>
   Brooks Belts Q-5662
  </name>
  <category>
   Belts
  </category>
  <size>
   XL
  </size>
  <color>
   Желтый
  </color>
  <material>
   Лен
  </material>
  <price>
   710790
  </price>
  <rating>
   1.31
  </rating>
  <reviews>
   24167
  </reviews>
  <new>
   +
  </new>
  <exclusive>
   no
  </exclusive>
  <sporty>
   no
  </sporty>
 </clothing>
 <clothing>
  <id>
   833655088
  </id>
  <name>
   Adidas Sweater V-7361
  </name>
  <category>
   Sweater
  </category>
  <size>
   S
  </size>
  <color>
   Зеленый
  </color>
  <material>
   Нейлон
  </material>
  <price>
   710122
  </price>
  <rating>
   4.22
  </rating>
  <reviews>
   956736
  </reviews>
  <new>
   -
  </new>
  <exclusive>
   yes
  </exclusive>
  <sporty>
   yes
  </sporty>
 </clothing>
 <clothing>
  <id>
   512068026
  </id>
  <name>
   Under Armour Gloves X-1820
  </name>
  <category>
   Gloves
  </category>
  <size>
   M
  </size>
  <color>
   Оранжевый
  </color>
  <material>
   Хлопок
  </material>
  <price>
   949682
  </price>
  <rating>
   1.38
  </rating>
  <reviews>
   981449
  </reviews>
  <new>
   -
  </new>
  <sporty>
   yes
  </sporty>
 </clothing>
 <clothing>
  <id>
   448070204
  </id>
  <name>
   Vans Dress W-4951
  </name>
  <category>
   Dress
  </category>
  <size>
   M
  </size>
  <color>
   Голубой
  </color>
  <material>
   Шелк
  </material>
  <price>
   608598
  </price>
  <rating>
   1.17
  </rating>
  <reviews>
   499368
  </reviews>
  <new>
   -
  </new>
 </clothing>
 <clothing>
  <id>
   420487189
  </id>
  <name>
   Brooks Belts W-5781
  </name>
  <category>
   Belts
  </category>
  <size>
   L
  </size>
  <color>
   Голубой
  </color>
  <material>
   Вискоза
  </material>
  <price>
   889751
  </price>
  <rating>
   1.31
  </rating>
  <reviews>
   32110
  </reviews>
  <new>
   +
  </new>
 </clothing>
 <clothing>
  <id>
   330572251
  </id>
  <name>
   Adidas Socks W-1750
  </name>
  <category>
   Socks
  </category>
  <size>
   XXL
  </size>
  <color>
   Синий
  </color>
  <material>
   Шерсть
  </material>
  <price>
   935236
  </price>
  <rating>
   4.27
  </rating>
  <reviews>
   604133
  </reviews>
 </clothing>
 <clothing>
  <id>
   799729730
  </id>
  <name>
   Nike Gloves B-4427
  </name>
  <category>
   Gloves
  </category>
  <size>
   L
  </size>
  <color>
   Красный
  </color>
  <material>
   Шерсть
  </material>
  <price>
   383055
  </price>
  <rating>
   2.89
  </rating>
  <reviews>
   591887
  </reviews>
  <new>
   -
  </new>
  <exclusive>
   no
  </exclusive>
 </clothing>
</clothing-items>
