<?xml version="1.0" encoding="utf-8"?>
<clothing-items>
 <clothing>
  <id>
   852427187
  </id>
  <name>
   Vans Jacket O-8469
  </name>
  <category>
   Jacket
  </category>
  <size>
   M
  </size>
  <color>
   Оранжевый
  </color>
  <material>
   Полиэстер
  </material>
  <price>
   359825
  </price>
  <rating>
   4.2
  </rating>
  <reviews>
   801155
  </reviews>
  <exclusive>
   yes
  </exclusive>
  <sporty>
   no
  </sporty>
 </clothing>
 <clothing>
  <id>
   983484261
  </id>
  <name>
   Converse Umbrellas O-9573
  </name>
  <category>
   Umbrellas
  </category>
  <size>
   L
  </size>
  <color>
   Фиолетовый
  </color>
  <material>
   Шерсть
  </material>
  <price>
   735872
  </price>
  <rating>
   2.18
  </rating>
  <reviews>
   591656
  </reviews>
  <exclusive>
   yes
  </exclusive>
  <sporty>
   no
  </sporty>
 </clothing>
 <clothing>
  <id>
   964946283
  </id>
  <name>
   Brooks Sweater R-4168
  </name>
  <category>
   Sweater
  </category>
  <size>
   L
  </size>
  <color>
   Фиолетовый
  </color>
  <material>
   Кожа
  </material>
  <price>
   743400
  </price>
  <rating>
   2.15
  </rating>
  <reviews>
   942437
  </reviews>
  <new>
   -
  </new>
  <exclusive>
   no
  </exclusive>
 </clothing>
 <clothing>
  <id>
   770505141
  </id>
  <name>
   Nike Pants D-6846
  </name>
  <category>
   Pants
  </category>
  <size>
   XXL
  </size>
  <color>
   Голубой
  </color>
  <material>
   Нейлон
  </material>
  <price>
   303329
  </price>
  <rating>
   2.69
  </rating>
  <reviews>
   351617
  </reviews>
 </clothing>
 <clothing>
  <id>
   176054951
  </id>
  <name>
   Fila Pants H-4818
  </name>
  <category>
   Pants
  </category>
  <size>
   XL
  </size>
  <color>
   Желтый
  </color>
  <material>
   Кожа
  </material>
  <price>
   420832
  </price>
  <rating>
   4.73
  </rating>
  <reviews>
   816993
  </reviews>
  <new>
   -
  </new>
  <exclusive>
   no
  </exclusive>
  <sporty>
   no
  </sporty>
 </clothing>
 <clothing>
  <id>
   628704370
  </id>
  <name>
   Reebok Pants G-4462
  </name>
  <category>
   Pants
  </category>
  <size>
   L
  </size>
  <color>
   Синий
  </color>
  <material>
   Кожа
  </material>
  <price>
   835573
  </price>
  <rating>
   1.62
  </rating>
  <reviews>
   702431
  </reviews>
  <exclusive>
   no
  </exclusive>
  <sporty>
   no
  </sporty>
 </clothing>
 <clothing>
  <id>
   991951753
  </id>
  <name>
   Vans Jeans T-3842
  </name>
  <category>
   Jeans
  </category>
  <size>
   XL
  </size>
  <color>
   Зеленый
  </color>
  <material>
   Нейлон
  </material>
  <price>
   949398
  </price>
  <rating>
   1.29
  </rating>
  <reviews>
   214848
  </reviews>
  <new>
   -
  </new>
  <exclusive>
   no
  </exclusive>
  <sporty>
   no
  </sporty>
 </clothing>
 <clothing>
  <id>
   581754430
  </id>
  <name>
   DC Jeans R-8831
  </name>
  <category>
   Jeans
  </category>
  <size>
   L
  </size>
  <color>
   Красный
  </color>
  <material>
   Полиэстер
  </material>
  <price>
   324689
  </price>
  <rating>
   4.69
  </rating>
  <reviews>
   145619
  </reviews>
  <sporty>
   yes
  </sporty>
 </clothing>
 <clothing>
  <id>
   241417450
  </id>
  <name>
   Vans Shirt B-9895
  </name>
  <category>
   Shirt
  </category>
  <size>
   XL
  </size>
  <color>
   Красный
  </color>
  <material>
   Шерсть
  </material>
  <price>
   916441
  </price>
  <rating>
   1.37
  </rating>
  <reviews>
   732662
  </reviews>
  <new>
   +
  </new>
  <exclusive>
   yes
  </exclusive>
  <sporty>
   yes
  </sporty>
 </clothing>
 <clothing>
  <id>
   984197246
  </id>
  <name>
   Adidas Jacket I-8231
  </name>
  <category>
   Jacket
  </category>
  <size>
   XXL
  </size>
  <color>
   Фиолетовый
  </color>
  <material>
   Полиэстер
  </material>
  <price>
   182160
  </price>
  <rating>
   4.6
  </rating>
  <reviews>
   322697
  </reviews>
  <exclusive>
   no
  </exclusive>
 </clothing>
 <clothing>
  <id>
   202211191
  </id>
  <name>
   Nike Gloves R-5406
  </name>
  <category>
   Gloves
  </category>
  <size>
   XL
  </size>
  <color>
   Желтый
  </color>
  <material>
   Полиэстер
  </material>
  <price>
   750228
  </price>
  <rating>
   3.17
  </rating>
  <reviews>
   395965
  </reviews>
  <new>
   -
  </new>
  <sporty>
   no
  </sporty>
 </clothing>
 <clothing>
  <id>
   318119803
  </id>
  <name>
   New Balance Gloves D-3989
  </name>
  <category>
   Gloves
  </category>
  <size>
   XXL
  </size>
  <color>
   Оранжевый
  </color>
  <material>
   Кожа
  </material>
  <price>
   500865
  </price>
  <rating>
   4.64
  </rating>
  <reviews>
   855689
  </reviews>
  <exclusive>
   yes
  </exclusive>
 </clothing>
 <clothing>
  <id>
   768791469
  </id>
  <name>
   Adidas Shoes D-9381
  </name>
  <category>
   Shoes
  </category>
  <size>
   L
  </size>
  <color>
   Фиолетовый
  </color>
  <material>
   Кожа
  </material>
  <price>
   659439
  </price>
  <rating>
   1.35
  </rating>
  <reviews>
   645610
  </reviews>
  <sporty>
   no
  </sporty>
 </clothing>
 <clothing>
  <id>
   420557794
  </id>
  <name>
   New Balance Hat Y-4458
  </name>
  <category>
   Hat
  </category>
  <size>
   S
  </size>
  <color>
   Красный
  </color>
  <material>
   Лен
  </material>
  <price>
   856528
  </price>
  <rating>
   3.32
  </rating>
  <reviews>
   676612
  </reviews>
  <exclusive>
   no
  </exclusive>
 </clothing>
 <clothing>
  <id>
   853694681
  </id>
  <name>
   New Balance Jacket R-6209
  </name>
  <category>
   Jacket
  </category>
  <size>
   XXL
  </size>
  <color>
   Красный
  </color>
  <material>
   Шерсть
  </material>
  <price>
   599311
  </price>
  <rating>
   2.8
  </rating>
  <reviews>
   233146
  </reviews>
  <sporty>
   no
  </sporty>
 </clothing>
 <clothing>
  <id>
   904223686
  </id>
  <name>
   New Balance Jeans L-3234
  </name>
  <category>
   Jeans
  </category>
  <size>
   M
  </size>
  <color>
   Голубой
  </color>
  <material>
   Кожа
  </material>
  <price>
   283479
  </price>
  <rating>
   4.19
  </rating>
  <reviews>
   408687
  </reviews>
  <new>
   -
  </new>
  <exclusive>
   yes
  </exclusive>
 </clothing>
 <clothing>
  <id>
   775190102
  </id>
  <name>
   Under Armour Shirt Y-9980
  </name>
  <category>
   Shirt
  </category>
  <size>
   L
  </size>
  <color>
   Желтый
  </color>
  <material>
   Кожа
  </material>
  <price>
   675925
  </price>
  <rating>
   2.56
  </rating>
  <reviews>
   897297
  </reviews>
  <new>
   -
  </new>
  <sporty>
   no
  </sporty>
 </clothing>
 <clothing>
  <id>
   515086514
  </id>
  <name>
   Brooks Shirt A-4672
  </name>
  <category>
   Shirt
  </category>
  <size>
   S
  </size>
  <color>
   Синий
  </color>
  <material>
   Нейлон
  </material>
  <price>
   819338
  </price>
  <rating>
   2.18
  </rating>
  <reviews>
   839789
  </reviews>
  <exclusive>
   yes
  </exclusive>
 </clothing>
 <clothing>
  <id>
   331595868
  </id>
  <name>
   Addidas Belts G-5816
  </name>
  <category>
   Belts
  </category>
  <size>
   S
  </size>
  <color>
   Голубой
  </color>
  <material>
   Нейлон
  </material>
  <price>
   516696
  </price>
  <rating>
   1.51
  </rating>
  <reviews>
   49501
  </reviews>
  <new>
   +
  </new>
  <sporty>
   no
  </sporty>
 </clothing>
 <clothing>
  <id>
   635416024
  </id>
  <name>
   Fila Dress A-9280
  </name>
  <category>
   Dress
  </category>
  <size>
   L
  </size>
  <color>
   Фиолетовый
  </color>
  <material>
   Лен
  </material>
  <price>
   863045
  </price>
  <rating>
   3.39
  </rating>
  <reviews>
   26548
  </reviews>
  <new>
   -
  </new>
  <exclusive>
   no
  </exclusive>
  <sporty>
   no
  </sporty>
 </clothing>
 <clothing>
  <id>
   857529793
  </id>
  <name>
   Converse Belts M-2140
  </name>
  <category>
   Belts
  </category>
  <size>
   S
  </size>
  <color>
   Красный
  </color>
  <material>
   Лен
  </material>
  <price>
   415375
  </price>
  <rating>
   3.37
  </rating>
  <reviews>
   722926
  </reviews>
  <new>
   +
  </new>
  <exclusive>
   no
  </exclusive>
 </clothing>
 <clothing>
  <id>
   878909019
  </id>
  <name>
   Nike Shoes K-7680
  </name>
  <category>
   Shoes
  </category>
  <size>
   XL
  </size>
  <color>
   Синий
  </color>
  <material>
   Шелк
  </material>
  <price>
   260547
  </price>
  <rating>
   4.63
  </rating>
  <reviews>
   75586
  </reviews>
  <sporty>
   no
  </sporty>
 </clothing>
</clothing-items>
