<?xml version="1.0" encoding="utf-8"?>
<clothing-items>
 <clothing>
  <id>
   611773032
  </id>
  <name>
   Puma Shoes L-7703
  </name>
  <category>
   Shoes
  </category>
  <size>
   XL
  </size>
  <color>
   Красный
  </color>
  <material>
   Шелк
  </material>
  <price>
   443676
  </price>
  <rating>
   1.21
  </rating>
  <reviews>
   355423
  </reviews>
 </clothing>
 <clothing>
  <id>
   935064690
  </id>
  <name>
   Asics Hat H-3277
  </name>
  <category>
   Hat
  </category>
  <size>
   XL
  </size>
  <color>
   Оранжевый
  </color>
  <material>
   Вискоза
  </material>
  <price>
   866180
  </price>
  <rating>
   2.56
  </rating>
  <reviews>
   412995
  </reviews>
  <new>
   +
  </new>
  <exclusive>
   yes
  </exclusive>
 </clothing>
 <clothing>
  <id>
   814792841
  </id>
  <name>
   Fila Belts N-6292
  </name>
  <category>
   Belts
  </category>
  <size>
   XL
  </size>
  <color>
   Синий
  </color>
  <material>
   Шелк
  </material>
  <price>
   676467
  </price>
  <rating>
   4.66
  </rating>
  <reviews>
   311205
  </reviews>
  <exclusive>
   no
  </exclusive>
  <sporty>
   yes
  </sporty>
 </clothing>
 <clothing>
  <id>
   603975656
  </id>
  <name>
   Reebok Shirt H-7915
  </name>
  <category>
   Shirt
  </category>
  <size>
   M
  </size>
  <color>
   Голубой
  </color>
  <material>
   Шелк
  </material>
  <price>
   879903
  </price>
  <rating>
   3.93
  </rating>
  <reviews>
   313208
  </reviews>
  <new>
   +
  </new>
  <exclusive>
   no
  </exclusive>
  <sporty>
   yes
  </sporty>
 </clothing>
 <clothing>
  <id>
   289523541
  </id>
  <name>
   Converse Hat L-1879
  </name>
  <category>
   Hat
  </category>
  <size>
   XXL
  </size>
  <color>
   Красный
  </color>
  <material>
   Хлопок
  </material>
  <price>
   366063
  </price>
  <rating>
   3.1
  </rating>
  <reviews>
   332129
  </reviews>
 </clothing>
 <clothing>
  <id>
   106642389
  </id>
  <name>
   Under Armour Dress J-9532
  </name>
  <category>
   Dress
  </category>
  <size>
   XL
  </size>
  <color>
   Оранжевый
  </color>
  <material>
   Лен
  </material>
  <price>
   950039
  </price>
  <rating>
   4.53
  </rating>
  <reviews>
   824609
  </reviews>
  <new>
   +
  </new>
  <exclusive>
   no
  </exclusive>
 </clothing>
 <clothing>
  <id>
   448313518
  </id>
  <name>
   Fila Blouse X-6014
  </name>
  <category>
   Blouse
  </category>
  <size>
   L
  </size>
  <color>
   Синий
  </color>
  <material>
   Хлопок
  </material>
  <price>
   191771
  </price>
  <rating>
   3.49
  </rating>
  <reviews>
   245414
  </reviews>
  <new>
   +
  </new>
  <exclusive>
   no
  </exclusive>
 </clothing>
 <clothing>
  <id>
   424778666
  </id>
  <name>
   Converse Gloves L-2681
  </name>
  <category>
   Gloves
  </category>
  <size>
   XXL
  </size>
  <color>
   Зеленый
  </color>
  <material>
   Полиэстер
  </material>
  <price>
   288679
  </price>
  <rating>
   2.28
  </rating>
  <reviews>
   127577
  </reviews>
 </clothing>
 <clothing>
  <id>
   666398529
  </id>
  <name>
   PleinSport Shoes F-4499
  </name>
  <category>
   Shoes
  </category>
  <size>
   S
  </size>
  <color>
   Голубой
  </color>
  <material>
   Шерсть
  </material>
  <price>
   255870
  </price>
  <rating>
   3.43
  </rating>
  <reviews>
   844420
  </reviews>
  <exclusive>
   no
  </exclusive>
 </clothing>
 <clothing>
  <id>
   369760067
  </id>
  <name>
   DC Skirt F-5987
  </name>
  <category>
   Skirt
  </category>
  <size>
   L
  </size>
  <color>
   Голубой
  </color>
  <material>
   Полиэстер
  </material>
  <price>
   709882
  </price>
  <rating>
   1.55
  </rating>
  <reviews>
   638396
  </reviews>
  <exclusive>
   no
  </exclusive>
 </clothing>
 <clothing>
  <id>
   616228270
  </id>
  <name>
   New Balance Sweater L-7106
  </name>
  <category>
   Sweater
  </category>
  <size>
   XXL
  </size>
  <color>
   Зеленый
  </color>
  <material>
   Шерсть
  </material>
  <price>
   940776
  </price>
  <rating>
   2.06
  </rating>
  <reviews>
   1362
  </reviews>
  <exclusive>
   no
  </exclusive>
 </clothing>
 <clothing>
  <id>
   220522583
  </id>
  <name>
   Nike Gloves Q-2190
  </name>
  <category>
   Gloves
  </category>
  <size>
   L
  </size>
  <color>
   Желтый
  </color>
  <material>
   Кожа
  </material>
  <price>
   733808
  </price>
  <rating>
   4.79
  </rating>
  <reviews>
   407523
  </reviews>
 </clothing>
 <clothing>
  <id>
   547139048
  </id>
  <name>
   New Balance Handbags Z-9901
  </name>
  <category>
   Handbags
  </category>
  <size>
   XL
  </size>
  <color>
   Синий
  </color>
  <material>
   Полиэстер
  </material>
  <price>
   762722
  </price>
  <rating>
   1.54
  </rating>
  <reviews>
   452770
  </reviews>
  <exclusive>
   yes
  </exclusive>
  <sporty>
   yes
  </sporty>
 </clothing>
 <clothing>
  <id>
   242688626
  </id>
  <name>
   Puma Blouse J-1066
  </name>
  <category>
   Blouse
  </category>
  <size>
   M
  </size>
  <color>
   Оранжевый
  </color>
  <material>
   Шерсть
  </material>
  <price>
   319625
  </price>
  <rating>
   4.57
  </rating>
  <reviews>
   655923
  </reviews>
  <new>
   +
  </new>
  <exclusive>
   no
  </exclusive>
 </clothing>
 <clothing>
  <id>
   584376082
  </id>
  <name>
   Puma Gloves R-8122
  </name>
  <category>
   Gloves
  </category>
  <size>
   XL
  </size>
  <color>
   Желтый
  </color>
  <material>
   Нейлон
  </material>
  <price>
   183369
  </price>
  <rating>
   4.0
  </rating>
  <reviews>
   432393
  </reviews>
 </clothing>
 <clothing>
  <id>
   898906950
  </id>
  <name>
   Asics Skirt K-2695
  </name>
  <category>
   Skirt
  </category>
  <size>
   M
  </size>
  <color>
   Оранжевый
  </color>
  <material>
   Шелк
  </material>
  <price>
   324679
  </price>
  <rating>
   2.73
  </rating>
  <reviews>
   590807
  </reviews>
  <new>
   +
  </new>
  <sporty>
   no
  </sporty>
 </clothing>
 <clothing>
  <id>
   341509579
  </id>
  <name>
   Fila Sweater O-4028
  </name>
  <category>
   Sweater
  </category>
  <size>
   M
  </size>
  <color>
   Фиолетовый
  </color>
  <material>
   Кожа
  </material>
  <price>
   797264
  </price>
  <rating>
   4.14
  </rating>
  <reviews>
   46821
  </reviews>
  <new>
   +
  </new>
  <exclusive>
   no
  </exclusive>
 </clothing>
 <clothing>
  <id>
   559522334
  </id>
  <name>
   Asics Gloves P-6142
  </name>
  <category>
   Gloves
  </category>
  <size>
   XL
  </size>
  <color>
   Синий
  </color>
  <material>
   Кожа
  </material>
  <price>
   437130
  </price>
  <rating>
   1.61
  </rating>
  <reviews>
   348077
  </reviews>
  <sporty>
   yes
  </sporty>
 </clothing>
 <clothing>
  <id>
   198997074
  </id>
  <name>
   Vans Skirt Z-6336
  </name>
  <category>
   Skirt
  </category>
  <size>
   L
  </size>
  <color>
   Фиолетовый
  </color>
  <material>
   Нейлон
  </material>
  <price>
   932700
  </price>
  <rating>
   4.01
  </rating>
  <reviews>
   15105
  </reviews>
  <new>
   -
  </new>
  <exclusive>
   no
  </exclusive>
  <sporty>
   no
  </sporty>
 </clothing>
 <clothing>
  <id>
   297133159
  </id>
  <name>
   PleinSport Umbrellas U-7797
  </name>
  <category>
   Umbrellas
  </category>
  <size>
   L
  </size>
  <color>
   Оранжевый
  </color>
  <material>
   Нейлон
  </material>
  <price>
   469230
  </price>
  <rating>
   4.81
  </rating>
  <reviews>
   432834
  </reviews>
  <new>
   +
  </new>
 </clothing>
 <clothing>
  <id>
   198469290
  </id>
  <name>
   Lacoste Sweater S-8713
  </name>
  <category>
   Sweater
  </category>
  <size>
   XXL
  </size>
  <color>
   Оранжевый
  </color>
  <material>
   Шелк
  </material>
  <price>
   275954
  </price>
  <rating>
   3.87
  </rating>
  <reviews>
   868711
  </reviews>
  <exclusive>
   yes
  </exclusive>
 </clothing>
 <clothing>
  <id>
   543003692
  </id>
  <name>
   Ellesse Jeans K-4608
  </name>
  <category>
   Jeans
  </category>
  <size>
   XXL
  </size>
  <color>
   Красный
  </color>
  <material>
   Хлопок
  </material>
  <price>
   158474
  </price>
  <rating>
   4.06
  </rating>
  <reviews>
   43323
  </reviews>
  <new>
   -
  </new>
  <exclusive>
   yes
  </exclusive>
  <sporty>
   yes
  </sporty>
 </clothing>
 <clothing>
  <id>
   940458234
  </id>
  <name>
   Fila Pants J-1921
  </name>
  <category>
   Pants
  </category>
  <size>
   XXL
  </size>
  <color>
   Зеленый
  </color>
  <material>
   Вискоза
  </material>
  <price>
   327714
  </price>
  <rating>
   1.7
  </rating>
  <reviews>
   674255
  </reviews>
  <new>
   +
  </new>
  <exclusive>
   yes
  </exclusive>
  <sporty>
   yes
  </sporty>
 </clothing>
 <clothing>
  <id>
   573464364
  </id>
  <name>
   Lacoste Socks S-5030
  </name>
  <category>
   Socks
  </category>
  <size>
   L
  </size>
  <color>
   Зеленый
  </color>
  <material>
   Вискоза
  </material>
  <price>
   375829
  </price>
  <rating>
   4.55
  </rating>
  <reviews>
   23027
  </reviews>
  <exclusive>
   no
  </exclusive>
  <sporty>
   yes
  </sporty>
 </clothing>
 <clothing>
  <id>
   576907943
  </id>
  <name>
   Ellesse Dress G-6118
  </name>
  <category>
   Dress
  </category>
  <size>
   M
  </size>
  <color>
   Фиолетовый
  </color>
  <material>
   Лен
  </material>
  <price>
   709164
  </price>
  <rating>
   2.97
  </rating>
  <reviews>
   38950
  </reviews>
  <exclusive>
   no
  </exclusive>
  <sporty>
   no
  </sporty>
 </clothing>
 <clothing>
  <id>
   783038105
  </id>
  <name>
   Adidas Sweater R-3759
  </name>
  <category>
   Sweater
  </category>
  <size>
   XL
  </size>
  <color>
   Голубой
  </color>
  <material>
   Кожа
  </material>
  <price>
   279885
  </price>
  <rating>
   3.58
  </rating>
  <reviews>
   385059
  </reviews>
  <new>
   +
  </new>
  <exclusive>
   no
  </exclusive>
 </clothing>
 <clothing>
  <id>
   841570200
  </id>
  <name>
   Under Armour Umbrellas E-7838
  </name>
  <category>
   Umbrellas
  </category>
  <size>
   L
  </size>
  <color>
   Желтый
  </color>
  <material>
   Полиэстер
  </material>
  <price>
   595494
  </price>
  <rating>
   4.77
  </rating>
  <reviews>
   451247
  </reviews>
  <exclusive>
   no
  </exclusive>
 </clothing>
 <clothing>
  <id>
   498339158
  </id>
  <name>
   Under Armour T-shirt X-1484
  </name>
  <category>
   T-shirt
  </category>
  <size>
   XL
  </size>
  <color>
   Голубой
  </color>
  <material>
   Вискоза
  </material>
  <price>
   986548
  </price>
  <rating>
   2.32
  </rating>
  <reviews>
   729185
  </reviews>
 </clothing>
 <clothing>
  <id>
   414619886
  </id>
  <name>
   PleinSport Socks V-6402
  </name>
  <category>
   Socks
  </category>
  <size>
   L
  </size>
  <color>
   Желтый
  </color>
  <material>
   Вискоза
  </material>
  <price>
   731369
  </price>
  <rating>
   4.77
  </rating>
  <reviews>
   279863
  </reviews>
  <new>
   -
  </new>
  <sporty>
   no
  </sporty>
 </clothing>
 <clothing>
  <id>
   962894331
  </id>
  <name>
   Puma Skirt I-5447
  </name>
  <category>
   Skirt
  </category>
  <size>
   XXL
  </size>
  <color>
   Фиолетовый
  </color>
  <material>
   Шелк
  </material>
  <price>
   954753
  </price>
  <rating>
   4.85
  </rating>
  <reviews>
   951480
  </reviews>
  <new>
   +
  </new>
  <exclusive>
   no
  </exclusive>
 </clothing>
 <clothing>
  <id>
   345906128
  </id>
  <name>
   Addidas Jeans M-3741
  </name>
  <category>
   Jeans
  </category>
  <size>
   XL
  </size>
  <color>
   Голубой
  </color>
  <material>
   Шелк
  </material>
  <price>
   706587
  </price>
  <rating>
   1.02
  </rating>
  <reviews>
   985633
  </reviews>
  <new>
   +
  </new>
  <exclusive>
   no
  </exclusive>
 </clothing>
 <clothing>
  <id>
   774838078
  </id>
  <name>
   Converse Umbrellas K-4593
  </name>
  <category>
   Umbrellas
  </category>
  <size>
   M
  </size>
  <color>
   Красный
  </color>
  <material>
   Хлопок
  </material>
  <price>
   656881
  </price>
  <rating>
   2.28
  </rating>
  <reviews>
   825147
  </reviews>
  <exclusive>
   no
  </exclusive>
  <sporty>
   yes
  </sporty>
 </clothing>
 <clothing>
  <id>
   471269649
  </id>
  <name>
   Ellesse Sweater Z-2865
  </name>
  <category>
   Sweater
  </category>
  <size>
   XL
  </size>
  <color>
   Фиолетовый
  </color>
  <material>
   Лен
  </material>
  <price>
   998812
  </price>
  <rating>
   3.44
  </rating>
  <reviews>
   659432
  </reviews>
  <new>
   +
  </new>
 </clothing>
 <clothing>
  <id>
   762437028
  </id>
  <name>
   Adidas Dress A-3056
  </name>
  <category>
   Dress
  </category>
  <size>
   M
  </size>
  <color>
   Оранжевый
  </color>
  <material>
   Нейлон
  </material>
  <price>
   187645
  </price>
  <rating>
   3.89
  </rating>
  <reviews>
   406274
  </reviews>
  <sporty>
   no
  </sporty>
 </clothing>
 <clothing>
  <id>
   297862464
  </id>
  <name>
   Converse Umbrellas K-7246
  </name>
  <category>
   Umbrellas
  </category>
  <size>
   S
  </size>
  <color>
   Фиолетовый
  </color>
  <material>
   Кожа
  </material>
  <price>
   344991
  </price>
  <rating>
   1.86
  </rating>
  <reviews>
   369957
  </reviews>
  <new>
   -
  </new>
  <sporty>
   no
  </sporty>
 </clothing>
 <clothing>
  <id>
   959425471
  </id>
  <name>
   New Balance Socks S-1012
  </name>
  <category>
   Socks
  </category>
  <size>
   L
  </size>
  <color>
   Красный
  </color>
  <material>
   Полиэстер
  </material>
  <price>
   905830
  </price>
  <rating>
   3.5
  </rating>
  <reviews>
   633486
  </reviews>
  <exclusive>
   yes
  </exclusive>
 </clothing>
 <clothing>
  <id>
   106973689
  </id>
  <name>
   Fila Dress U-2857
  </name>
  <category>
   Dress
  </category>
  <size>
   S
  </size>
  <color>
   Зеленый
  </color>
  <material>
   Кожа
  </material>
  <price>
   160097
  </price>
  <rating>
   4.32
  </rating>
  <reviews>
   669484
  </reviews>
  <exclusive>
   no
  </exclusive>
 </clothing>
 <clothing>
  <id>
   527847954
  </id>
  <name>
   DC Shirt V-7620
  </name>
  <category>
   Shirt
  </category>
  <size>
   M
  </size>
  <color>
   Фиолетовый
  </color>
  <material>
   Лен
  </material>
  <price>
   813936
  </price>
  <rating>
   2.45
  </rating>
  <reviews>
   281077
  </reviews>
  <new>
   -
  </new>
 </clothing>
 <clothing>
  <id>
   595747866
  </id>
  <name>
   Reebok Handbags M-5390
  </name>
  <category>
   Handbags
  </category>
  <size>
   XXL
  </size>
  <color>
   Красный
  </color>
  <material>
   Кожа
  </material>
  <price>
   741345
  </price>
  <rating>
   2.81
  </rating>
  <reviews>
   632390
  </reviews>
  <new>
   +
  </new>
  <exclusive>
   no
  </exclusive>
 </clothing>
 <clothing>
  <id>
   453777103
  </id>
  <name>
   Nike Jeans O-3859
  </name>
  <category>
   Jeans
  </category>
  <size>
   XXL
  </size>
  <color>
   Красный
  </color>
  <material>
   Шелк
  </material>
  <price>
   592291
  </price>
  <rating>
   4.22
  </rating>
  <reviews>
   690941
  </reviews>
  <new>
   -
  </new>
  <exclusive>
   no
  </exclusive>
 </clothing>
 <clothing>
  <id>
   807879524
  </id>
  <name>
   New Balance Gloves J-2444
  </name>
  <category>
   Gloves
  </category>
  <size>
   S
  </size>
  <color>
   Синий
  </color>
  <material>
   Вискоза
  </material>
  <price>
   470758
  </price>
  <rating>
   4.88
  </rating>
  <reviews>
   52549
  </reviews>
  <new>
   -
  </new>
  <exclusive>
   yes
  </exclusive>
  <sporty>
   no
  </sporty>
 </clothing>
 <clothing>
  <id>
   100565333
  </id>
  <name>
   Adidas Blouse I-9593
  </name>
  <category>
   Blouse
  </category>
  <size>
   M
  </size>
  <color>
   Фиолетовый
  </color>
  <material>
   Лен
  </material>
  <price>
   458032
  </price>
  <rating>
   2.69
  </rating>
  <reviews>
   952349
  </reviews>
  <new>
   +
  </new>
  <exclusive>
   yes
  </exclusive>
  <sporty>
   no
  </sporty>
 </clothing>
 <clothing>
  <id>
   907354509
  </id>
  <name>
   Brooks Gloves B-5848
  </name>
  <category>
   Gloves
  </category>
  <size>
   XL
  </size>
  <color>
   Красный
  </color>
  <material>
   Вискоза
  </material>
  <price>
   868636
  </price>
  <rating>
   1.82
  </rating>
  <reviews>
   481111
  </reviews>
  <new>
   +
  </new>
 </clothing>
</clothing-items>
