<?xml version="1.0" encoding="utf-8"?>
<clothing-items>
 <clothing>
  <id>
   755997286
  </id>
  <name>
   Converse Pants S-9396
  </name>
  <category>
   Pants
  </category>
  <size>
   M
  </size>
  <color>
   Красный
  </color>
  <material>
   Шерсть
  </material>
  <price>
   958166
  </price>
  <rating>
   2.37
  </rating>
  <reviews>
   300057
  </reviews>
  <new>
   -
  </new>
 </clothing>
 <clothing>
  <id>
   334263638
  </id>
  <name>
   Ellesse Skirt O-9107
  </name>
  <category>
   Skirt
  </category>
  <size>
   S
  </size>
  <color>
   Синий
  </color>
  <material>
   Полиэстер
  </material>
  <price>
   957878
  </price>
  <rating>
   2.31
  </rating>
  <reviews>
   245861
  </reviews>
  <exclusive>
   no
  </exclusive>
  <sporty>
   no
  </sporty>
 </clothing>
 <clothing>
  <id>
   353745273
  </id>
  <name>
   Fila Shirt T-4836
  </name>
  <category>
   Shirt
  </category>
  <size>
   XL
  </size>
  <color>
   Голубой
  </color>
  <material>
   Лен
  </material>
  <price>
   838595
  </price>
  <rating>
   1.94
  </rating>
  <reviews>
   259036
  </reviews>
  <exclusive>
   no
  </exclusive>
  <sporty>
   no
  </sporty>
 </clothing>
 <clothing>
  <id>
   710423674
  </id>
  <name>
   Vans Handbags N-8963
  </name>
  <category>
   Handbags
  </category>
  <size>
   S
  </size>
  <color>
   Фиолетовый
  </color>
  <material>
   Шерсть
  </material>
  <price>
   383022
  </price>
  <rating>
   2.44
  </rating>
  <reviews>
   133401
  </reviews>
  <new>
   -
  </new>
  <exclusive>
   yes
  </exclusive>
  <sporty>
   no
  </sporty>
 </clothing>
 <clothing>
  <id>
   860256428
  </id>
  <name>
   Fila Handbags W-9308
  </name>
  <category>
   Handbags
  </category>
  <size>
   M
  </size>
  <color>
   Оранжевый
  </color>
  <material>
   Шерсть
  </material>
  <price>
   949268
  </price>
  <rating>
   1.97
  </rating>
  <reviews>
   690695
  </reviews>
  <new>
   -
  </new>
 </clothing>
 <clothing>
  <id>
   374088239
  </id>
  <name>
   Ellesse Dress P-5683
  </name>
  <category>
   Dress
  </category>
  <size>
   M
  </size>
  <color>
   Красный
  </color>
  <material>
   Шелк
  </material>
  <price>
   734350
  </price>
  <rating>
   2.74
  </rating>
  <reviews>
   909139
  </reviews>
  <new>
   -
  </new>
  <sporty>
   yes
  </sporty>
 </clothing>
 <clothing>
  <id>
   361538324
  </id>
  <name>
   Ellesse Umbrellas S-9546
  </name>
  <category>
   Umbrellas
  </category>
  <size>
   S
  </size>
  <color>
   Зеленый
  </color>
  <material>
   Шелк
  </material>
  <price>
   181973
  </price>
  <rating>
   2.29
  </rating>
  <reviews>
   289648
  </reviews>
  <new>
   -
  </new>
  <exclusive>
   no
  </exclusive>
 </clothing>
 <clothing>
  <id>
   766849159
  </id>
  <name>
   Asics Jeans O-9473
  </name>
  <category>
   Jeans
  </category>
  <size>
   S
  </size>
  <color>
   Красный
  </color>
  <material>
   Полиэстер
  </material>
  <price>
   663295
  </price>
  <rating>
   1.74
  </rating>
  <reviews>
   813374
  </reviews>
  <exclusive>
   yes
  </exclusive>
  <sporty>
   no
  </sporty>
 </clothing>
 <clothing>
  <id>
   872684482
  </id>
  <name>
   Addidas Socks B-2144
  </name>
  <category>
   Socks
  </category>
  <size>
   XL
  </size>
  <color>
   Зеленый
  </color>
  <material>
   Шелк
  </material>
  <price>
   267639
  </price>
  <rating>
   2.6
  </rating>
  <reviews>
   540462
  </reviews>
  <exclusive>
   no
  </exclusive>
  <sporty>
   no
  </sporty>
 </clothing>
 <clothing>
  <id>
   610265717
  </id>
  <name>
   Fila Skirt O-4463
  </name>
  <category>
   Skirt
  </category>
  <size>
   L
  </size>
  <color>
   Оранжевый
  </color>
  <material>
   Лен
  </material>
  <price>
   564248
  </price>
  <rating>
   3.87
  </rating>
  <reviews>
   821207
  </reviews>
 </clothing>
 <clothing>
  <id>
   977734740
  </id>
  <name>
   Lacoste Umbrellas Q-7815
  </name>
  <category>
   Umbrellas
  </category>
  <size>
   M
  </size>
  <color>
   Голубой
  </color>
  <material>
   Лен
  </material>
  <price>
   286425
  </price>
  <rating>
   1.19
  </rating>
  <reviews>
   661374
  </reviews>
  <exclusive>
   yes
  </exclusive>
  <sporty>
   no
  </sporty>
 </clothing>
 <clothing>
  <id>
   748144994
  </id>
  <name>
   Reebok Jacket O-5733
  </name>
  <category>
   Jacket
  </category>
  <size>
   XXL
  </size>
  <color>
   Желтый
  </color>
  <material>
   Полиэстер
  </material>
  <price>
   944133
  </price>
  <rating>
   4.74
  </rating>
  <reviews>
   611473
  </reviews>
  <new>
   +
  </new>
  <sporty>
   no
  </sporty>
 </clothing>
 <clothing>
  <id>
   830453103
  </id>
  <name>
   PleinSport Shirt Z-2616
  </name>
  <category>
   Shirt
  </category>
  <size>
   XXL
  </size>
  <color>
   Синий
  </color>
  <material>
   Шелк
  </material>
  <price>
   621822
  </price>
  <rating>
   4.62
  </rating>
  <reviews>
   918699
  </reviews>
  <new>
   -
  </new>
 </clothing>
 <clothing>
  <id>
   147798818
  </id>
  <name>
   PleinSport Umbrellas O-1299
  </name>
  <category>
   Umbrellas
  </category>
  <size>
   L
  </size>
  <color>
   Зеленый
  </color>
  <material>
   Хлопок
  </material>
  <price>
   385556
  </price>
  <rating>
   3.6
  </rating>
  <reviews>
   742378
  </reviews>
  <new>
   +
  </new>
  <exclusive>
   no
  </exclusive>
 </clothing>
 <clothing>
  <id>
   155248476
  </id>
  <name>
   Addidas Sweater O-8671
  </name>
  <category>
   Sweater
  </category>
  <size>
   XL
  </size>
  <color>
   Голубой
  </color>
  <material>
   Нейлон
  </material>
  <price>
   401252
  </price>
  <rating>
   1.41
  </rating>
  <reviews>
   327150
  </reviews>
  <new>
   +
  </new>
  <exclusive>
   yes
  </exclusive>
  <sporty>
   yes
  </sporty>
 </clothing>
 <clothing>
  <id>
   455795202
  </id>
  <name>
   Fila Gloves V-6701
  </name>
  <category>
   Gloves
  </category>
  <size>
   L
  </size>
  <color>
   Красный
  </color>
  <material>
   Шерсть
  </material>
  <price>
   992829
  </price>
  <rating>
   4.49
  </rating>
  <reviews>
   896839
  </reviews>
  <exclusive>
   no
  </exclusive>
  <sporty>
   yes
  </sporty>
 </clothing>
 <clothing>
  <id>
   424263755
  </id>
  <name>
   Puma T-shirt R-7386
  </name>
  <category>
   T-shirt
  </category>
  <size>
   XL
  </size>
  <color>
   Оранжевый
  </color>
  <material>
   Полиэстер
  </material>
  <price>
   554983
  </price>
  <rating>
   1.73
  </rating>
  <reviews>
   366924
  </reviews>
  <new>
   +
  </new>
  <exclusive>
   no
  </exclusive>
  <sporty>
   no
  </sporty>
 </clothing>
 <clothing>
  <id>
   632692881
  </id>
  <name>
   Fila Jacket X-9960
  </name>
  <category>
   Jacket
  </category>
  <size>
   L
  </size>
  <color>
   Зеленый
  </color>
  <material>
   Шелк
  </material>
  <price>
   379418
  </price>
  <rating>
   2.48
  </rating>
  <reviews>
   676927
  </reviews>
  <new>
   -
  </new>
  <exclusive>
   no
  </exclusive>
  <sporty>
   no
  </sporty>
 </clothing>
 <clothing>
  <id>
   856148159
  </id>
  <name>
   Addidas Blouse X-9060
  </name>
  <category>
   Blouse
  </category>
  <size>
   L
  </size>
  <color>
   Синий
  </color>
  <material>
   Полиэстер
  </material>
  <price>
   147517
  </price>
  <rating>
   4.14
  </rating>
  <reviews>
   136913
  </reviews>
  <new>
   +
  </new>
 </clothing>
 <clothing>
  <id>
   958360658
  </id>
  <name>
   Converse Blouse C-7987
  </name>
  <category>
   Blouse
  </category>
  <size>
   XL
  </size>
  <color>
   Зеленый
  </color>
  <material>
   Шерсть
  </material>
  <price>
   727591
  </price>
  <rating>
   3.54
  </rating>
  <reviews>
   764372
  </reviews>
  <new>
   +
  </new>
  <sporty>
   yes
  </sporty>
 </clothing>
</clothing-items>
