<?xml version="1.0" encoding="utf-8"?>
<clothing-items>
 <clothing>
  <id>
   805506083
  </id>
  <name>
   Nike Blouse V-4942
  </name>
  <category>
   Blouse
  </category>
  <size>
   S
  </size>
  <color>
   Голубой
  </color>
  <material>
   Полиэстер
  </material>
  <price>
   169758
  </price>
  <rating>
   1.68
  </rating>
  <reviews>
   47032
  </reviews>
  <sporty>
   no
  </sporty>
 </clothing>
 <clothing>
  <id>
   805390008
  </id>
  <name>
   Fila Sweater N-7378
  </name>
  <category>
   Sweater
  </category>
  <size>
   L
  </size>
  <color>
   Желтый
  </color>
  <material>
   Нейлон
  </material>
  <price>
   122293
  </price>
  <rating>
   1.86
  </rating>
  <reviews>
   560405
  </reviews>
  <new>
   -
  </new>
  <sporty>
   no
  </sporty>
 </clothing>
 <clothing>
  <id>
   946878161
  </id>
  <name>
   Addidas Gloves A-9329
  </name>
  <category>
   Gloves
  </category>
  <size>
   M
  </size>
  <color>
   Красный
  </color>
  <material>
   Вискоза
  </material>
  <price>
   968296
  </price>
  <rating>
   4.82
  </rating>
  <reviews>
   909352
  </reviews>
  <new>
   +
  </new>
  <exclusive>
   no
  </exclusive>
  <sporty>
   yes
  </sporty>
 </clothing>
 <clothing>
  <id>
   633015233
  </id>
  <name>
   Nike Hat N-1967
  </name>
  <category>
   Hat
  </category>
  <size>
   XXL
  </size>
  <color>
   Желтый
  </color>
  <material>
   Лен
  </material>
  <price>
   623248
  </price>
  <rating>
   1.82
  </rating>
  <reviews>
   268923
  </reviews>
 </clothing>
 <clothing>
  <id>
   502122563
  </id>
  <name>
   Adidas Socks B-3894
  </name>
  <category>
   Socks
  </category>
  <size>
   XL
  </size>
  <color>
   Красный
  </color>
  <material>
   Нейлон
  </material>
  <price>
   252498
  </price>
  <rating>
   4.75
  </rating>
  <reviews>
   242450
  </reviews>
  <new>
   +
  </new>
  <sporty>
   no
  </sporty>
 </clothing>
 <clothing>
  <id>
   815427732
  </id>
  <name>
   Fila Jacket S-2203
  </name>
  <category>
   Jacket
  </category>
  <size>
   S
  </size>
  <color>
   Голубой
  </color>
  <material>
   Нейлон
  </material>
  <price>
   246031
  </price>
  <rating>
   3.72
  </rating>
  <reviews>
   705287
  </reviews>
  <new>
   -
  </new>
  <exclusive>
   yes
  </exclusive>
  <sporty>
   no
  </sporty>
 </clothing>
 <clothing>
  <id>
   711606337
  </id>
  <name>
   Ellesse Jacket T-3445
  </name>
  <category>
   Jacket
  </category>
  <size>
   XL
  </size>
  <color>
   Оранжевый
  </color>
  <material>
   Вискоза
  </material>
  <price>
   198309
  </price>
  <rating>
   4.68
  </rating>
  <reviews>
   826280
  </reviews>
  <new>
   -
  </new>
 </clothing>
 <clothing>
  <id>
   892148150
  </id>
  <name>
   PleinSport Shirt C-6186
  </name>
  <category>
   Shirt
  </category>
  <size>
   M
  </size>
  <color>
   Синий
  </color>
  <material>
   Полиэстер
  </material>
  <price>
   602878
  </price>
  <rating>
   1.62
  </rating>
  <reviews>
   302269
  </reviews>
  <sporty>
   no
  </sporty>
 </clothing>
 <clothing>
  <id>
   294926060
  </id>
  <name>
   Lacoste Hat D-8579
  </name>
  <category>
   Hat
  </category>
  <size>
   XXL
  </size>
  <color>
   Синий
  </color>
  <material>
   Полиэстер
  </material>
  <price>
   703986
  </price>
  <rating>
   2.44
  </rating>
  <reviews>
   718136
  </reviews>
  <new>
   -
  </new>
  <exclusive>
   no
  </exclusive>
  <sporty>
   no
  </sporty>
 </clothing>
 <clothing>
  <id>
   446010774
  </id>
  <name>
   Under Armour Hat Y-6669
  </name>
  <category>
   Hat
  </category>
  <size>
   XL
  </size>
  <color>
   Оранжевый
  </color>
  <material>
   Хлопок
  </material>
  <price>
   945826
  </price>
  <rating>
   1.83
  </rating>
  <reviews>
   370243
  </reviews>
  <new>
   -
  </new>
  <exclusive>
   yes
  </exclusive>
  <sporty>
   no
  </sporty>
 </clothing>
 <clothing>
  <id>
   236335816
  </id>
  <name>
   Reebok Socks X-9763
  </name>
  <category>
   Socks
  </category>
  <size>
   L
  </size>
  <color>
   Фиолетовый
  </color>
  <material>
   Нейлон
  </material>
  <price>
   329630
  </price>
  <rating>
   2.47
  </rating>
  <reviews>
   68548
  </reviews>
  <new>
   -
  </new>
  <sporty>
   no
  </sporty>
 </clothing>
 <clothing>
  <id>
   982384643
  </id>
  <name>
   Reebok Shirt W-6975
  </name>
  <category>
   Shirt
  </category>
  <size>
   XL
  </size>
  <color>
   Голубой
  </color>
  <material>
   Кожа
  </material>
  <price>
   248691
  </price>
  <rating>
   2.2
  </rating>
  <reviews>
   242782
  </reviews>
  <new>
   -
  </new>
  <sporty>
   yes
  </sporty>
 </clothing>
 <clothing>
  <id>
   971590451
  </id>
  <name>
   New Balance Socks S-4626
  </name>
  <category>
   Socks
  </category>
  <size>
   M
  </size>
  <color>
   Голубой
  </color>
  <material>
   Хлопок
  </material>
  <price>
   782608
  </price>
  <rating>
   2.43
  </rating>
  <reviews>
   48536
  </reviews>
  <new>
   -
  </new>
 </clothing>
 <clothing>
  <id>
   607670891
  </id>
  <name>
   Vans Sweater Q-7698
  </name>
  <category>
   Sweater
  </category>
  <size>
   S
  </size>
  <color>
   Зеленый
  </color>
  <material>
   Вискоза
  </material>
  <price>
   908372
  </price>
  <rating>
   4.16
  </rating>
  <reviews>
   181733
  </reviews>
  <new>
   +
  </new>
  <exclusive>
   no
  </exclusive>
  <sporty>
   yes
  </sporty>
 </clothing>
 <clothing>
  <id>
   993334201
  </id>
  <name>
   Reebok Jeans X-9525
  </name>
  <category>
   Jeans
  </category>
  <size>
   XXL
  </size>
  <color>
   Зеленый
  </color>
  <material>
   Полиэстер
  </material>
  <price>
   962784
  </price>
  <rating>
   4.49
  </rating>
  <reviews>
   288926
  </reviews>
 </clothing>
 <clothing>
  <id>
   652341018
  </id>
  <name>
   Vans Handbags K-3705
  </name>
  <category>
   Handbags
  </category>
  <size>
   XXL
  </size>
  <color>
   Оранжевый
  </color>
  <material>
   Шелк
  </material>
  <price>
   581256
  </price>
  <rating>
   2.45
  </rating>
  <reviews>
   164196
  </reviews>
  <new>
   +
  </new>
  <exclusive>
   no
  </exclusive>
 </clothing>
 <clothing>
  <id>
   988909729
  </id>
  <name>
   PleinSport Hat E-5926
  </name>
  <category>
   Hat
  </category>
  <size>
   XL
  </size>
  <color>
   Зеленый
  </color>
  <material>
   Кожа
  </material>
  <price>
   375091
  </price>
  <rating>
   4.51
  </rating>
  <reviews>
   383797
  </reviews>
  <exclusive>
   no
  </exclusive>
  <sporty>
   yes
  </sporty>
 </clothing>
 <clothing>
  <id>
   986198874
  </id>
  <name>
   Asics Umbrellas H-6054
  </name>
  <category>
   Umbrellas
  </category>
  <size>
   M
  </size>
  <color>
   Оранжевый
  </color>
  <material>
   Вискоза
  </material>
  <price>
   266009
  </price>
  <rating>
   4.13
  </rating>
  <reviews>
   595905
  </reviews>
  <new>
   +
  </new>
 </clothing>
 <clothing>
  <id>
   954681040
  </id>
  <name>
   Lacoste Handbags F-6630
  </name>
  <category>
   Handbags
  </category>
  <size>
   S
  </size>
  <color>
   Синий
  </color>
  <material>
   Лен
  </material>
  <price>
   290990
  </price>
  <rating>
   2.53
  </rating>
  <reviews>
   987407
  </reviews>
  <new>
   -
  </new>
 </clothing>
 <clothing>
  <id>
   112463968
  </id>
  <name>
   Puma Hat Z-9912
  </name>
  <category>
   Hat
  </category>
  <size>
   L
  </size>
  <color>
   Фиолетовый
  </color>
  <material>
   Полиэстер
  </material>
  <price>
   272991
  </price>
  <rating>
   1.56
  </rating>
  <reviews>
   242227
  </reviews>
  <new>
   -
  </new>
  <sporty>
   no
  </sporty>
 </clothing>
 <clothing>
  <id>
   303834543
  </id>
  <name>
   Vans Hat C-1556
  </name>
  <category>
   Hat
  </category>
  <size>
   L
  </size>
  <color>
   Желтый
  </color>
  <material>
   Лен
  </material>
  <price>
   651823
  </price>
  <rating>
   1.42
  </rating>
  <reviews>
   400761
  </reviews>
  <exclusive>
   no
  </exclusive>
 </clothing>
 <clothing>
  <id>
   815236415
  </id>
  <name>
   Lacoste Shoes X-8338
  </name>
  <category>
   Shoes
  </category>
  <size>
   L
  </size>
  <color>
   Оранжевый
  </color>
  <material>
   Шелк
  </material>
  <price>
   978437
  </price>
  <rating>
   2.83
  </rating>
  <reviews>
   906171
  </reviews>
  <exclusive>
   no
  </exclusive>
  <sporty>
   no
  </sporty>
 </clothing>
 <clothing>
  <id>
   351903546
  </id>
  <name>
   Fila Jacket K-2233
  </name>
  <category>
   Jacket
  </category>
  <size>
   M
  </size>
  <color>
   Желтый
  </color>
  <material>
   Лен
  </material>
  <price>
   695396
  </price>
  <rating>
   3.59
  </rating>
  <reviews>
   29698
  </reviews>
  <new>
   +
  </new>
  <exclusive>
   no
  </exclusive>
 </clothing>
 <clothing>
  <id>
   406394019
  </id>
  <name>
   Fila T-shirt L-7240
  </name>
  <category>
   T-shirt
  </category>
  <size>
   S
  </size>
  <color>
   Желтый
  </color>
  <material>
   Полиэстер
  </material>
  <price>
   865963
  </price>
  <rating>
   3.3
  </rating>
  <reviews>
   962548
  </reviews>
  <new>
   +
  </new>
 </clothing>
 <clothing>
  <id>
   992337643
  </id>
  <name>
   Converse Shoes I-4487
  </name>
  <category>
   Shoes
  </category>
  <size>
   XXL
  </size>
  <color>
   Оранжевый
  </color>
  <material>
   Шерсть
  </material>
  <price>
   792584
  </price>
  <rating>
   2.01
  </rating>
  <reviews>
   190167
  </reviews>
  <new>
   -
  </new>
  <exclusive>
   no
  </exclusive>
  <sporty>
   no
  </sporty>
 </clothing>
 <clothing>
  <id>
   233715823
  </id>
  <name>
   Fila Handbags X-9642
  </name>
  <category>
   Handbags
  </category>
  <size>
   L
  </size>
  <color>
   Синий
  </color>
  <material>
   Вискоза
  </material>
  <price>
   356455
  </price>
  <rating>
   3.97
  </rating>
  <reviews>
   416873
  </reviews>
  <new>
   +
  </new>
  <exclusive>
   no
  </exclusive>
  <sporty>
   no
  </sporty>
 </clothing>
 <clothing>
  <id>
   630097972
  </id>
  <name>
   Nike Gloves H-6248
  </name>
  <category>
   Gloves
  </category>
  <size>
   XL
  </size>
  <color>
   Желтый
  </color>
  <material>
   Кожа
  </material>
  <price>
   573982
  </price>
  <rating>
   4.44
  </rating>
  <reviews>
   374620
  </reviews>
  <sporty>
   no
  </sporty>
 </clothing>
 <clothing>
  <id>
   656801325
  </id>
  <name>
   DC Umbrellas W-3033
  </name>
  <category>
   Umbrellas
  </category>
  <size>
   XXL
  </size>
  <color>
   Голубой
  </color>
  <material>
   Шерсть
  </material>
  <price>
   781228
  </price>
  <rating>
   2.62
  </rating>
  <reviews>
   944825
  </reviews>
 </clothing>
 <clothing>
  <id>
   283760047
  </id>
  <name>
   Brooks Socks F-1431
  </name>
  <category>
   Socks
  </category>
  <size>
   L
  </size>
  <color>
   Оранжевый
  </color>
  <material>
   Кожа
  </material>
  <price>
   141101
  </price>
  <rating>
   3.28
  </rating>
  <reviews>
   904756
  </reviews>
  <new>
   +
  </new>
  <exclusive>
   no
  </exclusive>
 </clothing>
 <clothing>
  <id>
   643378317
  </id>
  <name>
   DC Belts K-9511
  </name>
  <category>
   Belts
  </category>
  <size>
   XXL
  </size>
  <color>
   Голубой
  </color>
  <material>
   Шерсть
  </material>
  <price>
   770076
  </price>
  <rating>
   2.32
  </rating>
  <reviews>
   318442
  </reviews>
  <new>
   -
  </new>
  <exclusive>
   no
  </exclusive>
  <sporty>
   yes
  </sporty>
 </clothing>
 <clothing>
  <id>
   665011617
  </id>
  <name>
   Brooks Blouse J-3723
  </name>
  <category>
   Blouse
  </category>
  <size>
   XXL
  </size>
  <color>
   Желтый
  </color>
  <material>
   Шерсть
  </material>
  <price>
   100929
  </price>
  <rating>
   4.28
  </rating>
  <reviews>
   156383
  </reviews>
  <new>
   -
  </new>
  <sporty>
   no
  </sporty>
 </clothing>
 <clothing>
  <id>
   462568860
  </id>
  <name>
   New Balance Dress L-9285
  </name>
  <category>
   Dress
  </category>
  <size>
   S
  </size>
  <color>
   Голубой
  </color>
  <material>
   Шерсть
  </material>
  <price>
   852036
  </price>
  <rating>
   4.0
  </rating>
  <reviews>
   933148
  </reviews>
  <new>
   -
  </new>
 </clothing>
 <clothing>
  <id>
   552627115
  </id>
  <name>
   Reebok Shoes T-5233
  </name>
  <category>
   Shoes
  </category>
  <size>
   XL
  </size>
  <color>
   Синий
  </color>
  <material>
   Шелк
  </material>
  <price>
   946368
  </price>
  <rating>
   2.14
  </rating>
  <reviews>
   281415
  </reviews>
 </clothing>
 <clothing>
  <id>
   561624502
  </id>
  <name>
   Asics Blouse N-7288
  </name>
  <category>
   Blouse
  </category>
  <size>
   L
  </size>
  <color>
   Желтый
  </color>
  <material>
   Кожа
  </material>
  <price>
   180161
  </price>
  <rating>
   4.04
  </rating>
  <reviews>
   998107
  </reviews>
  <sporty>
   no
  </sporty>
 </clothing>
</clothing-items>
