<?xml version="1.0" encoding="utf-8"?>
<clothing-items>
 <clothing>
  <id>
   443627306
  </id>
  <name>
   Lacoste Socks L-1097
  </name>
  <category>
   Socks
  </category>
  <size>
   M
  </size>
  <color>
   Голубой
  </color>
  <material>
   Хлопок
  </material>
  <price>
   349278
  </price>
  <rating>
   4.91
  </rating>
  <reviews>
   444409
  </reviews>
  <new>
   -
  </new>
  <sporty>
   no
  </sporty>
 </clothing>
 <clothing>
  <id>
   577626947
  </id>
  <name>
   Under Armour Sweater P-3904
  </name>
  <category>
   Sweater
  </category>
  <size>
   XXL
  </size>
  <color>
   Зеленый
  </color>
  <material>
   Шелк
  </material>
  <price>
   408570
  </price>
  <rating>
   1.44
  </rating>
  <reviews>
   851783
  </reviews>
  <new>
   +
  </new>
  <exclusive>
   no
  </exclusive>
  <sporty>
   yes
  </sporty>
 </clothing>
 <clothing>
  <id>
   188407689
  </id>
  <name>
   Converse Shoes D-9410
  </name>
  <category>
   Shoes
  </category>
  <size>
   S
  </size>
  <color>
   Фиолетовый
  </color>
  <material>
   Кожа
  </material>
  <price>
   593369
  </price>
  <rating>
   1.02
  </rating>
  <reviews>
   935377
  </reviews>
  <sporty>
   no
  </sporty>
 </clothing>
 <clothing>
  <id>
   264723362
  </id>
  <name>
   Lacoste T-shirt E-9012
  </name>
  <category>
   T-shirt
  </category>
  <size>
   XXL
  </size>
  <color>
   Голубой
  </color>
  <material>
   Шелк
  </material>
  <price>
   991447
  </price>
  <rating>
   1.41
  </rating>
  <reviews>
   229725
  </reviews>
  <new>
   -
  </new>
  <sporty>
   yes
  </sporty>
 </clothing>
 <clothing>
  <id>
   149086858
  </id>
  <name>
   PleinSport Dress E-9118
  </name>
  <category>
   Dress
  </category>
  <size>
   M
  </size>
  <color>
   Желтый
  </color>
  <material>
   Шелк
  </material>
  <price>
   407926
  </price>
  <rating>
   1.65
  </rating>
  <reviews>
   903229
  </reviews>
  <new>
   +
  </new>
 </clothing>
 <clothing>
  <id>
   864029903
  </id>
  <name>
   Vans Shirt M-9229
  </name>
  <category>
   Shirt
  </category>
  <size>
   M
  </size>
  <color>
   Фиолетовый
  </color>
  <material>
   Нейлон
  </material>
  <price>
   811180
  </price>
  <rating>
   1.02
  </rating>
  <reviews>
   585134
  </reviews>
  <sporty>
   no
  </sporty>
 </clothing>
 <clothing>
  <id>
   718905043
  </id>
  <name>
   Under Armour Sweater L-9486
  </name>
  <category>
   Sweater
  </category>
  <size>
   M
  </size>
  <color>
   Зеленый
  </color>
  <material>
   Полиэстер
  </material>
  <price>
   383910
  </price>
  <rating>
   3.79
  </rating>
  <reviews>
   925081
  </reviews>
  <new>
   +
  </new>
  <exclusive>
   yes
  </exclusive>
  <sporty>
   yes
  </sporty>
 </clothing>
 <clothing>
  <id>
   158226345
  </id>
  <name>
   Lacoste Dress I-3006
  </name>
  <category>
   Dress
  </category>
  <size>
   XL
  </size>
  <color>
   Желтый
  </color>
  <material>
   Шелк
  </material>
  <price>
   253163
  </price>
  <rating>
   2.53
  </rating>
  <reviews>
   203920
  </reviews>
  <new>
   +
  </new>
  <exclusive>
   no
  </exclusive>
  <sporty>
   no
  </sporty>
 </clothing>
 <clothing>
  <id>
   126740336
  </id>
  <name>
   Reebok Umbrellas N-3506
  </name>
  <category>
   Umbrellas
  </category>
  <size>
   XL
  </size>
  <color>
   Синий
  </color>
  <material>
   Хлопок
  </material>
  <price>
   758009
  </price>
  <rating>
   1.11
  </rating>
  <reviews>
   632068
  </reviews>
  <new>
   +
  </new>
  <exclusive>
   no
  </exclusive>
  <sporty>
   yes
  </sporty>
 </clothing>
 <clothing>
  <id>
   374076505
  </id>
  <name>
   Brooks Pants T-6472
  </name>
  <category>
   Pants
  </category>
  <size>
   XXL
  </size>
  <color>
   Зеленый
  </color>
  <material>
   Шерсть
  </material>
  <price>
   141442
  </price>
  <rating>
   2.5
  </rating>
  <reviews>
   821162
  </reviews>
  <exclusive>
   no
  </exclusive>
  <sporty>
   no
  </sporty>
 </clothing>
 <clothing>
  <id>
   844069918
  </id>
  <name>
   DC Dress B-5917
  </name>
  <category>
   Dress
  </category>
  <size>
   S
  </size>
  <color>
   Голубой
  </color>
  <material>
   Шелк
  </material>
  <price>
   900846
  </price>
  <rating>
   1.91
  </rating>
  <reviews>
   100518
  </reviews>
  <new>
   -
  </new>
  <sporty>
   no
  </sporty>
 </clothing>
 <clothing>
  <id>
   485320297
  </id>
  <name>
   Fila Dress F-7170
  </name>
  <category>
   Dress
  </category>
  <size>
   S
  </size>
  <color>
   Синий
  </color>
  <material>
   Кожа
  </material>
  <price>
   372406
  </price>
  <rating>
   4.47
  </rating>
  <reviews>
   548703
  </reviews>
  <sporty>
   no
  </sporty>
 </clothing>
 <clothing>
  <id>
   588420294
  </id>
  <name>
   Reebok Jeans C-7662
  </name>
  <category>
   Jeans
  </category>
  <size>
   M
  </size>
  <color>
   Синий
  </color>
  <material>
   Лен
  </material>
  <price>
   257343
  </price>
  <rating>
   2.17
  </rating>
  <reviews>
   367134
  </reviews>
  <exclusive>
   no
  </exclusive>
  <sporty>
   yes
  </sporty>
 </clothing>
 <clothing>
  <id>
   712854348
  </id>
  <name>
   PleinSport Sweater N-9694
  </name>
  <category>
   Sweater
  </category>
  <size>
   S
  </size>
  <color>
   Фиолетовый
  </color>
  <material>
   Полиэстер
  </material>
  <price>
   678938
  </price>
  <rating>
   1.26
  </rating>
  <reviews>
   965446
  </reviews>
  <exclusive>
   no
  </exclusive>
  <sporty>
   yes
  </sporty>
 </clothing>
</clothing-items>
