<?xml version="1.0" encoding="utf-8"?>
<clothing-items>
 <clothing>
  <id>
   707718541
  </id>
  <name>
   Addidas Blouse K-3006
  </name>
  <category>
   Blouse
  </category>
  <size>
   M
  </size>
  <color>
   Зеленый
  </color>
  <material>
   Шелк
  </material>
  <price>
   461065
  </price>
  <rating>
   1.97
  </rating>
  <reviews>
   16418
  </reviews>
  <sporty>
   yes
  </sporty>
 </clothing>
 <clothing>
  <id>
   346654298
  </id>
  <name>
   Nike Jacket B-2527
  </name>
  <category>
   Jacket
  </category>
  <size>
   L
  </size>
  <color>
   Голубой
  </color>
  <material>
   Полиэстер
  </material>
  <price>
   492105
  </price>
  <rating>
   1.98
  </rating>
  <reviews>
   881463
  </reviews>
  <new>
   -
  </new>
  <exclusive>
   yes
  </exclusive>
 </clothing>
 <clothing>
  <id>
   863243493
  </id>
  <name>
   Nike Socks U-3061
  </name>
  <category>
   Socks
  </category>
  <size>
   XXL
  </size>
  <color>
   Фиолетовый
  </color>
  <material>
   Шелк
  </material>
  <price>
   918734
  </price>
  <rating>
   3.77
  </rating>
  <reviews>
   970604
  </reviews>
  <exclusive>
   yes
  </exclusive>
 </clothing>
 <clothing>
  <id>
   185002462
  </id>
  <name>
   Brooks T-shirt O-7793
  </name>
  <category>
   T-shirt
  </category>
  <size>
   XXL
  </size>
  <color>
   Зеленый
  </color>
  <material>
   Лен
  </material>
  <price>
   952624
  </price>
  <rating>
   1.62
  </rating>
  <reviews>
   798259
  </reviews>
  <exclusive>
   yes
  </exclusive>
  <sporty>
   no
  </sporty>
 </clothing>
 <clothing>
  <id>
   580823764
  </id>
  <name>
   DC Shirt Z-2987
  </name>
  <category>
   Shirt
  </category>
  <size>
   S
  </size>
  <color>
   Синий
  </color>
  <material>
   Нейлон
  </material>
  <price>
   458571
  </price>
  <rating>
   4.12
  </rating>
  <reviews>
   977821
  </reviews>
  <new>
   +
  </new>
  <exclusive>
   no
  </exclusive>
  <sporty>
   yes
  </sporty>
 </clothing>
 <clothing>
  <id>
   335698630
  </id>
  <name>
   Adidas Jeans V-2247
  </name>
  <category>
   Jeans
  </category>
  <size>
   XL
  </size>
  <color>
   Красный
  </color>
  <material>
   Полиэстер
  </material>
  <price>
   544630
  </price>
  <rating>
   1.87
  </rating>
  <reviews>
   408104
  </reviews>
  <new>
   +
  </new>
  <exclusive>
   no
  </exclusive>
  <sporty>
   yes
  </sporty>
 </clothing>
 <clothing>
  <id>
   122538251
  </id>
  <name>
   Nike Sweater O-9207
  </name>
  <category>
   Sweater
  </category>
  <size>
   M
  </size>
  <color>
   Красный
  </color>
  <material>
   Хлопок
  </material>
  <price>
   501033
  </price>
  <rating>
   2.65
  </rating>
  <reviews>
   725335
  </reviews>
  <exclusive>
   no
  </exclusive>
 </clothing>
 <clothing>
  <id>
   498588468
  </id>
  <name>
   Lacoste Jacket M-6440
  </name>
  <category>
   Jacket
  </category>
  <size>
   XXL
  </size>
  <color>
   Желтый
  </color>
  <material>
   Полиэстер
  </material>
  <price>
   287604
  </price>
  <rating>
   2.78
  </rating>
  <reviews>
   585772
  </reviews>
  <new>
   +
  </new>
  <exclusive>
   yes
  </exclusive>
  <sporty>
   yes
  </sporty>
 </clothing>
 <clothing>
  <id>
   910964315
  </id>
  <name>
   PleinSport Skirt E-2897
  </name>
  <category>
   Skirt
  </category>
  <size>
   L
  </size>
  <color>
   Оранжевый
  </color>
  <material>
   Лен
  </material>
  <price>
   508114
  </price>
  <rating>
   2.59
  </rating>
  <reviews>
   610243
  </reviews>
  <exclusive>
   no
  </exclusive>
  <sporty>
   yes
  </sporty>
 </clothing>
 <clothing>
  <id>
   871873401
  </id>
  <name>
   Addidas Shirt Z-9504
  </name>
  <category>
   Shirt
  </category>
  <size>
   XL
  </size>
  <color>
   Красный
  </color>
  <material>
   Хлопок
  </material>
  <price>
   879584
  </price>
  <rating>
   2.47
  </rating>
  <reviews>
   940660
  </reviews>
  <new>
   -
  </new>
  <sporty>
   yes
  </sporty>
 </clothing>
 <clothing>
  <id>
   636153611
  </id>
  <name>
   Ellesse Dress U-3327
  </name>
  <category>
   Dress
  </category>
  <size>
   XXL
  </size>
  <color>
   Зеленый
  </color>
  <material>
   Шерсть
  </material>
  <price>
   103598
  </price>
  <rating>
   4.9
  </rating>
  <reviews>
   961822
  </reviews>
  <exclusive>
   no
  </exclusive>
  <sporty>
   yes
  </sporty>
 </clothing>
 <clothing>
  <id>
   432778318
  </id>
  <name>
   Lacoste Pants A-5196
  </name>
  <category>
   Pants
  </category>
  <size>
   XL
  </size>
  <color>
   Красный
  </color>
  <material>
   Хлопок
  </material>
  <price>
   407656
  </price>
  <rating>
   3.94
  </rating>
  <reviews>
   472683
  </reviews>
  <exclusive>
   no
  </exclusive>
 </clothing>
 <clothing>
  <id>
   336321249
  </id>
  <name>
   Adidas Jacket Q-3118
  </name>
  <category>
   Jacket
  </category>
  <size>
   S
  </size>
  <color>
   Оранжевый
  </color>
  <material>
   Вискоза
  </material>
  <price>
   514778
  </price>
  <rating>
   3.8
  </rating>
  <reviews>
   280721
  </reviews>
  <new>
   +
  </new>
  <sporty>
   no
  </sporty>
 </clothing>
 <clothing>
  <id>
   837406094
  </id>
  <name>
   New Balance Shoes G-5405
  </name>
  <category>
   Shoes
  </category>
  <size>
   XL
  </size>
  <color>
   Синий
  </color>
  <material>
   Кожа
  </material>
  <price>
   365981
  </price>
  <rating>
   3.57
  </rating>
  <reviews>
   100216
  </reviews>
  <new>
   -
  </new>
  <sporty>
   no
  </sporty>
 </clothing>
 <clothing>
  <id>
   862717159
  </id>
  <name>
   Nike Hat F-1298
  </name>
  <category>
   Hat
  </category>
  <size>
   L
  </size>
  <color>
   Голубой
  </color>
  <material>
   Нейлон
  </material>
  <price>
   278104
  </price>
  <rating>
   2.15
  </rating>
  <reviews>
   622425
  </reviews>
  <new>
   +
  </new>
  <sporty>
   yes
  </sporty>
 </clothing>
 <clothing>
  <id>
   644033776
  </id>
  <name>
   Adidas Gloves L-1612
  </name>
  <category>
   Gloves
  </category>
  <size>
   XXL
  </size>
  <color>
   Зеленый
  </color>
  <material>
   Нейлон
  </material>
  <price>
   512191
  </price>
  <rating>
   1.59
  </rating>
  <reviews>
   75505
  </reviews>
 </clothing>
 <clothing>
  <id>
   284028805
  </id>
  <name>
   Under Armour Umbrellas R-8678
  </name>
  <category>
   Umbrellas
  </category>
  <size>
   XXL
  </size>
  <color>
   Красный
  </color>
  <material>
   Кожа
  </material>
  <price>
   956060
  </price>
  <rating>
   3.86
  </rating>
  <reviews>
   789073
  </reviews>
  <new>
   -
  </new>
  <exclusive>
   no
  </exclusive>
  <sporty>
   no
  </sporty>
 </clothing>
 <clothing>
  <id>
   204883322
  </id>
  <name>
   DC Belts O-5274
  </name>
  <category>
   Belts
  </category>
  <size>
   L
  </size>
  <color>
   Голубой
  </color>
  <material>
   Полиэстер
  </material>
  <price>
   207115
  </price>
  <rating>
   1.93
  </rating>
  <reviews>
   163381
  </reviews>
  <new>
   -
  </new>
  <exclusive>
   yes
  </exclusive>
 </clothing>
 <clothing>
  <id>
   407498754
  </id>
  <name>
   Puma Skirt X-4927
  </name>
  <category>
   Skirt
  </category>
  <size>
   S
  </size>
  <color>
   Зеленый
  </color>
  <material>
   Шелк
  </material>
  <price>
   936603
  </price>
  <rating>
   1.46
  </rating>
  <reviews>
   921417
  </reviews>
  <exclusive>
   yes
  </exclusive>
  <sporty>
   yes
  </sporty>
 </clothing>
 <clothing>
  <id>
   127378737
  </id>
  <name>
   Brooks Hat Q-2076
  </name>
  <category>
   Hat
  </category>
  <size>
   XXL
  </size>
  <color>
   Синий
  </color>
  <material>
   Лен
  </material>
  <price>
   382695
  </price>
  <rating>
   1.01
  </rating>
  <reviews>
   695724
  </reviews>
  <new>
   -
  </new>
  <exclusive>
   no
  </exclusive>
  <sporty>
   no
  </sporty>
 </clothing>
 <clothing>
  <id>
   877014788
  </id>
  <name>
   Reebok Shirt Y-3524
  </name>
  <category>
   Shirt
  </category>
  <size>
   L
  </size>
  <color>
   Синий
  </color>
  <material>
   Лен
  </material>
  <price>
   547691
  </price>
  <rating>
   1.79
  </rating>
  <reviews>
   240533
  </reviews>
  <exclusive>
   no
  </exclusive>
  <sporty>
   no
  </sporty>
 </clothing>
 <clothing>
  <id>
   984183938
  </id>
  <name>
   Fila Belts P-1516
  </name>
  <category>
   Belts
  </category>
  <size>
   XXL
  </size>
  <color>
   Фиолетовый
  </color>
  <material>
   Нейлон
  </material>
  <price>
   855897
  </price>
  <rating>
   5.0
  </rating>
  <reviews>
   783859
  </reviews>
  <new>
   -
  </new>
  <exclusive>
   no
  </exclusive>
 </clothing>
 <clothing>
  <id>
   231878294
  </id>
  <name>
   Puma Sweater T-4091
  </name>
  <category>
   Sweater
  </category>
  <size>
   M
  </size>
  <color>
   Оранжевый
  </color>
  <material>
   Шерсть
  </material>
  <price>
   515778
  </price>
  <rating>
   4.58
  </rating>
  <reviews>
   367781
  </reviews>
  <new>
   -
  </new>
 </clothing>
</clothing-items>
