<?xml version="1.0" encoding="utf-8"?>
<clothing-items>
 <clothing>
  <id>
   196759655
  </id>
  <name>
   New Balance Pants J-8134
  </name>
  <category>
   Pants
  </category>
  <size>
   M
  </size>
  <color>
   Оранжевый
  </color>
  <material>
   Хлопок
  </material>
  <price>
   474198
  </price>
  <rating>
   2.8
  </rating>
  <reviews>
   537165
  </reviews>
 </clothing>
 <clothing>
  <id>
   888138284
  </id>
  <name>
   Addidas Gloves G-9691
  </name>
  <category>
   Gloves
  </category>
  <size>
   M
  </size>
  <color>
   Желтый
  </color>
  <material>
   Шерсть
  </material>
  <price>
   955039
  </price>
  <rating>
   3.54
  </rating>
  <reviews>
   637403
  </reviews>
  <new>
   -
  </new>
  <exclusive>
   no
  </exclusive>
 </clothing>
 <clothing>
  <id>
   774755708
  </id>
  <name>
   Adidas T-shirt F-3474
  </name>
  <category>
   T-shirt
  </category>
  <size>
   L
  </size>
  <color>
   Оранжевый
  </color>
  <material>
   Шелк
  </material>
  <price>
   819068
  </price>
  <rating>
   1.9
  </rating>
  <reviews>
   691734
  </reviews>
 </clothing>
 <clothing>
  <id>
   494776063
  </id>
  <name>
   Asics Dress J-2103
  </name>
  <category>
   Dress
  </category>
  <size>
   XXL
  </size>
  <color>
   Фиолетовый
  </color>
  <material>
   Полиэстер
  </material>
  <price>
   774760
  </price>
  <rating>
   3.07
  </rating>
  <reviews>
   774648
  </reviews>
  <new>
   +
  </new>
  <exclusive>
   yes
  </exclusive>
  <sporty>
   yes
  </sporty>
 </clothing>
 <clothing>
  <id>
   571372113
  </id>
  <name>
   Addidas Jacket D-2230
  </name>
  <category>
   Jacket
  </category>
  <size>
   L
  </size>
  <color>
   Желтый
  </color>
  <material>
   Шерсть
  </material>
  <price>
   415534
  </price>
  <rating>
   4.34
  </rating>
  <reviews>
   248821
  </reviews>
  <sporty>
   no
  </sporty>
 </clothing>
 <clothing>
  <id>
   874943266
  </id>
  <name>
   Converse Umbrellas B-2237
  </name>
  <category>
   Umbrellas
  </category>
  <size>
   XXL
  </size>
  <color>
   Зеленый
  </color>
  <material>
   Лен
  </material>
  <price>
   252828
  </price>
  <rating>
   3.87
  </rating>
  <reviews>
   124189
  </reviews>
  <sporty>
   yes
  </sporty>
 </clothing>
 <clothing>
  <id>
   775561635
  </id>
  <name>
   Adidas Umbrellas D-9530
  </name>
  <category>
   Umbrellas
  </category>
  <size>
   M
  </size>
  <color>
   Фиолетовый
  </color>
  <material>
   Шерсть
  </material>
  <price>
   541527
  </price>
  <rating>
   2.09
  </rating>
  <reviews>
   147217
  </reviews>
  <sporty>
   yes
  </sporty>
 </clothing>
 <clothing>
  <id>
   229896738
  </id>
  <name>
   New Balance Socks C-1283
  </name>
  <category>
   Socks
  </category>
  <size>
   XXL
  </size>
  <color>
   Желтый
  </color>
  <material>
   Лен
  </material>
  <price>
   111623
  </price>
  <rating>
   4.86
  </rating>
  <reviews>
   853843
  </reviews>
 </clothing>
 <clothing>
  <id>
   177369785
  </id>
  <name>
   Ellesse Blouse M-9452
  </name>
  <category>
   Blouse
  </category>
  <size>
   XL
  </size>
  <color>
   Голубой
  </color>
  <material>
   Хлопок
  </material>
  <price>
   228002
  </price>
  <rating>
   4.85
  </rating>
  <reviews>
   665152
  </reviews>
  <sporty>
   no
  </sporty>
 </clothing>
 <clothing>
  <id>
   647446826
  </id>
  <name>
   DC Hat U-3387
  </name>
  <category>
   Hat
  </category>
  <size>
   XL
  </size>
  <color>
   Голубой
  </color>
  <material>
   Вискоза
  </material>
  <price>
   522332
  </price>
  <rating>
   1.02
  </rating>
  <reviews>
   578138
  </reviews>
  <new>
   +
  </new>
  <exclusive>
   no
  </exclusive>
 </clothing>
 <clothing>
  <id>
   204348663
  </id>
  <name>
   Reebok Dress L-9412
  </name>
  <category>
   Dress
  </category>
  <size>
   L
  </size>
  <color>
   Оранжевый
  </color>
  <material>
   Полиэстер
  </material>
  <price>
   274235
  </price>
  <rating>
   1.12
  </rating>
  <reviews>
   629102
  </reviews>
 </clothing>
 <clothing>
  <id>
   901084004
  </id>
  <name>
   New Balance Handbags P-2646
  </name>
  <category>
   Handbags
  </category>
  <size>
   XXL
  </size>
  <color>
   Оранжевый
  </color>
  <material>
   Кожа
  </material>
  <price>
   968256
  </price>
  <rating>
   4.47
  </rating>
  <reviews>
   441165
  </reviews>
  <new>
   +
  </new>
  <exclusive>
   yes
  </exclusive>
 </clothing>
 <clothing>
  <id>
   393045163
  </id>
  <name>
   Vans Socks N-9788
  </name>
  <category>
   Socks
  </category>
  <size>
   L
  </size>
  <color>
   Голубой
  </color>
  <material>
   Полиэстер
  </material>
  <price>
   153977
  </price>
  <rating>
   3.56
  </rating>
  <reviews>
   568971
  </reviews>
  <new>
   -
  </new>
  <sporty>
   no
  </sporty>
 </clothing>
 <clothing>
  <id>
   732086014
  </id>
  <name>
   DC Belts F-4846
  </name>
  <category>
   Belts
  </category>
  <size>
   XXL
  </size>
  <color>
   Фиолетовый
  </color>
  <material>
   Шелк
  </material>
  <price>
   320020
  </price>
  <rating>
   2.79
  </rating>
  <reviews>
   492604
  </reviews>
  <new>
   -
  </new>
  <sporty>
   no
  </sporty>
 </clothing>
 <clothing>
  <id>
   534216429
  </id>
  <name>
   Brooks Dress D-8595
  </name>
  <category>
   Dress
  </category>
  <size>
   S
  </size>
  <color>
   Голубой
  </color>
  <material>
   Нейлон
  </material>
  <price>
   324509
  </price>
  <rating>
   1.03
  </rating>
  <reviews>
   596605
  </reviews>
 </clothing>
 <clothing>
  <id>
   383216177
  </id>
  <name>
   New Balance Jacket M-4283
  </name>
  <category>
   Jacket
  </category>
  <size>
   S
  </size>
  <color>
   Голубой
  </color>
  <material>
   Лен
  </material>
  <price>
   875461
  </price>
  <rating>
   3.34
  </rating>
  <reviews>
   94693
  </reviews>
  <new>
   +
  </new>
  <sporty>
   yes
  </sporty>
 </clothing>
 <clothing>
  <id>
   526332852
  </id>
  <name>
   Nike Hat G-2884
  </name>
  <category>
   Hat
  </category>
  <size>
   M
  </size>
  <color>
   Голубой
  </color>
  <material>
   Шелк
  </material>
  <price>
   541772
  </price>
  <rating>
   4.66
  </rating>
  <reviews>
   80067
  </reviews>
  <new>
   -
  </new>
  <exclusive>
   yes
  </exclusive>
  <sporty>
   yes
  </sporty>
 </clothing>
 <clothing>
  <id>
   883450623
  </id>
  <name>
   Puma T-shirt P-8357
  </name>
  <category>
   T-shirt
  </category>
  <size>
   S
  </size>
  <color>
   Фиолетовый
  </color>
  <material>
   Кожа
  </material>
  <price>
   445784
  </price>
  <rating>
   2.17
  </rating>
  <reviews>
   572087
  </reviews>
  <new>
   +
  </new>
  <exclusive>
   yes
  </exclusive>
 </clothing>
 <clothing>
  <id>
   548429027
  </id>
  <name>
   Nike Gloves C-9350
  </name>
  <category>
   Gloves
  </category>
  <size>
   L
  </size>
  <color>
   Фиолетовый
  </color>
  <material>
   Хлопок
  </material>
  <price>
   455313
  </price>
  <rating>
   1.62
  </rating>
  <reviews>
   124505
  </reviews>
  <exclusive>
   no
  </exclusive>
  <sporty>
   no
  </sporty>
 </clothing>
 <clothing>
  <id>
   952593255
  </id>
  <name>
   Lacoste Jacket H-9712
  </name>
  <category>
   Jacket
  </category>
  <size>
   M
  </size>
  <color>
   Красный
  </color>
  <material>
   Лен
  </material>
  <price>
   564699
  </price>
  <rating>
   2.91
  </rating>
  <reviews>
   307667
  </reviews>
  <exclusive>
   no
  </exclusive>
 </clothing>
 <clothing>
  <id>
   334369854
  </id>
  <name>
   Ellesse Shoes Z-2629
  </name>
  <category>
   Shoes
  </category>
  <size>
   XL
  </size>
  <color>
   Красный
  </color>
  <material>
   Хлопок
  </material>
  <price>
   869782
  </price>
  <rating>
   1.11
  </rating>
  <reviews>
   902347
  </reviews>
  <exclusive>
   no
  </exclusive>
  <sporty>
   no
  </sporty>
 </clothing>
 <clothing>
  <id>
   671393433
  </id>
  <name>
   Converse Blouse M-8935
  </name>
  <category>
   Blouse
  </category>
  <size>
   XXL
  </size>
  <color>
   Оранжевый
  </color>
  <material>
   Шерсть
  </material>
  <price>
   157817
  </price>
  <rating>
   4.54
  </rating>
  <reviews>
   186518
  </reviews>
  <new>
   +
  </new>
  <exclusive>
   no
  </exclusive>
  <sporty>
   no
  </sporty>
 </clothing>
 <clothing>
  <id>
   189628572
  </id>
  <name>
   Fila Sweater Q-3605
  </name>
  <category>
   Sweater
  </category>
  <size>
   XL
  </size>
  <color>
   Желтый
  </color>
  <material>
   Кожа
  </material>
  <price>
   163465
  </price>
  <rating>
   4.49
  </rating>
  <reviews>
   312044
  </reviews>
  <new>
   -
  </new>
  <sporty>
   yes
  </sporty>
 </clothing>
 <clothing>
  <id>
   417199157
  </id>
  <name>
   PleinSport Umbrellas P-4567
  </name>
  <category>
   Umbrellas
  </category>
  <size>
   M
  </size>
  <color>
   Красный
  </color>
  <material>
   Кожа
  </material>
  <price>
   520862
  </price>
  <rating>
   3.03
  </rating>
  <reviews>
   545950
  </reviews>
  <new>
   -
  </new>
  <exclusive>
   no
  </exclusive>
  <sporty>
   no
  </sporty>
 </clothing>
 <clothing>
  <id>
   869176879
  </id>
  <name>
   New Balance Jeans X-3304
  </name>
  <category>
   Jeans
  </category>
  <size>
   XXL
  </size>
  <color>
   Зеленый
  </color>
  <material>
   Кожа
  </material>
  <price>
   178713
  </price>
  <rating>
   3.97
  </rating>
  <reviews>
   608417
  </reviews>
  <new>
   -
  </new>
 </clothing>
 <clothing>
  <id>
   928214410
  </id>
  <name>
   New Balance Umbrellas K-6401
  </name>
  <category>
   Umbrellas
  </category>
  <size>
   XL
  </size>
  <color>
   Красный
  </color>
  <material>
   Кожа
  </material>
  <price>
   555627
  </price>
  <rating>
   4.77
  </rating>
  <reviews>
   770305
  </reviews>
  <exclusive>
   no
  </exclusive>
  <sporty>
   yes
  </sporty>
 </clothing>
 <clothing>
  <id>
   973157576
  </id>
  <name>
   Converse Dress Z-3652
  </name>
  <category>
   Dress
  </category>
  <size>
   XXL
  </size>
  <color>
   Фиолетовый
  </color>
  <material>
   Нейлон
  </material>
  <price>
   464880
  </price>
  <rating>
   1.53
  </rating>
  <reviews>
   402723
  </reviews>
  <new>
   +
  </new>
  <exclusive>
   yes
  </exclusive>
  <sporty>
   no
  </sporty>
 </clothing>
 <clothing>
  <id>
   495737079
  </id>
  <name>
   Adidas Sweater W-9262
  </name>
  <category>
   Sweater
  </category>
  <size>
   M
  </size>
  <color>
   Голубой
  </color>
  <material>
   Шелк
  </material>
  <price>
   987349
  </price>
  <rating>
   1.97
  </rating>
  <reviews>
   436133
  </reviews>
  <new>
   -
  </new>
  <exclusive>
   yes
  </exclusive>
  <sporty>
   no
  </sporty>
 </clothing>
 <clothing>
  <id>
   136265396
  </id>
  <name>
   Asics Jeans E-8907
  </name>
  <category>
   Jeans
  </category>
  <size>
   M
  </size>
  <color>
   Синий
  </color>
  <material>
   Нейлон
  </material>
  <price>
   864082
  </price>
  <rating>
   2.32
  </rating>
  <reviews>
   627264
  </reviews>
  <new>
   -
  </new>
 </clothing>
 <clothing>
  <id>
   562703019
  </id>
  <name>
   Puma Umbrellas U-1411
  </name>
  <category>
   Umbrellas
  </category>
  <size>
   XL
  </size>
  <color>
   Зеленый
  </color>
  <material>
   Лен
  </material>
  <price>
   993267
  </price>
  <rating>
   4.19
  </rating>
  <reviews>
   403615
  </reviews>
  <new>
   -
  </new>
 </clothing>
 <clothing>
  <id>
   127486456
  </id>
  <name>
   Fila Blouse A-9738
  </name>
  <category>
   Blouse
  </category>
  <size>
   S
  </size>
  <color>
   Зеленый
  </color>
  <material>
   Вискоза
  </material>
  <price>
   662536
  </price>
  <rating>
   1.23
  </rating>
  <reviews>
   912675
  </reviews>
  <new>
   -
  </new>
  <exclusive>
   no
  </exclusive>
  <sporty>
   no
  </sporty>
 </clothing>
 <clothing>
  <id>
   856399175
  </id>
  <name>
   Lacoste Hat B-8380
  </name>
  <category>
   Hat
  </category>
  <size>
   XL
  </size>
  <color>
   Синий
  </color>
  <material>
   Лен
  </material>
  <price>
   503797
  </price>
  <rating>
   2.39
  </rating>
  <reviews>
   247766
  </reviews>
  <new>
   +
  </new>
  <sporty>
   yes
  </sporty>
 </clothing>
 <clothing>
  <id>
   465904661
  </id>
  <name>
   Fila Handbags K-9989
  </name>
  <category>
   Handbags
  </category>
  <size>
   M
  </size>
  <color>
   Зеленый
  </color>
  <material>
   Кожа
  </material>
  <price>
   645931
  </price>
  <rating>
   2.24
  </rating>
  <reviews>
   770076
  </reviews>
  <new>
   -
  </new>
  <exclusive>
   yes
  </exclusive>
 </clothing>
 <clothing>
  <id>
   462927292
  </id>
  <name>
   Fila Shirt O-1848
  </name>
  <category>
   Shirt
  </category>
  <size>
   S
  </size>
  <color>
   Красный
  </color>
  <material>
   Полиэстер
  </material>
  <price>
   494230
  </price>
  <rating>
   1.48
  </rating>
  <reviews>
   106451
  </reviews>
  <exclusive>
   yes
  </exclusive>
  <sporty>
   yes
  </sporty>
 </clothing>
 <clothing>
  <id>
   333226675
  </id>
  <name>
   Adidas Socks N-6673
  </name>
  <category>
   Socks
  </category>
  <size>
   S
  </size>
  <color>
   Зеленый
  </color>
  <material>
   Вискоза
  </material>
  <price>
   224923
  </price>
  <rating>
   1.85
  </rating>
  <reviews>
   892408
  </reviews>
  <new>
   -
  </new>
  <exclusive>
   no
  </exclusive>
 </clothing>
</clothing-items>
