<?xml version="1.0" encoding="utf-8"?>
<clothing-items>
 <clothing>
  <id>
   914955273
  </id>
  <name>
   Nike Hat D-5756
  </name>
  <category>
   Hat
  </category>
  <size>
   XXL
  </size>
  <color>
   Синий
  </color>
  <material>
   Нейлон
  </material>
  <price>
   695803
  </price>
  <rating>
   2.82
  </rating>
  <reviews>
   596088
  </reviews>
  <new>
   -
  </new>
  <exclusive>
   yes
  </exclusive>
 </clothing>
 <clothing>
  <id>
   443798972
  </id>
  <name>
   Asics Skirt K-1783
  </name>
  <category>
   Skirt
  </category>
  <size>
   XXL
  </size>
  <color>
   Синий
  </color>
  <material>
   Шелк
  </material>
  <price>
   176692
  </price>
  <rating>
   4.17
  </rating>
  <reviews>
   384300
  </reviews>
  <new>
   +
  </new>
  <exclusive>
   no
  </exclusive>
  <sporty>
   no
  </sporty>
 </clothing>
 <clothing>
  <id>
   895915368
  </id>
  <name>
   Nike Dress Y-9362
  </name>
  <category>
   Dress
  </category>
  <size>
   L
  </size>
  <color>
   Синий
  </color>
  <material>
   Нейлон
  </material>
  <price>
   710129
  </price>
  <rating>
   3.82
  </rating>
  <reviews>
   171270
  </reviews>
  <new>
   +
  </new>
  <exclusive>
   no
  </exclusive>
  <sporty>
   no
  </sporty>
 </clothing>
 <clothing>
  <id>
   222879319
  </id>
  <name>
   Reebok Shirt N-1557
  </name>
  <category>
   Shirt
  </category>
  <size>
   L
  </size>
  <color>
   Фиолетовый
  </color>
  <material>
   Полиэстер
  </material>
  <price>
   954067
  </price>
  <rating>
   2.8
  </rating>
  <reviews>
   682504
  </reviews>
  <new>
   -
  </new>
 </clothing>
 <clothing>
  <id>
   482258190
  </id>
  <name>
   Fila Jeans I-6929
  </name>
  <category>
   Jeans
  </category>
  <size>
   S
  </size>
  <color>
   Оранжевый
  </color>
  <material>
   Лен
  </material>
  <price>
   494908
  </price>
  <rating>
   3.18
  </rating>
  <reviews>
   858501
  </reviews>
  <new>
   -
  </new>
 </clothing>
 <clothing>
  <id>
   580282360
  </id>
  <name>
   New Balance Skirt N-4355
  </name>
  <category>
   Skirt
  </category>
  <size>
   L
  </size>
  <color>
   Голубой
  </color>
  <material>
   Полиэстер
  </material>
  <price>
   513176
  </price>
  <rating>
   2.66
  </rating>
  <reviews>
   785009
  </reviews>
  <new>
   -
  </new>
  <exclusive>
   no
  </exclusive>
  <sporty>
   no
  </sporty>
 </clothing>
 <clothing>
  <id>
   185143878
  </id>
  <name>
   Brooks Skirt V-3866
  </name>
  <category>
   Skirt
  </category>
  <size>
   XL
  </size>
  <color>
   Оранжевый
  </color>
  <material>
   Шелк
  </material>
  <price>
   193687
  </price>
  <rating>
   4.41
  </rating>
  <reviews>
   137271
  </reviews>
  <new>
   +
  </new>
  <sporty>
   yes
  </sporty>
 </clothing>
 <clothing>
  <id>
   128367047
  </id>
  <name>
   Converse Shoes K-7712
  </name>
  <category>
   Shoes
  </category>
  <size>
   XXL
  </size>
  <color>
   Желтый
  </color>
  <material>
   Хлопок
  </material>
  <price>
   700176
  </price>
  <rating>
   3.77
  </rating>
  <reviews>
   667776
  </reviews>
 </clothing>
 <clothing>
  <id>
   583009501
  </id>
  <name>
   New Balance Jeans C-9873
  </name>
  <category>
   Jeans
  </category>
  <size>
   XL
  </size>
  <color>
   Голубой
  </color>
  <material>
   Шелк
  </material>
  <price>
   892612
  </price>
  <rating>
   4.4
  </rating>
  <reviews>
   321655
  </reviews>
  <exclusive>
   yes
  </exclusive>
  <sporty>
   no
  </sporty>
 </clothing>
 <clothing>
  <id>
   211590134
  </id>
  <name>
   Addidas T-shirt V-9820
  </name>
  <category>
   T-shirt
  </category>
  <size>
   S
  </size>
  <color>
   Оранжевый
  </color>
  <material>
   Полиэстер
  </material>
  <price>
   992366
  </price>
  <rating>
   2.91
  </rating>
  <reviews>
   38780
  </reviews>
 </clothing>
 <clothing>
  <id>
   355202188
  </id>
  <name>
   DC Jeans K-7289
  </name>
  <category>
   Jeans
  </category>
  <size>
   XXL
  </size>
  <color>
   Голубой
  </color>
  <material>
   Хлопок
  </material>
  <price>
   123038
  </price>
  <rating>
   2.88
  </rating>
  <reviews>
   78693
  </reviews>
  <new>
   -
  </new>
 </clothing>
 <clothing>
  <id>
   580198713
  </id>
  <name>
   Under Armour T-shirt Z-5422
  </name>
  <category>
   T-shirt
  </category>
  <size>
   L
  </size>
  <color>
   Синий
  </color>
  <material>
   Нейлон
  </material>
  <price>
   315092
  </price>
  <rating>
   1.39
  </rating>
  <reviews>
   298203
  </reviews>
  <exclusive>
   yes
  </exclusive>
  <sporty>
   no
  </sporty>
 </clothing>
 <clothing>
  <id>
   875528633
  </id>
  <name>
   Reebok Jeans W-1259
  </name>
  <category>
   Jeans
  </category>
  <size>
   S
  </size>
  <color>
   Фиолетовый
  </color>
  <material>
   Полиэстер
  </material>
  <price>
   437025
  </price>
  <rating>
   2.99
  </rating>
  <reviews>
   286535
  </reviews>
  <exclusive>
   no
  </exclusive>
  <sporty>
   no
  </sporty>
 </clothing>
 <clothing>
  <id>
   467770715
  </id>
  <name>
   Brooks Pants J-2263
  </name>
  <category>
   Pants
  </category>
  <size>
   XL
  </size>
  <color>
   Оранжевый
  </color>
  <material>
   Кожа
  </material>
  <price>
   112119
  </price>
  <rating>
   2.92
  </rating>
  <reviews>
   946580
  </reviews>
  <new>
   +
  </new>
  <exclusive>
   yes
  </exclusive>
 </clothing>
 <clothing>
  <id>
   505958924
  </id>
  <name>
   Under Armour Shirt M-3758
  </name>
  <category>
   Shirt
  </category>
  <size>
   M
  </size>
  <color>
   Голубой
  </color>
  <material>
   Хлопок
  </material>
  <price>
   682570
  </price>
  <rating>
   1.67
  </rating>
  <reviews>
   531409
  </reviews>
  <new>
   +
  </new>
  <exclusive>
   yes
  </exclusive>
  <sporty>
   yes
  </sporty>
 </clothing>
 <clothing>
  <id>
   127399300
  </id>
  <name>
   Fila Gloves L-8838
  </name>
  <category>
   Gloves
  </category>
  <size>
   S
  </size>
  <color>
   Голубой
  </color>
  <material>
   Нейлон
  </material>
  <price>
   593948
  </price>
  <rating>
   1.6
  </rating>
  <reviews>
   194805
  </reviews>
  <new>
   +
  </new>
  <exclusive>
   no
  </exclusive>
  <sporty>
   yes
  </sporty>
 </clothing>
 <clothing>
  <id>
   748360699
  </id>
  <name>
   Nike Hat Z-2972
  </name>
  <category>
   Hat
  </category>
  <size>
   XXL
  </size>
  <color>
   Желтый
  </color>
  <material>
   Хлопок
  </material>
  <price>
   575516
  </price>
  <rating>
   4.01
  </rating>
  <reviews>
   922850
  </reviews>
  <exclusive>
   yes
  </exclusive>
  <sporty>
   no
  </sporty>
 </clothing>
 <clothing>
  <id>
   392281195
  </id>
  <name>
   Brooks Jeans K-1749
  </name>
  <category>
   Jeans
  </category>
  <size>
   XL
  </size>
  <color>
   Синий
  </color>
  <material>
   Шерсть
  </material>
  <price>
   980315
  </price>
  <rating>
   2.82
  </rating>
  <reviews>
   514537
  </reviews>
  <exclusive>
   yes
  </exclusive>
 </clothing>
 <clothing>
  <id>
   583398925
  </id>
  <name>
   Adidas Jeans C-2966
  </name>
  <category>
   Jeans
  </category>
  <size>
   L
  </size>
  <color>
   Фиолетовый
  </color>
  <material>
   Шерсть
  </material>
  <price>
   255987
  </price>
  <rating>
   3.2
  </rating>
  <reviews>
   781199
  </reviews>
 </clothing>
 <clothing>
  <id>
   608575113
  </id>
  <name>
   DC Gloves G-3841
  </name>
  <category>
   Gloves
  </category>
  <size>
   M
  </size>
  <color>
   Зеленый
  </color>
  <material>
   Лен
  </material>
  <price>
   919119
  </price>
  <rating>
   1.52
  </rating>
  <reviews>
   781877
  </reviews>
  <sporty>
   yes
  </sporty>
 </clothing>
</clothing-items>
