<?xml version="1.0" encoding="utf-8"?>
<clothing-items>
 <clothing>
  <id>
   497843837
  </id>
  <name>
   Vans Jacket R-9747
  </name>
  <category>
   Jacket
  </category>
  <size>
   S
  </size>
  <color>
   Красный
  </color>
  <material>
   Полиэстер
  </material>
  <price>
   968495
  </price>
  <rating>
   4.3
  </rating>
  <reviews>
   71911
  </reviews>
  <new>
   +
  </new>
  <exclusive>
   yes
  </exclusive>
 </clothing>
 <clothing>
  <id>
   869206913
  </id>
  <name>
   Converse Jeans M-5622
  </name>
  <category>
   Jeans
  </category>
  <size>
   XXL
  </size>
  <color>
   Красный
  </color>
  <material>
   Шерсть
  </material>
  <price>
   350519
  </price>
  <rating>
   2.26
  </rating>
  <reviews>
   565546
  </reviews>
  <new>
   -
  </new>
  <sporty>
   no
  </sporty>
 </clothing>
 <clothing>
  <id>
   669654973
  </id>
  <name>
   Puma Shirt Z-6892
  </name>
  <category>
   Shirt
  </category>
  <size>
   XXL
  </size>
  <color>
   Оранжевый
  </color>
  <material>
   Шелк
  </material>
  <price>
   406986
  </price>
  <rating>
   1.97
  </rating>
  <reviews>
   12563
  </reviews>
  <exclusive>
   no
  </exclusive>
  <sporty>
   no
  </sporty>
 </clothing>
 <clothing>
  <id>
   453929720
  </id>
  <name>
   Converse Umbrellas X-2951
  </name>
  <category>
   Umbrellas
  </category>
  <size>
   XL
  </size>
  <color>
   Красный
  </color>
  <material>
   Полиэстер
  </material>
  <price>
   871973
  </price>
  <rating>
   3.29
  </rating>
  <reviews>
   222740
  </reviews>
  <exclusive>
   yes
  </exclusive>
 </clothing>
 <clothing>
  <id>
   858215354
  </id>
  <name>
   Adidas Dress B-3633
  </name>
  <category>
   Dress
  </category>
  <size>
   S
  </size>
  <color>
   Голубой
  </color>
  <material>
   Вискоза
  </material>
  <price>
   715855
  </price>
  <rating>
   1.44
  </rating>
  <reviews>
   361873
  </reviews>
  <new>
   +
  </new>
  <exclusive>
   no
  </exclusive>
 </clothing>
 <clothing>
  <id>
   318974334
  </id>
  <name>
   Adidas Pants V-2531
  </name>
  <category>
   Pants
  </category>
  <size>
   XXL
  </size>
  <color>
   Желтый
  </color>
  <material>
   Шелк
  </material>
  <price>
   968373
  </price>
  <rating>
   1.61
  </rating>
  <reviews>
   895678
  </reviews>
  <sporty>
   no
  </sporty>
 </clothing>
 <clothing>
  <id>
   886062160
  </id>
  <name>
   Asics Jeans J-3217
  </name>
  <category>
   Jeans
  </category>
  <size>
   S
  </size>
  <color>
   Зеленый
  </color>
  <material>
   Нейлон
  </material>
  <price>
   591915
  </price>
  <rating>
   1.55
  </rating>
  <reviews>
   886814
  </reviews>
  <new>
   -
  </new>
  <exclusive>
   yes
  </exclusive>
  <sporty>
   yes
  </sporty>
 </clothing>
 <clothing>
  <id>
   723094942
  </id>
  <name>
   Adidas Belts W-5859
  </name>
  <category>
   Belts
  </category>
  <size>
   XL
  </size>
  <color>
   Красный
  </color>
  <material>
   Лен
  </material>
  <price>
   295430
  </price>
  <rating>
   2.8
  </rating>
  <reviews>
   406564
  </reviews>
  <new>
   -
  </new>
  <exclusive>
   no
  </exclusive>
 </clothing>
 <clothing>
  <id>
   605452011
  </id>
  <name>
   Puma Shoes R-6272
  </name>
  <category>
   Shoes
  </category>
  <size>
   XL
  </size>
  <color>
   Синий
  </color>
  <material>
   Шерсть
  </material>
  <price>
   648731
  </price>
  <rating>
   2.61
  </rating>
  <reviews>
   412157
  </reviews>
  <sporty>
   yes
  </sporty>
 </clothing>
 <clothing>
  <id>
   820803184
  </id>
  <name>
   Asics Skirt N-1323
  </name>
  <category>
   Skirt
  </category>
  <size>
   XXL
  </size>
  <color>
   Зеленый
  </color>
  <material>
   Вискоза
  </material>
  <price>
   621077
  </price>
  <rating>
   1.71
  </rating>
  <reviews>
   45196
  </reviews>
  <sporty>
   no
  </sporty>
 </clothing>
 <clothing>
  <id>
   224230565
  </id>
  <name>
   Addidas Pants K-8949
  </name>
  <category>
   Pants
  </category>
  <size>
   M
  </size>
  <color>
   Голубой
  </color>
  <material>
   Лен
  </material>
  <price>
   881679
  </price>
  <rating>
   2.37
  </rating>
  <reviews>
   164882
  </reviews>
  <exclusive>
   no
  </exclusive>
 </clothing>
 <clothing>
  <id>
   460627791
  </id>
  <name>
   Asics Gloves X-6674
  </name>
  <category>
   Gloves
  </category>
  <size>
   M
  </size>
  <color>
   Голубой
  </color>
  <material>
   Лен
  </material>
  <price>
   481215
  </price>
  <rating>
   3.26
  </rating>
  <reviews>
   112443
  </reviews>
  <new>
   -
  </new>
  <exclusive>
   no
  </exclusive>
  <sporty>
   yes
  </sporty>
 </clothing>
 <clothing>
  <id>
   942264391
  </id>
  <name>
   New Balance Dress G-1953
  </name>
  <category>
   Dress
  </category>
  <size>
   XL
  </size>
  <color>
   Красный
  </color>
  <material>
   Шелк
  </material>
  <price>
   569202
  </price>
  <rating>
   4.5
  </rating>
  <reviews>
   298037
  </reviews>
  <new>
   -
  </new>
  <exclusive>
   yes
  </exclusive>
  <sporty>
   no
  </sporty>
 </clothing>
 <clothing>
  <id>
   435894715
  </id>
  <name>
   Reebok Handbags T-8313
  </name>
  <category>
   Handbags
  </category>
  <size>
   M
  </size>
  <color>
   Желтый
  </color>
  <material>
   Хлопок
  </material>
  <price>
   428113
  </price>
  <rating>
   4.03
  </rating>
  <reviews>
   312706
  </reviews>
  <new>
   -
  </new>
  <exclusive>
   no
  </exclusive>
  <sporty>
   no
  </sporty>
 </clothing>
 <clothing>
  <id>
   128544735
  </id>
  <name>
   Adidas Shirt L-8899
  </name>
  <category>
   Shirt
  </category>
  <size>
   M
  </size>
  <color>
   Красный
  </color>
  <material>
   Хлопок
  </material>
  <price>
   577816
  </price>
  <rating>
   1.28
  </rating>
  <reviews>
   525660
  </reviews>
  <new>
   +
  </new>
  <sporty>
   no
  </sporty>
 </clothing>
 <clothing>
  <id>
   858225565
  </id>
  <name>
   New Balance Handbags X-4815
  </name>
  <category>
   Handbags
  </category>
  <size>
   M
  </size>
  <color>
   Голубой
  </color>
  <material>
   Полиэстер
  </material>
  <price>
   517382
  </price>
  <rating>
   2.78
  </rating>
  <reviews>
   187787
  </reviews>
  <new>
   +
  </new>
  <exclusive>
   no
  </exclusive>
  <sporty>
   yes
  </sporty>
 </clothing>
 <clothing>
  <id>
   804673988
  </id>
  <name>
   Nike Hat C-5697
  </name>
  <category>
   Hat
  </category>
  <size>
   M
  </size>
  <color>
   Голубой
  </color>
  <material>
   Нейлон
  </material>
  <price>
   425014
  </price>
  <rating>
   2.89
  </rating>
  <reviews>
   705977
  </reviews>
  <new>
   -
  </new>
  <sporty>
   no
  </sporty>
 </clothing>
 <clothing>
  <id>
   161067644
  </id>
  <name>
   Addidas Socks O-8641
  </name>
  <category>
   Socks
  </category>
  <size>
   S
  </size>
  <color>
   Фиолетовый
  </color>
  <material>
   Шерсть
  </material>
  <price>
   921666
  </price>
  <rating>
   4.12
  </rating>
  <reviews>
   383911
  </reviews>
  <new>
   +
  </new>
 </clothing>
 <clothing>
  <id>
   303120018
  </id>
  <name>
   DC Shirt V-1504
  </name>
  <category>
   Shirt
  </category>
  <size>
   XXL
  </size>
  <color>
   Зеленый
  </color>
  <material>
   Вискоза
  </material>
  <price>
   237809
  </price>
  <rating>
   2.42
  </rating>
  <reviews>
   210212
  </reviews>
 </clothing>
 <clothing>
  <id>
   318868518
  </id>
  <name>
   Under Armour Shoes Q-7051
  </name>
  <category>
   Shoes
  </category>
  <size>
   XXL
  </size>
  <color>
   Оранжевый
  </color>
  <material>
   Кожа
  </material>
  <price>
   937312
  </price>
  <rating>
   1.63
  </rating>
  <reviews>
   33860
  </reviews>
  <exclusive>
   no
  </exclusive>
  <sporty>
   no
  </sporty>
 </clothing>
 <clothing>
  <id>
   851330510
  </id>
  <name>
   Fila Sweater F-6036
  </name>
  <category>
   Sweater
  </category>
  <size>
   S
  </size>
  <color>
   Синий
  </color>
  <material>
   Кожа
  </material>
  <price>
   996550
  </price>
  <rating>
   3.66
  </rating>
  <reviews>
   792083
  </reviews>
  <new>
   +
  </new>
  <exclusive>
   yes
  </exclusive>
  <sporty>
   no
  </sporty>
 </clothing>
 <clothing>
  <id>
   503612773
  </id>
  <name>
   Fila Umbrellas H-8446
  </name>
  <category>
   Umbrellas
  </category>
  <size>
   M
  </size>
  <color>
   Синий
  </color>
  <material>
   Лен
  </material>
  <price>
   775847
  </price>
  <rating>
   3.24
  </rating>
  <reviews>
   106944
  </reviews>
  <exclusive>
   yes
  </exclusive>
  <sporty>
   yes
  </sporty>
 </clothing>
 <clothing>
  <id>
   742962506
  </id>
  <name>
   Under Armour T-shirt H-3770
  </name>
  <category>
   T-shirt
  </category>
  <size>
   XXL
  </size>
  <color>
   Красный
  </color>
  <material>
   Шелк
  </material>
  <price>
   113048
  </price>
  <rating>
   3.23
  </rating>
  <reviews>
   519656
  </reviews>
  <sporty>
   no
  </sporty>
 </clothing>
 <clothing>
  <id>
   980782983
  </id>
  <name>
   Reebok Handbags D-4782
  </name>
  <category>
   Handbags
  </category>
  <size>
   L
  </size>
  <color>
   Фиолетовый
  </color>
  <material>
   Шелк
  </material>
  <price>
   943776
  </price>
  <rating>
   1.02
  </rating>
  <reviews>
   131918
  </reviews>
  <exclusive>
   no
  </exclusive>
 </clothing>
 <clothing>
  <id>
   576125744
  </id>
  <name>
   Addidas T-shirt C-5515
  </name>
  <category>
   T-shirt
  </category>
  <size>
   XL
  </size>
  <color>
   Голубой
  </color>
  <material>
   Кожа
  </material>
  <price>
   397360
  </price>
  <rating>
   2.36
  </rating>
  <reviews>
   133814
  </reviews>
 </clothing>
 <clothing>
  <id>
   576522541
  </id>
  <name>
   Under Armour Jeans F-3261
  </name>
  <category>
   Jeans
  </category>
  <size>
   M
  </size>
  <color>
   Оранжевый
  </color>
  <material>
   Хлопок
  </material>
  <price>
   707246
  </price>
  <rating>
   3.52
  </rating>
  <reviews>
   337139
  </reviews>
  <new>
   -
  </new>
  <exclusive>
   no
  </exclusive>
 </clothing>
 <clothing>
  <id>
   102992391
  </id>
  <name>
   New Balance Blouse L-3222
  </name>
  <category>
   Blouse
  </category>
  <size>
   S
  </size>
  <color>
   Синий
  </color>
  <material>
   Шелк
  </material>
  <price>
   717137
  </price>
  <rating>
   2.02
  </rating>
  <reviews>
   399304
  </reviews>
  <new>
   -
  </new>
  <exclusive>
   no
  </exclusive>
 </clothing>
 <clothing>
  <id>
   878886648
  </id>
  <name>
   Brooks Jeans B-8401
  </name>
  <category>
   Jeans
  </category>
  <size>
   S
  </size>
  <color>
   Красный
  </color>
  <material>
   Шерсть
  </material>
  <price>
   313681
  </price>
  <rating>
   1.77
  </rating>
  <reviews>
   290696
  </reviews>
  <new>
   -
  </new>
  <exclusive>
   yes
  </exclusive>
 </clothing>
 <clothing>
  <id>
   596442948
  </id>
  <name>
   Adidas T-shirt K-6109
  </name>
  <category>
   T-shirt
  </category>
  <size>
   XXL
  </size>
  <color>
   Синий
  </color>
  <material>
   Вискоза
  </material>
  <price>
   671607
  </price>
  <rating>
   4.99
  </rating>
  <reviews>
   62427
  </reviews>
 </clothing>
 <clothing>
  <id>
   308259375
  </id>
  <name>
   Asics Blouse X-2047
  </name>
  <category>
   Blouse
  </category>
  <size>
   XXL
  </size>
  <color>
   Оранжевый
  </color>
  <material>
   Кожа
  </material>
  <price>
   598491
  </price>
  <rating>
   4.95
  </rating>
  <reviews>
   798186
  </reviews>
  <new>
   -
  </new>
  <exclusive>
   no
  </exclusive>
  <sporty>
   no
  </sporty>
 </clothing>
 <clothing>
  <id>
   174470048
  </id>
  <name>
   Reebok Belts L-4504
  </name>
  <category>
   Belts
  </category>
  <size>
   XL
  </size>
  <color>
   Зеленый
  </color>
  <material>
   Нейлон
  </material>
  <price>
   859055
  </price>
  <rating>
   3.75
  </rating>
  <reviews>
   587094
  </reviews>
  <new>
   +
  </new>
 </clothing>
 <clothing>
  <id>
   330060242
  </id>
  <name>
   Puma Jacket K-8859
  </name>
  <category>
   Jacket
  </category>
  <size>
   S
  </size>
  <color>
   Желтый
  </color>
  <material>
   Хлопок
  </material>
  <price>
   443400
  </price>
  <rating>
   3.55
  </rating>
  <reviews>
   447413
  </reviews>
  <new>
   -
  </new>
  <exclusive>
   no
  </exclusive>
 </clothing>
 <clothing>
  <id>
   269944900
  </id>
  <name>
   Fila Sweater R-2883
  </name>
  <category>
   Sweater
  </category>
  <size>
   L
  </size>
  <color>
   Зеленый
  </color>
  <material>
   Нейлон
  </material>
  <price>
   723516
  </price>
  <rating>
   3.03
  </rating>
  <reviews>
   25770
  </reviews>
 </clothing>
 <clothing>
  <id>
   177232551
  </id>
  <name>
   PleinSport Gloves R-8720
  </name>
  <category>
   Gloves
  </category>
  <size>
   XXL
  </size>
  <color>
   Зеленый
  </color>
  <material>
   Нейлон
  </material>
  <price>
   991110
  </price>
  <rating>
   2.84
  </rating>
  <reviews>
   699335
  </reviews>
  <exclusive>
   yes
  </exclusive>
  <sporty>
   no
  </sporty>
 </clothing>
 <clothing>
  <id>
   824115990
  </id>
  <name>
   Reebok Dress Q-3096
  </name>
  <category>
   Dress
  </category>
  <size>
   M
  </size>
  <color>
   Фиолетовый
  </color>
  <material>
   Шерсть
  </material>
  <price>
   748484
  </price>
  <rating>
   4.28
  </rating>
  <reviews>
   813701
  </reviews>
 </clothing>
 <clothing>
  <id>
   992960254
  </id>
  <name>
   Adidas Jeans P-1418
  </name>
  <category>
   Jeans
  </category>
  <size>
   L
  </size>
  <color>
   Зеленый
  </color>
  <material>
   Шерсть
  </material>
  <price>
   456221
  </price>
  <rating>
   2.83
  </rating>
  <reviews>
   546841
  </reviews>
  <new>
   -
  </new>
  <exclusive>
   yes
  </exclusive>
  <sporty>
   no
  </sporty>
 </clothing>
 <clothing>
  <id>
   614748359
  </id>
  <name>
   Addidas Jeans Q-7688
  </name>
  <category>
   Jeans
  </category>
  <size>
   XL
  </size>
  <color>
   Голубой
  </color>
  <material>
   Вискоза
  </material>
  <price>
   565643
  </price>
  <rating>
   1.41
  </rating>
  <reviews>
   806832
  </reviews>
  <new>
   -
  </new>
  <exclusive>
   yes
  </exclusive>
  <sporty>
   yes
  </sporty>
 </clothing>
 <clothing>
  <id>
   976797733
  </id>
  <name>
   Nike Shoes S-3920
  </name>
  <category>
   Shoes
  </category>
  <size>
   L
  </size>
  <color>
   Зеленый
  </color>
  <material>
   Полиэстер
  </material>
  <price>
   846893
  </price>
  <rating>
   2.39
  </rating>
  <reviews>
   727883
  </reviews>
  <sporty>
   no
  </sporty>
 </clothing>
 <clothing>
  <id>
   439185007
  </id>
  <name>
   Brooks Blouse C-2063
  </name>
  <category>
   Blouse
  </category>
  <size>
   XXL
  </size>
  <color>
   Оранжевый
  </color>
  <material>
   Нейлон
  </material>
  <price>
   155958
  </price>
  <rating>
   2.94
  </rating>
  <reviews>
   857310
  </reviews>
  <new>
   -
  </new>
  <exclusive>
   yes
  </exclusive>
 </clothing>
 <clothing>
  <id>
   148518154
  </id>
  <name>
   Asics Jeans A-5536
  </name>
  <category>
   Jeans
  </category>
  <size>
   XL
  </size>
  <color>
   Зеленый
  </color>
  <material>
   Кожа
  </material>
  <price>
   809312
  </price>
  <rating>
   4.07
  </rating>
  <reviews>
   511678
  </reviews>
  <exclusive>
   no
  </exclusive>
  <sporty>
   yes
  </sporty>
 </clothing>
 <clothing>
  <id>
   767363543
  </id>
  <name>
   Adidas Sweater Y-7690
  </name>
  <category>
   Sweater
  </category>
  <size>
   XL
  </size>
  <color>
   Голубой
  </color>
  <material>
   Вискоза
  </material>
  <price>
   608969
  </price>
  <rating>
   4.11
  </rating>
  <reviews>
   123113
  </reviews>
  <sporty>
   no
  </sporty>
 </clothing>
 <clothing>
  <id>
   504755572
  </id>
  <name>
   New Balance Shoes W-6439
  </name>
  <category>
   Shoes
  </category>
  <size>
   L
  </size>
  <color>
   Синий
  </color>
  <material>
   Полиэстер
  </material>
  <price>
   584145
  </price>
  <rating>
   2.91
  </rating>
  <reviews>
   242990
  </reviews>
  <new>
   -
  </new>
  <exclusive>
   yes
  </exclusive>
 </clothing>
 <clothing>
  <id>
   753446533
  </id>
  <name>
   DC Handbags U-2578
  </name>
  <category>
   Handbags
  </category>
  <size>
   XL
  </size>
  <color>
   Красный
  </color>
  <material>
   Вискоза
  </material>
  <price>
   213161
  </price>
  <rating>
   4.69
  </rating>
  <reviews>
   655727
  </reviews>
  <exclusive>
   no
  </exclusive>
  <sporty>
   yes
  </sporty>
 </clothing>
 <clothing>
  <id>
   287048515
  </id>
  <name>
   Asics Pants G-1921
  </name>
  <category>
   Pants
  </category>
  <size>
   L
  </size>
  <color>
   Оранжевый
  </color>
  <material>
   Лен
  </material>
  <price>
   683535
  </price>
  <rating>
   4.08
  </rating>
  <reviews>
   383949
  </reviews>
  <new>
   +
  </new>
 </clothing>
 <clothing>
  <id>
   664835198
  </id>
  <name>
   Lacoste Socks P-5782
  </name>
  <category>
   Socks
  </category>
  <size>
   XXL
  </size>
  <color>
   Зеленый
  </color>
  <material>
   Нейлон
  </material>
  <price>
   919469
  </price>
  <rating>
   4.54
  </rating>
  <reviews>
   911632
  </reviews>
  <exclusive>
   no
  </exclusive>
 </clothing>
 <clothing>
  <id>
   400531449
  </id>
  <name>
   Reebok Jeans Q-1158
  </name>
  <category>
   Jeans
  </category>
  <size>
   XL
  </size>
  <color>
   Оранжевый
  </color>
  <material>
   Лен
  </material>
  <price>
   521985
  </price>
  <rating>
   1.33
  </rating>
  <reviews>
   398622
  </reviews>
  <new>
   +
  </new>
 </clothing>
 <clothing>
  <id>
   135584076
  </id>
  <name>
   DC Hat N-5736
  </name>
  <category>
   Hat
  </category>
  <size>
   S
  </size>
  <color>
   Голубой
  </color>
  <material>
   Нейлон
  </material>
  <price>
   977341
  </price>
  <rating>
   4.12
  </rating>
  <reviews>
   130092
  </reviews>
 </clothing>
 <clothing>
  <id>
   263502950
  </id>
  <name>
   Converse Belts G-3469
  </name>
  <category>
   Belts
  </category>
  <size>
   M
  </size>
  <color>
   Голубой
  </color>
  <material>
   Кожа
  </material>
  <price>
   557694
  </price>
  <rating>
   2.19
  </rating>
  <reviews>
   419166
  </reviews>
  <new>
   +
  </new>
  <exclusive>
   no
  </exclusive>
 </clothing>
 <clothing>
  <id>
   536551616
  </id>
  <name>
   Asics Pants G-7196
  </name>
  <category>
   Pants
  </category>
  <size>
   L
  </size>
  <color>
   Желтый
  </color>
  <material>
   Лен
  </material>
  <price>
   109992
  </price>
  <rating>
   2.97
  </rating>
  <reviews>
   452785
  </reviews>
  <new>
   -
  </new>
  <exclusive>
   yes
  </exclusive>
 </clothing>
 <clothing>
  <id>
   807201960
  </id>
  <name>
   Ellesse Gloves N-6618
  </name>
  <category>
   Gloves
  </category>
  <size>
   M
  </size>
  <color>
   Фиолетовый
  </color>
  <material>
   Вискоза
  </material>
  <price>
   171464
  </price>
  <rating>
   1.26
  </rating>
  <reviews>
   783604
  </reviews>
  <exclusive>
   no
  </exclusive>
 </clothing>
</clothing-items>
