<?xml version="1.0" encoding="utf-8"?>
<clothing-items>
 <clothing>
  <id>
   513546009
  </id>
  <name>
   Brooks Shirt L-3179
  </name>
  <category>
   Shirt
  </category>
  <size>
   XL
  </size>
  <color>
   Желтый
  </color>
  <material>
   Кожа
  </material>
  <price>
   991661
  </price>
  <rating>
   3.14
  </rating>
  <reviews>
   922029
  </reviews>
  <new>
   -
  </new>
  <exclusive>
   no
  </exclusive>
  <sporty>
   yes
  </sporty>
 </clothing>
 <clothing>
  <id>
   536292486
  </id>
  <name>
   Reebok Pants V-2292
  </name>
  <category>
   Pants
  </category>
  <size>
   XXL
  </size>
  <color>
   Голубой
  </color>
  <material>
   Лен
  </material>
  <price>
   421591
  </price>
  <rating>
   2.46
  </rating>
  <reviews>
   399550
  </reviews>
  <exclusive>
   yes
  </exclusive>
 </clothing>
 <clothing>
  <id>
   505884897
  </id>
  <name>
   Converse Skirt P-7349
  </name>
  <category>
   Skirt
  </category>
  <size>
   L
  </size>
  <color>
   Оранжевый
  </color>
  <material>
   Шелк
  </material>
  <price>
   156819
  </price>
  <rating>
   2.93
  </rating>
  <reviews>
   983373
  </reviews>
  <new>
   -
  </new>
  <exclusive>
   yes
  </exclusive>
  <sporty>
   no
  </sporty>
 </clothing>
 <clothing>
  <id>
   323374885
  </id>
  <name>
   Adidas Sweater J-3615
  </name>
  <category>
   Sweater
  </category>
  <size>
   M
  </size>
  <color>
   Синий
  </color>
  <material>
   Полиэстер
  </material>
  <price>
   619101
  </price>
  <rating>
   4.01
  </rating>
  <reviews>
   313577
  </reviews>
  <sporty>
   no
  </sporty>
 </clothing>
 <clothing>
  <id>
   543647492
  </id>
  <name>
   Brooks Jeans O-1500
  </name>
  <category>
   Jeans
  </category>
  <size>
   S
  </size>
  <color>
   Желтый
  </color>
  <material>
   Полиэстер
  </material>
  <price>
   343823
  </price>
  <rating>
   1.13
  </rating>
  <reviews>
   991365
  </reviews>
  <exclusive>
   no
  </exclusive>
  <sporty>
   yes
  </sporty>
 </clothing>
 <clothing>
  <id>
   260517591
  </id>
  <name>
   Puma Hat V-6581
  </name>
  <category>
   Hat
  </category>
  <size>
   XXL
  </size>
  <color>
   Синий
  </color>
  <material>
   Лен
  </material>
  <price>
   142387
  </price>
  <rating>
   2.11
  </rating>
  <reviews>
   157018
  </reviews>
  <new>
   -
  </new>
  <exclusive>
   no
  </exclusive>
  <sporty>
   no
  </sporty>
 </clothing>
 <clothing>
  <id>
   124971633
  </id>
  <name>
   Ellesse Socks K-3770
  </name>
  <category>
   Socks
  </category>
  <size>
   S
  </size>
  <color>
   Фиолетовый
  </color>
  <material>
   Шерсть
  </material>
  <price>
   118259
  </price>
  <rating>
   4.4
  </rating>
  <reviews>
   629840
  </reviews>
  <exclusive>
   no
  </exclusive>
  <sporty>
   no
  </sporty>
 </clothing>
 <clothing>
  <id>
   813338245
  </id>
  <name>
   Adidas Shoes H-6377
  </name>
  <category>
   Shoes
  </category>
  <size>
   XXL
  </size>
  <color>
   Фиолетовый
  </color>
  <material>
   Полиэстер
  </material>
  <price>
   966353
  </price>
  <rating>
   3.71
  </rating>
  <reviews>
   592487
  </reviews>
  <exclusive>
   no
  </exclusive>
  <sporty>
   yes
  </sporty>
 </clothing>
 <clothing>
  <id>
   345838211
  </id>
  <name>
   Puma Blouse K-1650
  </name>
  <category>
   Blouse
  </category>
  <size>
   S
  </size>
  <color>
   Синий
  </color>
  <material>
   Шелк
  </material>
  <price>
   561141
  </price>
  <rating>
   2.25
  </rating>
  <reviews>
   796082
  </reviews>
  <new>
   -
  </new>
  <exclusive>
   no
  </exclusive>
  <sporty>
   no
  </sporty>
 </clothing>
 <clothing>
  <id>
   955706183
  </id>
  <name>
   New Balance T-shirt A-6049
  </name>
  <category>
   T-shirt
  </category>
  <size>
   L
  </size>
  <color>
   Оранжевый
  </color>
  <material>
   Нейлон
  </material>
  <price>
   767624
  </price>
  <rating>
   4.11
  </rating>
  <reviews>
   596380
  </reviews>
  <new>
   -
  </new>
  <exclusive>
   yes
  </exclusive>
  <sporty>
   no
  </sporty>
 </clothing>
 <clothing>
  <id>
   350277969
  </id>
  <name>
   DC Shoes J-2751
  </name>
  <category>
   Shoes
  </category>
  <size>
   XL
  </size>
  <color>
   Фиолетовый
  </color>
  <material>
   Кожа
  </material>
  <price>
   794383
  </price>
  <rating>
   1.52
  </rating>
  <reviews>
   826655
  </reviews>
 </clothing>
 <clothing>
  <id>
   634372167
  </id>
  <name>
   DC Pants T-7910
  </name>
  <category>
   Pants
  </category>
  <size>
   XXL
  </size>
  <color>
   Синий
  </color>
  <material>
   Вискоза
  </material>
  <price>
   399004
  </price>
  <rating>
   4.47
  </rating>
  <reviews>
   994853
  </reviews>
  <new>
   +
  </new>
  <sporty>
   yes
  </sporty>
 </clothing>
 <clothing>
  <id>
   786334318
  </id>
  <name>
   DC Handbags R-8836
  </name>
  <category>
   Handbags
  </category>
  <size>
   M
  </size>
  <color>
   Синий
  </color>
  <material>
   Лен
  </material>
  <price>
   722962
  </price>
  <rating>
   3.07
  </rating>
  <reviews>
   882389
  </reviews>
  <new>
   +
  </new>
 </clothing>
 <clothing>
  <id>
   282238646
  </id>
  <name>
   PleinSport Jeans T-5479
  </name>
  <category>
   Jeans
  </category>
  <size>
   S
  </size>
  <color>
   Голубой
  </color>
  <material>
   Полиэстер
  </material>
  <price>
   540628
  </price>
  <rating>
   4.64
  </rating>
  <reviews>
   198860
  </reviews>
  <new>
   +
  </new>
 </clothing>
 <clothing>
  <id>
   415716451
  </id>
  <name>
   PleinSport Socks K-2976
  </name>
  <category>
   Socks
  </category>
  <size>
   L
  </size>
  <color>
   Фиолетовый
  </color>
  <material>
   Шерсть
  </material>
  <price>
   220200
  </price>
  <rating>
   2.85
  </rating>
  <reviews>
   132627
  </reviews>
  <new>
   -
  </new>
  <sporty>
   yes
  </sporty>
 </clothing>
</clothing-items>
