<?xml version="1.0" encoding="utf-8"?>
<clothing-items>
 <clothing>
  <id>
   805248498
  </id>
  <name>
   PleinSport Blouse M-5321
  </name>
  <category>
   Blouse
  </category>
  <size>
   L
  </size>
  <color>
   Голубой
  </color>
  <material>
   Полиэстер
  </material>
  <price>
   375515
  </price>
  <rating>
   2.72
  </rating>
  <reviews>
   705692
  </reviews>
  <new>
   +
  </new>
 </clothing>
 <clothing>
  <id>
   642626006
  </id>
  <name>
   Vans Shoes J-3703
  </name>
  <category>
   Shoes
  </category>
  <size>
   XL
  </size>
  <color>
   Голубой
  </color>
  <material>
   Вискоза
  </material>
  <price>
   116733
  </price>
  <rating>
   3.6
  </rating>
  <reviews>
   809725
  </reviews>
 </clothing>
 <clothing>
  <id>
   662307239
  </id>
  <name>
   Adidas Skirt F-1945
  </name>
  <category>
   Skirt
  </category>
  <size>
   L
  </size>
  <color>
   Оранжевый
  </color>
  <material>
   Вискоза
  </material>
  <price>
   145762
  </price>
  <rating>
   1.62
  </rating>
  <reviews>
   691776
  </reviews>
 </clothing>
 <clothing>
  <id>
   791126356
  </id>
  <name>
   Brooks Jeans Z-3490
  </name>
  <category>
   Jeans
  </category>
  <size>
   L
  </size>
  <color>
   Синий
  </color>
  <material>
   Нейлон
  </material>
  <price>
   801413
  </price>
  <rating>
   1.67
  </rating>
  <reviews>
   764916
  </reviews>
  <new>
   -
  </new>
 </clothing>
 <clothing>
  <id>
   731468266
  </id>
  <name>
   Under Armour Hat O-1947
  </name>
  <category>
   Hat
  </category>
  <size>
   XL
  </size>
  <color>
   Фиолетовый
  </color>
  <material>
   Нейлон
  </material>
  <price>
   597292
  </price>
  <rating>
   2.32
  </rating>
  <reviews>
   215400
  </reviews>
  <exclusive>
   yes
  </exclusive>
 </clothing>
 <clothing>
  <id>
   768031112
  </id>
  <name>
   Lacoste Belts R-3334
  </name>
  <category>
   Belts
  </category>
  <size>
   XXL
  </size>
  <color>
   Голубой
  </color>
  <material>
   Кожа
  </material>
  <price>
   326455
  </price>
  <rating>
   2.98
  </rating>
  <reviews>
   323777
  </reviews>
  <sporty>
   yes
  </sporty>
 </clothing>
 <clothing>
  <id>
   469765299
  </id>
  <name>
   Brooks T-shirt Q-5045
  </name>
  <category>
   T-shirt
  </category>
  <size>
   XL
  </size>
  <color>
   Голубой
  </color>
  <material>
   Хлопок
  </material>
  <price>
   233906
  </price>
  <rating>
   3.15
  </rating>
  <reviews>
   246335
  </reviews>
  <new>
   -
  </new>
  <exclusive>
   no
  </exclusive>
 </clothing>
 <clothing>
  <id>
   669008830
  </id>
  <name>
   Asics T-shirt W-2158
  </name>
  <category>
   T-shirt
  </category>
  <size>
   L
  </size>
  <color>
   Фиолетовый
  </color>
  <material>
   Нейлон
  </material>
  <price>
   187573
  </price>
  <rating>
   3.84
  </rating>
  <reviews>
   69892
  </reviews>
 </clothing>
 <clothing>
  <id>
   789478907
  </id>
  <name>
   Addidas Blouse Y-7458
  </name>
  <category>
   Blouse
  </category>
  <size>
   XXL
  </size>
  <color>
   Красный
  </color>
  <material>
   Лен
  </material>
  <price>
   864886
  </price>
  <rating>
   3.54
  </rating>
  <reviews>
   696585
  </reviews>
  <new>
   -
  </new>
  <sporty>
   yes
  </sporty>
 </clothing>
 <clothing>
  <id>
   804326417
  </id>
  <name>
   Converse Handbags Z-5246
  </name>
  <category>
   Handbags
  </category>
  <size>
   S
  </size>
  <color>
   Оранжевый
  </color>
  <material>
   Хлопок
  </material>
  <price>
   945905
  </price>
  <rating>
   2.38
  </rating>
  <reviews>
   284791
  </reviews>
 </clothing>
 <clothing>
  <id>
   358800417
  </id>
  <name>
   Adidas Jacket C-1501
  </name>
  <category>
   Jacket
  </category>
  <size>
   L
  </size>
  <color>
   Фиолетовый
  </color>
  <material>
   Кожа
  </material>
  <price>
   637775
  </price>
  <rating>
   1.69
  </rating>
  <reviews>
   390397
  </reviews>
  <new>
   +
  </new>
  <sporty>
   no
  </sporty>
 </clothing>
 <clothing>
  <id>
   110324948
  </id>
  <name>
   Converse Blouse M-6421
  </name>
  <category>
   Blouse
  </category>
  <size>
   XL
  </size>
  <color>
   Голубой
  </color>
  <material>
   Шелк
  </material>
  <price>
   471699
  </price>
  <rating>
   4.32
  </rating>
  <reviews>
   521867
  </reviews>
  <new>
   +
  </new>
  <exclusive>
   yes
  </exclusive>
 </clothing>
 <clothing>
  <id>
   600712053
  </id>
  <name>
   Vans Blouse H-7797
  </name>
  <category>
   Blouse
  </category>
  <size>
   XXL
  </size>
  <color>
   Красный
  </color>
  <material>
   Хлопок
  </material>
  <price>
   975122
  </price>
  <rating>
   1.84
  </rating>
  <reviews>
   906803
  </reviews>
  <sporty>
   yes
  </sporty>
 </clothing>
 <clothing>
  <id>
   985655896
  </id>
  <name>
   Nike T-shirt N-6436
  </name>
  <category>
   T-shirt
  </category>
  <size>
   S
  </size>
  <color>
   Оранжевый
  </color>
  <material>
   Кожа
  </material>
  <price>
   355493
  </price>
  <rating>
   2.48
  </rating>
  <reviews>
   428457
  </reviews>
  <exclusive>
   no
  </exclusive>
  <sporty>
   no
  </sporty>
 </clothing>
 <clothing>
  <id>
   394139760
  </id>
  <name>
   Fila T-shirt S-6798
  </name>
  <category>
   T-shirt
  </category>
  <size>
   XL
  </size>
  <color>
   Фиолетовый
  </color>
  <material>
   Шелк
  </material>
  <price>
   147503
  </price>
  <rating>
   3.85
  </rating>
  <reviews>
   751895
  </reviews>
  <new>
   -
  </new>
  <exclusive>
   yes
  </exclusive>
 </clothing>
 <clothing>
  <id>
   888079558
  </id>
  <name>
   Reebok Shirt F-1069
  </name>
  <category>
   Shirt
  </category>
  <size>
   XL
  </size>
  <color>
   Синий
  </color>
  <material>
   Вискоза
  </material>
  <price>
   954638
  </price>
  <rating>
   2.98
  </rating>
  <reviews>
   533571
  </reviews>
  <exclusive>
   no
  </exclusive>
 </clothing>
 <clothing>
  <id>
   337325974
  </id>
  <name>
   Brooks Dress X-5100
  </name>
  <category>
   Dress
  </category>
  <size>
   S
  </size>
  <color>
   Зеленый
  </color>
  <material>
   Полиэстер
  </material>
  <price>
   629898
  </price>
  <rating>
   3.4
  </rating>
  <reviews>
   111740
  </reviews>
  <sporty>
   no
  </sporty>
 </clothing>
 <clothing>
  <id>
   738631749
  </id>
  <name>
   Lacoste Blouse A-8405
  </name>
  <category>
   Blouse
  </category>
  <size>
   S
  </size>
  <color>
   Зеленый
  </color>
  <material>
   Вискоза
  </material>
  <price>
   929204
  </price>
  <rating>
   3.28
  </rating>
  <reviews>
   604423
  </reviews>
  <exclusive>
   yes
  </exclusive>
 </clothing>
 <clothing>
  <id>
   540729533
  </id>
  <name>
   Nike Gloves E-3272
  </name>
  <category>
   Gloves
  </category>
  <size>
   XXL
  </size>
  <color>
   Желтый
  </color>
  <material>
   Полиэстер
  </material>
  <price>
   299530
  </price>
  <rating>
   3.27
  </rating>
  <reviews>
   351129
  </reviews>
  <new>
   -
  </new>
  <exclusive>
   yes
  </exclusive>
 </clothing>
 <clothing>
  <id>
   732453553
  </id>
  <name>
   Addidas Dress R-1837
  </name>
  <category>
   Dress
  </category>
  <size>
   L
  </size>
  <color>
   Зеленый
  </color>
  <material>
   Полиэстер
  </material>
  <price>
   159990
  </price>
  <rating>
   1.75
  </rating>
  <reviews>
   483358
  </reviews>
  <new>
   +
  </new>
  <exclusive>
   no
  </exclusive>
 </clothing>
 <clothing>
  <id>
   777954536
  </id>
  <name>
   Vans Gloves F-9345
  </name>
  <category>
   Gloves
  </category>
  <size>
   M
  </size>
  <color>
   Зеленый
  </color>
  <material>
   Вискоза
  </material>
  <price>
   172152
  </price>
  <rating>
   4.27
  </rating>
  <reviews>
   564497
  </reviews>
  <new>
   +
  </new>
  <exclusive>
   yes
  </exclusive>
  <sporty>
   no
  </sporty>
 </clothing>
 <clothing>
  <id>
   669080417
  </id>
  <name>
   Lacoste Shoes K-8349
  </name>
  <category>
   Shoes
  </category>
  <size>
   XXL
  </size>
  <color>
   Фиолетовый
  </color>
  <material>
   Лен
  </material>
  <price>
   817580
  </price>
  <rating>
   2.53
  </rating>
  <reviews>
   524617
  </reviews>
  <new>
   +
  </new>
  <exclusive>
   no
  </exclusive>
 </clothing>
 <clothing>
  <id>
   559034700
  </id>
  <name>
   Adidas Skirt I-4378
  </name>
  <category>
   Skirt
  </category>
  <size>
   L
  </size>
  <color>
   Фиолетовый
  </color>
  <material>
   Кожа
  </material>
  <price>
   955982
  </price>
  <rating>
   1.88
  </rating>
  <reviews>
   981410
  </reviews>
  <exclusive>
   no
  </exclusive>
  <sporty>
   yes
  </sporty>
 </clothing>
 <clothing>
  <id>
   471108250
  </id>
  <name>
   Nike Socks M-4581
  </name>
  <category>
   Socks
  </category>
  <size>
   XL
  </size>
  <color>
   Красный
  </color>
  <material>
   Нейлон
  </material>
  <price>
   756324
  </price>
  <rating>
   4.45
  </rating>
  <reviews>
   647134
  </reviews>
  <exclusive>
   no
  </exclusive>
 </clothing>
 <clothing>
  <id>
   259844358
  </id>
  <name>
   Under Armour Jeans S-1675
  </name>
  <category>
   Jeans
  </category>
  <size>
   XXL
  </size>
  <color>
   Голубой
  </color>
  <material>
   Лен
  </material>
  <price>
   870679
  </price>
  <rating>
   1.72
  </rating>
  <reviews>
   695479
  </reviews>
 </clothing>
 <clothing>
  <id>
   531588491
  </id>
  <name>
   Fila Dress K-2905
  </name>
  <category>
   Dress
  </category>
  <size>
   XXL
  </size>
  <color>
   Красный
  </color>
  <material>
   Шелк
  </material>
  <price>
   684396
  </price>
  <rating>
   1.77
  </rating>
  <reviews>
   416153
  </reviews>
  <new>
   -
  </new>
  <exclusive>
   yes
  </exclusive>
 </clothing>
 <clothing>
  <id>
   183914147
  </id>
  <name>
   Fila Umbrellas L-6675
  </name>
  <category>
   Umbrellas
  </category>
  <size>
   S
  </size>
  <color>
   Желтый
  </color>
  <material>
   Вискоза
  </material>
  <price>
   501406
  </price>
  <rating>
   4.83
  </rating>
  <reviews>
   768348
  </reviews>
  <exclusive>
   yes
  </exclusive>
 </clothing>
 <clothing>
  <id>
   712931070
  </id>
  <name>
   New Balance Hat S-3992
  </name>
  <category>
   Hat
  </category>
  <size>
   XL
  </size>
  <color>
   Голубой
  </color>
  <material>
   Вискоза
  </material>
  <price>
   624888
  </price>
  <rating>
   4.27
  </rating>
  <reviews>
   273243
  </reviews>
  <exclusive>
   yes
  </exclusive>
  <sporty>
   yes
  </sporty>
 </clothing>
 <clothing>
  <id>
   692784353
  </id>
  <name>
   Reebok Umbrellas F-4743
  </name>
  <category>
   Umbrellas
  </category>
  <size>
   L
  </size>
  <color>
   Красный
  </color>
  <material>
   Кожа
  </material>
  <price>
   215677
  </price>
  <rating>
   3.79
  </rating>
  <reviews>
   479413
  </reviews>
  <sporty>
   no
  </sporty>
 </clothing>
 <clothing>
  <id>
   167337565
  </id>
  <name>
   New Balance T-shirt E-6200
  </name>
  <category>
   T-shirt
  </category>
  <size>
   S
  </size>
  <color>
   Зеленый
  </color>
  <material>
   Нейлон
  </material>
  <price>
   899741
  </price>
  <rating>
   3.6
  </rating>
  <reviews>
   890212
  </reviews>
  <exclusive>
   no
  </exclusive>
 </clothing>
 <clothing>
  <id>
   908066396
  </id>
  <name>
   Ellesse Shirt W-6097
  </name>
  <category>
   Shirt
  </category>
  <size>
   XL
  </size>
  <color>
   Фиолетовый
  </color>
  <material>
   Шерсть
  </material>
  <price>
   795994
  </price>
  <rating>
   3.86
  </rating>
  <reviews>
   255957
  </reviews>
  <new>
   +
  </new>
  <exclusive>
   no
  </exclusive>
  <sporty>
   yes
  </sporty>
 </clothing>
 <clothing>
  <id>
   975032589
  </id>
  <name>
   Asics Umbrellas P-9948
  </name>
  <category>
   Umbrellas
  </category>
  <size>
   XL
  </size>
  <color>
   Голубой
  </color>
  <material>
   Кожа
  </material>
  <price>
   823857
  </price>
  <rating>
   1.41
  </rating>
  <reviews>
   526791
  </reviews>
  <exclusive>
   no
  </exclusive>
 </clothing>
 <clothing>
  <id>
   768751677
  </id>
  <name>
   Converse Handbags S-5714
  </name>
  <category>
   Handbags
  </category>
  <size>
   XXL
  </size>
  <color>
   Зеленый
  </color>
  <material>
   Полиэстер
  </material>
  <price>
   270958
  </price>
  <rating>
   1.2
  </rating>
  <reviews>
   208688
  </reviews>
  <new>
   -
  </new>
  <exclusive>
   no
  </exclusive>
 </clothing>
 <clothing>
  <id>
   737176347
  </id>
  <name>
   DC Hat H-2704
  </name>
  <category>
   Hat
  </category>
  <size>
   M
  </size>
  <color>
   Синий
  </color>
  <material>
   Лен
  </material>
  <price>
   807529
  </price>
  <rating>
   1.04
  </rating>
  <reviews>
   607935
  </reviews>
  <sporty>
   yes
  </sporty>
 </clothing>
 <clothing>
  <id>
   588495842
  </id>
  <name>
   Adidas Jeans Z-4091
  </name>
  <category>
   Jeans
  </category>
  <size>
   XXL
  </size>
  <color>
   Фиолетовый
  </color>
  <material>
   Шерсть
  </material>
  <price>
   244106
  </price>
  <rating>
   2.1
  </rating>
  <reviews>
   43416
  </reviews>
  <new>
   -
  </new>
 </clothing>
 <clothing>
  <id>
   822697153
  </id>
  <name>
   Under Armour Skirt A-6529
  </name>
  <category>
   Skirt
  </category>
  <size>
   XXL
  </size>
  <color>
   Зеленый
  </color>
  <material>
   Кожа
  </material>
  <price>
   611900
  </price>
  <rating>
   4.99
  </rating>
  <reviews>
   631083
  </reviews>
  <exclusive>
   yes
  </exclusive>
 </clothing>
 <clothing>
  <id>
   861609620
  </id>
  <name>
   Ellesse Pants P-2883
  </name>
  <category>
   Pants
  </category>
  <size>
   XL
  </size>
  <color>
   Желтый
  </color>
  <material>
   Нейлон
  </material>
  <price>
   691484
  </price>
  <rating>
   3.16
  </rating>
  <reviews>
   852245
  </reviews>
  <new>
   -
  </new>
  <exclusive>
   no
  </exclusive>
  <sporty>
   yes
  </sporty>
 </clothing>
 <clothing>
  <id>
   445466004
  </id>
  <name>
   Lacoste Umbrellas E-3761
  </name>
  <category>
   Umbrellas
  </category>
  <size>
   XXL
  </size>
  <color>
   Оранжевый
  </color>
  <material>
   Кожа
  </material>
  <price>
   318102
  </price>
  <rating>
   3.99
  </rating>
  <reviews>
   923066
  </reviews>
  <exclusive>
   no
  </exclusive>
  <sporty>
   yes
  </sporty>
 </clothing>
 <clothing>
  <id>
   851778673
  </id>
  <name>
   Converse T-shirt Z-5140
  </name>
  <category>
   T-shirt
  </category>
  <size>
   M
  </size>
  <color>
   Фиолетовый
  </color>
  <material>
   Шерсть
  </material>
  <price>
   647461
  </price>
  <rating>
   3.02
  </rating>
  <reviews>
   841596
  </reviews>
 </clothing>
 <clothing>
  <id>
   367767699
  </id>
  <name>
   Asics Gloves J-2191
  </name>
  <category>
   Gloves
  </category>
  <size>
   L
  </size>
  <color>
   Зеленый
  </color>
  <material>
   Хлопок
  </material>
  <price>
   626757
  </price>
  <rating>
   2.6
  </rating>
  <reviews>
   129139
  </reviews>
  <exclusive>
   yes
  </exclusive>
 </clothing>
 <clothing>
  <id>
   837648379
  </id>
  <name>
   PleinSport Pants E-1086
  </name>
  <category>
   Pants
  </category>
  <size>
   M
  </size>
  <color>
   Зеленый
  </color>
  <material>
   Кожа
  </material>
  <price>
   695345
  </price>
  <rating>
   3.63
  </rating>
  <reviews>
   675979
  </reviews>
  <exclusive>
   no
  </exclusive>
  <sporty>
   no
  </sporty>
 </clothing>
 <clothing>
  <id>
   410088105
  </id>
  <name>
   Under Armour Pants U-5806
  </name>
  <category>
   Pants
  </category>
  <size>
   L
  </size>
  <color>
   Желтый
  </color>
  <material>
   Кожа
  </material>
  <price>
   398586
  </price>
  <rating>
   3.85
  </rating>
  <reviews>
   366937
  </reviews>
  <new>
   +
  </new>
  <exclusive>
   no
  </exclusive>
  <sporty>
   yes
  </sporty>
 </clothing>
 <clothing>
  <id>
   717928836
  </id>
  <name>
   Nike Shirt H-8368
  </name>
  <category>
   Shirt
  </category>
  <size>
   XXL
  </size>
  <color>
   Красный
  </color>
  <material>
   Полиэстер
  </material>
  <price>
   212603
  </price>
  <rating>
   4.73
  </rating>
  <reviews>
   510161
  </reviews>
  <new>
   +
  </new>
  <exclusive>
   yes
  </exclusive>
 </clothing>
 <clothing>
  <id>
   380799815
  </id>
  <name>
   Fila Belts X-1536
  </name>
  <category>
   Belts
  </category>
  <size>
   M
  </size>
  <color>
   Голубой
  </color>
  <material>
   Полиэстер
  </material>
  <price>
   137034
  </price>
  <rating>
   1.3
  </rating>
  <reviews>
   298920
  </reviews>
  <exclusive>
   no
  </exclusive>
  <sporty>
   yes
  </sporty>
 </clothing>
 <clothing>
  <id>
   329006208
  </id>
  <name>
   Vans Sweater H-5776
  </name>
  <category>
   Sweater
  </category>
  <size>
   XL
  </size>
  <color>
   Оранжевый
  </color>
  <material>
   Полиэстер
  </material>
  <price>
   424525
  </price>
  <rating>
   2.43
  </rating>
  <reviews>
   359954
  </reviews>
  <new>
   -
  </new>
  <exclusive>
   no
  </exclusive>
  <sporty>
   no
  </sporty>
 </clothing>
 <clothing>
  <id>
   234278723
  </id>
  <name>
   Ellesse Pants O-6049
  </name>
  <category>
   Pants
  </category>
  <size>
   XXL
  </size>
  <color>
   Красный
  </color>
  <material>
   Кожа
  </material>
  <price>
   921995
  </price>
  <rating>
   1.09
  </rating>
  <reviews>
   621206
  </reviews>
  <exclusive>
   yes
  </exclusive>
  <sporty>
   no
  </sporty>
 </clothing>
 <clothing>
  <id>
   711302025
  </id>
  <name>
   Asics Gloves A-1607
  </name>
  <category>
   Gloves
  </category>
  <size>
   L
  </size>
  <color>
   Фиолетовый
  </color>
  <material>
   Шелк
  </material>
  <price>
   148473
  </price>
  <rating>
   1.52
  </rating>
  <reviews>
   859179
  </reviews>
  <exclusive>
   no
  </exclusive>
 </clothing>
 <clothing>
  <id>
   939607574
  </id>
  <name>
   New Balance Belts D-3223
  </name>
  <category>
   Belts
  </category>
  <size>
   XL
  </size>
  <color>
   Оранжевый
  </color>
  <material>
   Нейлон
  </material>
  <price>
   828197
  </price>
  <rating>
   4.11
  </rating>
  <reviews>
   298614
  </reviews>
 </clothing>
 <clothing>
  <id>
   167828439
  </id>
  <name>
   PleinSport Blouse B-7392
  </name>
  <category>
   Blouse
  </category>
  <size>
   M
  </size>
  <color>
   Желтый
  </color>
  <material>
   Шерсть
  </material>
  <price>
   539778
  </price>
  <rating>
   4.47
  </rating>
  <reviews>
   257207
  </reviews>
  <new>
   -
  </new>
  <exclusive>
   yes
  </exclusive>
 </clothing>
 <clothing>
  <id>
   375692265
  </id>
  <name>
   Fila Skirt E-5935
  </name>
  <category>
   Skirt
  </category>
  <size>
   L
  </size>
  <color>
   Фиолетовый
  </color>
  <material>
   Лен
  </material>
  <price>
   810388
  </price>
  <rating>
   1.05
  </rating>
  <reviews>
   571561
  </reviews>
  <new>
   +
  </new>
  <sporty>
   no
  </sporty>
 </clothing>
</clothing-items>
