<?xml version="1.0" encoding="utf-8"?>
<clothing-items>
 <clothing>
  <id>
   258775376
  </id>
  <name>
   New Balance Gloves H-3991
  </name>
  <category>
   Gloves
  </category>
  <size>
   XL
  </size>
  <color>
   Зеленый
  </color>
  <material>
   Шерсть
  </material>
  <price>
   982956
  </price>
  <rating>
   2.29
  </rating>
  <reviews>
   12220
  </reviews>
  <new>
   -
  </new>
  <exclusive>
   yes
  </exclusive>
 </clothing>
 <clothing>
  <id>
   804441564
  </id>
  <name>
   Converse Umbrellas V-8275
  </name>
  <category>
   Umbrellas
  </category>
  <size>
   S
  </size>
  <color>
   Голубой
  </color>
  <material>
   Вискоза
  </material>
  <price>
   730864
  </price>
  <rating>
   1.63
  </rating>
  <reviews>
   585910
  </reviews>
  <new>
   -
  </new>
  <sporty>
   yes
  </sporty>
 </clothing>
 <clothing>
  <id>
   532101813
  </id>
  <name>
   Adidas T-shirt O-1980
  </name>
  <category>
   T-shirt
  </category>
  <size>
   L
  </size>
  <color>
   Голубой
  </color>
  <material>
   Вискоза
  </material>
  <price>
   508183
  </price>
  <rating>
   3.12
  </rating>
  <reviews>
   919051
  </reviews>
  <exclusive>
   no
  </exclusive>
 </clothing>
 <clothing>
  <id>
   742098895
  </id>
  <name>
   New Balance Dress V-7898
  </name>
  <category>
   Dress
  </category>
  <size>
   S
  </size>
  <color>
   Красный
  </color>
  <material>
   Хлопок
  </material>
  <price>
   209907
  </price>
  <rating>
   4.06
  </rating>
  <reviews>
   394878
  </reviews>
  <new>
   +
  </new>
  <exclusive>
   no
  </exclusive>
  <sporty>
   yes
  </sporty>
 </clothing>
 <clothing>
  <id>
   516088932
  </id>
  <name>
   Converse Umbrellas M-8637
  </name>
  <category>
   Umbrellas
  </category>
  <size>
   XXL
  </size>
  <color>
   Оранжевый
  </color>
  <material>
   Вискоза
  </material>
  <price>
   111960
  </price>
  <rating>
   3.05
  </rating>
  <reviews>
   35544
  </reviews>
  <new>
   -
  </new>
  <exclusive>
   yes
  </exclusive>
  <sporty>
   yes
  </sporty>
 </clothing>
 <clothing>
  <id>
   813636889
  </id>
  <name>
   Lacoste Jacket B-6455
  </name>
  <category>
   Jacket
  </category>
  <size>
   S
  </size>
  <color>
   Голубой
  </color>
  <material>
   Кожа
  </material>
  <price>
   692388
  </price>
  <rating>
   3.73
  </rating>
  <reviews>
   371801
  </reviews>
  <new>
   -
  </new>
  <exclusive>
   yes
  </exclusive>
  <sporty>
   yes
  </sporty>
 </clothing>
 <clothing>
  <id>
   168842264
  </id>
  <name>
   Under Armour Shoes G-5510
  </name>
  <category>
   Shoes
  </category>
  <size>
   S
  </size>
  <color>
   Оранжевый
  </color>
  <material>
   Хлопок
  </material>
  <price>
   985473
  </price>
  <rating>
   4.88
  </rating>
  <reviews>
   943806
  </reviews>
  <new>
   -
  </new>
 </clothing>
 <clothing>
  <id>
   250660378
  </id>
  <name>
   Addidas Skirt F-7335
  </name>
  <category>
   Skirt
  </category>
  <size>
   XL
  </size>
  <color>
   Синий
  </color>
  <material>
   Нейлон
  </material>
  <price>
   710085
  </price>
  <rating>
   1.83
  </rating>
  <reviews>
   692765
  </reviews>
  <new>
   +
  </new>
  <exclusive>
   yes
  </exclusive>
  <sporty>
   no
  </sporty>
 </clothing>
 <clothing>
  <id>
   664255656
  </id>
  <name>
   Brooks Shoes H-9671
  </name>
  <category>
   Shoes
  </category>
  <size>
   L
  </size>
  <color>
   Оранжевый
  </color>
  <material>
   Полиэстер
  </material>
  <price>
   379402
  </price>
  <rating>
   1.6
  </rating>
  <reviews>
   436615
  </reviews>
  <new>
   -
  </new>
 </clothing>
 <clothing>
  <id>
   848777314
  </id>
  <name>
   Addidas Sweater D-1341
  </name>
  <category>
   Sweater
  </category>
  <size>
   L
  </size>
  <color>
   Оранжевый
  </color>
  <material>
   Шерсть
  </material>
  <price>
   449403
  </price>
  <rating>
   1.04
  </rating>
  <reviews>
   200030
  </reviews>
  <exclusive>
   no
  </exclusive>
 </clothing>
 <clothing>
  <id>
   214885255
  </id>
  <name>
   Brooks Shoes H-7583
  </name>
  <category>
   Shoes
  </category>
  <size>
   XXL
  </size>
  <color>
   Голубой
  </color>
  <material>
   Шерсть
  </material>
  <price>
   836919
  </price>
  <rating>
   1.34
  </rating>
  <reviews>
   710405
  </reviews>
  <new>
   +
  </new>
 </clothing>
 <clothing>
  <id>
   911818629
  </id>
  <name>
   Under Armour Shoes K-1481
  </name>
  <category>
   Shoes
  </category>
  <size>
   M
  </size>
  <color>
   Фиолетовый
  </color>
  <material>
   Кожа
  </material>
  <price>
   872424
  </price>
  <rating>
   2.94
  </rating>
  <reviews>
   817382
  </reviews>
  <new>
   -
  </new>
  <sporty>
   yes
  </sporty>
 </clothing>
 <clothing>
  <id>
   323118161
  </id>
  <name>
   Puma Handbags F-8725
  </name>
  <category>
   Handbags
  </category>
  <size>
   L
  </size>
  <color>
   Желтый
  </color>
  <material>
   Кожа
  </material>
  <price>
   465110
  </price>
  <rating>
   1.4
  </rating>
  <reviews>
   521565
  </reviews>
  <new>
   +
  </new>
  <exclusive>
   yes
  </exclusive>
  <sporty>
   no
  </sporty>
 </clothing>
 <clothing>
  <id>
   531305163
  </id>
  <name>
   New Balance Gloves D-3458
  </name>
  <category>
   Gloves
  </category>
  <size>
   XXL
  </size>
  <color>
   Желтый
  </color>
  <material>
   Нейлон
  </material>
  <price>
   801087
  </price>
  <rating>
   2.94
  </rating>
  <reviews>
   326948
  </reviews>
  <exclusive>
   no
  </exclusive>
  <sporty>
   yes
  </sporty>
 </clothing>
 <clothing>
  <id>
   120668621
  </id>
  <name>
   Lacoste Jeans Q-8440
  </name>
  <category>
   Jeans
  </category>
  <size>
   M
  </size>
  <color>
   Оранжевый
  </color>
  <material>
   Шелк
  </material>
  <price>
   336134
  </price>
  <rating>
   1.72
  </rating>
  <reviews>
   990909
  </reviews>
  <new>
   +
  </new>
 </clothing>
 <clothing>
  <id>
   925452516
  </id>
  <name>
   Puma Skirt C-6336
  </name>
  <category>
   Skirt
  </category>
  <size>
   L
  </size>
  <color>
   Синий
  </color>
  <material>
   Шерсть
  </material>
  <price>
   558463
  </price>
  <rating>
   2.97
  </rating>
  <reviews>
   387222
  </reviews>
  <new>
   -
  </new>
  <exclusive>
   yes
  </exclusive>
 </clothing>
 <clothing>
  <id>
   338452607
  </id>
  <name>
   PleinSport Socks W-1560
  </name>
  <category>
   Socks
  </category>
  <size>
   M
  </size>
  <color>
   Фиолетовый
  </color>
  <material>
   Полиэстер
  </material>
  <price>
   426931
  </price>
  <rating>
   4.1
  </rating>
  <reviews>
   856276
  </reviews>
  <new>
   -
  </new>
  <exclusive>
   no
  </exclusive>
  <sporty>
   yes
  </sporty>
 </clothing>
 <clothing>
  <id>
   163509453
  </id>
  <name>
   Vans Belts V-7436
  </name>
  <category>
   Belts
  </category>
  <size>
   XL
  </size>
  <color>
   Голубой
  </color>
  <material>
   Шелк
  </material>
  <price>
   295539
  </price>
  <rating>
   2.39
  </rating>
  <reviews>
   421855
  </reviews>
  <new>
   -
  </new>
  <exclusive>
   no
  </exclusive>
  <sporty>
   no
  </sporty>
 </clothing>
 <clothing>
  <id>
   234312966
  </id>
  <name>
   Vans Belts Z-1734
  </name>
  <category>
   Belts
  </category>
  <size>
   XXL
  </size>
  <color>
   Зеленый
  </color>
  <material>
   Хлопок
  </material>
  <price>
   855375
  </price>
  <rating>
   2.62
  </rating>
  <reviews>
   135791
  </reviews>
  <new>
   -
  </new>
 </clothing>
 <clothing>
  <id>
   969418324
  </id>
  <name>
   Fila Jacket S-5928
  </name>
  <category>
   Jacket
  </category>
  <size>
   XXL
  </size>
  <color>
   Красный
  </color>
  <material>
   Полиэстер
  </material>
  <price>
   888330
  </price>
  <rating>
   1.8
  </rating>
  <reviews>
   350572
  </reviews>
  <new>
   +
  </new>
 </clothing>
 <clothing>
  <id>
   547869403
  </id>
  <name>
   Nike Shirt K-6248
  </name>
  <category>
   Shirt
  </category>
  <size>
   L
  </size>
  <color>
   Голубой
  </color>
  <material>
   Вискоза
  </material>
  <price>
   319856
  </price>
  <rating>
   4.62
  </rating>
  <reviews>
   496747
  </reviews>
  <exclusive>
   yes
  </exclusive>
  <sporty>
   no
  </sporty>
 </clothing>
 <clothing>
  <id>
   397111509
  </id>
  <name>
   Vans Jacket H-7901
  </name>
  <category>
   Jacket
  </category>
  <size>
   L
  </size>
  <color>
   Красный
  </color>
  <material>
   Вискоза
  </material>
  <price>
   224400
  </price>
  <rating>
   2.35
  </rating>
  <reviews>
   455204
  </reviews>
  <new>
   +
  </new>
  <exclusive>
   no
  </exclusive>
 </clothing>
 <clothing>
  <id>
   622597795
  </id>
  <name>
   Brooks Gloves C-2351
  </name>
  <category>
   Gloves
  </category>
  <size>
   XL
  </size>
  <color>
   Фиолетовый
  </color>
  <material>
   Кожа
  </material>
  <price>
   761021
  </price>
  <rating>
   2.86
  </rating>
  <reviews>
   140585
  </reviews>
  <new>
   +
  </new>
 </clothing>
</clothing-items>
