<?xml version="1.0" encoding="utf-8"?>
<clothing-items>
 <clothing>
  <id>
   390019773
  </id>
  <name>
   Nike Dress K-3514
  </name>
  <category>
   Dress
  </category>
  <size>
   XXL
  </size>
  <color>
   Оранжевый
  </color>
  <material>
   Кожа
  </material>
  <price>
   448684
  </price>
  <rating>
   3.07
  </rating>
  <reviews>
   309280
  </reviews>
  <new>
   -
  </new>
  <exclusive>
   yes
  </exclusive>
 </clothing>
 <clothing>
  <id>
   671288118
  </id>
  <name>
   New Balance Dress A-4966
  </name>
  <category>
   Dress
  </category>
  <size>
   M
  </size>
  <color>
   Фиолетовый
  </color>
  <material>
   Хлопок
  </material>
  <price>
   289016
  </price>
  <rating>
   4.05
  </rating>
  <reviews>
   785246
  </reviews>
  <new>
   -
  </new>
  <exclusive>
   no
  </exclusive>
  <sporty>
   yes
  </sporty>
 </clothing>
 <clothing>
  <id>
   624674187
  </id>
  <name>
   DC Shirt F-3346
  </name>
  <category>
   Shirt
  </category>
  <size>
   XL
  </size>
  <color>
   Красный
  </color>
  <material>
   Шерсть
  </material>
  <price>
   351680
  </price>
  <rating>
   4.75
  </rating>
  <reviews>
   788354
  </reviews>
  <new>
   +
  </new>
  <exclusive>
   yes
  </exclusive>
  <sporty>
   no
  </sporty>
 </clothing>
 <clothing>
  <id>
   493663746
  </id>
  <name>
   New Balance Umbrellas U-7882
  </name>
  <category>
   Umbrellas
  </category>
  <size>
   L
  </size>
  <color>
   Зеленый
  </color>
  <material>
   Шерсть
  </material>
  <price>
   581291
  </price>
  <rating>
   1.87
  </rating>
  <reviews>
   974155
  </reviews>
  <new>
   -
  </new>
  <sporty>
   no
  </sporty>
 </clothing>
 <clothing>
  <id>
   905269045
  </id>
  <name>
   New Balance Shoes N-4411
  </name>
  <category>
   Shoes
  </category>
  <size>
   XXL
  </size>
  <color>
   Синий
  </color>
  <material>
   Кожа
  </material>
  <price>
   765429
  </price>
  <rating>
   2.54
  </rating>
  <reviews>
   650236
  </reviews>
  <exclusive>
   yes
  </exclusive>
  <sporty>
   no
  </sporty>
 </clothing>
 <clothing>
  <id>
   332200154
  </id>
  <name>
   Asics Dress C-4764
  </name>
  <category>
   Dress
  </category>
  <size>
   M
  </size>
  <color>
   Желтый
  </color>
  <material>
   Вискоза
  </material>
  <price>
   430525
  </price>
  <rating>
   4.28
  </rating>
  <reviews>
   294012
  </reviews>
  <exclusive>
   no
  </exclusive>
  <sporty>
   no
  </sporty>
 </clothing>
 <clothing>
  <id>
   140455453
  </id>
  <name>
   DC T-shirt B-3589
  </name>
  <category>
   T-shirt
  </category>
  <size>
   XL
  </size>
  <color>
   Голубой
  </color>
  <material>
   Вискоза
  </material>
  <price>
   512537
  </price>
  <rating>
   1.18
  </rating>
  <reviews>
   139775
  </reviews>
  <new>
   -
  </new>
 </clothing>
 <clothing>
  <id>
   996243763
  </id>
  <name>
   DC Shoes Q-5635
  </name>
  <category>
   Shoes
  </category>
  <size>
   S
  </size>
  <color>
   Желтый
  </color>
  <material>
   Лен
  </material>
  <price>
   942700
  </price>
  <rating>
   1.82
  </rating>
  <reviews>
   924942
  </reviews>
  <new>
   -
  </new>
  <sporty>
   no
  </sporty>
 </clothing>
 <clothing>
  <id>
   754961475
  </id>
  <name>
   Under Armour Socks J-8045
  </name>
  <category>
   Socks
  </category>
  <size>
   L
  </size>
  <color>
   Зеленый
  </color>
  <material>
   Полиэстер
  </material>
  <price>
   358975
  </price>
  <rating>
   2.37
  </rating>
  <reviews>
   953433
  </reviews>
  <new>
   -
  </new>
  <exclusive>
   no
  </exclusive>
  <sporty>
   no
  </sporty>
 </clothing>
 <clothing>
  <id>
   597412479
  </id>
  <name>
   Brooks Jacket D-1981
  </name>
  <category>
   Jacket
  </category>
  <size>
   S
  </size>
  <color>
   Голубой
  </color>
  <material>
   Лен
  </material>
  <price>
   841065
  </price>
  <rating>
   4.87
  </rating>
  <reviews>
   314956
  </reviews>
  <new>
   +
  </new>
  <exclusive>
   yes
  </exclusive>
  <sporty>
   no
  </sporty>
 </clothing>
 <clothing>
  <id>
   866586713
  </id>
  <name>
   Nike Hat M-5524
  </name>
  <category>
   Hat
  </category>
  <size>
   XXL
  </size>
  <color>
   Зеленый
  </color>
  <material>
   Шелк
  </material>
  <price>
   565822
  </price>
  <rating>
   1.79
  </rating>
  <reviews>
   98353
  </reviews>
 </clothing>
 <clothing>
  <id>
   620166010
  </id>
  <name>
   Ellesse Handbags Y-1081
  </name>
  <category>
   Handbags
  </category>
  <size>
   S
  </size>
  <color>
   Зеленый
  </color>
  <material>
   Шерсть
  </material>
  <price>
   256275
  </price>
  <rating>
   1.26
  </rating>
  <reviews>
   695267
  </reviews>
  <new>
   -
  </new>
 </clothing>
 <clothing>
  <id>
   111316574
  </id>
  <name>
   DC Umbrellas K-7959
  </name>
  <category>
   Umbrellas
  </category>
  <size>
   L
  </size>
  <color>
   Фиолетовый
  </color>
  <material>
   Шелк
  </material>
  <price>
   334748
  </price>
  <rating>
   2.21
  </rating>
  <reviews>
   103937
  </reviews>
  <exclusive>
   no
  </exclusive>
  <sporty>
   yes
  </sporty>
 </clothing>
 <clothing>
  <id>
   859604220
  </id>
  <name>
   Under Armour Pants Q-9513
  </name>
  <category>
   Pants
  </category>
  <size>
   M
  </size>
  <color>
   Фиолетовый
  </color>
  <material>
   Лен
  </material>
  <price>
   551473
  </price>
  <rating>
   2.66
  </rating>
  <reviews>
   367553
  </reviews>
  <new>
   +
  </new>
  <sporty>
   no
  </sporty>
 </clothing>
 <clothing>
  <id>
   250666457
  </id>
  <name>
   Vans Shirt T-6380
  </name>
  <category>
   Shirt
  </category>
  <size>
   XXL
  </size>
  <color>
   Фиолетовый
  </color>
  <material>
   Хлопок
  </material>
  <price>
   697953
  </price>
  <rating>
   2.79
  </rating>
  <reviews>
   325372
  </reviews>
  <new>
   +
  </new>
  <exclusive>
   no
  </exclusive>
  <sporty>
   yes
  </sporty>
 </clothing>
 <clothing>
  <id>
   855835770
  </id>
  <name>
   Reebok Blouse Q-7464
  </name>
  <category>
   Blouse
  </category>
  <size>
   XL
  </size>
  <color>
   Желтый
  </color>
  <material>
   Кожа
  </material>
  <price>
   935082
  </price>
  <rating>
   2.35
  </rating>
  <reviews>
   566348
  </reviews>
  <sporty>
   no
  </sporty>
 </clothing>
 <clothing>
  <id>
   307059662
  </id>
  <name>
   Vans Blouse K-3428
  </name>
  <category>
   Blouse
  </category>
  <size>
   M
  </size>
  <color>
   Зеленый
  </color>
  <material>
   Шерсть
  </material>
  <price>
   545901
  </price>
  <rating>
   2.23
  </rating>
  <reviews>
   627708
  </reviews>
  <new>
   +
  </new>
  <sporty>
   yes
  </sporty>
 </clothing>
 <clothing>
  <id>
   777251883
  </id>
  <name>
   Ellesse Dress K-2040
  </name>
  <category>
   Dress
  </category>
  <size>
   S
  </size>
  <color>
   Красный
  </color>
  <material>
   Шерсть
  </material>
  <price>
   494005
  </price>
  <rating>
   1.37
  </rating>
  <reviews>
   590506
  </reviews>
  <new>
   -
  </new>
  <sporty>
   yes
  </sporty>
 </clothing>
 <clothing>
  <id>
   533466500
  </id>
  <name>
   DC Shoes V-6908
  </name>
  <category>
   Shoes
  </category>
  <size>
   XL
  </size>
  <color>
   Оранжевый
  </color>
  <material>
   Нейлон
  </material>
  <price>
   191546
  </price>
  <rating>
   1.9
  </rating>
  <reviews>
   203640
  </reviews>
  <new>
   -
  </new>
 </clothing>
 <clothing>
  <id>
   520735506
  </id>
  <name>
   Fila Pants I-8328
  </name>
  <category>
   Pants
  </category>
  <size>
   XL
  </size>
  <color>
   Желтый
  </color>
  <material>
   Шелк
  </material>
  <price>
   992903
  </price>
  <rating>
   2.55
  </rating>
  <reviews>
   841810
  </reviews>
  <new>
   +
  </new>
  <exclusive>
   no
  </exclusive>
 </clothing>
 <clothing>
  <id>
   675990837
  </id>
  <name>
   PleinSport Jeans D-4682
  </name>
  <category>
   Jeans
  </category>
  <size>
   S
  </size>
  <color>
   Фиолетовый
  </color>
  <material>
   Нейлон
  </material>
  <price>
   700801
  </price>
  <rating>
   1.05
  </rating>
  <reviews>
   972557
  </reviews>
  <exclusive>
   yes
  </exclusive>
  <sporty>
   yes
  </sporty>
 </clothing>
 <clothing>
  <id>
   701474836
  </id>
  <name>
   Converse Shoes B-1718
  </name>
  <category>
   Shoes
  </category>
  <size>
   S
  </size>
  <color>
   Красный
  </color>
  <material>
   Хлопок
  </material>
  <price>
   614545
  </price>
  <rating>
   4.8
  </rating>
  <reviews>
   688771
  </reviews>
  <exclusive>
   yes
  </exclusive>
  <sporty>
   yes
  </sporty>
 </clothing>
 <clothing>
  <id>
   263333694
  </id>
  <name>
   Brooks Blouse F-9032
  </name>
  <category>
   Blouse
  </category>
  <size>
   S
  </size>
  <color>
   Синий
  </color>
  <material>
   Шелк
  </material>
  <price>
   399765
  </price>
  <rating>
   3.64
  </rating>
  <reviews>
   201304
  </reviews>
  <new>
   -
  </new>
  <sporty>
   yes
  </sporty>
 </clothing>
 <clothing>
  <id>
   312336660
  </id>
  <name>
   Fila Belts N-3358
  </name>
  <category>
   Belts
  </category>
  <size>
   XL
  </size>
  <color>
   Голубой
  </color>
  <material>
   Кожа
  </material>
  <price>
   153562
  </price>
  <rating>
   3.63
  </rating>
  <reviews>
   120347
  </reviews>
  <new>
   +
  </new>
  <sporty>
   no
  </sporty>
 </clothing>
 <clothing>
  <id>
   623744235
  </id>
  <name>
   Lacoste Jacket R-2294
  </name>
  <category>
   Jacket
  </category>
  <size>
   XL
  </size>
  <color>
   Зеленый
  </color>
  <material>
   Вискоза
  </material>
  <price>
   521681
  </price>
  <rating>
   1.23
  </rating>
  <reviews>
   124154
  </reviews>
  <new>
   +
  </new>
 </clothing>
 <clothing>
  <id>
   340400777
  </id>
  <name>
   Under Armour Jeans T-4157
  </name>
  <category>
   Jeans
  </category>
  <size>
   S
  </size>
  <color>
   Зеленый
  </color>
  <material>
   Полиэстер
  </material>
  <price>
   186803
  </price>
  <rating>
   4.04
  </rating>
  <reviews>
   753591
  </reviews>
  <exclusive>
   no
  </exclusive>
 </clothing>
 <clothing>
  <id>
   305040124
  </id>
  <name>
   PleinSport Jeans V-2798
  </name>
  <category>
   Jeans
  </category>
  <size>
   XXL
  </size>
  <color>
   Голубой
  </color>
  <material>
   Хлопок
  </material>
  <price>
   834090
  </price>
  <rating>
   4.68
  </rating>
  <reviews>
   975655
  </reviews>
  <exclusive>
   no
  </exclusive>
  <sporty>
   yes
  </sporty>
 </clothing>
 <clothing>
  <id>
   569326633
  </id>
  <name>
   Adidas Skirt Z-6593
  </name>
  <category>
   Skirt
  </category>
  <size>
   L
  </size>
  <color>
   Голубой
  </color>
  <material>
   Хлопок
  </material>
  <price>
   158913
  </price>
  <rating>
   4.9
  </rating>
  <reviews>
   549179
  </reviews>
  <new>
   +
  </new>
  <exclusive>
   no
  </exclusive>
  <sporty>
   yes
  </sporty>
 </clothing>
 <clothing>
  <id>
   643814340
  </id>
  <name>
   PleinSport Belts G-2946
  </name>
  <category>
   Belts
  </category>
  <size>
   S
  </size>
  <color>
   Желтый
  </color>
  <material>
   Лен
  </material>
  <price>
   171129
  </price>
  <rating>
   4.89
  </rating>
  <reviews>
   380543
  </reviews>
 </clothing>
 <clothing>
  <id>
   146499106
  </id>
  <name>
   Fila Pants F-5974
  </name>
  <category>
   Pants
  </category>
  <size>
   XL
  </size>
  <color>
   Оранжевый
  </color>
  <material>
   Хлопок
  </material>
  <price>
   719908
  </price>
  <rating>
   2.34
  </rating>
  <reviews>
   220807
  </reviews>
  <exclusive>
   no
  </exclusive>
 </clothing>
 <clothing>
  <id>
   706118232
  </id>
  <name>
   Ellesse Hat T-8601
  </name>
  <category>
   Hat
  </category>
  <size>
   S
  </size>
  <color>
   Желтый
  </color>
  <material>
   Лен
  </material>
  <price>
   514974
  </price>
  <rating>
   2.71
  </rating>
  <reviews>
   753557
  </reviews>
  <new>
   +
  </new>
  <sporty>
   no
  </sporty>
 </clothing>
 <clothing>
  <id>
   926373004
  </id>
  <name>
   Reebok Shirt K-8259
  </name>
  <category>
   Shirt
  </category>
  <size>
   L
  </size>
  <color>
   Оранжевый
  </color>
  <material>
   Полиэстер
  </material>
  <price>
   744513
  </price>
  <rating>
   2.37
  </rating>
  <reviews>
   195392
  </reviews>
  <new>
   +
  </new>
  <exclusive>
   no
  </exclusive>
  <sporty>
   yes
  </sporty>
 </clothing>
 <clothing>
  <id>
   810989669
  </id>
  <name>
   Fila Skirt K-6645
  </name>
  <category>
   Skirt
  </category>
  <size>
   S
  </size>
  <color>
   Зеленый
  </color>
  <material>
   Хлопок
  </material>
  <price>
   984356
  </price>
  <rating>
   2.18
  </rating>
  <reviews>
   996355
  </reviews>
  <exclusive>
   no
  </exclusive>
 </clothing>
 <clothing>
  <id>
   265650981
  </id>
  <name>
   Adidas Jeans Z-3155
  </name>
  <category>
   Jeans
  </category>
  <size>
   L
  </size>
  <color>
   Фиолетовый
  </color>
  <material>
   Полиэстер
  </material>
  <price>
   767213
  </price>
  <rating>
   3.97
  </rating>
  <reviews>
   185790
  </reviews>
  <new>
   -
  </new>
  <exclusive>
   no
  </exclusive>
 </clothing>
 <clothing>
  <id>
   170424369
  </id>
  <name>
   Reebok Jacket T-6089
  </name>
  <category>
   Jacket
  </category>
  <size>
   XL
  </size>
  <color>
   Желтый
  </color>
  <material>
   Кожа
  </material>
  <price>
   251737
  </price>
  <rating>
   2.98
  </rating>
  <reviews>
   925850
  </reviews>
  <exclusive>
   yes
  </exclusive>
 </clothing>
 <clothing>
  <id>
   235163727
  </id>
  <name>
   Under Armour Dress H-4939
  </name>
  <category>
   Dress
  </category>
  <size>
   XL
  </size>
  <color>
   Голубой
  </color>
  <material>
   Полиэстер
  </material>
  <price>
   467668
  </price>
  <rating>
   2.97
  </rating>
  <reviews>
   957534
  </reviews>
  <sporty>
   yes
  </sporty>
 </clothing>
 <clothing>
  <id>
   333352400
  </id>
  <name>
   Converse Belts R-3648
  </name>
  <category>
   Belts
  </category>
  <size>
   M
  </size>
  <color>
   Желтый
  </color>
  <material>
   Вискоза
  </material>
  <price>
   427637
  </price>
  <rating>
   3.26
  </rating>
  <reviews>
   411015
  </reviews>
  <new>
   +
  </new>
  <exclusive>
   yes
  </exclusive>
  <sporty>
   yes
  </sporty>
 </clothing>
 <clothing>
  <id>
   619448863
  </id>
  <name>
   Converse Socks M-6841
  </name>
  <category>
   Socks
  </category>
  <size>
   S
  </size>
  <color>
   Зеленый
  </color>
  <material>
   Нейлон
  </material>
  <price>
   385598
  </price>
  <rating>
   4.75
  </rating>
  <reviews>
   780205
  </reviews>
  <new>
   -
  </new>
  <exclusive>
   no
  </exclusive>
  <sporty>
   no
  </sporty>
 </clothing>
 <clothing>
  <id>
   894529877
  </id>
  <name>
   Nike Jeans C-8488
  </name>
  <category>
   Jeans
  </category>
  <size>
   XXL
  </size>
  <color>
   Оранжевый
  </color>
  <material>
   Шерсть
  </material>
  <price>
   720365
  </price>
  <rating>
   2.01
  </rating>
  <reviews>
   31738
  </reviews>
  <new>
   +
  </new>
  <exclusive>
   no
  </exclusive>
  <sporty>
   no
  </sporty>
 </clothing>
 <clothing>
  <id>
   940583822
  </id>
  <name>
   Fila Handbags E-1691
  </name>
  <category>
   Handbags
  </category>
  <size>
   L
  </size>
  <color>
   Желтый
  </color>
  <material>
   Хлопок
  </material>
  <price>
   663210
  </price>
  <rating>
   3.32
  </rating>
  <reviews>
   406251
  </reviews>
  <new>
   -
  </new>
  <sporty>
   no
  </sporty>
 </clothing>
 <clothing>
  <id>
   793526362
  </id>
  <name>
   Lacoste Pants I-6549
  </name>
  <category>
   Pants
  </category>
  <size>
   L
  </size>
  <color>
   Желтый
  </color>
  <material>
   Полиэстер
  </material>
  <price>
   258163
  </price>
  <rating>
   3.03
  </rating>
  <reviews>
   113078
  </reviews>
  <exclusive>
   no
  </exclusive>
 </clothing>
 <clothing>
  <id>
   411135575
  </id>
  <name>
   Converse Pants P-5703
  </name>
  <category>
   Pants
  </category>
  <size>
   XL
  </size>
  <color>
   Голубой
  </color>
  <material>
   Шелк
  </material>
  <price>
   360123
  </price>
  <rating>
   3.37
  </rating>
  <reviews>
   659246
  </reviews>
  <sporty>
   no
  </sporty>
 </clothing>
 <clothing>
  <id>
   248499130
  </id>
  <name>
   PleinSport Umbrellas A-5897
  </name>
  <category>
   Umbrellas
  </category>
  <size>
   XXL
  </size>
  <color>
   Фиолетовый
  </color>
  <material>
   Вискоза
  </material>
  <price>
   438168
  </price>
  <rating>
   3.07
  </rating>
  <reviews>
   862099
  </reviews>
  <exclusive>
   no
  </exclusive>
  <sporty>
   no
  </sporty>
 </clothing>
 <clothing>
  <id>
   890801408
  </id>
  <name>
   Lacoste Pants S-3851
  </name>
  <category>
   Pants
  </category>
  <size>
   XXL
  </size>
  <color>
   Фиолетовый
  </color>
  <material>
   Кожа
  </material>
  <price>
   306960
  </price>
  <rating>
   1.31
  </rating>
  <reviews>
   539543
  </reviews>
  <new>
   -
  </new>
  <exclusive>
   yes
  </exclusive>
  <sporty>
   yes
  </sporty>
 </clothing>
 <clothing>
  <id>
   762869696
  </id>
  <name>
   Ellesse Pants F-4920
  </name>
  <category>
   Pants
  </category>
  <size>
   XXL
  </size>
  <color>
   Синий
  </color>
  <material>
   Кожа
  </material>
  <price>
   661672
  </price>
  <rating>
   3.17
  </rating>
  <reviews>
   299128
  </reviews>
  <new>
   +
  </new>
  <sporty>
   yes
  </sporty>
 </clothing>
 <clothing>
  <id>
   491261344
  </id>
  <name>
   New Balance Belts R-9630
  </name>
  <category>
   Belts
  </category>
  <size>
   L
  </size>
  <color>
   Голубой
  </color>
  <material>
   Шерсть
  </material>
  <price>
   835537
  </price>
  <rating>
   2.23
  </rating>
  <reviews>
   302630
  </reviews>
  <new>
   -
  </new>
  <sporty>
   no
  </sporty>
 </clothing>
 <clothing>
  <id>
   894524111
  </id>
  <name>
   Puma Blouse G-3054
  </name>
  <category>
   Blouse
  </category>
  <size>
   XL
  </size>
  <color>
   Желтый
  </color>
  <material>
   Хлопок
  </material>
  <price>
   458422
  </price>
  <rating>
   1.37
  </rating>
  <reviews>
   616392
  </reviews>
  <exclusive>
   yes
  </exclusive>
 </clothing>
 <clothing>
  <id>
   957520742
  </id>
  <name>
   Converse Shirt W-2691
  </name>
  <category>
   Shirt
  </category>
  <size>
   S
  </size>
  <color>
   Синий
  </color>
  <material>
   Шелк
  </material>
  <price>
   900034
  </price>
  <rating>
   1.23
  </rating>
  <reviews>
   507774
  </reviews>
  <exclusive>
   yes
  </exclusive>
 </clothing>
 <clothing>
  <id>
   808894250
  </id>
  <name>
   Puma Umbrellas D-6748
  </name>
  <category>
   Umbrellas
  </category>
  <size>
   S
  </size>
  <color>
   Фиолетовый
  </color>
  <material>
   Шерсть
  </material>
  <price>
   854431
  </price>
  <rating>
   1.74
  </rating>
  <reviews>
   560997
  </reviews>
  <new>
   -
  </new>
 </clothing>
</clothing-items>
