<?xml version="1.0" encoding="utf-8"?>
<clothing-items>
 <clothing>
  <id>
   903828154
  </id>
  <name>
   Lacoste Sweater J-4824
  </name>
  <category>
   Sweater
  </category>
  <size>
   XXL
  </size>
  <color>
   Синий
  </color>
  <material>
   Нейлон
  </material>
  <price>
   585934
  </price>
  <rating>
   2.85
  </rating>
  <reviews>
   621642
  </reviews>
 </clothing>
 <clothing>
  <id>
   559832649
  </id>
  <name>
   Puma Gloves M-6992
  </name>
  <category>
   Gloves
  </category>
  <size>
   S
  </size>
  <color>
   Фиолетовый
  </color>
  <material>
   Шерсть
  </material>
  <price>
   368297
  </price>
  <rating>
   3.73
  </rating>
  <reviews>
   663015
  </reviews>
  <new>
   -
  </new>
  <sporty>
   no
  </sporty>
 </clothing>
 <clothing>
  <id>
   241688171
  </id>
  <name>
   Under Armour Socks V-1440
  </name>
  <category>
   Socks
  </category>
  <size>
   XXL
  </size>
  <color>
   Красный
  </color>
  <material>
   Вискоза
  </material>
  <price>
   933225
  </price>
  <rating>
   1.51
  </rating>
  <reviews>
   495351
  </reviews>
  <new>
   +
  </new>
  <sporty>
   yes
  </sporty>
 </clothing>
 <clothing>
  <id>
   585744357
  </id>
  <name>
   Ellesse Hat V-9976
  </name>
  <category>
   Hat
  </category>
  <size>
   XXL
  </size>
  <color>
   Зеленый
  </color>
  <material>
   Полиэстер
  </material>
  <price>
   235941
  </price>
  <rating>
   4.28
  </rating>
  <reviews>
   603671
  </reviews>
  <exclusive>
   yes
  </exclusive>
 </clothing>
 <clothing>
  <id>
   555056292
  </id>
  <name>
   Nike Belts J-2197
  </name>
  <category>
   Belts
  </category>
  <size>
   L
  </size>
  <color>
   Оранжевый
  </color>
  <material>
   Нейлон
  </material>
  <price>
   684281
  </price>
  <rating>
   4.84
  </rating>
  <reviews>
   941608
  </reviews>
  <exclusive>
   no
  </exclusive>
 </clothing>
 <clothing>
  <id>
   604145926
  </id>
  <name>
   Puma Handbags Q-2370
  </name>
  <category>
   Handbags
  </category>
  <size>
   S
  </size>
  <color>
   Фиолетовый
  </color>
  <material>
   Вискоза
  </material>
  <price>
   121113
  </price>
  <rating>
   4.62
  </rating>
  <reviews>
   835425
  </reviews>
  <new>
   +
  </new>
  <exclusive>
   yes
  </exclusive>
  <sporty>
   no
  </sporty>
 </clothing>
 <clothing>
  <id>
   883290277
  </id>
  <name>
   Fila Belts M-5360
  </name>
  <category>
   Belts
  </category>
  <size>
   L
  </size>
  <color>
   Красный
  </color>
  <material>
   Вискоза
  </material>
  <price>
   205039
  </price>
  <rating>
   1.97
  </rating>
  <reviews>
   208550
  </reviews>
  <new>
   +
  </new>
  <exclusive>
   no
  </exclusive>
  <sporty>
   yes
  </sporty>
 </clothing>
 <clothing>
  <id>
   279485727
  </id>
  <name>
   New Balance Shirt I-1527
  </name>
  <category>
   Shirt
  </category>
  <size>
   M
  </size>
  <color>
   Красный
  </color>
  <material>
   Шерсть
  </material>
  <price>
   168513
  </price>
  <rating>
   2.42
  </rating>
  <reviews>
   623005
  </reviews>
  <new>
   +
  </new>
 </clothing>
 <clothing>
  <id>
   724919528
  </id>
  <name>
   Vans Socks Q-6200
  </name>
  <category>
   Socks
  </category>
  <size>
   M
  </size>
  <color>
   Синий
  </color>
  <material>
   Шелк
  </material>
  <price>
   469249
  </price>
  <rating>
   3.26
  </rating>
  <reviews>
   515287
  </reviews>
  <new>
   -
  </new>
 </clothing>
 <clothing>
  <id>
   491191930
  </id>
  <name>
   New Balance Sweater V-3965
  </name>
  <category>
   Sweater
  </category>
  <size>
   L
  </size>
  <color>
   Оранжевый
  </color>
  <material>
   Шелк
  </material>
  <price>
   810660
  </price>
  <rating>
   3.14
  </rating>
  <reviews>
   627759
  </reviews>
  <new>
   -
  </new>
 </clothing>
 <clothing>
  <id>
   943776171
  </id>
  <name>
   Reebok Dress M-8868
  </name>
  <category>
   Dress
  </category>
  <size>
   M
  </size>
  <color>
   Желтый
  </color>
  <material>
   Лен
  </material>
  <price>
   371971
  </price>
  <rating>
   1.84
  </rating>
  <reviews>
   478462
  </reviews>
  <new>
   +
  </new>
  <exclusive>
   no
  </exclusive>
 </clothing>
 <clothing>
  <id>
   423674588
  </id>
  <name>
   New Balance Hat K-2101
  </name>
  <category>
   Hat
  </category>
  <size>
   L
  </size>
  <color>
   Оранжевый
  </color>
  <material>
   Хлопок
  </material>
  <price>
   375336
  </price>
  <rating>
   4.0
  </rating>
  <reviews>
   218278
  </reviews>
  <sporty>
   no
  </sporty>
 </clothing>
 <clothing>
  <id>
   447807499
  </id>
  <name>
   Nike T-shirt S-1922
  </name>
  <category>
   T-shirt
  </category>
  <size>
   XXL
  </size>
  <color>
   Оранжевый
  </color>
  <material>
   Полиэстер
  </material>
  <price>
   982043
  </price>
  <rating>
   4.31
  </rating>
  <reviews>
   631363
  </reviews>
  <new>
   -
  </new>
  <exclusive>
   yes
  </exclusive>
  <sporty>
   yes
  </sporty>
 </clothing>
 <clothing>
  <id>
   524892728
  </id>
  <name>
   Adidas Jeans K-1071
  </name>
  <category>
   Jeans
  </category>
  <size>
   XL
  </size>
  <color>
   Зеленый
  </color>
  <material>
   Лен
  </material>
  <price>
   214455
  </price>
  <rating>
   3.88
  </rating>
  <reviews>
   526067
  </reviews>
  <new>
   -
  </new>
 </clothing>
 <clothing>
  <id>
   478826751
  </id>
  <name>
   Addidas T-shirt Z-6011
  </name>
  <category>
   T-shirt
  </category>
  <size>
   S
  </size>
  <color>
   Оранжевый
  </color>
  <material>
   Полиэстер
  </material>
  <price>
   967883
  </price>
  <rating>
   3.29
  </rating>
  <reviews>
   205289
  </reviews>
  <sporty>
   no
  </sporty>
 </clothing>
 <clothing>
  <id>
   120699202
  </id>
  <name>
   Lacoste Pants V-6214
  </name>
  <category>
   Pants
  </category>
  <size>
   XL
  </size>
  <color>
   Голубой
  </color>
  <material>
   Кожа
  </material>
  <price>
   207491
  </price>
  <rating>
   2.17
  </rating>
  <reviews>
   167082
  </reviews>
  <sporty>
   no
  </sporty>
 </clothing>
 <clothing>
  <id>
   244302952
  </id>
  <name>
   Ellesse Jacket F-3241
  </name>
  <category>
   Jacket
  </category>
  <size>
   M
  </size>
  <color>
   Оранжевый
  </color>
  <material>
   Шелк
  </material>
  <price>
   144092
  </price>
  <rating>
   2.54
  </rating>
  <reviews>
   109766
  </reviews>
  <new>
   -
  </new>
  <sporty>
   no
  </sporty>
 </clothing>
 <clothing>
  <id>
   859937442
  </id>
  <name>
   Addidas Shoes L-7814
  </name>
  <category>
   Shoes
  </category>
  <size>
   XXL
  </size>
  <color>
   Голубой
  </color>
  <material>
   Вискоза
  </material>
  <price>
   250592
  </price>
  <rating>
   3.22
  </rating>
  <reviews>
   386489
  </reviews>
  <new>
   +
  </new>
 </clothing>
 <clothing>
  <id>
   835255345
  </id>
  <name>
   Addidas Shoes V-4082
  </name>
  <category>
   Shoes
  </category>
  <size>
   M
  </size>
  <color>
   Голубой
  </color>
  <material>
   Шелк
  </material>
  <price>
   771435
  </price>
  <rating>
   3.77
  </rating>
  <reviews>
   731450
  </reviews>
  <exclusive>
   yes
  </exclusive>
  <sporty>
   no
  </sporty>
 </clothing>
 <clothing>
  <id>
   514756914
  </id>
  <name>
   Converse Socks E-8471
  </name>
  <category>
   Socks
  </category>
  <size>
   M
  </size>
  <color>
   Синий
  </color>
  <material>
   Полиэстер
  </material>
  <price>
   353194
  </price>
  <rating>
   1.02
  </rating>
  <reviews>
   461056
  </reviews>
  <new>
   +
  </new>
  <sporty>
   yes
  </sporty>
 </clothing>
 <clothing>
  <id>
   321693236
  </id>
  <name>
   PleinSport T-shirt V-1693
  </name>
  <category>
   T-shirt
  </category>
  <size>
   M
  </size>
  <color>
   Зеленый
  </color>
  <material>
   Шерсть
  </material>
  <price>
   238538
  </price>
  <rating>
   3.33
  </rating>
  <reviews>
   715061
  </reviews>
  <new>
   -
  </new>
  <exclusive>
   no
  </exclusive>
  <sporty>
   no
  </sporty>
 </clothing>
 <clothing>
  <id>
   938046935
  </id>
  <name>
   Puma Belts Z-3079
  </name>
  <category>
   Belts
  </category>
  <size>
   M
  </size>
  <color>
   Фиолетовый
  </color>
  <material>
   Полиэстер
  </material>
  <price>
   997450
  </price>
  <rating>
   4.93
  </rating>
  <reviews>
   181150
  </reviews>
  <new>
   -
  </new>
  <exclusive>
   no
  </exclusive>
  <sporty>
   no
  </sporty>
 </clothing>
 <clothing>
  <id>
   779312017
  </id>
  <name>
   Adidas Shoes P-8046
  </name>
  <category>
   Shoes
  </category>
  <size>
   S
  </size>
  <color>
   Голубой
  </color>
  <material>
   Кожа
  </material>
  <price>
   917776
  </price>
  <rating>
   3.64
  </rating>
  <reviews>
   348787
  </reviews>
  <new>
   +
  </new>
 </clothing>
 <clothing>
  <id>
   716791922
  </id>
  <name>
   Reebok Umbrellas R-2167
  </name>
  <category>
   Umbrellas
  </category>
  <size>
   S
  </size>
  <color>
   Голубой
  </color>
  <material>
   Вискоза
  </material>
  <price>
   690870
  </price>
  <rating>
   4.97
  </rating>
  <reviews>
   120525
  </reviews>
  <exclusive>
   yes
  </exclusive>
  <sporty>
   yes
  </sporty>
 </clothing>
 <clothing>
  <id>
   356115003
  </id>
  <name>
   Brooks Pants C-4298
  </name>
  <category>
   Pants
  </category>
  <size>
   M
  </size>
  <color>
   Красный
  </color>
  <material>
   Нейлон
  </material>
  <price>
   845112
  </price>
  <rating>
   4.58
  </rating>
  <reviews>
   526055
  </reviews>
  <exclusive>
   no
  </exclusive>
 </clothing>
 <clothing>
  <id>
   482380661
  </id>
  <name>
   DC Socks N-2790
  </name>
  <category>
   Socks
  </category>
  <size>
   S
  </size>
  <color>
   Голубой
  </color>
  <material>
   Шелк
  </material>
  <price>
   696520
  </price>
  <rating>
   2.9
  </rating>
  <reviews>
   729651
  </reviews>
  <exclusive>
   yes
  </exclusive>
 </clothing>
 <clothing>
  <id>
   109215420
  </id>
  <name>
   Brooks Blouse Y-9907
  </name>
  <category>
   Blouse
  </category>
  <size>
   M
  </size>
  <color>
   Оранжевый
  </color>
  <material>
   Шерсть
  </material>
  <price>
   465753
  </price>
  <rating>
   4.1
  </rating>
  <reviews>
   321394
  </reviews>
  <new>
   -
  </new>
  <exclusive>
   no
  </exclusive>
 </clothing>
 <clothing>
  <id>
   603920103
  </id>
  <name>
   Puma Belts C-9364
  </name>
  <category>
   Belts
  </category>
  <size>
   XL
  </size>
  <color>
   Фиолетовый
  </color>
  <material>
   Вискоза
  </material>
  <price>
   967962
  </price>
  <rating>
   1.52
  </rating>
  <reviews>
   89565
  </reviews>
  <sporty>
   no
  </sporty>
 </clothing>
 <clothing>
  <id>
   529157190
  </id>
  <name>
   New Balance Handbags R-9022
  </name>
  <category>
   Handbags
  </category>
  <size>
   L
  </size>
  <color>
   Оранжевый
  </color>
  <material>
   Полиэстер
  </material>
  <price>
   124633
  </price>
  <rating>
   3.78
  </rating>
  <reviews>
   608205
  </reviews>
  <new>
   +
  </new>
 </clothing>
 <clothing>
  <id>
   343707882
  </id>
  <name>
   Adidas Shoes V-4393
  </name>
  <category>
   Shoes
  </category>
  <size>
   S
  </size>
  <color>
   Оранжевый
  </color>
  <material>
   Хлопок
  </material>
  <price>
   201932
  </price>
  <rating>
   3.87
  </rating>
  <reviews>
   341858
  </reviews>
  <new>
   +
  </new>
  <exclusive>
   yes
  </exclusive>
  <sporty>
   yes
  </sporty>
 </clothing>
 <clothing>
  <id>
   763302707
  </id>
  <name>
   Under Armour Hat N-4656
  </name>
  <category>
   Hat
  </category>
  <size>
   XXL
  </size>
  <color>
   Зеленый
  </color>
  <material>
   Полиэстер
  </material>
  <price>
   756045
  </price>
  <rating>
   3.5
  </rating>
  <reviews>
   490538
  </reviews>
  <new>
   -
  </new>
 </clothing>
 <clothing>
  <id>
   366849460
  </id>
  <name>
   Lacoste Belts T-5686
  </name>
  <category>
   Belts
  </category>
  <size>
   L
  </size>
  <color>
   Оранжевый
  </color>
  <material>
   Хлопок
  </material>
  <price>
   701305
  </price>
  <rating>
   4.54
  </rating>
  <reviews>
   835040
  </reviews>
  <new>
   -
  </new>
  <exclusive>
   no
  </exclusive>
  <sporty>
   no
  </sporty>
 </clothing>
 <clothing>
  <id>
   701581131
  </id>
  <name>
   Fila Belts Z-3859
  </name>
  <category>
   Belts
  </category>
  <size>
   S
  </size>
  <color>
   Желтый
  </color>
  <material>
   Лен
  </material>
  <price>
   653443
  </price>
  <rating>
   4.0
  </rating>
  <reviews>
   270894
  </reviews>
 </clothing>
 <clothing>
  <id>
   268480204
  </id>
  <name>
   PleinSport Socks R-9700
  </name>
  <category>
   Socks
  </category>
  <size>
   XXL
  </size>
  <color>
   Синий
  </color>
  <material>
   Шерсть
  </material>
  <price>
   846075
  </price>
  <rating>
   4.58
  </rating>
  <reviews>
   737483
  </reviews>
  <new>
   +
  </new>
  <sporty>
   yes
  </sporty>
 </clothing>
 <clothing>
  <id>
   746677275
  </id>
  <name>
   Converse Jeans X-7599
  </name>
  <category>
   Jeans
  </category>
  <size>
   S
  </size>
  <color>
   Красный
  </color>
  <material>
   Хлопок
  </material>
  <price>
   775944
  </price>
  <rating>
   1.3
  </rating>
  <reviews>
   379972
  </reviews>
  <exclusive>
   no
  </exclusive>
  <sporty>
   no
  </sporty>
 </clothing>
 <clothing>
  <id>
   230493786
  </id>
  <name>
   Reebok Jacket S-8876
  </name>
  <category>
   Jacket
  </category>
  <size>
   XL
  </size>
  <color>
   Синий
  </color>
  <material>
   Шерсть
  </material>
  <price>
   208033
  </price>
  <rating>
   1.11
  </rating>
  <reviews>
   997905
  </reviews>
  <new>
   -
  </new>
  <exclusive>
   no
  </exclusive>
  <sporty>
   no
  </sporty>
 </clothing>
 <clothing>
  <id>
   202782331
  </id>
  <name>
   Reebok Skirt S-5267
  </name>
  <category>
   Skirt
  </category>
  <size>
   L
  </size>
  <color>
   Желтый
  </color>
  <material>
   Полиэстер
  </material>
  <price>
   435375
  </price>
  <rating>
   1.29
  </rating>
  <reviews>
   828354
  </reviews>
  <new>
   +
  </new>
 </clothing>
 <clothing>
  <id>
   130728272
  </id>
  <name>
   Reebok Skirt M-5479
  </name>
  <category>
   Skirt
  </category>
  <size>
   L
  </size>
  <color>
   Желтый
  </color>
  <material>
   Шелк
  </material>
  <price>
   434700
  </price>
  <rating>
   2.33
  </rating>
  <reviews>
   537795
  </reviews>
  <new>
   +
  </new>
  <sporty>
   yes
  </sporty>
 </clothing>
 <clothing>
  <id>
   871119828
  </id>
  <name>
   Nike Dress S-3260
  </name>
  <category>
   Dress
  </category>
  <size>
   XL
  </size>
  <color>
   Красный
  </color>
  <material>
   Вискоза
  </material>
  <price>
   527035
  </price>
  <rating>
   4.54
  </rating>
  <reviews>
   788336
  </reviews>
  <new>
   -
  </new>
  <exclusive>
   no
  </exclusive>
  <sporty>
   no
  </sporty>
 </clothing>
 <clothing>
  <id>
   385539061
  </id>
  <name>
   Nike Belts B-7130
  </name>
  <category>
   Belts
  </category>
  <size>
   L
  </size>
  <color>
   Голубой
  </color>
  <material>
   Шелк
  </material>
  <price>
   419538
  </price>
  <rating>
   2.55
  </rating>
  <reviews>
   119593
  </reviews>
  <new>
   +
  </new>
  <sporty>
   no
  </sporty>
 </clothing>
</clothing-items>
