<?xml version="1.0" encoding="utf-8"?>
<clothing-items>
 <clothing>
  <id>
   937094561
  </id>
  <name>
   Adidas Hat H-1661
  </name>
  <category>
   Hat
  </category>
  <size>
   M
  </size>
  <color>
   Оранжевый
  </color>
  <material>
   Шерсть
  </material>
  <price>
   978893
  </price>
  <rating>
   4.08
  </rating>
  <reviews>
   444179
  </reviews>
  <new>
   +
  </new>
  <exclusive>
   yes
  </exclusive>
 </clothing>
 <clothing>
  <id>
   420768437
  </id>
  <name>
   Vans Belts I-6271
  </name>
  <category>
   Belts
  </category>
  <size>
   L
  </size>
  <color>
   Синий
  </color>
  <material>
   Шерсть
  </material>
  <price>
   561586
  </price>
  <rating>
   4.33
  </rating>
  <reviews>
   757459
  </reviews>
  <new>
   -
  </new>
  <exclusive>
   no
  </exclusive>
  <sporty>
   no
  </sporty>
 </clothing>
 <clothing>
  <id>
   944716878
  </id>
  <name>
   Puma T-shirt I-6665
  </name>
  <category>
   T-shirt
  </category>
  <size>
   L
  </size>
  <color>
   Синий
  </color>
  <material>
   Вискоза
  </material>
  <price>
   746219
  </price>
  <rating>
   3.16
  </rating>
  <reviews>
   107309
  </reviews>
  <new>
   -
  </new>
  <exclusive>
   no
  </exclusive>
  <sporty>
   no
  </sporty>
 </clothing>
 <clothing>
  <id>
   518786611
  </id>
  <name>
   Asics Belts C-2645
  </name>
  <category>
   Belts
  </category>
  <size>
   XXL
  </size>
  <color>
   Желтый
  </color>
  <material>
   Хлопок
  </material>
  <price>
   462207
  </price>
  <rating>
   1.37
  </rating>
  <reviews>
   201640
  </reviews>
  <new>
   +
  </new>
  <exclusive>
   no
  </exclusive>
  <sporty>
   no
  </sporty>
 </clothing>
 <clothing>
  <id>
   691082299
  </id>
  <name>
   Brooks Jacket B-9604
  </name>
  <category>
   Jacket
  </category>
  <size>
   XXL
  </size>
  <color>
   Оранжевый
  </color>
  <material>
   Шелк
  </material>
  <price>
   900808
  </price>
  <rating>
   4.17
  </rating>
  <reviews>
   696066
  </reviews>
  <new>
   +
  </new>
  <exclusive>
   yes
  </exclusive>
  <sporty>
   no
  </sporty>
 </clothing>
 <clothing>
  <id>
   230983930
  </id>
  <name>
   Addidas Handbags L-2912
  </name>
  <category>
   Handbags
  </category>
  <size>
   S
  </size>
  <color>
   Фиолетовый
  </color>
  <material>
   Вискоза
  </material>
  <price>
   225069
  </price>
  <rating>
   3.19
  </rating>
  <reviews>
   340679
  </reviews>
  <exclusive>
   yes
  </exclusive>
 </clothing>
 <clothing>
  <id>
   812480747
  </id>
  <name>
   Brooks Jacket O-9469
  </name>
  <category>
   Jacket
  </category>
  <size>
   L
  </size>
  <color>
   Красный
  </color>
  <material>
   Полиэстер
  </material>
  <price>
   499918
  </price>
  <rating>
   1.64
  </rating>
  <reviews>
   874979
  </reviews>
 </clothing>
 <clothing>
  <id>
   714504092
  </id>
  <name>
   Under Armour Sweater A-3437
  </name>
  <category>
   Sweater
  </category>
  <size>
   M
  </size>
  <color>
   Фиолетовый
  </color>
  <material>
   Нейлон
  </material>
  <price>
   314679
  </price>
  <rating>
   4.62
  </rating>
  <reviews>
   177038
  </reviews>
  <exclusive>
   yes
  </exclusive>
  <sporty>
   no
  </sporty>
 </clothing>
 <clothing>
  <id>
   296846219
  </id>
  <name>
   Addidas Shirt F-7831
  </name>
  <category>
   Shirt
  </category>
  <size>
   M
  </size>
  <color>
   Зеленый
  </color>
  <material>
   Шерсть
  </material>
  <price>
   172602
  </price>
  <rating>
   1.38
  </rating>
  <reviews>
   532244
  </reviews>
  <new>
   -
  </new>
  <exclusive>
   yes
  </exclusive>
  <sporty>
   yes
  </sporty>
 </clothing>
 <clothing>
  <id>
   196163023
  </id>
  <name>
   Vans Gloves A-9341
  </name>
  <category>
   Gloves
  </category>
  <size>
   M
  </size>
  <color>
   Оранжевый
  </color>
  <material>
   Шелк
  </material>
  <price>
   732555
  </price>
  <rating>
   4.91
  </rating>
  <reviews>
   669699
  </reviews>
  <new>
   +
  </new>
  <exclusive>
   no
  </exclusive>
 </clothing>
 <clothing>
  <id>
   402749807
  </id>
  <name>
   Reebok Shoes V-6658
  </name>
  <category>
   Shoes
  </category>
  <size>
   L
  </size>
  <color>
   Оранжевый
  </color>
  <material>
   Кожа
  </material>
  <price>
   928509
  </price>
  <rating>
   4.34
  </rating>
  <reviews>
   816697
  </reviews>
  <new>
   -
  </new>
  <sporty>
   no
  </sporty>
 </clothing>
 <clothing>
  <id>
   634034926
  </id>
  <name>
   Under Armour Handbags W-2551
  </name>
  <category>
   Handbags
  </category>
  <size>
   S
  </size>
  <color>
   Оранжевый
  </color>
  <material>
   Лен
  </material>
  <price>
   987293
  </price>
  <rating>
   3.57
  </rating>
  <reviews>
   258016
  </reviews>
  <new>
   -
  </new>
  <exclusive>
   no
  </exclusive>
  <sporty>
   no
  </sporty>
 </clothing>
 <clothing>
  <id>
   404763638
  </id>
  <name>
   Vans Pants V-6396
  </name>
  <category>
   Pants
  </category>
  <size>
   S
  </size>
  <color>
   Фиолетовый
  </color>
  <material>
   Нейлон
  </material>
  <price>
   683107
  </price>
  <rating>
   2.3
  </rating>
  <reviews>
   791546
  </reviews>
  <new>
   +
  </new>
  <exclusive>
   yes
  </exclusive>
  <sporty>
   no
  </sporty>
 </clothing>
 <clothing>
  <id>
   824906641
  </id>
  <name>
   Reebok T-shirt P-3162
  </name>
  <category>
   T-shirt
  </category>
  <size>
   L
  </size>
  <color>
   Голубой
  </color>
  <material>
   Вискоза
  </material>
  <price>
   934610
  </price>
  <rating>
   3.37
  </rating>
  <reviews>
   139212
  </reviews>
  <new>
   +
  </new>
  <sporty>
   no
  </sporty>
 </clothing>
 <clothing>
  <id>
   871466937
  </id>
  <name>
   Converse Gloves O-7105
  </name>
  <category>
   Gloves
  </category>
  <size>
   XL
  </size>
  <color>
   Синий
  </color>
  <material>
   Лен
  </material>
  <price>
   998457
  </price>
  <rating>
   2.28
  </rating>
  <reviews>
   554197
  </reviews>
 </clothing>
 <clothing>
  <id>
   424799864
  </id>
  <name>
   Lacoste Gloves E-2824
  </name>
  <category>
   Gloves
  </category>
  <size>
   S
  </size>
  <color>
   Красный
  </color>
  <material>
   Хлопок
  </material>
  <price>
   256107
  </price>
  <rating>
   4.42
  </rating>
  <reviews>
   859068
  </reviews>
  <exclusive>
   no
  </exclusive>
 </clothing>
 <clothing>
  <id>
   775067286
  </id>
  <name>
   PleinSport Sweater A-9723
  </name>
  <category>
   Sweater
  </category>
  <size>
   S
  </size>
  <color>
   Оранжевый
  </color>
  <material>
   Шерсть
  </material>
  <price>
   978886
  </price>
  <rating>
   2.63
  </rating>
  <reviews>
   492164
  </reviews>
  <new>
   -
  </new>
  <sporty>
   yes
  </sporty>
 </clothing>
 <clothing>
  <id>
   931310647
  </id>
  <name>
   PleinSport Hat D-4768
  </name>
  <category>
   Hat
  </category>
  <size>
   M
  </size>
  <color>
   Синий
  </color>
  <material>
   Лен
  </material>
  <price>
   818954
  </price>
  <rating>
   4.28
  </rating>
  <reviews>
   964473
  </reviews>
  <new>
   -
  </new>
  <exclusive>
   no
  </exclusive>
 </clothing>
 <clothing>
  <id>
   266079616
  </id>
  <name>
   Reebok Dress Q-4590
  </name>
  <category>
   Dress
  </category>
  <size>
   S
  </size>
  <color>
   Красный
  </color>
  <material>
   Лен
  </material>
  <price>
   573132
  </price>
  <rating>
   1.72
  </rating>
  <reviews>
   90236
  </reviews>
  <sporty>
   no
  </sporty>
 </clothing>
 <clothing>
  <id>
   714475027
  </id>
  <name>
   Under Armour Pants U-2896
  </name>
  <category>
   Pants
  </category>
  <size>
   XXL
  </size>
  <color>
   Зеленый
  </color>
  <material>
   Лен
  </material>
  <price>
   161851
  </price>
  <rating>
   1.29
  </rating>
  <reviews>
   773407
  </reviews>
  <sporty>
   no
  </sporty>
 </clothing>
 <clothing>
  <id>
   556970462
  </id>
  <name>
   Reebok Pants B-6273
  </name>
  <category>
   Pants
  </category>
  <size>
   M
  </size>
  <color>
   Синий
  </color>
  <material>
   Лен
  </material>
  <price>
   157552
  </price>
  <rating>
   3.48
  </rating>
  <reviews>
   142705
  </reviews>
  <exclusive>
   no
  </exclusive>
 </clothing>
 <clothing>
  <id>
   638893788
  </id>
  <name>
   Under Armour T-shirt P-9485
  </name>
  <category>
   T-shirt
  </category>
  <size>
   XXL
  </size>
  <color>
   Зеленый
  </color>
  <material>
   Нейлон
  </material>
  <price>
   880997
  </price>
  <rating>
   1.87
  </rating>
  <reviews>
   311118
  </reviews>
  <exclusive>
   yes
  </exclusive>
  <sporty>
   no
  </sporty>
 </clothing>
 <clothing>
  <id>
   976487815
  </id>
  <name>
   Fila Shirt F-2091
  </name>
  <category>
   Shirt
  </category>
  <size>
   XXL
  </size>
  <color>
   Синий
  </color>
  <material>
   Лен
  </material>
  <price>
   820862
  </price>
  <rating>
   2.36
  </rating>
  <reviews>
   849489
  </reviews>
  <new>
   -
  </new>
  <exclusive>
   yes
  </exclusive>
  <sporty>
   no
  </sporty>
 </clothing>
 <clothing>
  <id>
   818047455
  </id>
  <name>
   Lacoste Handbags H-4412
  </name>
  <category>
   Handbags
  </category>
  <size>
   L
  </size>
  <color>
   Голубой
  </color>
  <material>
   Хлопок
  </material>
  <price>
   688496
  </price>
  <rating>
   3.01
  </rating>
  <reviews>
   44624
  </reviews>
  <exclusive>
   no
  </exclusive>
  <sporty>
   no
  </sporty>
 </clothing>
 <clothing>
  <id>
   364848405
  </id>
  <name>
   Vans T-shirt V-3328
  </name>
  <category>
   T-shirt
  </category>
  <size>
   XXL
  </size>
  <color>
   Желтый
  </color>
  <material>
   Хлопок
  </material>
  <price>
   326933
  </price>
  <rating>
   2.64
  </rating>
  <reviews>
   459992
  </reviews>
  <exclusive>
   no
  </exclusive>
  <sporty>
   yes
  </sporty>
 </clothing>
 <clothing>
  <id>
   903107742
  </id>
  <name>
   Addidas Skirt T-9304
  </name>
  <category>
   Skirt
  </category>
  <size>
   L
  </size>
  <color>
   Зеленый
  </color>
  <material>
   Полиэстер
  </material>
  <price>
   621185
  </price>
  <rating>
   1.33
  </rating>
  <reviews>
   226376
  </reviews>
  <new>
   -
  </new>
 </clothing>
 <clothing>
  <id>
   400220316
  </id>
  <name>
   Addidas Pants D-2493
  </name>
  <category>
   Pants
  </category>
  <size>
   S
  </size>
  <color>
   Голубой
  </color>
  <material>
   Кожа
  </material>
  <price>
   601292
  </price>
  <rating>
   2.29
  </rating>
  <reviews>
   252680
  </reviews>
  <new>
   -
  </new>
  <exclusive>
   yes
  </exclusive>
  <sporty>
   no
  </sporty>
 </clothing>
 <clothing>
  <id>
   890757694
  </id>
  <name>
   Reebok T-shirt D-5403
  </name>
  <category>
   T-shirt
  </category>
  <size>
   S
  </size>
  <color>
   Оранжевый
  </color>
  <material>
   Шелк
  </material>
  <price>
   111021
  </price>
  <rating>
   2.59
  </rating>
  <reviews>
   856696
  </reviews>
  <new>
   +
  </new>
  <exclusive>
   no
  </exclusive>
  <sporty>
   no
  </sporty>
 </clothing>
 <clothing>
  <id>
   308179537
  </id>
  <name>
   Converse Hat N-3683
  </name>
  <category>
   Hat
  </category>
  <size>
   M
  </size>
  <color>
   Зеленый
  </color>
  <material>
   Кожа
  </material>
  <price>
   911617
  </price>
  <rating>
   4.13
  </rating>
  <reviews>
   829052
  </reviews>
  <new>
   +
  </new>
  <sporty>
   no
  </sporty>
 </clothing>
 <clothing>
  <id>
   452583888
  </id>
  <name>
   Under Armour T-shirt Y-9225
  </name>
  <category>
   T-shirt
  </category>
  <size>
   L
  </size>
  <color>
   Фиолетовый
  </color>
  <material>
   Кожа
  </material>
  <price>
   545673
  </price>
  <rating>
   3.99
  </rating>
  <reviews>
   841048
  </reviews>
  <new>
   -
  </new>
 </clothing>
</clothing-items>
