<?xml version="1.0" encoding="utf-8"?>
<clothing-items>
 <clothing>
  <id>
   893548451
  </id>
  <name>
   Nike Gloves B-6799
  </name>
  <category>
   Gloves
  </category>
  <size>
   XL
  </size>
  <color>
   Оранжевый
  </color>
  <material>
   Полиэстер
  </material>
  <price>
   652391
  </price>
  <rating>
   1.94
  </rating>
  <reviews>
   496970
  </reviews>
  <new>
   -
  </new>
  <exclusive>
   no
  </exclusive>
 </clothing>
 <clothing>
  <id>
   319381578
  </id>
  <name>
   Under Armour Handbags B-2212
  </name>
  <category>
   Handbags
  </category>
  <size>
   L
  </size>
  <color>
   Фиолетовый
  </color>
  <material>
   Кожа
  </material>
  <price>
   755837
  </price>
  <rating>
   1.46
  </rating>
  <reviews>
   408272
  </reviews>
  <new>
   +
  </new>
  <exclusive>
   no
  </exclusive>
 </clothing>
 <clothing>
  <id>
   179632516
  </id>
  <name>
   Fila Pants Y-8541
  </name>
  <category>
   Pants
  </category>
  <size>
   S
  </size>
  <color>
   Зеленый
  </color>
  <material>
   Лен
  </material>
  <price>
   658405
  </price>
  <rating>
   1.87
  </rating>
  <reviews>
   499625
  </reviews>
  <sporty>
   no
  </sporty>
 </clothing>
 <clothing>
  <id>
   126471890
  </id>
  <name>
   Ellesse Shirt V-7060
  </name>
  <category>
   Shirt
  </category>
  <size>
   S
  </size>
  <color>
   Зеленый
  </color>
  <material>
   Шелк
  </material>
  <price>
   651532
  </price>
  <rating>
   3.99
  </rating>
  <reviews>
   442111
  </reviews>
  <new>
   +
  </new>
  <exclusive>
   no
  </exclusive>
 </clothing>
 <clothing>
  <id>
   647744109
  </id>
  <name>
   New Balance Shoes R-6062
  </name>
  <category>
   Shoes
  </category>
  <size>
   XXL
  </size>
  <color>
   Голубой
  </color>
  <material>
   Хлопок
  </material>
  <price>
   812142
  </price>
  <rating>
   4.24
  </rating>
  <reviews>
   65830
  </reviews>
  <new>
   +
  </new>
 </clothing>
 <clothing>
  <id>
   151337862
  </id>
  <name>
   Adidas T-shirt T-6163
  </name>
  <category>
   T-shirt
  </category>
  <size>
   M
  </size>
  <color>
   Желтый
  </color>
  <material>
   Вискоза
  </material>
  <price>
   891799
  </price>
  <rating>
   3.84
  </rating>
  <reviews>
   605548
  </reviews>
  <exclusive>
   no
  </exclusive>
 </clothing>
 <clothing>
  <id>
   322135631
  </id>
  <name>
   Brooks Jeans J-7582
  </name>
  <category>
   Jeans
  </category>
  <size>
   L
  </size>
  <color>
   Синий
  </color>
  <material>
   Шерсть
  </material>
  <price>
   708709
  </price>
  <rating>
   2.6
  </rating>
  <reviews>
   44496
  </reviews>
  <exclusive>
   no
  </exclusive>
  <sporty>
   yes
  </sporty>
 </clothing>
 <clothing>
  <id>
   181989572
  </id>
  <name>
   Converse Umbrellas I-1088
  </name>
  <category>
   Umbrellas
  </category>
  <size>
   XL
  </size>
  <color>
   Голубой
  </color>
  <material>
   Шерсть
  </material>
  <price>
   342111
  </price>
  <rating>
   3.39
  </rating>
  <reviews>
   312555
  </reviews>
  <new>
   -
  </new>
  <exclusive>
   yes
  </exclusive>
  <sporty>
   no
  </sporty>
 </clothing>
 <clothing>
  <id>
   667195214
  </id>
  <name>
   Adidas Jeans S-8105
  </name>
  <category>
   Jeans
  </category>
  <size>
   XL
  </size>
  <color>
   Синий
  </color>
  <material>
   Нейлон
  </material>
  <price>
   828529
  </price>
  <rating>
   5.0
  </rating>
  <reviews>
   807472
  </reviews>
  <new>
   +
  </new>
  <exclusive>
   no
  </exclusive>
  <sporty>
   yes
  </sporty>
 </clothing>
 <clothing>
  <id>
   241682615
  </id>
  <name>
   Adidas Shoes Q-7377
  </name>
  <category>
   Shoes
  </category>
  <size>
   S
  </size>
  <color>
   Синий
  </color>
  <material>
   Полиэстер
  </material>
  <price>
   822059
  </price>
  <rating>
   3.22
  </rating>
  <reviews>
   448300
  </reviews>
  <new>
   +
  </new>
  <exclusive>
   yes
  </exclusive>
  <sporty>
   yes
  </sporty>
 </clothing>
 <clothing>
  <id>
   947334930
  </id>
  <name>
   New Balance Jeans O-9736
  </name>
  <category>
   Jeans
  </category>
  <size>
   M
  </size>
  <color>
   Красный
  </color>
  <material>
   Шелк
  </material>
  <price>
   107748
  </price>
  <rating>
   3.03
  </rating>
  <reviews>
   365461
  </reviews>
  <exclusive>
   yes
  </exclusive>
 </clothing>
 <clothing>
  <id>
   746770541
  </id>
  <name>
   Puma Shoes W-1978
  </name>
  <category>
   Shoes
  </category>
  <size>
   XXL
  </size>
  <color>
   Оранжевый
  </color>
  <material>
   Шерсть
  </material>
  <price>
   285452
  </price>
  <rating>
   2.67
  </rating>
  <reviews>
   545737
  </reviews>
  <new>
   -
  </new>
  <exclusive>
   no
  </exclusive>
 </clothing>
 <clothing>
  <id>
   789192005
  </id>
  <name>
   Fila Jeans Z-1116
  </name>
  <category>
   Jeans
  </category>
  <size>
   M
  </size>
  <color>
   Желтый
  </color>
  <material>
   Лен
  </material>
  <price>
   630368
  </price>
  <rating>
   4.29
  </rating>
  <reviews>
   305328
  </reviews>
  <exclusive>
   no
  </exclusive>
  <sporty>
   no
  </sporty>
 </clothing>
 <clothing>
  <id>
   188323968
  </id>
  <name>
   New Balance Socks M-8428
  </name>
  <category>
   Socks
  </category>
  <size>
   S
  </size>
  <color>
   Красный
  </color>
  <material>
   Хлопок
  </material>
  <price>
   228469
  </price>
  <rating>
   4.02
  </rating>
  <reviews>
   445865
  </reviews>
  <new>
   +
  </new>
  <exclusive>
   yes
  </exclusive>
  <sporty>
   yes
  </sporty>
 </clothing>
 <clothing>
  <id>
   899759126
  </id>
  <name>
   Puma Jacket F-8814
  </name>
  <category>
   Jacket
  </category>
  <size>
   L
  </size>
  <color>
   Зеленый
  </color>
  <material>
   Шелк
  </material>
  <price>
   697842
  </price>
  <rating>
   4.46
  </rating>
  <reviews>
   580733
  </reviews>
  <new>
   +
  </new>
  <exclusive>
   no
  </exclusive>
  <sporty>
   yes
  </sporty>
 </clothing>
 <clothing>
  <id>
   397739688
  </id>
  <name>
   Addidas Jeans Y-7918
  </name>
  <category>
   Jeans
  </category>
  <size>
   S
  </size>
  <color>
   Голубой
  </color>
  <material>
   Нейлон
  </material>
  <price>
   743897
  </price>
  <rating>
   4.0
  </rating>
  <reviews>
   499733
  </reviews>
  <sporty>
   no
  </sporty>
 </clothing>
 <clothing>
  <id>
   379383006
  </id>
  <name>
   Addidas Dress I-5634
  </name>
  <category>
   Dress
  </category>
  <size>
   XL
  </size>
  <color>
   Голубой
  </color>
  <material>
   Вискоза
  </material>
  <price>
   801169
  </price>
  <rating>
   3.92
  </rating>
  <reviews>
   458094
  </reviews>
  <sporty>
   yes
  </sporty>
 </clothing>
 <clothing>
  <id>
   943756985
  </id>
  <name>
   Asics Jacket Y-5377
  </name>
  <category>
   Jacket
  </category>
  <size>
   XL
  </size>
  <color>
   Красный
  </color>
  <material>
   Лен
  </material>
  <price>
   490940
  </price>
  <rating>
   3.55
  </rating>
  <reviews>
   537755
  </reviews>
  <new>
   +
  </new>
  <exclusive>
   yes
  </exclusive>
 </clothing>
 <clothing>
  <id>
   357845336
  </id>
  <name>
   Lacoste Hat V-1125
  </name>
  <category>
   Hat
  </category>
  <size>
   L
  </size>
  <color>
   Оранжевый
  </color>
  <material>
   Шелк
  </material>
  <price>
   328106
  </price>
  <rating>
   2.87
  </rating>
  <reviews>
   101279
  </reviews>
  <exclusive>
   no
  </exclusive>
  <sporty>
   no
  </sporty>
 </clothing>
 <clothing>
  <id>
   181428114
  </id>
  <name>
   Adidas Jeans Y-4831
  </name>
  <category>
   Jeans
  </category>
  <size>
   XL
  </size>
  <color>
   Голубой
  </color>
  <material>
   Лен
  </material>
  <price>
   462322
  </price>
  <rating>
   1.67
  </rating>
  <reviews>
   170317
  </reviews>
  <new>
   -
  </new>
  <exclusive>
   no
  </exclusive>
 </clothing>
 <clothing>
  <id>
   398655166
  </id>
  <name>
   Brooks Handbags Y-8293
  </name>
  <category>
   Handbags
  </category>
  <size>
   XXL
  </size>
  <color>
   Голубой
  </color>
  <material>
   Нейлон
  </material>
  <price>
   347857
  </price>
  <rating>
   1.97
  </rating>
  <reviews>
   873626
  </reviews>
  <new>
   -
  </new>
  <sporty>
   no
  </sporty>
 </clothing>
 <clothing>
  <id>
   151927995
  </id>
  <name>
   Under Armour Jeans H-1848
  </name>
  <category>
   Jeans
  </category>
  <size>
   M
  </size>
  <color>
   Голубой
  </color>
  <material>
   Нейлон
  </material>
  <price>
   341042
  </price>
  <rating>
   3.35
  </rating>
  <reviews>
   332481
  </reviews>
  <new>
   +
  </new>
  <exclusive>
   yes
  </exclusive>
 </clothing>
 <clothing>
  <id>
   154713219
  </id>
  <name>
   Fila Pants W-3044
  </name>
  <category>
   Pants
  </category>
  <size>
   XL
  </size>
  <color>
   Желтый
  </color>
  <material>
   Шелк
  </material>
  <price>
   910735
  </price>
  <rating>
   3.65
  </rating>
  <reviews>
   475434
  </reviews>
  <new>
   +
  </new>
  <sporty>
   yes
  </sporty>
 </clothing>
 <clothing>
  <id>
   448918931
  </id>
  <name>
   Addidas Belts A-4902
  </name>
  <category>
   Belts
  </category>
  <size>
   XXL
  </size>
  <color>
   Голубой
  </color>
  <material>
   Полиэстер
  </material>
  <price>
   380228
  </price>
  <rating>
   1.2
  </rating>
  <reviews>
   581883
  </reviews>
  <new>
   -
  </new>
  <sporty>
   no
  </sporty>
 </clothing>
 <clothing>
  <id>
   754451473
  </id>
  <name>
   Ellesse Skirt T-4947
  </name>
  <category>
   Skirt
  </category>
  <size>
   S
  </size>
  <color>
   Оранжевый
  </color>
  <material>
   Лен
  </material>
  <price>
   744456
  </price>
  <rating>
   4.24
  </rating>
  <reviews>
   50434
  </reviews>
  <new>
   -
  </new>
  <exclusive>
   yes
  </exclusive>
  <sporty>
   yes
  </sporty>
 </clothing>
 <clothing>
  <id>
   433701002
  </id>
  <name>
   Asics Pants O-8126
  </name>
  <category>
   Pants
  </category>
  <size>
   M
  </size>
  <color>
   Оранжевый
  </color>
  <material>
   Шелк
  </material>
  <price>
   282888
  </price>
  <rating>
   1.32
  </rating>
  <reviews>
   726072
  </reviews>
  <sporty>
   no
  </sporty>
 </clothing>
 <clothing>
  <id>
   832744774
  </id>
  <name>
   Fila Dress E-8503
  </name>
  <category>
   Dress
  </category>
  <size>
   XXL
  </size>
  <color>
   Фиолетовый
  </color>
  <material>
   Вискоза
  </material>
  <price>
   247540
  </price>
  <rating>
   2.31
  </rating>
  <reviews>
   465401
  </reviews>
  <exclusive>
   no
  </exclusive>
  <sporty>
   yes
  </sporty>
 </clothing>
 <clothing>
  <id>
   529627279
  </id>
  <name>
   Puma Shoes H-6896
  </name>
  <category>
   Shoes
  </category>
  <size>
   XXL
  </size>
  <color>
   Красный
  </color>
  <material>
   Полиэстер
  </material>
  <price>
   473245
  </price>
  <rating>
   3.76
  </rating>
  <reviews>
   956787
  </reviews>
  <new>
   -
  </new>
  <sporty>
   no
  </sporty>
 </clothing>
 <clothing>
  <id>
   153971148
  </id>
  <name>
   Vans Dress L-5357
  </name>
  <category>
   Dress
  </category>
  <size>
   L
  </size>
  <color>
   Голубой
  </color>
  <material>
   Полиэстер
  </material>
  <price>
   343074
  </price>
  <rating>
   3.42
  </rating>
  <reviews>
   189142
  </reviews>
  <exclusive>
   no
  </exclusive>
 </clothing>
 <clothing>
  <id>
   131262850
  </id>
  <name>
   Under Armour Skirt P-3809
  </name>
  <category>
   Skirt
  </category>
  <size>
   S
  </size>
  <color>
   Зеленый
  </color>
  <material>
   Нейлон
  </material>
  <price>
   931632
  </price>
  <rating>
   1.27
  </rating>
  <reviews>
   442708
  </reviews>
 </clothing>
 <clothing>
  <id>
   127332423
  </id>
  <name>
   Adidas Shoes L-7363
  </name>
  <category>
   Shoes
  </category>
  <size>
   L
  </size>
  <color>
   Голубой
  </color>
  <material>
   Хлопок
  </material>
  <price>
   954246
  </price>
  <rating>
   4.55
  </rating>
  <reviews>
   922110
  </reviews>
  <new>
   -
  </new>
  <exclusive>
   no
  </exclusive>
  <sporty>
   yes
  </sporty>
 </clothing>
 <clothing>
  <id>
   905347547
  </id>
  <name>
   Addidas Handbags V-8688
  </name>
  <category>
   Handbags
  </category>
  <size>
   S
  </size>
  <color>
   Голубой
  </color>
  <material>
   Полиэстер
  </material>
  <price>
   574523
  </price>
  <rating>
   3.97
  </rating>
  <reviews>
   891502
  </reviews>
  <new>
   +
  </new>
  <exclusive>
   no
  </exclusive>
 </clothing>
 <clothing>
  <id>
   148325689
  </id>
  <name>
   Lacoste Blouse D-2468
  </name>
  <category>
   Blouse
  </category>
  <size>
   S
  </size>
  <color>
   Голубой
  </color>
  <material>
   Нейлон
  </material>
  <price>
   748611
  </price>
  <rating>
   2.71
  </rating>
  <reviews>
   614306
  </reviews>
  <new>
   +
  </new>
  <sporty>
   no
  </sporty>
 </clothing>
 <clothing>
  <id>
   444850189
  </id>
  <name>
   Adidas Socks R-5902
  </name>
  <category>
   Socks
  </category>
  <size>
   XL
  </size>
  <color>
   Синий
  </color>
  <material>
   Хлопок
  </material>
  <price>
   909781
  </price>
  <rating>
   3.54
  </rating>
  <reviews>
   765214
  </reviews>
  <exclusive>
   no
  </exclusive>
 </clothing>
</clothing-items>
