<?xml version="1.0" encoding="utf-8"?>
<clothing-items>
 <clothing>
  <id>
   788048375
  </id>
  <name>
   PleinSport Umbrellas R-3289
  </name>
  <category>
   Umbrellas
  </category>
  <size>
   L
  </size>
  <color>
   Фиолетовый
  </color>
  <material>
   Нейлон
  </material>
  <price>
   780657
  </price>
  <rating>
   3.43
  </rating>
  <reviews>
   366064
  </reviews>
  <new>
   -
  </new>
 </clothing>
 <clothing>
  <id>
   837184733
  </id>
  <name>
   Brooks Belts O-9694
  </name>
  <category>
   Belts
  </category>
  <size>
   M
  </size>
  <color>
   Желтый
  </color>
  <material>
   Вискоза
  </material>
  <price>
   915432
  </price>
  <rating>
   2.44
  </rating>
  <reviews>
   912929
  </reviews>
  <new>
   +
  </new>
 </clothing>
 <clothing>
  <id>
   652929190
  </id>
  <name>
   Puma Pants E-5730
  </name>
  <category>
   Pants
  </category>
  <size>
   XXL
  </size>
  <color>
   Голубой
  </color>
  <material>
   Лен
  </material>
  <price>
   906819
  </price>
  <rating>
   3.84
  </rating>
  <reviews>
   400668
  </reviews>
  <exclusive>
   no
  </exclusive>
  <sporty>
   yes
  </sporty>
 </clothing>
 <clothing>
  <id>
   115484096
  </id>
  <name>
   Ellesse Shoes O-5688
  </name>
  <category>
   Shoes
  </category>
  <size>
   XL
  </size>
  <color>
   Зеленый
  </color>
  <material>
   Кожа
  </material>
  <price>
   634876
  </price>
  <rating>
   3.91
  </rating>
  <reviews>
   414314
  </reviews>
 </clothing>
 <clothing>
  <id>
   641863583
  </id>
  <name>
   Addidas Umbrellas L-3489
  </name>
  <category>
   Umbrellas
  </category>
  <size>
   M
  </size>
  <color>
   Зеленый
  </color>
  <material>
   Лен
  </material>
  <price>
   502337
  </price>
  <rating>
   4.04
  </rating>
  <reviews>
   866450
  </reviews>
  <new>
   -
  </new>
  <sporty>
   no
  </sporty>
 </clothing>
 <clothing>
  <id>
   770418456
  </id>
  <name>
   New Balance Gloves M-7755
  </name>
  <category>
   Gloves
  </category>
  <size>
   L
  </size>
  <color>
   Синий
  </color>
  <material>
   Нейлон
  </material>
  <price>
   174165
  </price>
  <rating>
   4.6
  </rating>
  <reviews>
   673953
  </reviews>
  <new>
   +
  </new>
 </clothing>
 <clothing>
  <id>
   774733739
  </id>
  <name>
   Ellesse Pants G-5981
  </name>
  <category>
   Pants
  </category>
  <size>
   S
  </size>
  <color>
   Желтый
  </color>
  <material>
   Кожа
  </material>
  <price>
   431496
  </price>
  <rating>
   4.27
  </rating>
  <reviews>
   928553
  </reviews>
  <exclusive>
   no
  </exclusive>
  <sporty>
   yes
  </sporty>
 </clothing>
 <clothing>
  <id>
   294796395
  </id>
  <name>
   Asics Shirt C-7985
  </name>
  <category>
   Shirt
  </category>
  <size>
   XL
  </size>
  <color>
   Красный
  </color>
  <material>
   Шелк
  </material>
  <price>
   205080
  </price>
  <rating>
   3.81
  </rating>
  <reviews>
   446833
  </reviews>
  <new>
   -
  </new>
 </clothing>
 <clothing>
  <id>
   482178501
  </id>
  <name>
   Vans Jeans F-3704
  </name>
  <category>
   Jeans
  </category>
  <size>
   XL
  </size>
  <color>
   Красный
  </color>
  <material>
   Нейлон
  </material>
  <price>
   425303
  </price>
  <rating>
   2.35
  </rating>
  <reviews>
   884220
  </reviews>
  <new>
   +
  </new>
 </clothing>
 <clothing>
  <id>
   118867159
  </id>
  <name>
   Converse Sweater V-3431
  </name>
  <category>
   Sweater
  </category>
  <size>
   S
  </size>
  <color>
   Желтый
  </color>
  <material>
   Полиэстер
  </material>
  <price>
   756899
  </price>
  <rating>
   1.05
  </rating>
  <reviews>
   902012
  </reviews>
  <new>
   +
  </new>
  <exclusive>
   no
  </exclusive>
 </clothing>
 <clothing>
  <id>
   839290866
  </id>
  <name>
   DC Hat M-8623
  </name>
  <category>
   Hat
  </category>
  <size>
   M
  </size>
  <color>
   Зеленый
  </color>
  <material>
   Шелк
  </material>
  <price>
   189913
  </price>
  <rating>
   1.25
  </rating>
  <reviews>
   151517
  </reviews>
  <sporty>
   no
  </sporty>
 </clothing>
 <clothing>
  <id>
   695620766
  </id>
  <name>
   Lacoste Hat L-5784
  </name>
  <category>
   Hat
  </category>
  <size>
   S
  </size>
  <color>
   Зеленый
  </color>
  <material>
   Нейлон
  </material>
  <price>
   650349
  </price>
  <rating>
   3.24
  </rating>
  <reviews>
   317733
  </reviews>
  <new>
   -
  </new>
  <exclusive>
   no
  </exclusive>
  <sporty>
   yes
  </sporty>
 </clothing>
 <clothing>
  <id>
   811328851
  </id>
  <name>
   Reebok Handbags J-8638
  </name>
  <category>
   Handbags
  </category>
  <size>
   S
  </size>
  <color>
   Зеленый
  </color>
  <material>
   Вискоза
  </material>
  <price>
   980123
  </price>
  <rating>
   4.34
  </rating>
  <reviews>
   535416
  </reviews>
  <new>
   +
  </new>
 </clothing>
 <clothing>
  <id>
   976701372
  </id>
  <name>
   Vans Dress A-6767
  </name>
  <category>
   Dress
  </category>
  <size>
   M
  </size>
  <color>
   Оранжевый
  </color>
  <material>
   Кожа
  </material>
  <price>
   896306
  </price>
  <rating>
   1.48
  </rating>
  <reviews>
   967806
  </reviews>
  <new>
   -
  </new>
  <exclusive>
   yes
  </exclusive>
  <sporty>
   yes
  </sporty>
 </clothing>
 <clothing>
  <id>
   562951845
  </id>
  <name>
   Puma Jacket D-1567
  </name>
  <category>
   Jacket
  </category>
  <size>
   XXL
  </size>
  <color>
   Оранжевый
  </color>
  <material>
   Кожа
  </material>
  <price>
   213923
  </price>
  <rating>
   2.19
  </rating>
  <reviews>
   34720
  </reviews>
  <new>
   +
  </new>
  <exclusive>
   no
  </exclusive>
 </clothing>
 <clothing>
  <id>
   796033393
  </id>
  <name>
   Vans Skirt P-4635
  </name>
  <category>
   Skirt
  </category>
  <size>
   L
  </size>
  <color>
   Желтый
  </color>
  <material>
   Нейлон
  </material>
  <price>
   303472
  </price>
  <rating>
   1.75
  </rating>
  <reviews>
   707134
  </reviews>
  <sporty>
   yes
  </sporty>
 </clothing>
 <clothing>
  <id>
   869546187
  </id>
  <name>
   Puma Gloves T-4442
  </name>
  <category>
   Gloves
  </category>
  <size>
   XXL
  </size>
  <color>
   Красный
  </color>
  <material>
   Кожа
  </material>
  <price>
   738482
  </price>
  <rating>
   1.23
  </rating>
  <reviews>
   180755
  </reviews>
  <new>
   -
  </new>
  <exclusive>
   yes
  </exclusive>
 </clothing>
 <clothing>
  <id>
   779173841
  </id>
  <name>
   Vans Sweater N-4724
  </name>
  <category>
   Sweater
  </category>
  <size>
   S
  </size>
  <color>
   Зеленый
  </color>
  <material>
   Кожа
  </material>
  <price>
   642302
  </price>
  <rating>
   2.34
  </rating>
  <reviews>
   436974
  </reviews>
  <new>
   -
  </new>
  <sporty>
   yes
  </sporty>
 </clothing>
 <clothing>
  <id>
   116429437
  </id>
  <name>
   Lacoste Sweater C-7104
  </name>
  <category>
   Sweater
  </category>
  <size>
   S
  </size>
  <color>
   Красный
  </color>
  <material>
   Шерсть
  </material>
  <price>
   682046
  </price>
  <rating>
   4.58
  </rating>
  <reviews>
   451585
  </reviews>
  <new>
   +
  </new>
 </clothing>
 <clothing>
  <id>
   243134195
  </id>
  <name>
   Asics Shirt W-9031
  </name>
  <category>
   Shirt
  </category>
  <size>
   S
  </size>
  <color>
   Голубой
  </color>
  <material>
   Хлопок
  </material>
  <price>
   555718
  </price>
  <rating>
   5.0
  </rating>
  <reviews>
   604643
  </reviews>
 </clothing>
 <clothing>
  <id>
   347277447
  </id>
  <name>
   Under Armour Pants U-5314
  </name>
  <category>
   Pants
  </category>
  <size>
   L
  </size>
  <color>
   Фиолетовый
  </color>
  <material>
   Вискоза
  </material>
  <price>
   808720
  </price>
  <rating>
   1.32
  </rating>
  <reviews>
   754677
  </reviews>
  <new>
   +
  </new>
  <exclusive>
   yes
  </exclusive>
 </clothing>
 <clothing>
  <id>
   829954892
  </id>
  <name>
   Fila Jacket X-3239
  </name>
  <category>
   Jacket
  </category>
  <size>
   L
  </size>
  <color>
   Фиолетовый
  </color>
  <material>
   Нейлон
  </material>
  <price>
   827193
  </price>
  <rating>
   4.55
  </rating>
  <reviews>
   332345
  </reviews>
  <exclusive>
   no
  </exclusive>
 </clothing>
 <clothing>
  <id>
   343059644
  </id>
  <name>
   Vans Blouse X-8689
  </name>
  <category>
   Blouse
  </category>
  <size>
   S
  </size>
  <color>
   Зеленый
  </color>
  <material>
   Вискоза
  </material>
  <price>
   660941
  </price>
  <rating>
   2.02
  </rating>
  <reviews>
   744704
  </reviews>
  <new>
   -
  </new>
  <sporty>
   yes
  </sporty>
 </clothing>
</clothing-items>
