<?xml version="1.0" encoding="utf-8"?>
<clothing-items>
 <clothing>
  <id>
   719256505
  </id>
  <name>
   Under Armour Jeans E-8032
  </name>
  <category>
   Jeans
  </category>
  <size>
   M
  </size>
  <color>
   Зеленый
  </color>
  <material>
   Кожа
  </material>
  <price>
   378916
  </price>
  <rating>
   2.78
  </rating>
  <reviews>
   800702
  </reviews>
  <exclusive>
   yes
  </exclusive>
  <sporty>
   no
  </sporty>
 </clothing>
 <clothing>
  <id>
   478213027
  </id>
  <name>
   Addidas Jacket A-1462
  </name>
  <category>
   Jacket
  </category>
  <size>
   XL
  </size>
  <color>
   Синий
  </color>
  <material>
   Кожа
  </material>
  <price>
   350873
  </price>
  <rating>
   1.07
  </rating>
  <reviews>
   470170
  </reviews>
  <new>
   -
  </new>
  <exclusive>
   yes
  </exclusive>
  <sporty>
   no
  </sporty>
 </clothing>
 <clothing>
  <id>
   749070603
  </id>
  <name>
   Vans Shirt W-5391
  </name>
  <category>
   Shirt
  </category>
  <size>
   XL
  </size>
  <color>
   Красный
  </color>
  <material>
   Шерсть
  </material>
  <price>
   809369
  </price>
  <rating>
   4.42
  </rating>
  <reviews>
   128737
  </reviews>
  <exclusive>
   no
  </exclusive>
  <sporty>
   no
  </sporty>
 </clothing>
 <clothing>
  <id>
   865579716
  </id>
  <name>
   Ellesse Sweater A-6289
  </name>
  <category>
   Sweater
  </category>
  <size>
   XXL
  </size>
  <color>
   Синий
  </color>
  <material>
   Полиэстер
  </material>
  <price>
   197946
  </price>
  <rating>
   2.93
  </rating>
  <reviews>
   984855
  </reviews>
  <new>
   +
  </new>
  <sporty>
   no
  </sporty>
 </clothing>
 <clothing>
  <id>
   741322458
  </id>
  <name>
   New Balance Jeans S-6005
  </name>
  <category>
   Jeans
  </category>
  <size>
   M
  </size>
  <color>
   Фиолетовый
  </color>
  <material>
   Кожа
  </material>
  <price>
   198945
  </price>
  <rating>
   4.86
  </rating>
  <reviews>
   718132
  </reviews>
  <exclusive>
   no
  </exclusive>
  <sporty>
   no
  </sporty>
 </clothing>
 <clothing>
  <id>
   707941944
  </id>
  <name>
   PleinSport Gloves U-5579
  </name>
  <category>
   Gloves
  </category>
  <size>
   XXL
  </size>
  <color>
   Фиолетовый
  </color>
  <material>
   Шелк
  </material>
  <price>
   352216
  </price>
  <rating>
   3.15
  </rating>
  <reviews>
   934168
  </reviews>
  <new>
   +
  </new>
  <sporty>
   yes
  </sporty>
 </clothing>
 <clothing>
  <id>
   962443440
  </id>
  <name>
   Lacoste Umbrellas E-1601
  </name>
  <category>
   Umbrellas
  </category>
  <size>
   M
  </size>
  <color>
   Фиолетовый
  </color>
  <material>
   Кожа
  </material>
  <price>
   300810
  </price>
  <rating>
   4.31
  </rating>
  <reviews>
   218613
  </reviews>
  <new>
   +
  </new>
  <exclusive>
   yes
  </exclusive>
  <sporty>
   no
  </sporty>
 </clothing>
 <clothing>
  <id>
   635611255
  </id>
  <name>
   Lacoste Skirt Q-8615
  </name>
  <category>
   Skirt
  </category>
  <size>
   XL
  </size>
  <color>
   Фиолетовый
  </color>
  <material>
   Шелк
  </material>
  <price>
   716625
  </price>
  <rating>
   4.29
  </rating>
  <reviews>
   830897
  </reviews>
  <new>
   -
  </new>
  <exclusive>
   no
  </exclusive>
 </clothing>
 <clothing>
  <id>
   299660499
  </id>
  <name>
   Converse Shoes Y-3774
  </name>
  <category>
   Shoes
  </category>
  <size>
   XXL
  </size>
  <color>
   Красный
  </color>
  <material>
   Шелк
  </material>
  <price>
   834192
  </price>
  <rating>
   1.14
  </rating>
  <reviews>
   766605
  </reviews>
  <sporty>
   no
  </sporty>
 </clothing>
 <clothing>
  <id>
   296554109
  </id>
  <name>
   New Balance Pants T-3042
  </name>
  <category>
   Pants
  </category>
  <size>
   L
  </size>
  <color>
   Голубой
  </color>
  <material>
   Полиэстер
  </material>
  <price>
   646883
  </price>
  <rating>
   4.58
  </rating>
  <reviews>
   539848
  </reviews>
  <exclusive>
   no
  </exclusive>
 </clothing>
 <clothing>
  <id>
   419118855
  </id>
  <name>
   Addidas Shoes Q-2835
  </name>
  <category>
   Shoes
  </category>
  <size>
   M
  </size>
  <color>
   Синий
  </color>
  <material>
   Кожа
  </material>
  <price>
   319727
  </price>
  <rating>
   3.03
  </rating>
  <reviews>
   511295
  </reviews>
  <new>
   -
  </new>
  <sporty>
   no
  </sporty>
 </clothing>
 <clothing>
  <id>
   728918986
  </id>
  <name>
   PleinSport Socks N-7368
  </name>
  <category>
   Socks
  </category>
  <size>
   XXL
  </size>
  <color>
   Желтый
  </color>
  <material>
   Лен
  </material>
  <price>
   259733
  </price>
  <rating>
   2.33
  </rating>
  <reviews>
   725829
  </reviews>
  <sporty>
   yes
  </sporty>
 </clothing>
 <clothing>
  <id>
   928875704
  </id>
  <name>
   Reebok Handbags H-5781
  </name>
  <category>
   Handbags
  </category>
  <size>
   XXL
  </size>
  <color>
   Зеленый
  </color>
  <material>
   Вискоза
  </material>
  <price>
   541348
  </price>
  <rating>
   1.16
  </rating>
  <reviews>
   664290
  </reviews>
  <new>
   -
  </new>
  <sporty>
   no
  </sporty>
 </clothing>
 <clothing>
  <id>
   732174789
  </id>
  <name>
   Addidas Umbrellas E-9981
  </name>
  <category>
   Umbrellas
  </category>
  <size>
   L
  </size>
  <color>
   Фиолетовый
  </color>
  <material>
   Шерсть
  </material>
  <price>
   888503
  </price>
  <rating>
   4.66
  </rating>
  <reviews>
   434364
  </reviews>
  <new>
   -
  </new>
  <exclusive>
   yes
  </exclusive>
  <sporty>
   no
  </sporty>
 </clothing>
 <clothing>
  <id>
   367273794
  </id>
  <name>
   Adidas Shoes C-8069
  </name>
  <category>
   Shoes
  </category>
  <size>
   XL
  </size>
  <color>
   Оранжевый
  </color>
  <material>
   Вискоза
  </material>
  <price>
   605244
  </price>
  <rating>
   2.53
  </rating>
  <reviews>
   653565
  </reviews>
  <new>
   -
  </new>
  <exclusive>
   no
  </exclusive>
  <sporty>
   no
  </sporty>
 </clothing>
 <clothing>
  <id>
   502920027
  </id>
  <name>
   Ellesse Jeans F-5123
  </name>
  <category>
   Jeans
  </category>
  <size>
   L
  </size>
  <color>
   Красный
  </color>
  <material>
   Шерсть
  </material>
  <price>
   209508
  </price>
  <rating>
   4.14
  </rating>
  <reviews>
   678479
  </reviews>
  <new>
   -
  </new>
  <exclusive>
   yes
  </exclusive>
  <sporty>
   yes
  </sporty>
 </clothing>
 <clothing>
  <id>
   145587542
  </id>
  <name>
   Lacoste Jeans K-4240
  </name>
  <category>
   Jeans
  </category>
  <size>
   M
  </size>
  <color>
   Голубой
  </color>
  <material>
   Шерсть
  </material>
  <price>
   898276
  </price>
  <rating>
   2.75
  </rating>
  <reviews>
   272551
  </reviews>
  <new>
   -
  </new>
  <exclusive>
   no
  </exclusive>
  <sporty>
   yes
  </sporty>
 </clothing>
 <clothing>
  <id>
   756290687
  </id>
  <name>
   Addidas Dress F-1727
  </name>
  <category>
   Dress
  </category>
  <size>
   XXL
  </size>
  <color>
   Голубой
  </color>
  <material>
   Хлопок
  </material>
  <price>
   160486
  </price>
  <rating>
   4.41
  </rating>
  <reviews>
   796554
  </reviews>
  <exclusive>
   yes
  </exclusive>
  <sporty>
   yes
  </sporty>
 </clothing>
 <clothing>
  <id>
   701296720
  </id>
  <name>
   Under Armour Jeans V-9189
  </name>
  <category>
   Jeans
  </category>
  <size>
   XL
  </size>
  <color>
   Зеленый
  </color>
  <material>
   Хлопок
  </material>
  <price>
   680651
  </price>
  <rating>
   2.46
  </rating>
  <reviews>
   898801
  </reviews>
  <new>
   -
  </new>
  <sporty>
   yes
  </sporty>
 </clothing>
 <clothing>
  <id>
   548487326
  </id>
  <name>
   Reebok Socks H-3088
  </name>
  <category>
   Socks
  </category>
  <size>
   L
  </size>
  <color>
   Красный
  </color>
  <material>
   Хлопок
  </material>
  <price>
   323361
  </price>
  <rating>
   3.59
  </rating>
  <reviews>
   988350
  </reviews>
  <new>
   -
  </new>
 </clothing>
 <clothing>
  <id>
   422906913
  </id>
  <name>
   Ellesse Umbrellas J-8589
  </name>
  <category>
   Umbrellas
  </category>
  <size>
   XL
  </size>
  <color>
   Фиолетовый
  </color>
  <material>
   Шелк
  </material>
  <price>
   898821
  </price>
  <rating>
   4.37
  </rating>
  <reviews>
   867164
  </reviews>
  <new>
   -
  </new>
  <exclusive>
   no
  </exclusive>
 </clothing>
 <clothing>
  <id>
   177090293
  </id>
  <name>
   Puma Pants D-2195
  </name>
  <category>
   Pants
  </category>
  <size>
   S
  </size>
  <color>
   Красный
  </color>
  <material>
   Полиэстер
  </material>
  <price>
   613915
  </price>
  <rating>
   2.54
  </rating>
  <reviews>
   842440
  </reviews>
  <new>
   -
  </new>
 </clothing>
 <clothing>
  <id>
   653359244
  </id>
  <name>
   Puma Handbags V-9774
  </name>
  <category>
   Handbags
  </category>
  <size>
   M
  </size>
  <color>
   Фиолетовый
  </color>
  <material>
   Полиэстер
  </material>
  <price>
   123720
  </price>
  <rating>
   4.07
  </rating>
  <reviews>
   8745
  </reviews>
  <sporty>
   no
  </sporty>
 </clothing>
 <clothing>
  <id>
   673325094
  </id>
  <name>
   Ellesse Handbags A-2667
  </name>
  <category>
   Handbags
  </category>
  <size>
   M
  </size>
  <color>
   Синий
  </color>
  <material>
   Шерсть
  </material>
  <price>
   607744
  </price>
  <rating>
   1.82
  </rating>
  <reviews>
   307096
  </reviews>
  <sporty>
   yes
  </sporty>
 </clothing>
 <clothing>
  <id>
   422484375
  </id>
  <name>
   Fila Gloves Y-5706
  </name>
  <category>
   Gloves
  </category>
  <size>
   L
  </size>
  <color>
   Синий
  </color>
  <material>
   Шерсть
  </material>
  <price>
   648641
  </price>
  <rating>
   1.27
  </rating>
  <reviews>
   404251
  </reviews>
  <new>
   -
  </new>
  <sporty>
   yes
  </sporty>
 </clothing>
 <clothing>
  <id>
   700303358
  </id>
  <name>
   Converse Shirt P-6169
  </name>
  <category>
   Shirt
  </category>
  <size>
   L
  </size>
  <color>
   Голубой
  </color>
  <material>
   Хлопок
  </material>
  <price>
   964863
  </price>
  <rating>
   2.75
  </rating>
  <reviews>
   522669
  </reviews>
  <exclusive>
   no
  </exclusive>
 </clothing>
 <clothing>
  <id>
   602674998
  </id>
  <name>
   Vans Sweater G-5620
  </name>
  <category>
   Sweater
  </category>
  <size>
   XL
  </size>
  <color>
   Оранжевый
  </color>
  <material>
   Кожа
  </material>
  <price>
   140895
  </price>
  <rating>
   1.66
  </rating>
  <reviews>
   741631
  </reviews>
  <exclusive>
   no
  </exclusive>
  <sporty>
   no
  </sporty>
 </clothing>
 <clothing>
  <id>
   700570041
  </id>
  <name>
   Converse Dress S-8640
  </name>
  <category>
   Dress
  </category>
  <size>
   XL
  </size>
  <color>
   Оранжевый
  </color>
  <material>
   Полиэстер
  </material>
  <price>
   292052
  </price>
  <rating>
   2.43
  </rating>
  <reviews>
   760026
  </reviews>
  <new>
   -
  </new>
 </clothing>
 <clothing>
  <id>
   458426950
  </id>
  <name>
   New Balance Belts O-4872
  </name>
  <category>
   Belts
  </category>
  <size>
   L
  </size>
  <color>
   Красный
  </color>
  <material>
   Шелк
  </material>
  <price>
   263665
  </price>
  <rating>
   3.94
  </rating>
  <reviews>
   605359
  </reviews>
 </clothing>
 <clothing>
  <id>
   804730635
  </id>
  <name>
   Fila Jeans A-1624
  </name>
  <category>
   Jeans
  </category>
  <size>
   L
  </size>
  <color>
   Голубой
  </color>
  <material>
   Лен
  </material>
  <price>
   294813
  </price>
  <rating>
   2.36
  </rating>
  <reviews>
   931044
  </reviews>
  <new>
   +
  </new>
  <sporty>
   no
  </sporty>
 </clothing>
 <clothing>
  <id>
   691668961
  </id>
  <name>
   Brooks Pants S-1087
  </name>
  <category>
   Pants
  </category>
  <size>
   L
  </size>
  <color>
   Фиолетовый
  </color>
  <material>
   Шерсть
  </material>
  <price>
   456220
  </price>
  <rating>
   1.7
  </rating>
  <reviews>
   803953
  </reviews>
  <new>
   -
  </new>
  <sporty>
   yes
  </sporty>
 </clothing>
 <clothing>
  <id>
   988271038
  </id>
  <name>
   Converse Shoes F-4643
  </name>
  <category>
   Shoes
  </category>
  <size>
   L
  </size>
  <color>
   Зеленый
  </color>
  <material>
   Полиэстер
  </material>
  <price>
   857342
  </price>
  <rating>
   2.92
  </rating>
  <reviews>
   725138
  </reviews>
  <sporty>
   no
  </sporty>
 </clothing>
 <clothing>
  <id>
   904836123
  </id>
  <name>
   Puma T-shirt R-9526
  </name>
  <category>
   T-shirt
  </category>
  <size>
   XXL
  </size>
  <color>
   Фиолетовый
  </color>
  <material>
   Лен
  </material>
  <price>
   629767
  </price>
  <rating>
   3.06
  </rating>
  <reviews>
   511057
  </reviews>
  <new>
   -
  </new>
  <exclusive>
   yes
  </exclusive>
 </clothing>
 <clothing>
  <id>
   301383064
  </id>
  <name>
   PleinSport Socks N-1237
  </name>
  <category>
   Socks
  </category>
  <size>
   S
  </size>
  <color>
   Желтый
  </color>
  <material>
   Шелк
  </material>
  <price>
   737507
  </price>
  <rating>
   4.0
  </rating>
  <reviews>
   479154
  </reviews>
  <new>
   -
  </new>
 </clothing>
</clothing-items>
