<?xml version="1.0" encoding="utf-8"?>
<clothing-items>
 <clothing>
  <id>
   986263079
  </id>
  <name>
   Fila Jeans B-5340
  </name>
  <category>
   Jeans
  </category>
  <size>
   S
  </size>
  <color>
   Голубой
  </color>
  <material>
   Нейлон
  </material>
  <price>
   258800
  </price>
  <rating>
   2.24
  </rating>
  <reviews>
   721036
  </reviews>
  <new>
   +
  </new>
  <exclusive>
   yes
  </exclusive>
 </clothing>
 <clothing>
  <id>
   522138207
  </id>
  <name>
   Nike Shirt I-2367
  </name>
  <category>
   Shirt
  </category>
  <size>
   L
  </size>
  <color>
   Красный
  </color>
  <material>
   Шелк
  </material>
  <price>
   509985
  </price>
  <rating>
   1.13
  </rating>
  <reviews>
   856540
  </reviews>
  <new>
   -
  </new>
  <exclusive>
   no
  </exclusive>
 </clothing>
 <clothing>
  <id>
   274229855
  </id>
  <name>
   DC Blouse L-3105
  </name>
  <category>
   Blouse
  </category>
  <size>
   XL
  </size>
  <color>
   Голубой
  </color>
  <material>
   Шерсть
  </material>
  <price>
   166922
  </price>
  <rating>
   1.01
  </rating>
  <reviews>
   99221
  </reviews>
  <new>
   +
  </new>
  <sporty>
   no
  </sporty>
 </clothing>
 <clothing>
  <id>
   788503834
  </id>
  <name>
   New Balance Umbrellas K-5920
  </name>
  <category>
   Umbrellas
  </category>
  <size>
   L
  </size>
  <color>
   Красный
  </color>
  <material>
   Полиэстер
  </material>
  <price>
   735311
  </price>
  <rating>
   1.33
  </rating>
  <reviews>
   261268
  </reviews>
  <exclusive>
   yes
  </exclusive>
 </clothing>
 <clothing>
  <id>
   447464590
  </id>
  <name>
   PleinSport T-shirt Z-7597
  </name>
  <category>
   T-shirt
  </category>
  <size>
   XL
  </size>
  <color>
   Фиолетовый
  </color>
  <material>
   Лен
  </material>
  <price>
   287411
  </price>
  <rating>
   2.45
  </rating>
  <reviews>
   205946
  </reviews>
  <sporty>
   no
  </sporty>
 </clothing>
 <clothing>
  <id>
   856822179
  </id>
  <name>
   Nike Shoes L-7676
  </name>
  <category>
   Shoes
  </category>
  <size>
   XXL
  </size>
  <color>
   Красный
  </color>
  <material>
   Лен
  </material>
  <price>
   614756
  </price>
  <rating>
   2.99
  </rating>
  <reviews>
   237126
  </reviews>
  <new>
   -
  </new>
  <exclusive>
   yes
  </exclusive>
  <sporty>
   no
  </sporty>
 </clothing>
 <clothing>
  <id>
   756820138
  </id>
  <name>
   Nike Hat T-1821
  </name>
  <category>
   Hat
  </category>
  <size>
   XXL
  </size>
  <color>
   Фиолетовый
  </color>
  <material>
   Шелк
  </material>
  <price>
   808641
  </price>
  <rating>
   2.1
  </rating>
  <reviews>
   703622
  </reviews>
  <new>
   +
  </new>
  <sporty>
   yes
  </sporty>
 </clothing>
 <clothing>
  <id>
   754600081
  </id>
  <name>
   Under Armour Jeans F-2973
  </name>
  <category>
   Jeans
  </category>
  <size>
   XL
  </size>
  <color>
   Оранжевый
  </color>
  <material>
   Шерсть
  </material>
  <price>
   932817
  </price>
  <rating>
   4.6
  </rating>
  <reviews>
   393785
  </reviews>
  <new>
   +
  </new>
  <exclusive>
   no
  </exclusive>
  <sporty>
   yes
  </sporty>
 </clothing>
 <clothing>
  <id>
   110944917
  </id>
  <name>
   Fila Sweater K-5549
  </name>
  <category>
   Sweater
  </category>
  <size>
   XL
  </size>
  <color>
   Синий
  </color>
  <material>
   Хлопок
  </material>
  <price>
   499653
  </price>
  <rating>
   4.73
  </rating>
  <reviews>
   194819
  </reviews>
  <new>
   -
  </new>
  <exclusive>
   yes
  </exclusive>
  <sporty>
   yes
  </sporty>
 </clothing>
 <clothing>
  <id>
   318056331
  </id>
  <name>
   Reebok Hat F-5845
  </name>
  <category>
   Hat
  </category>
  <size>
   L
  </size>
  <color>
   Голубой
  </color>
  <material>
   Кожа
  </material>
  <price>
   304051
  </price>
  <rating>
   3.87
  </rating>
  <reviews>
   41275
  </reviews>
  <exclusive>
   yes
  </exclusive>
  <sporty>
   no
  </sporty>
 </clothing>
 <clothing>
  <id>
   258529574
  </id>
  <name>
   Puma Socks G-7708
  </name>
  <category>
   Socks
  </category>
  <size>
   M
  </size>
  <color>
   Красный
  </color>
  <material>
   Лен
  </material>
  <price>
   566386
  </price>
  <rating>
   4.27
  </rating>
  <reviews>
   982796
  </reviews>
  <exclusive>
   no
  </exclusive>
  <sporty>
   no
  </sporty>
 </clothing>
 <clothing>
  <id>
   359941334
  </id>
  <name>
   Brooks Belts A-6016
  </name>
  <category>
   Belts
  </category>
  <size>
   XL
  </size>
  <color>
   Синий
  </color>
  <material>
   Полиэстер
  </material>
  <price>
   250704
  </price>
  <rating>
   1.3
  </rating>
  <reviews>
   435422
  </reviews>
  <new>
   -
  </new>
  <sporty>
   no
  </sporty>
 </clothing>
 <clothing>
  <id>
   384344873
  </id>
  <name>
   Puma Hat M-9628
  </name>
  <category>
   Hat
  </category>
  <size>
   M
  </size>
  <color>
   Желтый
  </color>
  <material>
   Кожа
  </material>
  <price>
   496486
  </price>
  <rating>
   4.74
  </rating>
  <reviews>
   832199
  </reviews>
  <new>
   -
  </new>
  <exclusive>
   yes
  </exclusive>
 </clothing>
 <clothing>
  <id>
   322486996
  </id>
  <name>
   Lacoste Dress N-1109
  </name>
  <category>
   Dress
  </category>
  <size>
   L
  </size>
  <color>
   Голубой
  </color>
  <material>
   Кожа
  </material>
  <price>
   857970
  </price>
  <rating>
   2.96
  </rating>
  <reviews>
   161829
  </reviews>
  <new>
   +
  </new>
  <exclusive>
   no
  </exclusive>
  <sporty>
   yes
  </sporty>
 </clothing>
 <clothing>
  <id>
   971739022
  </id>
  <name>
   Brooks Dress E-1517
  </name>
  <category>
   Dress
  </category>
  <size>
   XXL
  </size>
  <color>
   Оранжевый
  </color>
  <material>
   Кожа
  </material>
  <price>
   578243
  </price>
  <rating>
   2.3
  </rating>
  <reviews>
   881137
  </reviews>
  <exclusive>
   no
  </exclusive>
  <sporty>
   yes
  </sporty>
 </clothing>
 <clothing>
  <id>
   718342681
  </id>
  <name>
   PleinSport Skirt F-6310
  </name>
  <category>
   Skirt
  </category>
  <size>
   L
  </size>
  <color>
   Красный
  </color>
  <material>
   Шелк
  </material>
  <price>
   510818
  </price>
  <rating>
   1.92
  </rating>
  <reviews>
   697384
  </reviews>
  <sporty>
   no
  </sporty>
 </clothing>
 <clothing>
  <id>
   215288888
  </id>
  <name>
   Under Armour Pants H-3919
  </name>
  <category>
   Pants
  </category>
  <size>
   S
  </size>
  <color>
   Зеленый
  </color>
  <material>
   Шелк
  </material>
  <price>
   333814
  </price>
  <rating>
   1.81
  </rating>
  <reviews>
   287581
  </reviews>
  <new>
   -
  </new>
  <exclusive>
   no
  </exclusive>
  <sporty>
   no
  </sporty>
 </clothing>
 <clothing>
  <id>
   802244736
  </id>
  <name>
   Fila Dress B-8864
  </name>
  <category>
   Dress
  </category>
  <size>
   M
  </size>
  <color>
   Зеленый
  </color>
  <material>
   Лен
  </material>
  <price>
   516559
  </price>
  <rating>
   3.72
  </rating>
  <reviews>
   863055
  </reviews>
  <new>
   +
  </new>
  <exclusive>
   no
  </exclusive>
  <sporty>
   no
  </sporty>
 </clothing>
 <clothing>
  <id>
   810149156
  </id>
  <name>
   Asics T-shirt X-5771
  </name>
  <category>
   T-shirt
  </category>
  <size>
   XL
  </size>
  <color>
   Оранжевый
  </color>
  <material>
   Вискоза
  </material>
  <price>
   121784
  </price>
  <rating>
   4.54
  </rating>
  <reviews>
   683084
  </reviews>
  <exclusive>
   no
  </exclusive>
 </clothing>
 <clothing>
  <id>
   294109256
  </id>
  <name>
   Nike Sweater U-4820
  </name>
  <category>
   Sweater
  </category>
  <size>
   S
  </size>
  <color>
   Фиолетовый
  </color>
  <material>
   Нейлон
  </material>
  <price>
   688546
  </price>
  <rating>
   4.5
  </rating>
  <reviews>
   320098
  </reviews>
  <new>
   +
  </new>
  <sporty>
   no
  </sporty>
 </clothing>
 <clothing>
  <id>
   778616814
  </id>
  <name>
   Asics Hat X-7671
  </name>
  <category>
   Hat
  </category>
  <size>
   M
  </size>
  <color>
   Желтый
  </color>
  <material>
   Нейлон
  </material>
  <price>
   220743
  </price>
  <rating>
   2.44
  </rating>
  <reviews>
   988247
  </reviews>
  <new>
   -
  </new>
  <exclusive>
   yes
  </exclusive>
 </clothing>
 <clothing>
  <id>
   850084265
  </id>
  <name>
   Ellesse Socks E-1548
  </name>
  <category>
   Socks
  </category>
  <size>
   XXL
  </size>
  <color>
   Красный
  </color>
  <material>
   Кожа
  </material>
  <price>
   906752
  </price>
  <rating>
   3.65
  </rating>
  <reviews>
   121337
  </reviews>
  <new>
   -
  </new>
  <exclusive>
   no
  </exclusive>
  <sporty>
   no
  </sporty>
 </clothing>
 <clothing>
  <id>
   502244649
  </id>
  <name>
   New Balance Gloves G-7735
  </name>
  <category>
   Gloves
  </category>
  <size>
   M
  </size>
  <color>
   Красный
  </color>
  <material>
   Шелк
  </material>
  <price>
   150349
  </price>
  <rating>
   2.31
  </rating>
  <reviews>
   604475
  </reviews>
  <new>
   +
  </new>
  <exclusive>
   no
  </exclusive>
 </clothing>
 <clothing>
  <id>
   534923135
  </id>
  <name>
   Reebok Umbrellas X-4180
  </name>
  <category>
   Umbrellas
  </category>
  <size>
   XL
  </size>
  <color>
   Голубой
  </color>
  <material>
   Шелк
  </material>
  <price>
   931477
  </price>
  <rating>
   4.99
  </rating>
  <reviews>
   222288
  </reviews>
  <exclusive>
   no
  </exclusive>
  <sporty>
   no
  </sporty>
 </clothing>
</clothing-items>
