<?xml version="1.0" encoding="utf-8"?>
<clothing-items>
 <clothing>
  <id>
   438666418
  </id>
  <name>
   Converse Socks U-2487
  </name>
  <category>
   Socks
  </category>
  <size>
   M
  </size>
  <color>
   Синий
  </color>
  <material>
   Хлопок
  </material>
  <price>
   358154
  </price>
  <rating>
   3.34
  </rating>
  <reviews>
   773685
  </reviews>
  <new>
   -
  </new>
  <exclusive>
   no
  </exclusive>
  <sporty>
   no
  </sporty>
 </clothing>
 <clothing>
  <id>
   380540286
  </id>
  <name>
   Reebok Skirt P-9844
  </name>
  <category>
   Skirt
  </category>
  <size>
   XL
  </size>
  <color>
   Желтый
  </color>
  <material>
   Кожа
  </material>
  <price>
   308639
  </price>
  <rating>
   2.18
  </rating>
  <reviews>
   208262
  </reviews>
  <new>
   -
  </new>
  <exclusive>
   yes
  </exclusive>
  <sporty>
   no
  </sporty>
 </clothing>
 <clothing>
  <id>
   831495380
  </id>
  <name>
   Converse Sweater B-5076
  </name>
  <category>
   Sweater
  </category>
  <size>
   XXL
  </size>
  <color>
   Синий
  </color>
  <material>
   Лен
  </material>
  <price>
   125995
  </price>
  <rating>
   4.54
  </rating>
  <reviews>
   524396
  </reviews>
 </clothing>
 <clothing>
  <id>
   211031092
  </id>
  <name>
   DC Shirt T-1703
  </name>
  <category>
   Shirt
  </category>
  <size>
   XL
  </size>
  <color>
   Синий
  </color>
  <material>
   Нейлон
  </material>
  <price>
   110893
  </price>
  <rating>
   3.13
  </rating>
  <reviews>
   689935
  </reviews>
  <new>
   +
  </new>
  <sporty>
   no
  </sporty>
 </clothing>
 <clothing>
  <id>
   685428129
  </id>
  <name>
   Converse Pants B-5989
  </name>
  <category>
   Pants
  </category>
  <size>
   XL
  </size>
  <color>
   Голубой
  </color>
  <material>
   Шелк
  </material>
  <price>
   890438
  </price>
  <rating>
   4.47
  </rating>
  <reviews>
   880027
  </reviews>
  <new>
   +
  </new>
  <exclusive>
   yes
  </exclusive>
  <sporty>
   no
  </sporty>
 </clothing>
 <clothing>
  <id>
   314494135
  </id>
  <name>
   PleinSport Blouse W-5648
  </name>
  <category>
   Blouse
  </category>
  <size>
   L
  </size>
  <color>
   Оранжевый
  </color>
  <material>
   Вискоза
  </material>
  <price>
   903462
  </price>
  <rating>
   1.67
  </rating>
  <reviews>
   54857
  </reviews>
  <sporty>
   no
  </sporty>
 </clothing>
 <clothing>
  <id>
   917727729
  </id>
  <name>
   DC Pants J-4264
  </name>
  <category>
   Pants
  </category>
  <size>
   XL
  </size>
  <color>
   Фиолетовый
  </color>
  <material>
   Шелк
  </material>
  <price>
   567666
  </price>
  <rating>
   4.72
  </rating>
  <reviews>
   484633
  </reviews>
  <exclusive>
   no
  </exclusive>
  <sporty>
   yes
  </sporty>
 </clothing>
 <clothing>
  <id>
   832881287
  </id>
  <name>
   Puma Socks Y-5771
  </name>
  <category>
   Socks
  </category>
  <size>
   XL
  </size>
  <color>
   Зеленый
  </color>
  <material>
   Лен
  </material>
  <price>
   836521
  </price>
  <rating>
   2.7
  </rating>
  <reviews>
   101926
  </reviews>
  <new>
   +
  </new>
 </clothing>
 <clothing>
  <id>
   224448401
  </id>
  <name>
   Converse Jacket J-5138
  </name>
  <category>
   Jacket
  </category>
  <size>
   M
  </size>
  <color>
   Красный
  </color>
  <material>
   Нейлон
  </material>
  <price>
   816701
  </price>
  <rating>
   1.09
  </rating>
  <reviews>
   509490
  </reviews>
 </clothing>
 <clothing>
  <id>
   100382147
  </id>
  <name>
   Adidas Skirt N-6277
  </name>
  <category>
   Skirt
  </category>
  <size>
   XXL
  </size>
  <color>
   Зеленый
  </color>
  <material>
   Полиэстер
  </material>
  <price>
   880912
  </price>
  <rating>
   4.92
  </rating>
  <reviews>
   520026
  </reviews>
  <exclusive>
   no
  </exclusive>
  <sporty>
   no
  </sporty>
 </clothing>
 <clothing>
  <id>
   803478380
  </id>
  <name>
   New Balance Jacket N-8651
  </name>
  <category>
   Jacket
  </category>
  <size>
   M
  </size>
  <color>
   Желтый
  </color>
  <material>
   Шелк
  </material>
  <price>
   931051
  </price>
  <rating>
   3.17
  </rating>
  <reviews>
   364270
  </reviews>
  <exclusive>
   yes
  </exclusive>
  <sporty>
   no
  </sporty>
 </clothing>
 <clothing>
  <id>
   185089917
  </id>
  <name>
   Lacoste Shoes K-6021
  </name>
  <category>
   Shoes
  </category>
  <size>
   XL
  </size>
  <color>
   Голубой
  </color>
  <material>
   Лен
  </material>
  <price>
   383457
  </price>
  <rating>
   4.6
  </rating>
  <reviews>
   200241
  </reviews>
  <new>
   -
  </new>
  <exclusive>
   no
  </exclusive>
  <sporty>
   yes
  </sporty>
 </clothing>
 <clothing>
  <id>
   628425118
  </id>
  <name>
   Under Armour Gloves V-4501
  </name>
  <category>
   Gloves
  </category>
  <size>
   XL
  </size>
  <color>
   Желтый
  </color>
  <material>
   Вискоза
  </material>
  <price>
   544696
  </price>
  <rating>
   1.74
  </rating>
  <reviews>
   813285
  </reviews>
  <new>
   +
  </new>
  <sporty>
   yes
  </sporty>
 </clothing>
 <clothing>
  <id>
   554411394
  </id>
  <name>
   Converse Shoes J-1382
  </name>
  <category>
   Shoes
  </category>
  <size>
   L
  </size>
  <color>
   Синий
  </color>
  <material>
   Полиэстер
  </material>
  <price>
   201668
  </price>
  <rating>
   2.74
  </rating>
  <reviews>
   966095
  </reviews>
  <new>
   -
  </new>
 </clothing>
 <clothing>
  <id>
   420730491
  </id>
  <name>
   Nike Umbrellas Q-9505
  </name>
  <category>
   Umbrellas
  </category>
  <size>
   M
  </size>
  <color>
   Желтый
  </color>
  <material>
   Лен
  </material>
  <price>
   439637
  </price>
  <rating>
   1.14
  </rating>
  <reviews>
   452128
  </reviews>
  <new>
   +
  </new>
 </clothing>
 <clothing>
  <id>
   724948357
  </id>
  <name>
   Lacoste Dress Y-4215
  </name>
  <category>
   Dress
  </category>
  <size>
   XL
  </size>
  <color>
   Голубой
  </color>
  <material>
   Шерсть
  </material>
  <price>
   286305
  </price>
  <rating>
   2.43
  </rating>
  <reviews>
   419418
  </reviews>
  <exclusive>
   no
  </exclusive>
  <sporty>
   no
  </sporty>
 </clothing>
 <clothing>
  <id>
   476489653
  </id>
  <name>
   Puma Belts Y-3064
  </name>
  <category>
   Belts
  </category>
  <size>
   L
  </size>
  <color>
   Оранжевый
  </color>
  <material>
   Кожа
  </material>
  <price>
   254946
  </price>
  <rating>
   1.19
  </rating>
  <reviews>
   613956
  </reviews>
  <exclusive>
   no
  </exclusive>
 </clothing>
 <clothing>
  <id>
   197229047
  </id>
  <name>
   Addidas Hat M-1418
  </name>
  <category>
   Hat
  </category>
  <size>
   XXL
  </size>
  <color>
   Желтый
  </color>
  <material>
   Шелк
  </material>
  <price>
   396937
  </price>
  <rating>
   3.08
  </rating>
  <reviews>
   765819
  </reviews>
  <new>
   +
  </new>
  <exclusive>
   no
  </exclusive>
  <sporty>
   yes
  </sporty>
 </clothing>
 <clothing>
  <id>
   473165064
  </id>
  <name>
   Lacoste Socks S-9215
  </name>
  <category>
   Socks
  </category>
  <size>
   XXL
  </size>
  <color>
   Желтый
  </color>
  <material>
   Хлопок
  </material>
  <price>
   982371
  </price>
  <rating>
   2.03
  </rating>
  <reviews>
   337626
  </reviews>
  <new>
   -
  </new>
  <exclusive>
   no
  </exclusive>
 </clothing>
 <clothing>
  <id>
   577561016
  </id>
  <name>
   Puma Gloves J-2188
  </name>
  <category>
   Gloves
  </category>
  <size>
   M
  </size>
  <color>
   Красный
  </color>
  <material>
   Шерсть
  </material>
  <price>
   416893
  </price>
  <rating>
   1.15
  </rating>
  <reviews>
   859575
  </reviews>
  <new>
   -
  </new>
  <exclusive>
   no
  </exclusive>
  <sporty>
   yes
  </sporty>
 </clothing>
 <clothing>
  <id>
   116463910
  </id>
  <name>
   Reebok Pants E-6356
  </name>
  <category>
   Pants
  </category>
  <size>
   XXL
  </size>
  <color>
   Синий
  </color>
  <material>
   Вискоза
  </material>
  <price>
   113484
  </price>
  <rating>
   1.01
  </rating>
  <reviews>
   132319
  </reviews>
  <new>
   -
  </new>
  <exclusive>
   yes
  </exclusive>
 </clothing>
 <clothing>
  <id>
   503843504
  </id>
  <name>
   Addidas Pants X-7874
  </name>
  <category>
   Pants
  </category>
  <size>
   XL
  </size>
  <color>
   Зеленый
  </color>
  <material>
   Шелк
  </material>
  <price>
   732040
  </price>
  <rating>
   4.6
  </rating>
  <reviews>
   997442
  </reviews>
  <new>
   -
  </new>
  <sporty>
   yes
  </sporty>
 </clothing>
 <clothing>
  <id>
   436394473
  </id>
  <name>
   Nike Shirt J-2758
  </name>
  <category>
   Shirt
  </category>
  <size>
   XXL
  </size>
  <color>
   Фиолетовый
  </color>
  <material>
   Вискоза
  </material>
  <price>
   887635
  </price>
  <rating>
   4.03
  </rating>
  <reviews>
   147888
  </reviews>
  <sporty>
   no
  </sporty>
 </clothing>
 <clothing>
  <id>
   165599814
  </id>
  <name>
   Puma T-shirt T-6529
  </name>
  <category>
   T-shirt
  </category>
  <size>
   S
  </size>
  <color>
   Зеленый
  </color>
  <material>
   Нейлон
  </material>
  <price>
   516566
  </price>
  <rating>
   1.8
  </rating>
  <reviews>
   511826
  </reviews>
  <sporty>
   no
  </sporty>
 </clothing>
 <clothing>
  <id>
   978148379
  </id>
  <name>
   Nike Dress O-3987
  </name>
  <category>
   Dress
  </category>
  <size>
   S
  </size>
  <color>
   Синий
  </color>
  <material>
   Вискоза
  </material>
  <price>
   481365
  </price>
  <rating>
   1.27
  </rating>
  <reviews>
   637664
  </reviews>
  <new>
   +
  </new>
  <sporty>
   no
  </sporty>
 </clothing>
 <clothing>
  <id>
   840402729
  </id>
  <name>
   PleinSport Hat H-5394
  </name>
  <category>
   Hat
  </category>
  <size>
   L
  </size>
  <color>
   Голубой
  </color>
  <material>
   Полиэстер
  </material>
  <price>
   690727
  </price>
  <rating>
   1.81
  </rating>
  <reviews>
   502461
  </reviews>
  <exclusive>
   yes
  </exclusive>
 </clothing>
 <clothing>
  <id>
   291415014
  </id>
  <name>
   Lacoste Umbrellas E-7106
  </name>
  <category>
   Umbrellas
  </category>
  <size>
   XXL
  </size>
  <color>
   Красный
  </color>
  <material>
   Кожа
  </material>
  <price>
   869897
  </price>
  <rating>
   1.0
  </rating>
  <reviews>
   148032
  </reviews>
  <sporty>
   yes
  </sporty>
 </clothing>
 <clothing>
  <id>
   663317122
  </id>
  <name>
   Lacoste Shoes X-6301
  </name>
  <category>
   Shoes
  </category>
  <size>
   XL
  </size>
  <color>
   Голубой
  </color>
  <material>
   Шерсть
  </material>
  <price>
   107140
  </price>
  <rating>
   1.88
  </rating>
  <reviews>
   337090
  </reviews>
  <exclusive>
   yes
  </exclusive>
  <sporty>
   no
  </sporty>
 </clothing>
 <clothing>
  <id>
   642864527
  </id>
  <name>
   Converse Handbags R-8281
  </name>
  <category>
   Handbags
  </category>
  <size>
   L
  </size>
  <color>
   Красный
  </color>
  <material>
   Лен
  </material>
  <price>
   636914
  </price>
  <rating>
   4.01
  </rating>
  <reviews>
   419925
  </reviews>
  <new>
   -
  </new>
  <exclusive>
   yes
  </exclusive>
  <sporty>
   no
  </sporty>
 </clothing>
 <clothing>
  <id>
   589345617
  </id>
  <name>
   New Balance Sweater H-2945
  </name>
  <category>
   Sweater
  </category>
  <size>
   XXL
  </size>
  <color>
   Оранжевый
  </color>
  <material>
   Нейлон
  </material>
  <price>
   473633
  </price>
  <rating>
   2.89
  </rating>
  <reviews>
   837198
  </reviews>
  <new>
   -
  </new>
  <exclusive>
   yes
  </exclusive>
  <sporty>
   no
  </sporty>
 </clothing>
 <clothing>
  <id>
   868550180
  </id>
  <name>
   Reebok Dress T-2539
  </name>
  <category>
   Dress
  </category>
  <size>
   L
  </size>
  <color>
   Фиолетовый
  </color>
  <material>
   Полиэстер
  </material>
  <price>
   218878
  </price>
  <rating>
   2.7
  </rating>
  <reviews>
   489361
  </reviews>
 </clothing>
 <clothing>
  <id>
   309311201
  </id>
  <name>
   Asics Pants S-5372
  </name>
  <category>
   Pants
  </category>
  <size>
   S
  </size>
  <color>
   Голубой
  </color>
  <material>
   Шерсть
  </material>
  <price>
   449735
  </price>
  <rating>
   2.27
  </rating>
  <reviews>
   371545
  </reviews>
  <exclusive>
   no
  </exclusive>
  <sporty>
   yes
  </sporty>
 </clothing>
 <clothing>
  <id>
   574633338
  </id>
  <name>
   Lacoste Jacket H-5905
  </name>
  <category>
   Jacket
  </category>
  <size>
   XL
  </size>
  <color>
   Желтый
  </color>
  <material>
   Хлопок
  </material>
  <price>
   356513
  </price>
  <rating>
   2.7
  </rating>
  <reviews>
   595574
  </reviews>
  <new>
   -
  </new>
  <exclusive>
   no
  </exclusive>
  <sporty>
   no
  </sporty>
 </clothing>
 <clothing>
  <id>
   844818373
  </id>
  <name>
   New Balance Blouse R-4182
  </name>
  <category>
   Blouse
  </category>
  <size>
   M
  </size>
  <color>
   Голубой
  </color>
  <material>
   Вискоза
  </material>
  <price>
   967546
  </price>
  <rating>
   1.84
  </rating>
  <reviews>
   398762
  </reviews>
  <exclusive>
   no
  </exclusive>
 </clothing>
 <clothing>
  <id>
   309349634
  </id>
  <name>
   Brooks Pants Q-7349
  </name>
  <category>
   Pants
  </category>
  <size>
   XL
  </size>
  <color>
   Оранжевый
  </color>
  <material>
   Вискоза
  </material>
  <price>
   950013
  </price>
  <rating>
   4.72
  </rating>
  <reviews>
   37304
  </reviews>
  <new>
   -
  </new>
 </clothing>
 <clothing>
  <id>
   558931351
  </id>
  <name>
   Addidas Sweater E-8152
  </name>
  <category>
   Sweater
  </category>
  <size>
   S
  </size>
  <color>
   Синий
  </color>
  <material>
   Хлопок
  </material>
  <price>
   408967
  </price>
  <rating>
   2.6
  </rating>
  <reviews>
   697225
  </reviews>
 </clothing>
</clothing-items>
