<?xml version="1.0" encoding="utf-8"?>
<clothing-items>
 <clothing>
  <id>
   528916015
  </id>
  <name>
   Ellesse Umbrellas Z-9799
  </name>
  <category>
   Umbrellas
  </category>
  <size>
   XXL
  </size>
  <color>
   Зеленый
  </color>
  <material>
   Вискоза
  </material>
  <price>
   373299
  </price>
  <rating>
   3.86
  </rating>
  <reviews>
   558474
  </reviews>
  <new>
   -
  </new>
  <sporty>
   no
  </sporty>
 </clothing>
 <clothing>
  <id>
   603776337
  </id>
  <name>
   Puma Umbrellas K-2636
  </name>
  <category>
   Umbrellas
  </category>
  <size>
   XXL
  </size>
  <color>
   Зеленый
  </color>
  <material>
   Вискоза
  </material>
  <price>
   389387
  </price>
  <rating>
   3.46
  </rating>
  <reviews>
   835724
  </reviews>
  <new>
   -
  </new>
  <sporty>
   no
  </sporty>
 </clothing>
 <clothing>
  <id>
   339536822
  </id>
  <name>
   Converse T-shirt J-9567
  </name>
  <category>
   T-shirt
  </category>
  <size>
   L
  </size>
  <color>
   Фиолетовый
  </color>
  <material>
   Кожа
  </material>
  <price>
   521971
  </price>
  <rating>
   2.34
  </rating>
  <reviews>
   315013
  </reviews>
  <new>
   -
  </new>
  <exclusive>
   yes
  </exclusive>
 </clothing>
 <clothing>
  <id>
   780555008
  </id>
  <name>
   Converse Jacket O-5672
  </name>
  <category>
   Jacket
  </category>
  <size>
   XXL
  </size>
  <color>
   Фиолетовый
  </color>
  <material>
   Хлопок
  </material>
  <price>
   673547
  </price>
  <rating>
   3.25
  </rating>
  <reviews>
   359162
  </reviews>
  <new>
   -
  </new>
 </clothing>
 <clothing>
  <id>
   997289739
  </id>
  <name>
   Fila Jacket E-1197
  </name>
  <category>
   Jacket
  </category>
  <size>
   M
  </size>
  <color>
   Синий
  </color>
  <material>
   Полиэстер
  </material>
  <price>
   733249
  </price>
  <rating>
   4.32
  </rating>
  <reviews>
   685504
  </reviews>
  <sporty>
   no
  </sporty>
 </clothing>
 <clothing>
  <id>
   181567818
  </id>
  <name>
   Reebok T-shirt K-2085
  </name>
  <category>
   T-shirt
  </category>
  <size>
   XL
  </size>
  <color>
   Фиолетовый
  </color>
  <material>
   Лен
  </material>
  <price>
   945220
  </price>
  <rating>
   2.68
  </rating>
  <reviews>
   392047
  </reviews>
  <sporty>
   yes
  </sporty>
 </clothing>
 <clothing>
  <id>
   103741648
  </id>
  <name>
   Vans Pants K-1852
  </name>
  <category>
   Pants
  </category>
  <size>
   M
  </size>
  <color>
   Зеленый
  </color>
  <material>
   Хлопок
  </material>
  <price>
   957517
  </price>
  <rating>
   2.28
  </rating>
  <reviews>
   328727
  </reviews>
  <new>
   +
  </new>
 </clothing>
 <clothing>
  <id>
   535839559
  </id>
  <name>
   Reebok Jacket Y-4526
  </name>
  <category>
   Jacket
  </category>
  <size>
   XL
  </size>
  <color>
   Оранжевый
  </color>
  <material>
   Хлопок
  </material>
  <price>
   453785
  </price>
  <rating>
   4.55
  </rating>
  <reviews>
   67629
  </reviews>
  <new>
   -
  </new>
  <exclusive>
   no
  </exclusive>
  <sporty>
   no
  </sporty>
 </clothing>
 <clothing>
  <id>
   713708854
  </id>
  <name>
   Ellesse Blouse T-9355
  </name>
  <category>
   Blouse
  </category>
  <size>
   L
  </size>
  <color>
   Оранжевый
  </color>
  <material>
   Нейлон
  </material>
  <price>
   279286
  </price>
  <rating>
   5.0
  </rating>
  <reviews>
   312029
  </reviews>
  <new>
   +
  </new>
  <sporty>
   yes
  </sporty>
 </clothing>
 <clothing>
  <id>
   354477623
  </id>
  <name>
   DC T-shirt J-8995
  </name>
  <category>
   T-shirt
  </category>
  <size>
   XL
  </size>
  <color>
   Красный
  </color>
  <material>
   Полиэстер
  </material>
  <price>
   244470
  </price>
  <rating>
   3.78
  </rating>
  <reviews>
   527888
  </reviews>
  <exclusive>
   no
  </exclusive>
  <sporty>
   yes
  </sporty>
 </clothing>
 <clothing>
  <id>
   197230637
  </id>
  <name>
   Fila Handbags O-9823
  </name>
  <category>
   Handbags
  </category>
  <size>
   L
  </size>
  <color>
   Красный
  </color>
  <material>
   Кожа
  </material>
  <price>
   452511
  </price>
  <rating>
   2.14
  </rating>
  <reviews>
   16748
  </reviews>
  <exclusive>
   no
  </exclusive>
  <sporty>
   yes
  </sporty>
 </clothing>
 <clothing>
  <id>
   641639505
  </id>
  <name>
   PleinSport T-shirt I-3012
  </name>
  <category>
   T-shirt
  </category>
  <size>
   L
  </size>
  <color>
   Голубой
  </color>
  <material>
   Вискоза
  </material>
  <price>
   351139
  </price>
  <rating>
   3.23
  </rating>
  <reviews>
   504654
  </reviews>
  <new>
   -
  </new>
  <exclusive>
   yes
  </exclusive>
  <sporty>
   no
  </sporty>
 </clothing>
 <clothing>
  <id>
   807296782
  </id>
  <name>
   Vans Blouse N-9441
  </name>
  <category>
   Blouse
  </category>
  <size>
   S
  </size>
  <color>
   Красный
  </color>
  <material>
   Вискоза
  </material>
  <price>
   734164
  </price>
  <rating>
   1.52
  </rating>
  <reviews>
   91268
  </reviews>
  <sporty>
   yes
  </sporty>
 </clothing>
 <clothing>
  <id>
   831799718
  </id>
  <name>
   Brooks Skirt L-4188
  </name>
  <category>
   Skirt
  </category>
  <size>
   M
  </size>
  <color>
   Зеленый
  </color>
  <material>
   Вискоза
  </material>
  <price>
   939093
  </price>
  <rating>
   3.91
  </rating>
  <reviews>
   329621
  </reviews>
 </clothing>
 <clothing>
  <id>
   804644541
  </id>
  <name>
   New Balance Blouse X-4897
  </name>
  <category>
   Blouse
  </category>
  <size>
   M
  </size>
  <color>
   Желтый
  </color>
  <material>
   Кожа
  </material>
  <price>
   536979
  </price>
  <rating>
   1.5
  </rating>
  <reviews>
   471610
  </reviews>
  <exclusive>
   no
  </exclusive>
  <sporty>
   no
  </sporty>
 </clothing>
 <clothing>
  <id>
   853059458
  </id>
  <name>
   Vans Dress W-3157
  </name>
  <category>
   Dress
  </category>
  <size>
   M
  </size>
  <color>
   Красный
  </color>
  <material>
   Полиэстер
  </material>
  <price>
   360533
  </price>
  <rating>
   3.92
  </rating>
  <reviews>
   707661
  </reviews>
  <sporty>
   yes
  </sporty>
 </clothing>
 <clothing>
  <id>
   538133549
  </id>
  <name>
   Ellesse Handbags S-3635
  </name>
  <category>
   Handbags
  </category>
  <size>
   M
  </size>
  <color>
   Оранжевый
  </color>
  <material>
   Хлопок
  </material>
  <price>
   150114
  </price>
  <rating>
   2.58
  </rating>
  <reviews>
   620693
  </reviews>
  <new>
   -
  </new>
  <exclusive>
   no
  </exclusive>
  <sporty>
   no
  </sporty>
 </clothing>
 <clothing>
  <id>
   125969253
  </id>
  <name>
   Converse Sweater J-5725
  </name>
  <category>
   Sweater
  </category>
  <size>
   XXL
  </size>
  <color>
   Желтый
  </color>
  <material>
   Кожа
  </material>
  <price>
   659622
  </price>
  <rating>
   4.55
  </rating>
  <reviews>
   591822
  </reviews>
  <new>
   +
  </new>
  <sporty>
   no
  </sporty>
 </clothing>
 <clothing>
  <id>
   631674882
  </id>
  <name>
   Adidas Gloves C-5410
  </name>
  <category>
   Gloves
  </category>
  <size>
   M
  </size>
  <color>
   Зеленый
  </color>
  <material>
   Шелк
  </material>
  <price>
   935364
  </price>
  <rating>
   4.07
  </rating>
  <reviews>
   93454
  </reviews>
  <exclusive>
   no
  </exclusive>
  <sporty>
   no
  </sporty>
 </clothing>
 <clothing>
  <id>
   426927857
  </id>
  <name>
   PleinSport Hat S-3186
  </name>
  <category>
   Hat
  </category>
  <size>
   XL
  </size>
  <color>
   Голубой
  </color>
  <material>
   Вискоза
  </material>
  <price>
   478930
  </price>
  <rating>
   1.47
  </rating>
  <reviews>
   736644
  </reviews>
  <new>
   -
  </new>
 </clothing>
 <clothing>
  <id>
   391588216
  </id>
  <name>
   Addidas Shoes R-4792
  </name>
  <category>
   Shoes
  </category>
  <size>
   XXL
  </size>
  <color>
   Красный
  </color>
  <material>
   Нейлон
  </material>
  <price>
   214178
  </price>
  <rating>
   1.7
  </rating>
  <reviews>
   481472
  </reviews>
  <sporty>
   no
  </sporty>
 </clothing>
 <clothing>
  <id>
   612198449
  </id>
  <name>
   Reebok Hat E-8174
  </name>
  <category>
   Hat
  </category>
  <size>
   XL
  </size>
  <color>
   Голубой
  </color>
  <material>
   Нейлон
  </material>
  <price>
   786364
  </price>
  <rating>
   2.0
  </rating>
  <reviews>
   92361
  </reviews>
  <exclusive>
   no
  </exclusive>
 </clothing>
 <clothing>
  <id>
   212253463
  </id>
  <name>
   Lacoste Shoes C-9772
  </name>
  <category>
   Shoes
  </category>
  <size>
   M
  </size>
  <color>
   Голубой
  </color>
  <material>
   Кожа
  </material>
  <price>
   322306
  </price>
  <rating>
   3.31
  </rating>
  <reviews>
   614378
  </reviews>
  <exclusive>
   no
  </exclusive>
  <sporty>
   no
  </sporty>
 </clothing>
 <clothing>
  <id>
   363930615
  </id>
  <name>
   Adidas Umbrellas D-6205
  </name>
  <category>
   Umbrellas
  </category>
  <size>
   XXL
  </size>
  <color>
   Красный
  </color>
  <material>
   Шелк
  </material>
  <price>
   801450
  </price>
  <rating>
   4.57
  </rating>
  <reviews>
   388854
  </reviews>
  <new>
   +
  </new>
  <exclusive>
   no
  </exclusive>
  <sporty>
   yes
  </sporty>
 </clothing>
 <clothing>
  <id>
   757818932
  </id>
  <name>
   Ellesse Sweater F-7011
  </name>
  <category>
   Sweater
  </category>
  <size>
   S
  </size>
  <color>
   Синий
  </color>
  <material>
   Шелк
  </material>
  <price>
   364663
  </price>
  <rating>
   3.43
  </rating>
  <reviews>
   1316
  </reviews>
  <new>
   -
  </new>
  <exclusive>
   no
  </exclusive>
 </clothing>
 <clothing>
  <id>
   962985837
  </id>
  <name>
   Puma Hat T-5638
  </name>
  <category>
   Hat
  </category>
  <size>
   XXL
  </size>
  <color>
   Оранжевый
  </color>
  <material>
   Полиэстер
  </material>
  <price>
   603381
  </price>
  <rating>
   4.1
  </rating>
  <reviews>
   644214
  </reviews>
  <new>
   +
  </new>
  <sporty>
   no
  </sporty>
 </clothing>
 <clothing>
  <id>
   307061184
  </id>
  <name>
   Converse Gloves W-3426
  </name>
  <category>
   Gloves
  </category>
  <size>
   L
  </size>
  <color>
   Желтый
  </color>
  <material>
   Шелк
  </material>
  <price>
   710235
  </price>
  <rating>
   3.29
  </rating>
  <reviews>
   923888
  </reviews>
  <new>
   -
  </new>
  <exclusive>
   no
  </exclusive>
  <sporty>
   no
  </sporty>
 </clothing>
 <clothing>
  <id>
   633928641
  </id>
  <name>
   Converse Shoes P-5254
  </name>
  <category>
   Shoes
  </category>
  <size>
   S
  </size>
  <color>
   Оранжевый
  </color>
  <material>
   Шелк
  </material>
  <price>
   565647
  </price>
  <rating>
   4.81
  </rating>
  <reviews>
   590693
  </reviews>
  <new>
   -
  </new>
  <exclusive>
   yes
  </exclusive>
  <sporty>
   yes
  </sporty>
 </clothing>
 <clothing>
  <id>
   846392262
  </id>
  <name>
   Under Armour T-shirt E-3872
  </name>
  <category>
   T-shirt
  </category>
  <size>
   XXL
  </size>
  <color>
   Голубой
  </color>
  <material>
   Полиэстер
  </material>
  <price>
   747772
  </price>
  <rating>
   2.73
  </rating>
  <reviews>
   513066
  </reviews>
  <new>
   -
  </new>
  <exclusive>
   no
  </exclusive>
  <sporty>
   yes
  </sporty>
 </clothing>
 <clothing>
  <id>
   747952332
  </id>
  <name>
   PleinSport Sweater K-3002
  </name>
  <category>
   Sweater
  </category>
  <size>
   XL
  </size>
  <color>
   Оранжевый
  </color>
  <material>
   Хлопок
  </material>
  <price>
   909005
  </price>
  <rating>
   4.29
  </rating>
  <reviews>
   15540
  </reviews>
  <new>
   +
  </new>
 </clothing>
 <clothing>
  <id>
   573157335
  </id>
  <name>
   Lacoste Hat M-4526
  </name>
  <category>
   Hat
  </category>
  <size>
   S
  </size>
  <color>
   Голубой
  </color>
  <material>
   Кожа
  </material>
  <price>
   342873
  </price>
  <rating>
   1.94
  </rating>
  <reviews>
   178062
  </reviews>
  <new>
   -
  </new>
  <exclusive>
   yes
  </exclusive>
 </clothing>
 <clothing>
  <id>
   733253174
  </id>
  <name>
   Puma Skirt A-3527
  </name>
  <category>
   Skirt
  </category>
  <size>
   S
  </size>
  <color>
   Голубой
  </color>
  <material>
   Шелк
  </material>
  <price>
   969855
  </price>
  <rating>
   3.38
  </rating>
  <reviews>
   243835
  </reviews>
  <new>
   +
  </new>
  <exclusive>
   yes
  </exclusive>
 </clothing>
 <clothing>
  <id>
   999642689
  </id>
  <name>
   Converse Pants F-1774
  </name>
  <category>
   Pants
  </category>
  <size>
   L
  </size>
  <color>
   Синий
  </color>
  <material>
   Вискоза
  </material>
  <price>
   393434
  </price>
  <rating>
   2.58
  </rating>
  <reviews>
   731554
  </reviews>
  <new>
   -
  </new>
  <sporty>
   yes
  </sporty>
 </clothing>
 <clothing>
  <id>
   934936404
  </id>
  <name>
   Brooks Pants P-1962
  </name>
  <category>
   Pants
  </category>
  <size>
   L
  </size>
  <color>
   Голубой
  </color>
  <material>
   Шелк
  </material>
  <price>
   315298
  </price>
  <rating>
   3.45
  </rating>
  <reviews>
   414374
  </reviews>
  <new>
   +
  </new>
  <exclusive>
   yes
  </exclusive>
  <sporty>
   yes
  </sporty>
 </clothing>
 <clothing>
  <id>
   981897247
  </id>
  <name>
   Under Armour Gloves H-2731
  </name>
  <category>
   Gloves
  </category>
  <size>
   L
  </size>
  <color>
   Зеленый
  </color>
  <material>
   Шерсть
  </material>
  <price>
   921659
  </price>
  <rating>
   2.86
  </rating>
  <reviews>
   90850
  </reviews>
  <new>
   +
  </new>
  <exclusive>
   yes
  </exclusive>
  <sporty>
   no
  </sporty>
 </clothing>
 <clothing>
  <id>
   564543070
  </id>
  <name>
   Puma Pants X-8421
  </name>
  <category>
   Pants
  </category>
  <size>
   M
  </size>
  <color>
   Оранжевый
  </color>
  <material>
   Шерсть
  </material>
  <price>
   940081
  </price>
  <rating>
   3.87
  </rating>
  <reviews>
   108702
  </reviews>
  <new>
   -
  </new>
  <sporty>
   no
  </sporty>
 </clothing>
 <clothing>
  <id>
   858099239
  </id>
  <name>
   Adidas Gloves A-4639
  </name>
  <category>
   Gloves
  </category>
  <size>
   S
  </size>
  <color>
   Желтый
  </color>
  <material>
   Кожа
  </material>
  <price>
   993302
  </price>
  <rating>
   3.62
  </rating>
  <reviews>
   709076
  </reviews>
  <exclusive>
   yes
  </exclusive>
  <sporty>
   no
  </sporty>
 </clothing>
 <clothing>
  <id>
   188931654
  </id>
  <name>
   Fila T-shirt G-2644
  </name>
  <category>
   T-shirt
  </category>
  <size>
   L
  </size>
  <color>
   Фиолетовый
  </color>
  <material>
   Полиэстер
  </material>
  <price>
   148613
  </price>
  <rating>
   3.87
  </rating>
  <reviews>
   248799
  </reviews>
  <new>
   +
  </new>
  <exclusive>
   no
  </exclusive>
  <sporty>
   yes
  </sporty>
 </clothing>
 <clothing>
  <id>
   624875268
  </id>
  <name>
   Nike Socks M-3492
  </name>
  <category>
   Socks
  </category>
  <size>
   S
  </size>
  <color>
   Зеленый
  </color>
  <material>
   Кожа
  </material>
  <price>
   707488
  </price>
  <rating>
   1.15
  </rating>
  <reviews>
   274318
  </reviews>
  <exclusive>
   yes
  </exclusive>
  <sporty>
   no
  </sporty>
 </clothing>
 <clothing>
  <id>
   806826200
  </id>
  <name>
   Asics T-shirt S-9558
  </name>
  <category>
   T-shirt
  </category>
  <size>
   XL
  </size>
  <color>
   Фиолетовый
  </color>
  <material>
   Полиэстер
  </material>
  <price>
   500334
  </price>
  <rating>
   2.93
  </rating>
  <reviews>
   938847
  </reviews>
 </clothing>
 <clothing>
  <id>
   673434589
  </id>
  <name>
   Lacoste Jeans Z-1853
  </name>
  <category>
   Jeans
  </category>
  <size>
   L
  </size>
  <color>
   Красный
  </color>
  <material>
   Кожа
  </material>
  <price>
   627667
  </price>
  <rating>
   2.39
  </rating>
  <reviews>
   760869
  </reviews>
  <new>
   -
  </new>
  <exclusive>
   no
  </exclusive>
 </clothing>
 <clothing>
  <id>
   133639532
  </id>
  <name>
   Nike T-shirt Q-6297
  </name>
  <category>
   T-shirt
  </category>
  <size>
   M
  </size>
  <color>
   Голубой
  </color>
  <material>
   Вискоза
  </material>
  <price>
   483743
  </price>
  <rating>
   1.51
  </rating>
  <reviews>
   628285
  </reviews>
  <new>
   -
  </new>
  <sporty>
   yes
  </sporty>
 </clothing>
 <clothing>
  <id>
   302570303
  </id>
  <name>
   Fila Jacket O-6679
  </name>
  <category>
   Jacket
  </category>
  <size>
   M
  </size>
  <color>
   Синий
  </color>
  <material>
   Хлопок
  </material>
  <price>
   707367
  </price>
  <rating>
   4.81
  </rating>
  <reviews>
   169554
  </reviews>
  <new>
   -
  </new>
  <sporty>
   no
  </sporty>
 </clothing>
</clothing-items>
