<?xml version="1.0" encoding="utf-8"?>
<clothing-items>
 <clothing>
  <id>
   296046006
  </id>
  <name>
   Ellesse Skirt Y-8406
  </name>
  <category>
   Skirt
  </category>
  <size>
   S
  </size>
  <color>
   Красный
  </color>
  <material>
   Нейлон
  </material>
  <price>
   323029
  </price>
  <rating>
   1.92
  </rating>
  <reviews>
   385240
  </reviews>
  <new>
   -
  </new>
  <exclusive>
   no
  </exclusive>
 </clothing>
 <clothing>
  <id>
   355902955
  </id>
  <name>
   Adidas Umbrellas I-4193
  </name>
  <category>
   Umbrellas
  </category>
  <size>
   M
  </size>
  <color>
   Оранжевый
  </color>
  <material>
   Кожа
  </material>
  <price>
   912118
  </price>
  <rating>
   3.37
  </rating>
  <reviews>
   649594
  </reviews>
  <new>
   +
  </new>
  <exclusive>
   no
  </exclusive>
  <sporty>
   no
  </sporty>
 </clothing>
 <clothing>
  <id>
   299141783
  </id>
  <name>
   Brooks Jacket I-5088
  </name>
  <category>
   Jacket
  </category>
  <size>
   L
  </size>
  <color>
   Оранжевый
  </color>
  <material>
   Нейлон
  </material>
  <price>
   390636
  </price>
  <rating>
   3.33
  </rating>
  <reviews>
   110122
  </reviews>
 </clothing>
 <clothing>
  <id>
   913651249
  </id>
  <name>
   Asics Sweater K-5757
  </name>
  <category>
   Sweater
  </category>
  <size>
   XL
  </size>
  <color>
   Зеленый
  </color>
  <material>
   Хлопок
  </material>
  <price>
   984369
  </price>
  <rating>
   3.15
  </rating>
  <reviews>
   488730
  </reviews>
  <new>
   -
  </new>
  <sporty>
   no
  </sporty>
 </clothing>
 <clothing>
  <id>
   211491326
  </id>
  <name>
   New Balance Socks J-6032
  </name>
  <category>
   Socks
  </category>
  <size>
   M
  </size>
  <color>
   Оранжевый
  </color>
  <material>
   Полиэстер
  </material>
  <price>
   890004
  </price>
  <rating>
   3.35
  </rating>
  <reviews>
   956645
  </reviews>
  <exclusive>
   no
  </exclusive>
  <sporty>
   no
  </sporty>
 </clothing>
 <clothing>
  <id>
   100555225
  </id>
  <name>
   Brooks Jacket C-2988
  </name>
  <category>
   Jacket
  </category>
  <size>
   L
  </size>
  <color>
   Зеленый
  </color>
  <material>
   Полиэстер
  </material>
  <price>
   379730
  </price>
  <rating>
   1.79
  </rating>
  <reviews>
   12358
  </reviews>
  <new>
   +
  </new>
  <sporty>
   no
  </sporty>
 </clothing>
 <clothing>
  <id>
   717740503
  </id>
  <name>
   Brooks Jacket A-7389
  </name>
  <category>
   Jacket
  </category>
  <size>
   L
  </size>
  <color>
   Фиолетовый
  </color>
  <material>
   Лен
  </material>
  <price>
   128565
  </price>
  <rating>
   2.58
  </rating>
  <reviews>
   129697
  </reviews>
  <new>
   -
  </new>
  <exclusive>
   no
  </exclusive>
 </clothing>
 <clothing>
  <id>
   384519484
  </id>
  <name>
   PleinSport Jeans X-3506
  </name>
  <category>
   Jeans
  </category>
  <size>
   XXL
  </size>
  <color>
   Желтый
  </color>
  <material>
   Полиэстер
  </material>
  <price>
   719845
  </price>
  <rating>
   4.35
  </rating>
  <reviews>
   938921
  </reviews>
  <exclusive>
   yes
  </exclusive>
  <sporty>
   no
  </sporty>
 </clothing>
 <clothing>
  <id>
   223197611
  </id>
  <name>
   DC Belts Z-1230
  </name>
  <category>
   Belts
  </category>
  <size>
   S
  </size>
  <color>
   Зеленый
  </color>
  <material>
   Вискоза
  </material>
  <price>
   840853
  </price>
  <rating>
   3.86
  </rating>
  <reviews>
   869201
  </reviews>
  <new>
   -
  </new>
  <exclusive>
   yes
  </exclusive>
 </clothing>
 <clothing>
  <id>
   886902192
  </id>
  <name>
   Reebok Umbrellas I-5575
  </name>
  <category>
   Umbrellas
  </category>
  <size>
   S
  </size>
  <color>
   Оранжевый
  </color>
  <material>
   Вискоза
  </material>
  <price>
   416966
  </price>
  <rating>
   2.65
  </rating>
  <reviews>
   544307
  </reviews>
  <exclusive>
   yes
  </exclusive>
 </clothing>
 <clothing>
  <id>
   379110627
  </id>
  <name>
   Ellesse Pants M-3559
  </name>
  <category>
   Pants
  </category>
  <size>
   L
  </size>
  <color>
   Красный
  </color>
  <material>
   Нейлон
  </material>
  <price>
   633763
  </price>
  <rating>
   3.95
  </rating>
  <reviews>
   568784
  </reviews>
  <sporty>
   no
  </sporty>
 </clothing>
 <clothing>
  <id>
   318898325
  </id>
  <name>
   Vans Hat T-7634
  </name>
  <category>
   Hat
  </category>
  <size>
   L
  </size>
  <color>
   Оранжевый
  </color>
  <material>
   Шерсть
  </material>
  <price>
   480100
  </price>
  <rating>
   2.89
  </rating>
  <reviews>
   880221
  </reviews>
  <new>
   +
  </new>
  <sporty>
   yes
  </sporty>
 </clothing>
 <clothing>
  <id>
   935373568
  </id>
  <name>
   Brooks Hat Z-1642
  </name>
  <category>
   Hat
  </category>
  <size>
   L
  </size>
  <color>
   Синий
  </color>
  <material>
   Кожа
  </material>
  <price>
   604099
  </price>
  <rating>
   1.48
  </rating>
  <reviews>
   850284
  </reviews>
  <new>
   +
  </new>
  <sporty>
   yes
  </sporty>
 </clothing>
 <clothing>
  <id>
   874380526
  </id>
  <name>
   Addidas Umbrellas X-1478
  </name>
  <category>
   Umbrellas
  </category>
  <size>
   XXL
  </size>
  <color>
   Желтый
  </color>
  <material>
   Полиэстер
  </material>
  <price>
   525946
  </price>
  <rating>
   2.12
  </rating>
  <reviews>
   879675
  </reviews>
  <new>
   +
  </new>
  <exclusive>
   yes
  </exclusive>
  <sporty>
   no
  </sporty>
 </clothing>
 <clothing>
  <id>
   610688563
  </id>
  <name>
   Brooks Shoes M-6724
  </name>
  <category>
   Shoes
  </category>
  <size>
   XXL
  </size>
  <color>
   Оранжевый
  </color>
  <material>
   Кожа
  </material>
  <price>
   401727
  </price>
  <rating>
   1.47
  </rating>
  <reviews>
   366527
  </reviews>
  <new>
   +
  </new>
  <sporty>
   no
  </sporty>
 </clothing>
 <clothing>
  <id>
   423004692
  </id>
  <name>
   Addidas Skirt M-3362
  </name>
  <category>
   Skirt
  </category>
  <size>
   XXL
  </size>
  <color>
   Синий
  </color>
  <material>
   Кожа
  </material>
  <price>
   438396
  </price>
  <rating>
   2.47
  </rating>
  <reviews>
   375775
  </reviews>
  <exclusive>
   yes
  </exclusive>
  <sporty>
   no
  </sporty>
 </clothing>
 <clothing>
  <id>
   512550016
  </id>
  <name>
   Fila Handbags E-9070
  </name>
  <category>
   Handbags
  </category>
  <size>
   M
  </size>
  <color>
   Фиолетовый
  </color>
  <material>
   Хлопок
  </material>
  <price>
   842390
  </price>
  <rating>
   1.67
  </rating>
  <reviews>
   220783
  </reviews>
  <new>
   -
  </new>
  <exclusive>
   no
  </exclusive>
  <sporty>
   no
  </sporty>
 </clothing>
 <clothing>
  <id>
   250179727
  </id>
  <name>
   Nike Belts T-5123
  </name>
  <category>
   Belts
  </category>
  <size>
   L
  </size>
  <color>
   Голубой
  </color>
  <material>
   Шелк
  </material>
  <price>
   304172
  </price>
  <rating>
   1.35
  </rating>
  <reviews>
   213915
  </reviews>
  <new>
   -
  </new>
 </clothing>
 <clothing>
  <id>
   668572005
  </id>
  <name>
   DC Shirt Q-1231
  </name>
  <category>
   Shirt
  </category>
  <size>
   XXL
  </size>
  <color>
   Голубой
  </color>
  <material>
   Вискоза
  </material>
  <price>
   550210
  </price>
  <rating>
   2.56
  </rating>
  <reviews>
   410307
  </reviews>
  <exclusive>
   no
  </exclusive>
 </clothing>
 <clothing>
  <id>
   768416612
  </id>
  <name>
   Reebok Belts G-6708
  </name>
  <category>
   Belts
  </category>
  <size>
   M
  </size>
  <color>
   Желтый
  </color>
  <material>
   Хлопок
  </material>
  <price>
   355816
  </price>
  <rating>
   4.08
  </rating>
  <reviews>
   793574
  </reviews>
  <exclusive>
   no
  </exclusive>
  <sporty>
   no
  </sporty>
 </clothing>
 <clothing>
  <id>
   482840547
  </id>
  <name>
   Reebok Jeans D-5538
  </name>
  <category>
   Jeans
  </category>
  <size>
   S
  </size>
  <color>
   Голубой
  </color>
  <material>
   Кожа
  </material>
  <price>
   940543
  </price>
  <rating>
   2.4
  </rating>
  <reviews>
   65985
  </reviews>
  <new>
   -
  </new>
  <exclusive>
   no
  </exclusive>
  <sporty>
   no
  </sporty>
 </clothing>
 <clothing>
  <id>
   645993767
  </id>
  <name>
   Asics Umbrellas Z-3901
  </name>
  <category>
   Umbrellas
  </category>
  <size>
   M
  </size>
  <color>
   Красный
  </color>
  <material>
   Шелк
  </material>
  <price>
   746988
  </price>
  <rating>
   1.71
  </rating>
  <reviews>
   864976
  </reviews>
  <exclusive>
   yes
  </exclusive>
  <sporty>
   yes
  </sporty>
 </clothing>
 <clothing>
  <id>
   348072841
  </id>
  <name>
   Under Armour Handbags X-8749
  </name>
  <category>
   Handbags
  </category>
  <size>
   M
  </size>
  <color>
   Фиолетовый
  </color>
  <material>
   Лен
  </material>
  <price>
   184033
  </price>
  <rating>
   4.37
  </rating>
  <reviews>
   615121
  </reviews>
  <new>
   +
  </new>
  <exclusive>
   no
  </exclusive>
 </clothing>
 <clothing>
  <id>
   819691729
  </id>
  <name>
   Adidas Shoes J-4191
  </name>
  <category>
   Shoes
  </category>
  <size>
   M
  </size>
  <color>
   Красный
  </color>
  <material>
   Нейлон
  </material>
  <price>
   919270
  </price>
  <rating>
   4.15
  </rating>
  <reviews>
   320424
  </reviews>
  <new>
   -
  </new>
  <exclusive>
   no
  </exclusive>
  <sporty>
   yes
  </sporty>
 </clothing>
 <clothing>
  <id>
   949913117
  </id>
  <name>
   Lacoste T-shirt V-3323
  </name>
  <category>
   T-shirt
  </category>
  <size>
   XXL
  </size>
  <color>
   Зеленый
  </color>
  <material>
   Полиэстер
  </material>
  <price>
   867753
  </price>
  <rating>
   1.4
  </rating>
  <reviews>
   603700
  </reviews>
 </clothing>
 <clothing>
  <id>
   696755484
  </id>
  <name>
   Ellesse Jacket Q-1862
  </name>
  <category>
   Jacket
  </category>
  <size>
   XL
  </size>
  <color>
   Оранжевый
  </color>
  <material>
   Вискоза
  </material>
  <price>
   692002
  </price>
  <rating>
   4.86
  </rating>
  <reviews>
   398330
  </reviews>
 </clothing>
 <clothing>
  <id>
   850009548
  </id>
  <name>
   Puma Sweater O-3337
  </name>
  <category>
   Sweater
  </category>
  <size>
   S
  </size>
  <color>
   Красный
  </color>
  <material>
   Шелк
  </material>
  <price>
   752976
  </price>
  <rating>
   3.33
  </rating>
  <reviews>
   288884
  </reviews>
  <new>
   +
  </new>
  <exclusive>
   yes
  </exclusive>
 </clothing>
 <clothing>
  <id>
   101041254
  </id>
  <name>
   Addidas Shoes O-6136
  </name>
  <category>
   Shoes
  </category>
  <size>
   XXL
  </size>
  <color>
   Синий
  </color>
  <material>
   Нейлон
  </material>
  <price>
   609043
  </price>
  <rating>
   2.29
  </rating>
  <reviews>
   265616
  </reviews>
  <new>
   +
  </new>
  <exclusive>
   no
  </exclusive>
  <sporty>
   yes
  </sporty>
 </clothing>
 <clothing>
  <id>
   566003939
  </id>
  <name>
   Asics Gloves R-2125
  </name>
  <category>
   Gloves
  </category>
  <size>
   M
  </size>
  <color>
   Оранжевый
  </color>
  <material>
   Вискоза
  </material>
  <price>
   456243
  </price>
  <rating>
   1.03
  </rating>
  <reviews>
   405631
  </reviews>
  <exclusive>
   no
  </exclusive>
  <sporty>
   yes
  </sporty>
 </clothing>
 <clothing>
  <id>
   418547698
  </id>
  <name>
   PleinSport Socks K-2610
  </name>
  <category>
   Socks
  </category>
  <size>
   M
  </size>
  <color>
   Зеленый
  </color>
  <material>
   Шерсть
  </material>
  <price>
   514702
  </price>
  <rating>
   1.8
  </rating>
  <reviews>
   425064
  </reviews>
  <exclusive>
   yes
  </exclusive>
  <sporty>
   yes
  </sporty>
 </clothing>
 <clothing>
  <id>
   334666463
  </id>
  <name>
   Reebok Socks C-6613
  </name>
  <category>
   Socks
  </category>
  <size>
   XXL
  </size>
  <color>
   Голубой
  </color>
  <material>
   Нейлон
  </material>
  <price>
   229143
  </price>
  <rating>
   1.5
  </rating>
  <reviews>
   55586
  </reviews>
  <exclusive>
   no
  </exclusive>
  <sporty>
   no
  </sporty>
 </clothing>
 <clothing>
  <id>
   965788939
  </id>
  <name>
   Lacoste Handbags H-1706
  </name>
  <category>
   Handbags
  </category>
  <size>
   S
  </size>
  <color>
   Фиолетовый
  </color>
  <material>
   Полиэстер
  </material>
  <price>
   887462
  </price>
  <rating>
   2.82
  </rating>
  <reviews>
   339467
  </reviews>
  <exclusive>
   yes
  </exclusive>
  <sporty>
   yes
  </sporty>
 </clothing>
 <clothing>
  <id>
   848429372
  </id>
  <name>
   Vans Gloves A-3003
  </name>
  <category>
   Gloves
  </category>
  <size>
   XL
  </size>
  <color>
   Оранжевый
  </color>
  <material>
   Шелк
  </material>
  <price>
   131854
  </price>
  <rating>
   2.39
  </rating>
  <reviews>
   917912
  </reviews>
  <new>
   +
  </new>
  <sporty>
   yes
  </sporty>
 </clothing>
 <clothing>
  <id>
   645167907
  </id>
  <name>
   Brooks Dress J-8655
  </name>
  <category>
   Dress
  </category>
  <size>
   XL
  </size>
  <color>
   Голубой
  </color>
  <material>
   Вискоза
  </material>
  <price>
   733950
  </price>
  <rating>
   4.52
  </rating>
  <reviews>
   382243
  </reviews>
  <sporty>
   no
  </sporty>
 </clothing>
 <clothing>
  <id>
   931586385
  </id>
  <name>
   Fila Sweater I-8821
  </name>
  <category>
   Sweater
  </category>
  <size>
   M
  </size>
  <color>
   Синий
  </color>
  <material>
   Шелк
  </material>
  <price>
   993634
  </price>
  <rating>
   1.72
  </rating>
  <reviews>
   300331
  </reviews>
  <exclusive>
   yes
  </exclusive>
  <sporty>
   no
  </sporty>
 </clothing>
 <clothing>
  <id>
   476170205
  </id>
  <name>
   Vans Jeans P-2703
  </name>
  <category>
   Jeans
  </category>
  <size>
   S
  </size>
  <color>
   Оранжевый
  </color>
  <material>
   Нейлон
  </material>
  <price>
   610527
  </price>
  <rating>
   1.95
  </rating>
  <reviews>
   862485
  </reviews>
  <exclusive>
   no
  </exclusive>
  <sporty>
   no
  </sporty>
 </clothing>
 <clothing>
  <id>
   413068372
  </id>
  <name>
   New Balance Blouse D-8196
  </name>
  <category>
   Blouse
  </category>
  <size>
   L
  </size>
  <color>
   Желтый
  </color>
  <material>
   Нейлон
  </material>
  <price>
   114148
  </price>
  <rating>
   2.15
  </rating>
  <reviews>
   237562
  </reviews>
 </clothing>
 <clothing>
  <id>
   901242296
  </id>
  <name>
   Addidas Umbrellas Y-6905
  </name>
  <category>
   Umbrellas
  </category>
  <size>
   S
  </size>
  <color>
   Оранжевый
  </color>
  <material>
   Хлопок
  </material>
  <price>
   130317
  </price>
  <rating>
   1.1
  </rating>
  <reviews>
   472191
  </reviews>
  <new>
   +
  </new>
  <exclusive>
   yes
  </exclusive>
  <sporty>
   no
  </sporty>
 </clothing>
 <clothing>
  <id>
   407305015
  </id>
  <name>
   Fila Shirt P-1683
  </name>
  <category>
   Shirt
  </category>
  <size>
   M
  </size>
  <color>
   Желтый
  </color>
  <material>
   Вискоза
  </material>
  <price>
   693776
  </price>
  <rating>
   3.65
  </rating>
  <reviews>
   830286
  </reviews>
 </clothing>
 <clothing>
  <id>
   264019437
  </id>
  <name>
   Ellesse Gloves N-1871
  </name>
  <category>
   Gloves
  </category>
  <size>
   S
  </size>
  <color>
   Голубой
  </color>
  <material>
   Нейлон
  </material>
  <price>
   629650
  </price>
  <rating>
   2.04
  </rating>
  <reviews>
   330794
  </reviews>
  <exclusive>
   no
  </exclusive>
  <sporty>
   yes
  </sporty>
 </clothing>
 <clothing>
  <id>
   615316966
  </id>
  <name>
   Under Armour Hat M-1120
  </name>
  <category>
   Hat
  </category>
  <size>
   S
  </size>
  <color>
   Зеленый
  </color>
  <material>
   Нейлон
  </material>
  <price>
   222609
  </price>
  <rating>
   3.68
  </rating>
  <reviews>
   239118
  </reviews>
  <sporty>
   no
  </sporty>
 </clothing>
 <clothing>
  <id>
   522834568
  </id>
  <name>
   New Balance Socks F-5220
  </name>
  <category>
   Socks
  </category>
  <size>
   XL
  </size>
  <color>
   Оранжевый
  </color>
  <material>
   Лен
  </material>
  <price>
   550743
  </price>
  <rating>
   2.13
  </rating>
  <reviews>
   834654
  </reviews>
  <exclusive>
   no
  </exclusive>
  <sporty>
   no
  </sporty>
 </clothing>
 <clothing>
  <id>
   751792877
  </id>
  <name>
   DC Jacket G-1950
  </name>
  <category>
   Jacket
  </category>
  <size>
   XL
  </size>
  <color>
   Оранжевый
  </color>
  <material>
   Нейлон
  </material>
  <price>
   689213
  </price>
  <rating>
   2.85
  </rating>
  <reviews>
   393567
  </reviews>
  <exclusive>
   yes
  </exclusive>
  <sporty>
   yes
  </sporty>
 </clothing>
 <clothing>
  <id>
   621646664
  </id>
  <name>
   Reebok T-shirt C-9955
  </name>
  <category>
   T-shirt
  </category>
  <size>
   S
  </size>
  <color>
   Голубой
  </color>
  <material>
   Шелк
  </material>
  <price>
   541545
  </price>
  <rating>
   3.28
  </rating>
  <reviews>
   718104
  </reviews>
  <new>
   -
  </new>
  <exclusive>
   yes
  </exclusive>
  <sporty>
   no
  </sporty>
 </clothing>
 <clothing>
  <id>
   859707213
  </id>
  <name>
   DC Gloves J-5989
  </name>
  <category>
   Gloves
  </category>
  <size>
   S
  </size>
  <color>
   Фиолетовый
  </color>
  <material>
   Шерсть
  </material>
  <price>
   123790
  </price>
  <rating>
   1.49
  </rating>
  <reviews>
   405679
  </reviews>
  <new>
   +
  </new>
  <sporty>
   yes
  </sporty>
 </clothing>
 <clothing>
  <id>
   495163546
  </id>
  <name>
   DC Handbags Y-3000
  </name>
  <category>
   Handbags
  </category>
  <size>
   XXL
  </size>
  <color>
   Голубой
  </color>
  <material>
   Вискоза
  </material>
  <price>
   394784
  </price>
  <rating>
   3.58
  </rating>
  <reviews>
   523732
  </reviews>
  <new>
   +
  </new>
  <sporty>
   no
  </sporty>
 </clothing>
 <clothing>
  <id>
   166442218
  </id>
  <name>
   Puma Pants Z-2063
  </name>
  <category>
   Pants
  </category>
  <size>
   L
  </size>
  <color>
   Желтый
  </color>
  <material>
   Лен
  </material>
  <price>
   560161
  </price>
  <rating>
   3.58
  </rating>
  <reviews>
   254123
  </reviews>
  <exclusive>
   yes
  </exclusive>
  <sporty>
   yes
  </sporty>
 </clothing>
 <clothing>
  <id>
   421411311
  </id>
  <name>
   Reebok Blouse P-7515
  </name>
  <category>
   Blouse
  </category>
  <size>
   L
  </size>
  <color>
   Фиолетовый
  </color>
  <material>
   Полиэстер
  </material>
  <price>
   751897
  </price>
  <rating>
   2.54
  </rating>
  <reviews>
   867914
  </reviews>
  <new>
   +
  </new>
  <sporty>
   no
  </sporty>
 </clothing>
</clothing-items>
