<?xml version="1.0" encoding="utf-8"?>
<clothing-items>
 <clothing>
  <id>
   590711112
  </id>
  <name>
   New Balance Hat O-2066
  </name>
  <category>
   Hat
  </category>
  <size>
   S
  </size>
  <color>
   Оранжевый
  </color>
  <material>
   Нейлон
  </material>
  <price>
   990926
  </price>
  <rating>
   4.09
  </rating>
  <reviews>
   36488
  </reviews>
  <new>
   +
  </new>
  <sporty>
   no
  </sporty>
 </clothing>
 <clothing>
  <id>
   617495890
  </id>
  <name>
   Brooks Blouse I-5036
  </name>
  <category>
   Blouse
  </category>
  <size>
   XL
  </size>
  <color>
   Зеленый
  </color>
  <material>
   Нейлон
  </material>
  <price>
   117399
  </price>
  <rating>
   4.19
  </rating>
  <reviews>
   517423
  </reviews>
  <exclusive>
   no
  </exclusive>
 </clothing>
 <clothing>
  <id>
   566102852
  </id>
  <name>
   Nike Skirt G-1190
  </name>
  <category>
   Skirt
  </category>
  <size>
   L
  </size>
  <color>
   Красный
  </color>
  <material>
   Шерсть
  </material>
  <price>
   841730
  </price>
  <rating>
   3.45
  </rating>
  <reviews>
   534264
  </reviews>
  <new>
   +
  </new>
  <exclusive>
   no
  </exclusive>
  <sporty>
   yes
  </sporty>
 </clothing>
 <clothing>
  <id>
   573072061
  </id>
  <name>
   DC Shirt B-3131
  </name>
  <category>
   Shirt
  </category>
  <size>
   XXL
  </size>
  <color>
   Желтый
  </color>
  <material>
   Вискоза
  </material>
  <price>
   896029
  </price>
  <rating>
   2.78
  </rating>
  <reviews>
   870576
  </reviews>
  <exclusive>
   yes
  </exclusive>
 </clothing>
 <clothing>
  <id>
   668457145
  </id>
  <name>
   Reebok Belts F-8014
  </name>
  <category>
   Belts
  </category>
  <size>
   L
  </size>
  <color>
   Желтый
  </color>
  <material>
   Нейлон
  </material>
  <price>
   550888
  </price>
  <rating>
   4.81
  </rating>
  <reviews>
   219377
  </reviews>
  <exclusive>
   no
  </exclusive>
 </clothing>
 <clothing>
  <id>
   602853692
  </id>
  <name>
   Fila Gloves P-8965
  </name>
  <category>
   Gloves
  </category>
  <size>
   L
  </size>
  <color>
   Желтый
  </color>
  <material>
   Хлопок
  </material>
  <price>
   754940
  </price>
  <rating>
   2.51
  </rating>
  <reviews>
   467082
  </reviews>
  <exclusive>
   yes
  </exclusive>
 </clothing>
 <clothing>
  <id>
   938310530
  </id>
  <name>
   Ellesse Pants P-8246
  </name>
  <category>
   Pants
  </category>
  <size>
   M
  </size>
  <color>
   Фиолетовый
  </color>
  <material>
   Вискоза
  </material>
  <price>
   192797
  </price>
  <rating>
   4.58
  </rating>
  <reviews>
   585831
  </reviews>
 </clothing>
 <clothing>
  <id>
   361887674
  </id>
  <name>
   Vans Shoes M-7934
  </name>
  <category>
   Shoes
  </category>
  <size>
   XXL
  </size>
  <color>
   Синий
  </color>
  <material>
   Кожа
  </material>
  <price>
   239631
  </price>
  <rating>
   4.49
  </rating>
  <reviews>
   952453
  </reviews>
  <new>
   -
  </new>
  <exclusive>
   yes
  </exclusive>
 </clothing>
 <clothing>
  <id>
   769931059
  </id>
  <name>
   DC Belts T-4342
  </name>
  <category>
   Belts
  </category>
  <size>
   M
  </size>
  <color>
   Желтый
  </color>
  <material>
   Шелк
  </material>
  <price>
   419524
  </price>
  <rating>
   4.62
  </rating>
  <reviews>
   421964
  </reviews>
  <new>
   -
  </new>
  <exclusive>
   yes
  </exclusive>
  <sporty>
   no
  </sporty>
 </clothing>
 <clothing>
  <id>
   704640599
  </id>
  <name>
   Brooks Hat Q-9728
  </name>
  <category>
   Hat
  </category>
  <size>
   L
  </size>
  <color>
   Зеленый
  </color>
  <material>
   Полиэстер
  </material>
  <price>
   368210
  </price>
  <rating>
   2.41
  </rating>
  <reviews>
   612348
  </reviews>
  <new>
   -
  </new>
  <exclusive>
   no
  </exclusive>
  <sporty>
   no
  </sporty>
 </clothing>
 <clothing>
  <id>
   128112365
  </id>
  <name>
   Lacoste Handbags T-1587
  </name>
  <category>
   Handbags
  </category>
  <size>
   XXL
  </size>
  <color>
   Красный
  </color>
  <material>
   Лен
  </material>
  <price>
   833343
  </price>
  <rating>
   3.15
  </rating>
  <reviews>
   734982
  </reviews>
 </clothing>
 <clothing>
  <id>
   720924728
  </id>
  <name>
   Brooks Jeans X-4885
  </name>
  <category>
   Jeans
  </category>
  <size>
   S
  </size>
  <color>
   Синий
  </color>
  <material>
   Шелк
  </material>
  <price>
   878596
  </price>
  <rating>
   3.91
  </rating>
  <reviews>
   58662
  </reviews>
  <new>
   +
  </new>
  <exclusive>
   yes
  </exclusive>
 </clothing>
 <clothing>
  <id>
   213774356
  </id>
  <name>
   Addidas Hat Q-8707
  </name>
  <category>
   Hat
  </category>
  <size>
   XXL
  </size>
  <color>
   Зеленый
  </color>
  <material>
   Кожа
  </material>
  <price>
   693788
  </price>
  <rating>
   4.29
  </rating>
  <reviews>
   57241
  </reviews>
  <new>
   +
  </new>
  <sporty>
   no
  </sporty>
 </clothing>
 <clothing>
  <id>
   669086203
  </id>
  <name>
   Adidas Belts P-2720
  </name>
  <category>
   Belts
  </category>
  <size>
   S
  </size>
  <color>
   Красный
  </color>
  <material>
   Шелк
  </material>
  <price>
   135129
  </price>
  <rating>
   3.38
  </rating>
  <reviews>
   699440
  </reviews>
  <new>
   +
  </new>
  <exclusive>
   no
  </exclusive>
 </clothing>
 <clothing>
  <id>
   895428297
  </id>
  <name>
   Puma Handbags J-6455
  </name>
  <category>
   Handbags
  </category>
  <size>
   M
  </size>
  <color>
   Синий
  </color>
  <material>
   Кожа
  </material>
  <price>
   954110
  </price>
  <rating>
   4.16
  </rating>
  <reviews>
   511754
  </reviews>
 </clothing>
 <clothing>
  <id>
   200107892
  </id>
  <name>
   Brooks Blouse B-9070
  </name>
  <category>
   Blouse
  </category>
  <size>
   M
  </size>
  <color>
   Оранжевый
  </color>
  <material>
   Вискоза
  </material>
  <price>
   713790
  </price>
  <rating>
   1.11
  </rating>
  <reviews>
   621953
  </reviews>
 </clothing>
 <clothing>
  <id>
   818932822
  </id>
  <name>
   DC Socks E-1041
  </name>
  <category>
   Socks
  </category>
  <size>
   XL
  </size>
  <color>
   Оранжевый
  </color>
  <material>
   Шерсть
  </material>
  <price>
   626827
  </price>
  <rating>
   4.6
  </rating>
  <reviews>
   485141
  </reviews>
  <new>
   -
  </new>
  <exclusive>
   no
  </exclusive>
  <sporty>
   yes
  </sporty>
 </clothing>
 <clothing>
  <id>
   863251646
  </id>
  <name>
   New Balance Shirt T-1945
  </name>
  <category>
   Shirt
  </category>
  <size>
   L
  </size>
  <color>
   Оранжевый
  </color>
  <material>
   Лен
  </material>
  <price>
   584858
  </price>
  <rating>
   3.83
  </rating>
  <reviews>
   909128
  </reviews>
  <new>
   -
  </new>
  <exclusive>
   no
  </exclusive>
 </clothing>
 <clothing>
  <id>
   453765585
  </id>
  <name>
   PleinSport T-shirt N-6249
  </name>
  <category>
   T-shirt
  </category>
  <size>
   M
  </size>
  <color>
   Красный
  </color>
  <material>
   Кожа
  </material>
  <price>
   586653
  </price>
  <rating>
   1.94
  </rating>
  <reviews>
   675300
  </reviews>
  <new>
   -
  </new>
  <exclusive>
   yes
  </exclusive>
 </clothing>
 <clothing>
  <id>
   196949903
  </id>
  <name>
   Adidas Skirt C-7146
  </name>
  <category>
   Skirt
  </category>
  <size>
   XL
  </size>
  <color>
   Оранжевый
  </color>
  <material>
   Лен
  </material>
  <price>
   752034
  </price>
  <rating>
   1.53
  </rating>
  <reviews>
   840057
  </reviews>
  <new>
   +
  </new>
  <exclusive>
   no
  </exclusive>
 </clothing>
 <clothing>
  <id>
   664912969
  </id>
  <name>
   PleinSport Sweater G-4909
  </name>
  <category>
   Sweater
  </category>
  <size>
   M
  </size>
  <color>
   Синий
  </color>
  <material>
   Полиэстер
  </material>
  <price>
   851377
  </price>
  <rating>
   3.09
  </rating>
  <reviews>
   45670
  </reviews>
  <new>
   -
  </new>
 </clothing>
 <clothing>
  <id>
   151756279
  </id>
  <name>
   DC Umbrellas X-4852
  </name>
  <category>
   Umbrellas
  </category>
  <size>
   L
  </size>
  <color>
   Фиолетовый
  </color>
  <material>
   Шерсть
  </material>
  <price>
   134973
  </price>
  <rating>
   1.78
  </rating>
  <reviews>
   139138
  </reviews>
  <new>
   -
  </new>
  <exclusive>
   no
  </exclusive>
  <sporty>
   no
  </sporty>
 </clothing>
 <clothing>
  <id>
   895279215
  </id>
  <name>
   New Balance Gloves W-7107
  </name>
  <category>
   Gloves
  </category>
  <size>
   XXL
  </size>
  <color>
   Оранжевый
  </color>
  <material>
   Шерсть
  </material>
  <price>
   941123
  </price>
  <rating>
   4.67
  </rating>
  <reviews>
   433338
  </reviews>
  <exclusive>
   no
  </exclusive>
  <sporty>
   yes
  </sporty>
 </clothing>
 <clothing>
  <id>
   852456729
  </id>
  <name>
   Asics Jeans K-6262
  </name>
  <category>
   Jeans
  </category>
  <size>
   L
  </size>
  <color>
   Синий
  </color>
  <material>
   Полиэстер
  </material>
  <price>
   194057
  </price>
  <rating>
   3.51
  </rating>
  <reviews>
   151646
  </reviews>
  <sporty>
   no
  </sporty>
 </clothing>
 <clothing>
  <id>
   409553436
  </id>
  <name>
   Reebok T-shirt V-4780
  </name>
  <category>
   T-shirt
  </category>
  <size>
   L
  </size>
  <color>
   Желтый
  </color>
  <material>
   Хлопок
  </material>
  <price>
   218704
  </price>
  <rating>
   1.06
  </rating>
  <reviews>
   430826
  </reviews>
  <new>
   +
  </new>
 </clothing>
 <clothing>
  <id>
   391301657
  </id>
  <name>
   PleinSport Shoes Q-1547
  </name>
  <category>
   Shoes
  </category>
  <size>
   L
  </size>
  <color>
   Фиолетовый
  </color>
  <material>
   Шерсть
  </material>
  <price>
   125223
  </price>
  <rating>
   4.75
  </rating>
  <reviews>
   346506
  </reviews>
  <new>
   +
  </new>
  <exclusive>
   no
  </exclusive>
  <sporty>
   yes
  </sporty>
 </clothing>
 <clothing>
  <id>
   301485712
  </id>
  <name>
   Brooks Shoes O-2960
  </name>
  <category>
   Shoes
  </category>
  <size>
   L
  </size>
  <color>
   Желтый
  </color>
  <material>
   Кожа
  </material>
  <price>
   599947
  </price>
  <rating>
   4.44
  </rating>
  <reviews>
   484164
  </reviews>
  <new>
   -
  </new>
  <sporty>
   yes
  </sporty>
 </clothing>
 <clothing>
  <id>
   877408724
  </id>
  <name>
   New Balance Shoes J-4937
  </name>
  <category>
   Shoes
  </category>
  <size>
   L
  </size>
  <color>
   Красный
  </color>
  <material>
   Шелк
  </material>
  <price>
   466662
  </price>
  <rating>
   3.01
  </rating>
  <reviews>
   383222
  </reviews>
 </clothing>
 <clothing>
  <id>
   962912252
  </id>
  <name>
   Lacoste Skirt F-7652
  </name>
  <category>
   Skirt
  </category>
  <size>
   L
  </size>
  <color>
   Голубой
  </color>
  <material>
   Кожа
  </material>
  <price>
   446435
  </price>
  <rating>
   1.67
  </rating>
  <reviews>
   570627
  </reviews>
  <exclusive>
   yes
  </exclusive>
  <sporty>
   no
  </sporty>
 </clothing>
</clothing-items>
