<?xml version="1.0" encoding="utf-8"?>
<clothing-items>
 <clothing>
  <id>
   356817378
  </id>
  <name>
   Adidas Pants J-1052
  </name>
  <category>
   Pants
  </category>
  <size>
   S
  </size>
  <color>
   Синий
  </color>
  <material>
   Лен
  </material>
  <price>
   557125
  </price>
  <rating>
   2.78
  </rating>
  <reviews>
   72260
  </reviews>
  <new>
   -
  </new>
 </clothing>
 <clothing>
  <id>
   108097597
  </id>
  <name>
   Adidas Sweater G-5064
  </name>
  <category>
   Sweater
  </category>
  <size>
   M
  </size>
  <color>
   Красный
  </color>
  <material>
   Шелк
  </material>
  <price>
   106313
  </price>
  <rating>
   1.72
  </rating>
  <reviews>
   702927
  </reviews>
  <new>
   -
  </new>
  <exclusive>
   no
  </exclusive>
  <sporty>
   yes
  </sporty>
 </clothing>
 <clothing>
  <id>
   749738782
  </id>
  <name>
   Fila Jeans O-6378
  </name>
  <category>
   Jeans
  </category>
  <size>
   XL
  </size>
  <color>
   Красный
  </color>
  <material>
   Лен
  </material>
  <price>
   483551
  </price>
  <rating>
   4.16
  </rating>
  <reviews>
   561121
  </reviews>
  <new>
   -
  </new>
  <exclusive>
   no
  </exclusive>
  <sporty>
   no
  </sporty>
 </clothing>
 <clothing>
  <id>
   728922179
  </id>
  <name>
   Adidas T-shirt N-1469
  </name>
  <category>
   T-shirt
  </category>
  <size>
   L
  </size>
  <color>
   Желтый
  </color>
  <material>
   Полиэстер
  </material>
  <price>
   369777
  </price>
  <rating>
   1.24
  </rating>
  <reviews>
   63786
  </reviews>
  <new>
   -
  </new>
  <exclusive>
   no
  </exclusive>
  <sporty>
   yes
  </sporty>
 </clothing>
 <clothing>
  <id>
   567411655
  </id>
  <name>
   New Balance T-shirt I-2931
  </name>
  <category>
   T-shirt
  </category>
  <size>
   XXL
  </size>
  <color>
   Фиолетовый
  </color>
  <material>
   Полиэстер
  </material>
  <price>
   501472
  </price>
  <rating>
   1.55
  </rating>
  <reviews>
   354005
  </reviews>
  <new>
   -
  </new>
  <exclusive>
   yes
  </exclusive>
 </clothing>
 <clothing>
  <id>
   136484259
  </id>
  <name>
   Adidas Skirt I-2997
  </name>
  <category>
   Skirt
  </category>
  <size>
   S
  </size>
  <color>
   Оранжевый
  </color>
  <material>
   Лен
  </material>
  <price>
   487110
  </price>
  <rating>
   1.18
  </rating>
  <reviews>
   907575
  </reviews>
  <exclusive>
   yes
  </exclusive>
  <sporty>
   no
  </sporty>
 </clothing>
 <clothing>
  <id>
   626784178
  </id>
  <name>
   Asics Pants Q-9926
  </name>
  <category>
   Pants
  </category>
  <size>
   XXL
  </size>
  <color>
   Красный
  </color>
  <material>
   Полиэстер
  </material>
  <price>
   641818
  </price>
  <rating>
   1.76
  </rating>
  <reviews>
   592942
  </reviews>
  <new>
   +
  </new>
  <sporty>
   no
  </sporty>
 </clothing>
 <clothing>
  <id>
   298814228
  </id>
  <name>
   Asics Socks R-2318
  </name>
  <category>
   Socks
  </category>
  <size>
   S
  </size>
  <color>
   Красный
  </color>
  <material>
   Хлопок
  </material>
  <price>
   365382
  </price>
  <rating>
   4.32
  </rating>
  <reviews>
   619263
  </reviews>
  <new>
   -
  </new>
  <exclusive>
   no
  </exclusive>
 </clothing>
 <clothing>
  <id>
   621486465
  </id>
  <name>
   Fila Pants H-6107
  </name>
  <category>
   Pants
  </category>
  <size>
   M
  </size>
  <color>
   Оранжевый
  </color>
  <material>
   Нейлон
  </material>
  <price>
   625059
  </price>
  <rating>
   3.44
  </rating>
  <reviews>
   630173
  </reviews>
  <new>
   -
  </new>
  <exclusive>
   yes
  </exclusive>
  <sporty>
   no
  </sporty>
 </clothing>
 <clothing>
  <id>
   538393496
  </id>
  <name>
   Brooks Blouse W-3229
  </name>
  <category>
   Blouse
  </category>
  <size>
   XXL
  </size>
  <color>
   Зеленый
  </color>
  <material>
   Шерсть
  </material>
  <price>
   887206
  </price>
  <rating>
   2.55
  </rating>
  <reviews>
   557290
  </reviews>
  <new>
   +
  </new>
  <exclusive>
   yes
  </exclusive>
 </clothing>
 <clothing>
  <id>
   730207894
  </id>
  <name>
   Ellesse Belts W-9851
  </name>
  <category>
   Belts
  </category>
  <size>
   S
  </size>
  <color>
   Красный
  </color>
  <material>
   Вискоза
  </material>
  <price>
   792238
  </price>
  <rating>
   2.38
  </rating>
  <reviews>
   231826
  </reviews>
  <new>
   +
  </new>
  <exclusive>
   no
  </exclusive>
  <sporty>
   no
  </sporty>
 </clothing>
 <clothing>
  <id>
   118709358
  </id>
  <name>
   New Balance Jeans S-8711
  </name>
  <category>
   Jeans
  </category>
  <size>
   M
  </size>
  <color>
   Синий
  </color>
  <material>
   Шелк
  </material>
  <price>
   939299
  </price>
  <rating>
   2.86
  </rating>
  <reviews>
   421707
  </reviews>
  <new>
   +
  </new>
  <exclusive>
   no
  </exclusive>
  <sporty>
   yes
  </sporty>
 </clothing>
 <clothing>
  <id>
   356014717
  </id>
  <name>
   Nike Jacket W-7592
  </name>
  <category>
   Jacket
  </category>
  <size>
   S
  </size>
  <color>
   Красный
  </color>
  <material>
   Шерсть
  </material>
  <price>
   626263
  </price>
  <rating>
   3.05
  </rating>
  <reviews>
   936685
  </reviews>
  <new>
   +
  </new>
  <exclusive>
   yes
  </exclusive>
 </clothing>
 <clothing>
  <id>
   581500552
  </id>
  <name>
   Puma Handbags R-9495
  </name>
  <category>
   Handbags
  </category>
  <size>
   XXL
  </size>
  <color>
   Фиолетовый
  </color>
  <material>
   Лен
  </material>
  <price>
   910199
  </price>
  <rating>
   4.57
  </rating>
  <reviews>
   537217
  </reviews>
  <new>
   +
  </new>
 </clothing>
 <clothing>
  <id>
   464317477
  </id>
  <name>
   Lacoste Jeans Y-6429
  </name>
  <category>
   Jeans
  </category>
  <size>
   XL
  </size>
  <color>
   Фиолетовый
  </color>
  <material>
   Нейлон
  </material>
  <price>
   401923
  </price>
  <rating>
   4.89
  </rating>
  <reviews>
   253274
  </reviews>
 </clothing>
 <clothing>
  <id>
   677015652
  </id>
  <name>
   Brooks Sweater V-9723
  </name>
  <category>
   Sweater
  </category>
  <size>
   M
  </size>
  <color>
   Зеленый
  </color>
  <material>
   Хлопок
  </material>
  <price>
   557990
  </price>
  <rating>
   2.12
  </rating>
  <reviews>
   997199
  </reviews>
  <exclusive>
   yes
  </exclusive>
 </clothing>
 <clothing>
  <id>
   989591770
  </id>
  <name>
   Ellesse Umbrellas M-9956
  </name>
  <category>
   Umbrellas
  </category>
  <size>
   XXL
  </size>
  <color>
   Оранжевый
  </color>
  <material>
   Кожа
  </material>
  <price>
   994244
  </price>
  <rating>
   4.12
  </rating>
  <reviews>
   817382
  </reviews>
  <new>
   +
  </new>
  <exclusive>
   yes
  </exclusive>
  <sporty>
   yes
  </sporty>
 </clothing>
 <clothing>
  <id>
   547485084
  </id>
  <name>
   Brooks Skirt A-4349
  </name>
  <category>
   Skirt
  </category>
  <size>
   M
  </size>
  <color>
   Оранжевый
  </color>
  <material>
   Шерсть
  </material>
  <price>
   198744
  </price>
  <rating>
   1.73
  </rating>
  <reviews>
   879409
  </reviews>
  <exclusive>
   no
  </exclusive>
  <sporty>
   yes
  </sporty>
 </clothing>
 <clothing>
  <id>
   948558230
  </id>
  <name>
   Under Armour Jeans N-3922
  </name>
  <category>
   Jeans
  </category>
  <size>
   M
  </size>
  <color>
   Голубой
  </color>
  <material>
   Хлопок
  </material>
  <price>
   470148
  </price>
  <rating>
   1.11
  </rating>
  <reviews>
   834305
  </reviews>
  <new>
   -
  </new>
  <sporty>
   yes
  </sporty>
 </clothing>
 <clothing>
  <id>
   212050533
  </id>
  <name>
   Lacoste Skirt X-5639
  </name>
  <category>
   Skirt
  </category>
  <size>
   S
  </size>
  <color>
   Зеленый
  </color>
  <material>
   Хлопок
  </material>
  <price>
   296420
  </price>
  <rating>
   1.04
  </rating>
  <reviews>
   614936
  </reviews>
  <new>
   -
  </new>
  <exclusive>
   no
  </exclusive>
  <sporty>
   yes
  </sporty>
 </clothing>
 <clothing>
  <id>
   144529462
  </id>
  <name>
   Ellesse Belts F-2257
  </name>
  <category>
   Belts
  </category>
  <size>
   XXL
  </size>
  <color>
   Оранжевый
  </color>
  <material>
   Шелк
  </material>
  <price>
   577069
  </price>
  <rating>
   4.93
  </rating>
  <reviews>
   53974
  </reviews>
  <new>
   -
  </new>
  <exclusive>
   no
  </exclusive>
 </clothing>
 <clothing>
  <id>
   545448350
  </id>
  <name>
   Nike Handbags C-8665
  </name>
  <category>
   Handbags
  </category>
  <size>
   M
  </size>
  <color>
   Синий
  </color>
  <material>
   Полиэстер
  </material>
  <price>
   279354
  </price>
  <rating>
   1.53
  </rating>
  <reviews>
   956364
  </reviews>
  <exclusive>
   no
  </exclusive>
  <sporty>
   yes
  </sporty>
 </clothing>
 <clothing>
  <id>
   212907997
  </id>
  <name>
   Brooks T-shirt A-8236
  </name>
  <category>
   T-shirt
  </category>
  <size>
   L
  </size>
  <color>
   Оранжевый
  </color>
  <material>
   Нейлон
  </material>
  <price>
   755059
  </price>
  <rating>
   3.75
  </rating>
  <reviews>
   115741
  </reviews>
  <new>
   -
  </new>
  <exclusive>
   no
  </exclusive>
  <sporty>
   no
  </sporty>
 </clothing>
 <clothing>
  <id>
   101624317
  </id>
  <name>
   Brooks Dress U-6762
  </name>
  <category>
   Dress
  </category>
  <size>
   L
  </size>
  <color>
   Синий
  </color>
  <material>
   Нейлон
  </material>
  <price>
   824095
  </price>
  <rating>
   3.13
  </rating>
  <reviews>
   746418
  </reviews>
  <sporty>
   yes
  </sporty>
 </clothing>
 <clothing>
  <id>
   223517118
  </id>
  <name>
   DC Socks R-1650
  </name>
  <category>
   Socks
  </category>
  <size>
   M
  </size>
  <color>
   Красный
  </color>
  <material>
   Лен
  </material>
  <price>
   742418
  </price>
  <rating>
   4.1
  </rating>
  <reviews>
   572439
  </reviews>
  <new>
   -
  </new>
  <exclusive>
   yes
  </exclusive>
  <sporty>
   no
  </sporty>
 </clothing>
</clothing-items>
