<?xml version="1.0" encoding="utf-8"?>
<clothing-items>
 <clothing>
  <id>
   969308136
  </id>
  <name>
   Converse Gloves H-4716
  </name>
  <category>
   Gloves
  </category>
  <size>
   XL
  </size>
  <color>
   Оранжевый
  </color>
  <material>
   Нейлон
  </material>
  <price>
   685354
  </price>
  <rating>
   3.8
  </rating>
  <reviews>
   57173
  </reviews>
  <exclusive>
   no
  </exclusive>
 </clothing>
 <clothing>
  <id>
   326356604
  </id>
  <name>
   Lacoste Jacket O-5427
  </name>
  <category>
   Jacket
  </category>
  <size>
   M
  </size>
  <color>
   Синий
  </color>
  <material>
   Хлопок
  </material>
  <price>
   354853
  </price>
  <rating>
   4.02
  </rating>
  <reviews>
   949844
  </reviews>
  <new>
   -
  </new>
  <exclusive>
   yes
  </exclusive>
 </clothing>
 <clothing>
  <id>
   501786296
  </id>
  <name>
   Converse Jacket O-7066
  </name>
  <category>
   Jacket
  </category>
  <size>
   XL
  </size>
  <color>
   Синий
  </color>
  <material>
   Вискоза
  </material>
  <price>
   747437
  </price>
  <rating>
   3.44
  </rating>
  <reviews>
   424684
  </reviews>
  <new>
   -
  </new>
  <sporty>
   no
  </sporty>
 </clothing>
 <clothing>
  <id>
   388456754
  </id>
  <name>
   DC Shirt U-3603
  </name>
  <category>
   Shirt
  </category>
  <size>
   XL
  </size>
  <color>
   Оранжевый
  </color>
  <material>
   Шерсть
  </material>
  <price>
   690996
  </price>
  <rating>
   4.42
  </rating>
  <reviews>
   754814
  </reviews>
  <new>
   -
  </new>
  <exclusive>
   no
  </exclusive>
  <sporty>
   no
  </sporty>
 </clothing>
 <clothing>
  <id>
   877236944
  </id>
  <name>
   Lacoste Hat P-4124
  </name>
  <category>
   Hat
  </category>
  <size>
   XXL
  </size>
  <color>
   Желтый
  </color>
  <material>
   Лен
  </material>
  <price>
   352823
  </price>
  <rating>
   2.55
  </rating>
  <reviews>
   964833
  </reviews>
  <new>
   -
  </new>
  <exclusive>
   no
  </exclusive>
  <sporty>
   yes
  </sporty>
 </clothing>
 <clothing>
  <id>
   831315129
  </id>
  <name>
   DC Socks K-3393
  </name>
  <category>
   Socks
  </category>
  <size>
   XXL
  </size>
  <color>
   Голубой
  </color>
  <material>
   Хлопок
  </material>
  <price>
   295970
  </price>
  <rating>
   2.74
  </rating>
  <reviews>
   230176
  </reviews>
  <new>
   -
  </new>
  <exclusive>
   no
  </exclusive>
 </clothing>
 <clothing>
  <id>
   993126037
  </id>
  <name>
   Addidas Socks O-6519
  </name>
  <category>
   Socks
  </category>
  <size>
   L
  </size>
  <color>
   Голубой
  </color>
  <material>
   Полиэстер
  </material>
  <price>
   573798
  </price>
  <rating>
   1.74
  </rating>
  <reviews>
   838501
  </reviews>
  <new>
   +
  </new>
  <exclusive>
   yes
  </exclusive>
  <sporty>
   yes
  </sporty>
 </clothing>
 <clothing>
  <id>
   320385213
  </id>
  <name>
   Fila T-shirt N-9570
  </name>
  <category>
   T-shirt
  </category>
  <size>
   L
  </size>
  <color>
   Голубой
  </color>
  <material>
   Вискоза
  </material>
  <price>
   646947
  </price>
  <rating>
   2.75
  </rating>
  <reviews>
   748274
  </reviews>
  <new>
   +
  </new>
  <exclusive>
   yes
  </exclusive>
 </clothing>
 <clothing>
  <id>
   745429955
  </id>
  <name>
   Adidas Sweater S-7203
  </name>
  <category>
   Sweater
  </category>
  <size>
   M
  </size>
  <color>
   Красный
  </color>
  <material>
   Лен
  </material>
  <price>
   320706
  </price>
  <rating>
   2.52
  </rating>
  <reviews>
   180993
  </reviews>
  <new>
   +
  </new>
 </clothing>
 <clothing>
  <id>
   764014293
  </id>
  <name>
   Converse Gloves A-3799
  </name>
  <category>
   Gloves
  </category>
  <size>
   L
  </size>
  <color>
   Оранжевый
  </color>
  <material>
   Кожа
  </material>
  <price>
   191859
  </price>
  <rating>
   1.66
  </rating>
  <reviews>
   177036
  </reviews>
  <new>
   +
  </new>
 </clothing>
 <clothing>
  <id>
   859192030
  </id>
  <name>
   Under Armour Hat Y-4858
  </name>
  <category>
   Hat
  </category>
  <size>
   XXL
  </size>
  <color>
   Зеленый
  </color>
  <material>
   Нейлон
  </material>
  <price>
   427740
  </price>
  <rating>
   3.21
  </rating>
  <reviews>
   658466
  </reviews>
  <new>
   -
  </new>
  <sporty>
   no
  </sporty>
 </clothing>
 <clothing>
  <id>
   478315787
  </id>
  <name>
   Reebok Handbags X-5663
  </name>
  <category>
   Handbags
  </category>
  <size>
   XXL
  </size>
  <color>
   Голубой
  </color>
  <material>
   Лен
  </material>
  <price>
   424553
  </price>
  <rating>
   4.59
  </rating>
  <reviews>
   36435
  </reviews>
  <new>
   -
  </new>
  <sporty>
   no
  </sporty>
 </clothing>
 <clothing>
  <id>
   359748259
  </id>
  <name>
   Addidas Handbags E-7417
  </name>
  <category>
   Handbags
  </category>
  <size>
   XL
  </size>
  <color>
   Синий
  </color>
  <material>
   Полиэстер
  </material>
  <price>
   289661
  </price>
  <rating>
   4.69
  </rating>
  <reviews>
   946290
  </reviews>
 </clothing>
 <clothing>
  <id>
   251424242
  </id>
  <name>
   Ellesse Hat T-2571
  </name>
  <category>
   Hat
  </category>
  <size>
   M
  </size>
  <color>
   Зеленый
  </color>
  <material>
   Лен
  </material>
  <price>
   543979
  </price>
  <rating>
   1.89
  </rating>
  <reviews>
   305532
  </reviews>
  <exclusive>
   no
  </exclusive>
  <sporty>
   no
  </sporty>
 </clothing>
 <clothing>
  <id>
   847378158
  </id>
  <name>
   Reebok Skirt U-8099
  </name>
  <category>
   Skirt
  </category>
  <size>
   L
  </size>
  <color>
   Красный
  </color>
  <material>
   Шерсть
  </material>
  <price>
   788418
  </price>
  <rating>
   1.96
  </rating>
  <reviews>
   167995
  </reviews>
  <new>
   -
  </new>
  <exclusive>
   no
  </exclusive>
  <sporty>
   yes
  </sporty>
 </clothing>
 <clothing>
  <id>
   601520478
  </id>
  <name>
   Nike Blouse W-4567
  </name>
  <category>
   Blouse
  </category>
  <size>
   S
  </size>
  <color>
   Фиолетовый
  </color>
  <material>
   Хлопок
  </material>
  <price>
   765926
  </price>
  <rating>
   4.83
  </rating>
  <reviews>
   350117
  </reviews>
  <new>
   +
  </new>
 </clothing>
 <clothing>
  <id>
   182756871
  </id>
  <name>
   New Balance Shoes W-7138
  </name>
  <category>
   Shoes
  </category>
  <size>
   M
  </size>
  <color>
   Синий
  </color>
  <material>
   Кожа
  </material>
  <price>
   661744
  </price>
  <rating>
   3.81
  </rating>
  <reviews>
   918000
  </reviews>
  <exclusive>
   yes
  </exclusive>
  <sporty>
   no
  </sporty>
 </clothing>
 <clothing>
  <id>
   161091034
  </id>
  <name>
   Vans T-shirt W-6622
  </name>
  <category>
   T-shirt
  </category>
  <size>
   S
  </size>
  <color>
   Красный
  </color>
  <material>
   Нейлон
  </material>
  <price>
   812956
  </price>
  <rating>
   4.36
  </rating>
  <reviews>
   899186
  </reviews>
  <sporty>
   yes
  </sporty>
 </clothing>
 <clothing>
  <id>
   229222591
  </id>
  <name>
   Fila Shirt N-9993
  </name>
  <category>
   Shirt
  </category>
  <size>
   L
  </size>
  <color>
   Синий
  </color>
  <material>
   Кожа
  </material>
  <price>
   582107
  </price>
  <rating>
   3.87
  </rating>
  <reviews>
   685006
  </reviews>
  <new>
   -
  </new>
  <exclusive>
   no
  </exclusive>
 </clothing>
 <clothing>
  <id>
   158758062
  </id>
  <name>
   Puma Skirt K-1961
  </name>
  <category>
   Skirt
  </category>
  <size>
   L
  </size>
  <color>
   Синий
  </color>
  <material>
   Лен
  </material>
  <price>
   698355
  </price>
  <rating>
   2.03
  </rating>
  <reviews>
   250063
  </reviews>
  <new>
   -
  </new>
  <exclusive>
   no
  </exclusive>
 </clothing>
 <clothing>
  <id>
   962342224
  </id>
  <name>
   Addidas Belts Z-7799
  </name>
  <category>
   Belts
  </category>
  <size>
   M
  </size>
  <color>
   Желтый
  </color>
  <material>
   Шерсть
  </material>
  <price>
   746814
  </price>
  <rating>
   2.68
  </rating>
  <reviews>
   865737
  </reviews>
  <new>
   -
  </new>
  <sporty>
   no
  </sporty>
 </clothing>
 <clothing>
  <id>
   634892267
  </id>
  <name>
   Fila Shoes R-4551
  </name>
  <category>
   Shoes
  </category>
  <size>
   XXL
  </size>
  <color>
   Оранжевый
  </color>
  <material>
   Вискоза
  </material>
  <price>
   808801
  </price>
  <rating>
   3.67
  </rating>
  <reviews>
   744015
  </reviews>
  <exclusive>
   yes
  </exclusive>
  <sporty>
   no
  </sporty>
 </clothing>
 <clothing>
  <id>
   151294486
  </id>
  <name>
   New Balance Jeans S-5775
  </name>
  <category>
   Jeans
  </category>
  <size>
   XXL
  </size>
  <color>
   Красный
  </color>
  <material>
   Полиэстер
  </material>
  <price>
   138723
  </price>
  <rating>
   1.06
  </rating>
  <reviews>
   137523
  </reviews>
  <exclusive>
   no
  </exclusive>
  <sporty>
   no
  </sporty>
 </clothing>
 <clothing>
  <id>
   190833602
  </id>
  <name>
   Adidas T-shirt V-2560
  </name>
  <category>
   T-shirt
  </category>
  <size>
   S
  </size>
  <color>
   Синий
  </color>
  <material>
   Лен
  </material>
  <price>
   615334
  </price>
  <rating>
   1.62
  </rating>
  <reviews>
   156261
  </reviews>
  <exclusive>
   yes
  </exclusive>
  <sporty>
   yes
  </sporty>
 </clothing>
 <clothing>
  <id>
   692848152
  </id>
  <name>
   Asics Handbags R-1522
  </name>
  <category>
   Handbags
  </category>
  <size>
   S
  </size>
  <color>
   Желтый
  </color>
  <material>
   Вискоза
  </material>
  <price>
   818594
  </price>
  <rating>
   4.25
  </rating>
  <reviews>
   970478
  </reviews>
  <exclusive>
   yes
  </exclusive>
  <sporty>
   no
  </sporty>
 </clothing>
 <clothing>
  <id>
   262247588
  </id>
  <name>
   PleinSport Skirt Q-1101
  </name>
  <category>
   Skirt
  </category>
  <size>
   L
  </size>
  <color>
   Красный
  </color>
  <material>
   Шерсть
  </material>
  <price>
   534069
  </price>
  <rating>
   4.67
  </rating>
  <reviews>
   311266
  </reviews>
  <exclusive>
   no
  </exclusive>
  <sporty>
   no
  </sporty>
 </clothing>
 <clothing>
  <id>
   182792660
  </id>
  <name>
   Ellesse Jeans M-1214
  </name>
  <category>
   Jeans
  </category>
  <size>
   M
  </size>
  <color>
   Синий
  </color>
  <material>
   Вискоза
  </material>
  <price>
   912415
  </price>
  <rating>
   2.56
  </rating>
  <reviews>
   639702
  </reviews>
  <sporty>
   no
  </sporty>
 </clothing>
 <clothing>
  <id>
   239936058
  </id>
  <name>
   Puma Socks A-5037
  </name>
  <category>
   Socks
  </category>
  <size>
   XL
  </size>
  <color>
   Фиолетовый
  </color>
  <material>
   Полиэстер
  </material>
  <price>
   771345
  </price>
  <rating>
   1.79
  </rating>
  <reviews>
   871349
  </reviews>
  <new>
   +
  </new>
  <exclusive>
   no
  </exclusive>
  <sporty>
   no
  </sporty>
 </clothing>
 <clothing>
  <id>
   470578471
  </id>
  <name>
   Addidas Jeans Q-9705
  </name>
  <category>
   Jeans
  </category>
  <size>
   XL
  </size>
  <color>
   Желтый
  </color>
  <material>
   Кожа
  </material>
  <price>
   449950
  </price>
  <rating>
   1.19
  </rating>
  <reviews>
   581339
  </reviews>
  <new>
   -
  </new>
  <exclusive>
   no
  </exclusive>
  <sporty>
   yes
  </sporty>
 </clothing>
 <clothing>
  <id>
   291510989
  </id>
  <name>
   PleinSport Handbags V-9406
  </name>
  <category>
   Handbags
  </category>
  <size>
   S
  </size>
  <color>
   Фиолетовый
  </color>
  <material>
   Вискоза
  </material>
  <price>
   860219
  </price>
  <rating>
   3.56
  </rating>
  <reviews>
   337046
  </reviews>
  <new>
   -
  </new>
  <sporty>
   no
  </sporty>
 </clothing>
 <clothing>
  <id>
   182781891
  </id>
  <name>
   Fila T-shirt G-6490
  </name>
  <category>
   T-shirt
  </category>
  <size>
   L
  </size>
  <color>
   Оранжевый
  </color>
  <material>
   Шерсть
  </material>
  <price>
   873834
  </price>
  <rating>
   4.21
  </rating>
  <reviews>
   90055
  </reviews>
  <new>
   -
  </new>
 </clothing>
 <clothing>
  <id>
   425703635
  </id>
  <name>
   Adidas Handbags H-4471
  </name>
  <category>
   Handbags
  </category>
  <size>
   XXL
  </size>
  <color>
   Красный
  </color>
  <material>
   Лен
  </material>
  <price>
   196916
  </price>
  <rating>
   3.66
  </rating>
  <reviews>
   166970
  </reviews>
  <new>
   -
  </new>
  <exclusive>
   no
  </exclusive>
 </clothing>
 <clothing>
  <id>
   215946678
  </id>
  <name>
   Vans T-shirt Y-2685
  </name>
  <category>
   T-shirt
  </category>
  <size>
   XL
  </size>
  <color>
   Синий
  </color>
  <material>
   Полиэстер
  </material>
  <price>
   988717
  </price>
  <rating>
   3.99
  </rating>
  <reviews>
   104064
  </reviews>
  <sporty>
   yes
  </sporty>
 </clothing>
 <clothing>
  <id>
   405443637
  </id>
  <name>
   Ellesse Jacket A-1862
  </name>
  <category>
   Jacket
  </category>
  <size>
   XXL
  </size>
  <color>
   Зеленый
  </color>
  <material>
   Нейлон
  </material>
  <price>
   178413
  </price>
  <rating>
   1.75
  </rating>
  <reviews>
   533820
  </reviews>
  <exclusive>
   yes
  </exclusive>
  <sporty>
   no
  </sporty>
 </clothing>
 <clothing>
  <id>
   934139946
  </id>
  <name>
   Brooks Socks D-7354
  </name>
  <category>
   Socks
  </category>
  <size>
   M
  </size>
  <color>
   Зеленый
  </color>
  <material>
   Хлопок
  </material>
  <price>
   491565
  </price>
  <rating>
   3.57
  </rating>
  <reviews>
   540687
  </reviews>
  <new>
   +
  </new>
  <exclusive>
   no
  </exclusive>
 </clothing>
 <clothing>
  <id>
   381271586
  </id>
  <name>
   Lacoste Socks U-4119
  </name>
  <category>
   Socks
  </category>
  <size>
   M
  </size>
  <color>
   Синий
  </color>
  <material>
   Шерсть
  </material>
  <price>
   445188
  </price>
  <rating>
   3.53
  </rating>
  <reviews>
   936587
  </reviews>
  <sporty>
   no
  </sporty>
 </clothing>
 <clothing>
  <id>
   591916379
  </id>
  <name>
   Vans Shoes M-3484
  </name>
  <category>
   Shoes
  </category>
  <size>
   M
  </size>
  <color>
   Оранжевый
  </color>
  <material>
   Кожа
  </material>
  <price>
   910790
  </price>
  <rating>
   2.63
  </rating>
  <reviews>
   278910
  </reviews>
  <new>
   +
  </new>
  <exclusive>
   yes
  </exclusive>
 </clothing>
 <clothing>
  <id>
   170770701
  </id>
  <name>
   Under Armour Shirt E-9813
  </name>
  <category>
   Shirt
  </category>
  <size>
   M
  </size>
  <color>
   Красный
  </color>
  <material>
   Полиэстер
  </material>
  <price>
   607085
  </price>
  <rating>
   1.7
  </rating>
  <reviews>
   715682
  </reviews>
  <new>
   -
  </new>
  <exclusive>
   no
  </exclusive>
 </clothing>
 <clothing>
  <id>
   769910438
  </id>
  <name>
   Converse Skirt M-6301
  </name>
  <category>
   Skirt
  </category>
  <size>
   XXL
  </size>
  <color>
   Красный
  </color>
  <material>
   Кожа
  </material>
  <price>
   333659
  </price>
  <rating>
   4.45
  </rating>
  <reviews>
   983776
  </reviews>
  <exclusive>
   no
  </exclusive>
 </clothing>
 <clothing>
  <id>
   747807996
  </id>
  <name>
   Lacoste Umbrellas K-9678
  </name>
  <category>
   Umbrellas
  </category>
  <size>
   XL
  </size>
  <color>
   Желтый
  </color>
  <material>
   Шелк
  </material>
  <price>
   983602
  </price>
  <rating>
   1.52
  </rating>
  <reviews>
   210065
  </reviews>
  <sporty>
   no
  </sporty>
 </clothing>
 <clothing>
  <id>
   159532426
  </id>
  <name>
   Brooks T-shirt O-8845
  </name>
  <category>
   T-shirt
  </category>
  <size>
   M
  </size>
  <color>
   Зеленый
  </color>
  <material>
   Полиэстер
  </material>
  <price>
   941625
  </price>
  <rating>
   1.87
  </rating>
  <reviews>
   413271
  </reviews>
  <exclusive>
   yes
  </exclusive>
 </clothing>
 <clothing>
  <id>
   989952063
  </id>
  <name>
   Brooks Belts G-3230
  </name>
  <category>
   Belts
  </category>
  <size>
   XL
  </size>
  <color>
   Желтый
  </color>
  <material>
   Хлопок
  </material>
  <price>
   433067
  </price>
  <rating>
   1.87
  </rating>
  <reviews>
   701087
  </reviews>
  <new>
   -
  </new>
  <exclusive>
   yes
  </exclusive>
  <sporty>
   yes
  </sporty>
 </clothing>
 <clothing>
  <id>
   172138951
  </id>
  <name>
   Puma Dress F-5067
  </name>
  <category>
   Dress
  </category>
  <size>
   XL
  </size>
  <color>
   Красный
  </color>
  <material>
   Вискоза
  </material>
  <price>
   513090
  </price>
  <rating>
   1.16
  </rating>
  <reviews>
   423135
  </reviews>
  <new>
   -
  </new>
  <exclusive>
   no
  </exclusive>
 </clothing>
</clothing-items>
