<?xml version="1.0" encoding="utf-8"?>
<clothing-items>
 <clothing>
  <id>
   408345793
  </id>
  <name>
   New Balance Socks Y-3695
  </name>
  <category>
   Socks
  </category>
  <size>
   M
  </size>
  <color>
   Фиолетовый
  </color>
  <material>
   Кожа
  </material>
  <price>
   484862
  </price>
  <rating>
   3.08
  </rating>
  <reviews>
   618502
  </reviews>
  <new>
   -
  </new>
  <sporty>
   no
  </sporty>
 </clothing>
 <clothing>
  <id>
   756448213
  </id>
  <name>
   Vans Jeans O-4359
  </name>
  <category>
   Jeans
  </category>
  <size>
   XL
  </size>
  <color>
   Оранжевый
  </color>
  <material>
   Полиэстер
  </material>
  <price>
   661746
  </price>
  <rating>
   3.68
  </rating>
  <reviews>
   851109
  </reviews>
  <exclusive>
   yes
  </exclusive>
 </clothing>
 <clothing>
  <id>
   289235890
  </id>
  <name>
   Ellesse Belts M-1662
  </name>
  <category>
   Belts
  </category>
  <size>
   M
  </size>
  <color>
   Синий
  </color>
  <material>
   Кожа
  </material>
  <price>
   121411
  </price>
  <rating>
   4.41
  </rating>
  <reviews>
   90078
  </reviews>
  <new>
   +
  </new>
  <sporty>
   yes
  </sporty>
 </clothing>
 <clothing>
  <id>
   414326907
  </id>
  <name>
   Brooks Jacket V-4884
  </name>
  <category>
   Jacket
  </category>
  <size>
   XXL
  </size>
  <color>
   Синий
  </color>
  <material>
   Кожа
  </material>
  <price>
   696161
  </price>
  <rating>
   1.38
  </rating>
  <reviews>
   539186
  </reviews>
  <new>
   +
  </new>
  <sporty>
   no
  </sporty>
 </clothing>
 <clothing>
  <id>
   849259957
  </id>
  <name>
   DC Gloves V-2901
  </name>
  <category>
   Gloves
  </category>
  <size>
   XXL
  </size>
  <color>
   Желтый
  </color>
  <material>
   Шелк
  </material>
  <price>
   477781
  </price>
  <rating>
   3.55
  </rating>
  <reviews>
   886566
  </reviews>
  <exclusive>
   yes
  </exclusive>
  <sporty>
   no
  </sporty>
 </clothing>
 <clothing>
  <id>
   742242260
  </id>
  <name>
   Nike Handbags U-7373
  </name>
  <category>
   Handbags
  </category>
  <size>
   S
  </size>
  <color>
   Фиолетовый
  </color>
  <material>
   Шерсть
  </material>
  <price>
   487680
  </price>
  <rating>
   2.76
  </rating>
  <reviews>
   274575
  </reviews>
  <exclusive>
   yes
  </exclusive>
  <sporty>
   no
  </sporty>
 </clothing>
 <clothing>
  <id>
   737134637
  </id>
  <name>
   Vans Dress E-5139
  </name>
  <category>
   Dress
  </category>
  <size>
   L
  </size>
  <color>
   Голубой
  </color>
  <material>
   Шерсть
  </material>
  <price>
   853542
  </price>
  <rating>
   4.49
  </rating>
  <reviews>
   121725
  </reviews>
  <sporty>
   no
  </sporty>
 </clothing>
 <clothing>
  <id>
   327492852
  </id>
  <name>
   DC Sweater S-7905
  </name>
  <category>
   Sweater
  </category>
  <size>
   L
  </size>
  <color>
   Зеленый
  </color>
  <material>
   Полиэстер
  </material>
  <price>
   917392
  </price>
  <rating>
   1.73
  </rating>
  <reviews>
   236593
  </reviews>
  <sporty>
   no
  </sporty>
 </clothing>
 <clothing>
  <id>
   585632989
  </id>
  <name>
   Nike T-shirt P-8560
  </name>
  <category>
   T-shirt
  </category>
  <size>
   L
  </size>
  <color>
   Голубой
  </color>
  <material>
   Лен
  </material>
  <price>
   735209
  </price>
  <rating>
   2.74
  </rating>
  <reviews>
   400235
  </reviews>
  <new>
   -
  </new>
  <sporty>
   no
  </sporty>
 </clothing>
 <clothing>
  <id>
   192675624
  </id>
  <name>
   Vans Socks X-3312
  </name>
  <category>
   Socks
  </category>
  <size>
   S
  </size>
  <color>
   Оранжевый
  </color>
  <material>
   Вискоза
  </material>
  <price>
   247223
  </price>
  <rating>
   2.88
  </rating>
  <reviews>
   618326
  </reviews>
  <new>
   +
  </new>
  <exclusive>
   no
  </exclusive>
  <sporty>
   no
  </sporty>
 </clothing>
 <clothing>
  <id>
   610704959
  </id>
  <name>
   Adidas Umbrellas C-5853
  </name>
  <category>
   Umbrellas
  </category>
  <size>
   XXL
  </size>
  <color>
   Синий
  </color>
  <material>
   Вискоза
  </material>
  <price>
   146713
  </price>
  <rating>
   3.8
  </rating>
  <reviews>
   586277
  </reviews>
  <new>
   -
  </new>
  <sporty>
   yes
  </sporty>
 </clothing>
 <clothing>
  <id>
   402967637
  </id>
  <name>
   New Balance Jacket G-4337
  </name>
  <category>
   Jacket
  </category>
  <size>
   XL
  </size>
  <color>
   Голубой
  </color>
  <material>
   Вискоза
  </material>
  <price>
   184585
  </price>
  <rating>
   3.21
  </rating>
  <reviews>
   771066
  </reviews>
  <sporty>
   no
  </sporty>
 </clothing>
 <clothing>
  <id>
   230983947
  </id>
  <name>
   Lacoste Jeans Q-3098
  </name>
  <category>
   Jeans
  </category>
  <size>
   XXL
  </size>
  <color>
   Фиолетовый
  </color>
  <material>
   Шелк
  </material>
  <price>
   372849
  </price>
  <rating>
   1.09
  </rating>
  <reviews>
   775028
  </reviews>
  <new>
   -
  </new>
 </clothing>
 <clothing>
  <id>
   149195668
  </id>
  <name>
   Lacoste Hat Q-9208
  </name>
  <category>
   Hat
  </category>
  <size>
   M
  </size>
  <color>
   Синий
  </color>
  <material>
   Лен
  </material>
  <price>
   344250
  </price>
  <rating>
   3.9
  </rating>
  <reviews>
   28605
  </reviews>
  <exclusive>
   no
  </exclusive>
 </clothing>
 <clothing>
  <id>
   936128458
  </id>
  <name>
   Asics Blouse R-9702
  </name>
  <category>
   Blouse
  </category>
  <size>
   S
  </size>
  <color>
   Фиолетовый
  </color>
  <material>
   Полиэстер
  </material>
  <price>
   147287
  </price>
  <rating>
   1.87
  </rating>
  <reviews>
   572417
  </reviews>
 </clothing>
</clothing-items>
