<?xml version="1.0" encoding="utf-8"?>
<clothing-items>
 <clothing>
  <id>
   228162094
  </id>
  <name>
   DC Dress H-8829
  </name>
  <category>
   Dress
  </category>
  <size>
   M
  </size>
  <color>
   Фиолетовый
  </color>
  <material>
   Вискоза
  </material>
  <price>
   350206
  </price>
  <rating>
   3.36
  </rating>
  <reviews>
   590551
  </reviews>
  <new>
   +
  </new>
  <sporty>
   yes
  </sporty>
 </clothing>
 <clothing>
  <id>
   113173995
  </id>
  <name>
   DC Shoes G-1783
  </name>
  <category>
   Shoes
  </category>
  <size>
   XXL
  </size>
  <color>
   Оранжевый
  </color>
  <material>
   Шелк
  </material>
  <price>
   475486
  </price>
  <rating>
   4.5
  </rating>
  <reviews>
   473732
  </reviews>
  <exclusive>
   no
  </exclusive>
  <sporty>
   no
  </sporty>
 </clothing>
 <clothing>
  <id>
   983029230
  </id>
  <name>
   Adidas Umbrellas E-4836
  </name>
  <category>
   Umbrellas
  </category>
  <size>
   M
  </size>
  <color>
   Оранжевый
  </color>
  <material>
   Шерсть
  </material>
  <price>
   414438
  </price>
  <rating>
   1.42
  </rating>
  <reviews>
   906068
  </reviews>
 </clothing>
 <clothing>
  <id>
   438000437
  </id>
  <name>
   DC T-shirt X-2356
  </name>
  <category>
   T-shirt
  </category>
  <size>
   L
  </size>
  <color>
   Желтый
  </color>
  <material>
   Шелк
  </material>
  <price>
   956547
  </price>
  <rating>
   2.61
  </rating>
  <reviews>
   303235
  </reviews>
  <sporty>
   yes
  </sporty>
 </clothing>
 <clothing>
  <id>
   618267919
  </id>
  <name>
   Ellesse Gloves U-1804
  </name>
  <category>
   Gloves
  </category>
  <size>
   M
  </size>
  <color>
   Красный
  </color>
  <material>
   Хлопок
  </material>
  <price>
   200591
  </price>
  <rating>
   3.62
  </rating>
  <reviews>
   12540
  </reviews>
  <new>
   +
  </new>
  <exclusive>
   no
  </exclusive>
 </clothing>
 <clothing>
  <id>
   142882715
  </id>
  <name>
   Under Armour Umbrellas I-9516
  </name>
  <category>
   Umbrellas
  </category>
  <size>
   S
  </size>
  <color>
   Оранжевый
  </color>
  <material>
   Шелк
  </material>
  <price>
   734190
  </price>
  <rating>
   2.97
  </rating>
  <reviews>
   557250
  </reviews>
  <new>
   -
  </new>
  <exclusive>
   yes
  </exclusive>
  <sporty>
   no
  </sporty>
 </clothing>
 <clothing>
  <id>
   431483042
  </id>
  <name>
   Under Armour Pants H-3752
  </name>
  <category>
   Pants
  </category>
  <size>
   M
  </size>
  <color>
   Голубой
  </color>
  <material>
   Полиэстер
  </material>
  <price>
   430505
  </price>
  <rating>
   2.25
  </rating>
  <reviews>
   547079
  </reviews>
  <new>
   +
  </new>
  <sporty>
   no
  </sporty>
 </clothing>
 <clothing>
  <id>
   948453552
  </id>
  <name>
   Adidas Sweater S-8929
  </name>
  <category>
   Sweater
  </category>
  <size>
   M
  </size>
  <color>
   Синий
  </color>
  <material>
   Шерсть
  </material>
  <price>
   643750
  </price>
  <rating>
   2.97
  </rating>
  <reviews>
   86833
  </reviews>
  <exclusive>
   no
  </exclusive>
  <sporty>
   yes
  </sporty>
 </clothing>
 <clothing>
  <id>
   699421170
  </id>
  <name>
   PleinSport Gloves B-4701
  </name>
  <category>
   Gloves
  </category>
  <size>
   XL
  </size>
  <color>
   Голубой
  </color>
  <material>
   Лен
  </material>
  <price>
   507749
  </price>
  <rating>
   3.79
  </rating>
  <reviews>
   695216
  </reviews>
  <new>
   +
  </new>
  <sporty>
   no
  </sporty>
 </clothing>
 <clothing>
  <id>
   760920846
  </id>
  <name>
   PleinSport Sweater N-2011
  </name>
  <category>
   Sweater
  </category>
  <size>
   L
  </size>
  <color>
   Зеленый
  </color>
  <material>
   Кожа
  </material>
  <price>
   243072
  </price>
  <rating>
   1.11
  </rating>
  <reviews>
   422955
  </reviews>
  <new>
   -
  </new>
  <exclusive>
   no
  </exclusive>
 </clothing>
 <clothing>
  <id>
   661195858
  </id>
  <name>
   Ellesse Handbags F-8843
  </name>
  <category>
   Handbags
  </category>
  <size>
   L
  </size>
  <color>
   Желтый
  </color>
  <material>
   Хлопок
  </material>
  <price>
   896391
  </price>
  <rating>
   4.62
  </rating>
  <reviews>
   903062
  </reviews>
  <new>
   -
  </new>
  <exclusive>
   no
  </exclusive>
  <sporty>
   yes
  </sporty>
 </clothing>
 <clothing>
  <id>
   398172410
  </id>
  <name>
   DC Handbags M-2712
  </name>
  <category>
   Handbags
  </category>
  <size>
   L
  </size>
  <color>
   Желтый
  </color>
  <material>
   Лен
  </material>
  <price>
   749265
  </price>
  <rating>
   3.89
  </rating>
  <reviews>
   299281
  </reviews>
  <new>
   -
  </new>
  <exclusive>
   yes
  </exclusive>
  <sporty>
   yes
  </sporty>
 </clothing>
 <clothing>
  <id>
   986894717
  </id>
  <name>
   New Balance Dress X-7228
  </name>
  <category>
   Dress
  </category>
  <size>
   L
  </size>
  <color>
   Оранжевый
  </color>
  <material>
   Вискоза
  </material>
  <price>
   180737
  </price>
  <rating>
   1.04
  </rating>
  <reviews>
   591357
  </reviews>
  <new>
   -
  </new>
  <sporty>
   no
  </sporty>
 </clothing>
 <clothing>
  <id>
   739695228
  </id>
  <name>
   Under Armour Gloves E-5525
  </name>
  <category>
   Gloves
  </category>
  <size>
   S
  </size>
  <color>
   Фиолетовый
  </color>
  <material>
   Хлопок
  </material>
  <price>
   859424
  </price>
  <rating>
   4.23
  </rating>
  <reviews>
   42407
  </reviews>
  <sporty>
   no
  </sporty>
 </clothing>
 <clothing>
  <id>
   646436386
  </id>
  <name>
   Fila Socks U-3384
  </name>
  <category>
   Socks
  </category>
  <size>
   XL
  </size>
  <color>
   Фиолетовый
  </color>
  <material>
   Вискоза
  </material>
  <price>
   765970
  </price>
  <rating>
   2.85
  </rating>
  <reviews>
   612409
  </reviews>
  <exclusive>
   yes
  </exclusive>
  <sporty>
   no
  </sporty>
 </clothing>
 <clothing>
  <id>
   148927211
  </id>
  <name>
   Fila T-shirt H-3707
  </name>
  <category>
   T-shirt
  </category>
  <size>
   XL
  </size>
  <color>
   Синий
  </color>
  <material>
   Нейлон
  </material>
  <price>
   875944
  </price>
  <rating>
   4.37
  </rating>
  <reviews>
   692394
  </reviews>
  <exclusive>
   yes
  </exclusive>
  <sporty>
   yes
  </sporty>
 </clothing>
 <clothing>
  <id>
   372269320
  </id>
  <name>
   Brooks Shoes T-3382
  </name>
  <category>
   Shoes
  </category>
  <size>
   XXL
  </size>
  <color>
   Зеленый
  </color>
  <material>
   Лен
  </material>
  <price>
   837794
  </price>
  <rating>
   1.91
  </rating>
  <reviews>
   511471
  </reviews>
 </clothing>
 <clothing>
  <id>
   967153392
  </id>
  <name>
   Lacoste Jeans G-8337
  </name>
  <category>
   Jeans
  </category>
  <size>
   M
  </size>
  <color>
   Зеленый
  </color>
  <material>
   Хлопок
  </material>
  <price>
   754338
  </price>
  <rating>
   1.66
  </rating>
  <reviews>
   185246
  </reviews>
  <new>
   -
  </new>
  <sporty>
   yes
  </sporty>
 </clothing>
 <clothing>
  <id>
   668177939
  </id>
  <name>
   Adidas Sweater P-6067
  </name>
  <category>
   Sweater
  </category>
  <size>
   XL
  </size>
  <color>
   Зеленый
  </color>
  <material>
   Хлопок
  </material>
  <price>
   554391
  </price>
  <rating>
   4.13
  </rating>
  <reviews>
   574405
  </reviews>
  <new>
   +
  </new>
  <exclusive>
   yes
  </exclusive>
 </clothing>
 <clothing>
  <id>
   113689410
  </id>
  <name>
   Asics Blouse K-6260
  </name>
  <category>
   Blouse
  </category>
  <size>
   M
  </size>
  <color>
   Красный
  </color>
  <material>
   Нейлон
  </material>
  <price>
   486563
  </price>
  <rating>
   3.53
  </rating>
  <reviews>
   502132
  </reviews>
  <new>
   -
  </new>
  <exclusive>
   yes
  </exclusive>
 </clothing>
 <clothing>
  <id>
   927875629
  </id>
  <name>
   Asics Sweater Z-5410
  </name>
  <category>
   Sweater
  </category>
  <size>
   L
  </size>
  <color>
   Синий
  </color>
  <material>
   Нейлон
  </material>
  <price>
   628213
  </price>
  <rating>
   3.47
  </rating>
  <reviews>
   50142
  </reviews>
  <sporty>
   yes
  </sporty>
 </clothing>
 <clothing>
  <id>
   555415476
  </id>
  <name>
   New Balance Sweater X-6778
  </name>
  <category>
   Sweater
  </category>
  <size>
   L
  </size>
  <color>
   Голубой
  </color>
  <material>
   Шерсть
  </material>
  <price>
   927881
  </price>
  <rating>
   4.78
  </rating>
  <reviews>
   77712
  </reviews>
  <new>
   -
  </new>
  <exclusive>
   no
  </exclusive>
 </clothing>
 <clothing>
  <id>
   611349904
  </id>
  <name>
   Vans Umbrellas A-8675
  </name>
  <category>
   Umbrellas
  </category>
  <size>
   XL
  </size>
  <color>
   Голубой
  </color>
  <material>
   Нейлон
  </material>
  <price>
   560920
  </price>
  <rating>
   4.99
  </rating>
  <reviews>
   586786
  </reviews>
  <new>
   -
  </new>
  <exclusive>
   no
  </exclusive>
 </clothing>
 <clothing>
  <id>
   369952331
  </id>
  <name>
   Puma Shirt L-5321
  </name>
  <category>
   Shirt
  </category>
  <size>
   S
  </size>
  <color>
   Оранжевый
  </color>
  <material>
   Хлопок
  </material>
  <price>
   202486
  </price>
  <rating>
   1.39
  </rating>
  <reviews>
   524098
  </reviews>
  <new>
   +
  </new>
  <exclusive>
   no
  </exclusive>
  <sporty>
   no
  </sporty>
 </clothing>
 <clothing>
  <id>
   536554053
  </id>
  <name>
   Fila Dress T-5644
  </name>
  <category>
   Dress
  </category>
  <size>
   L
  </size>
  <color>
   Оранжевый
  </color>
  <material>
   Хлопок
  </material>
  <price>
   180907
  </price>
  <rating>
   1.59
  </rating>
  <reviews>
   870069
  </reviews>
  <new>
   -
  </new>
  <exclusive>
   no
  </exclusive>
  <sporty>
   yes
  </sporty>
 </clothing>
 <clothing>
  <id>
   361906879
  </id>
  <name>
   New Balance Belts M-4389
  </name>
  <category>
   Belts
  </category>
  <size>
   XL
  </size>
  <color>
   Фиолетовый
  </color>
  <material>
   Хлопок
  </material>
  <price>
   945729
  </price>
  <rating>
   1.59
  </rating>
  <reviews>
   773593
  </reviews>
  <new>
   -
  </new>
 </clothing>
 <clothing>
  <id>
   539368530
  </id>
  <name>
   Brooks Shirt E-2450
  </name>
  <category>
   Shirt
  </category>
  <size>
   XL
  </size>
  <color>
   Голубой
  </color>
  <material>
   Хлопок
  </material>
  <price>
   982308
  </price>
  <rating>
   4.46
  </rating>
  <reviews>
   779278
  </reviews>
  <new>
   -
  </new>
  <exclusive>
   yes
  </exclusive>
 </clothing>
 <clothing>
  <id>
   367800432
  </id>
  <name>
   DC Umbrellas G-1562
  </name>
  <category>
   Umbrellas
  </category>
  <size>
   S
  </size>
  <color>
   Фиолетовый
  </color>
  <material>
   Нейлон
  </material>
  <price>
   275199
  </price>
  <rating>
   3.12
  </rating>
  <reviews>
   659634
  </reviews>
  <exclusive>
   no
  </exclusive>
 </clothing>
 <clothing>
  <id>
   383418801
  </id>
  <name>
   DC Shoes Z-4024
  </name>
  <category>
   Shoes
  </category>
  <size>
   XXL
  </size>
  <color>
   Синий
  </color>
  <material>
   Хлопок
  </material>
  <price>
   318548
  </price>
  <rating>
   1.27
  </rating>
  <reviews>
   316940
  </reviews>
  <new>
   +
  </new>
 </clothing>
 <clothing>
  <id>
   374442951
  </id>
  <name>
   Brooks T-shirt U-9339
  </name>
  <category>
   T-shirt
  </category>
  <size>
   XL
  </size>
  <color>
   Оранжевый
  </color>
  <material>
   Шелк
  </material>
  <price>
   339789
  </price>
  <rating>
   1.75
  </rating>
  <reviews>
   702395
  </reviews>
  <sporty>
   no
  </sporty>
 </clothing>
 <clothing>
  <id>
   626944077
  </id>
  <name>
   Adidas Gloves K-5521
  </name>
  <category>
   Gloves
  </category>
  <size>
   L
  </size>
  <color>
   Фиолетовый
  </color>
  <material>
   Нейлон
  </material>
  <price>
   548755
  </price>
  <rating>
   1.2
  </rating>
  <reviews>
   345148
  </reviews>
  <exclusive>
   no
  </exclusive>
 </clothing>
 <clothing>
  <id>
   677729065
  </id>
  <name>
   Reebok Dress I-8421
  </name>
  <category>
   Dress
  </category>
  <size>
   XXL
  </size>
  <color>
   Зеленый
  </color>
  <material>
   Полиэстер
  </material>
  <price>
   191102
  </price>
  <rating>
   3.25
  </rating>
  <reviews>
   64419
  </reviews>
  <exclusive>
   no
  </exclusive>
  <sporty>
   no
  </sporty>
 </clothing>
 <clothing>
  <id>
   446565547
  </id>
  <name>
   Brooks T-shirt B-7940
  </name>
  <category>
   T-shirt
  </category>
  <size>
   L
  </size>
  <color>
   Оранжевый
  </color>
  <material>
   Кожа
  </material>
  <price>
   808123
  </price>
  <rating>
   3.0
  </rating>
  <reviews>
   822778
  </reviews>
  <exclusive>
   no
  </exclusive>
  <sporty>
   yes
  </sporty>
 </clothing>
 <clothing>
  <id>
   488612824
  </id>
  <name>
   Brooks Shirt T-7255
  </name>
  <category>
   Shirt
  </category>
  <size>
   XXL
  </size>
  <color>
   Красный
  </color>
  <material>
   Нейлон
  </material>
  <price>
   216225
  </price>
  <rating>
   2.89
  </rating>
  <reviews>
   637480
  </reviews>
  <new>
   -
  </new>
  <exclusive>
   no
  </exclusive>
  <sporty>
   no
  </sporty>
 </clothing>
 <clothing>
  <id>
   590794437
  </id>
  <name>
   Nike Belts P-5269
  </name>
  <category>
   Belts
  </category>
  <size>
   L
  </size>
  <color>
   Синий
  </color>
  <material>
   Вискоза
  </material>
  <price>
   652964
  </price>
  <rating>
   1.1
  </rating>
  <reviews>
   750781
  </reviews>
  <new>
   -
  </new>
  <exclusive>
   yes
  </exclusive>
  <sporty>
   no
  </sporty>
 </clothing>
 <clothing>
  <id>
   917806247
  </id>
  <name>
   Puma Hat B-2701
  </name>
  <category>
   Hat
  </category>
  <size>
   XL
  </size>
  <color>
   Синий
  </color>
  <material>
   Лен
  </material>
  <price>
   880548
  </price>
  <rating>
   3.21
  </rating>
  <reviews>
   474704
  </reviews>
  <new>
   -
  </new>
 </clothing>
 <clothing>
  <id>
   682353956
  </id>
  <name>
   Adidas Pants L-6353
  </name>
  <category>
   Pants
  </category>
  <size>
   M
  </size>
  <color>
   Синий
  </color>
  <material>
   Хлопок
  </material>
  <price>
   650450
  </price>
  <rating>
   1.89
  </rating>
  <reviews>
   141825
  </reviews>
  <exclusive>
   yes
  </exclusive>
  <sporty>
   yes
  </sporty>
 </clothing>
 <clothing>
  <id>
   409040252
  </id>
  <name>
   Addidas Shirt G-1653
  </name>
  <category>
   Shirt
  </category>
  <size>
   L
  </size>
  <color>
   Красный
  </color>
  <material>
   Шелк
  </material>
  <price>
   610349
  </price>
  <rating>
   2.66
  </rating>
  <reviews>
   237406
  </reviews>
  <new>
   +
  </new>
  <exclusive>
   yes
  </exclusive>
 </clothing>
 <clothing>
  <id>
   630441656
  </id>
  <name>
   Lacoste Handbags I-1921
  </name>
  <category>
   Handbags
  </category>
  <size>
   S
  </size>
  <color>
   Желтый
  </color>
  <material>
   Лен
  </material>
  <price>
   773433
  </price>
  <rating>
   2.58
  </rating>
  <reviews>
   427418
  </reviews>
  <new>
   +
  </new>
  <exclusive>
   no
  </exclusive>
  <sporty>
   no
  </sporty>
 </clothing>
 <clothing>
  <id>
   779206548
  </id>
  <name>
   Lacoste Blouse B-1473
  </name>
  <category>
   Blouse
  </category>
  <size>
   S
  </size>
  <color>
   Желтый
  </color>
  <material>
   Полиэстер
  </material>
  <price>
   988793
  </price>
  <rating>
   1.59
  </rating>
  <reviews>
   232869
  </reviews>
  <sporty>
   yes
  </sporty>
 </clothing>
 <clothing>
  <id>
   220317145
  </id>
  <name>
   Converse Jeans Q-7578
  </name>
  <category>
   Jeans
  </category>
  <size>
   S
  </size>
  <color>
   Зеленый
  </color>
  <material>
   Шелк
  </material>
  <price>
   480791
  </price>
  <rating>
   3.91
  </rating>
  <reviews>
   556054
  </reviews>
  <new>
   -
  </new>
  <sporty>
   no
  </sporty>
 </clothing>
 <clothing>
  <id>
   821341856
  </id>
  <name>
   Ellesse Shirt M-7414
  </name>
  <category>
   Shirt
  </category>
  <size>
   L
  </size>
  <color>
   Зеленый
  </color>
  <material>
   Хлопок
  </material>
  <price>
   347169
  </price>
  <rating>
   2.49
  </rating>
  <reviews>
   551792
  </reviews>
  <new>
   -
  </new>
  <exclusive>
   yes
  </exclusive>
  <sporty>
   no
  </sporty>
 </clothing>
 <clothing>
  <id>
   738553512
  </id>
  <name>
   Reebok Blouse T-2018
  </name>
  <category>
   Blouse
  </category>
  <size>
   M
  </size>
  <color>
   Синий
  </color>
  <material>
   Хлопок
  </material>
  <price>
   751908
  </price>
  <rating>
   1.4
  </rating>
  <reviews>
   527542
  </reviews>
  <exclusive>
   yes
  </exclusive>
 </clothing>
 <clothing>
  <id>
   754808219
  </id>
  <name>
   Converse Handbags M-5466
  </name>
  <category>
   Handbags
  </category>
  <size>
   XXL
  </size>
  <color>
   Зеленый
  </color>
  <material>
   Вискоза
  </material>
  <price>
   444352
  </price>
  <rating>
   3.23
  </rating>
  <reviews>
   812580
  </reviews>
  <new>
   -
  </new>
  <exclusive>
   no
  </exclusive>
 </clothing>
 <clothing>
  <id>
   541423828
  </id>
  <name>
   Under Armour Sweater C-2956
  </name>
  <category>
   Sweater
  </category>
  <size>
   XL
  </size>
  <color>
   Красный
  </color>
  <material>
   Вискоза
  </material>
  <price>
   575760
  </price>
  <rating>
   1.11
  </rating>
  <reviews>
   730944
  </reviews>
  <exclusive>
   no
  </exclusive>
  <sporty>
   no
  </sporty>
 </clothing>
 <clothing>
  <id>
   429290791
  </id>
  <name>
   Nike Jeans Z-5732
  </name>
  <category>
   Jeans
  </category>
  <size>
   XXL
  </size>
  <color>
   Зеленый
  </color>
  <material>
   Полиэстер
  </material>
  <price>
   811601
  </price>
  <rating>
   3.61
  </rating>
  <reviews>
   885762
  </reviews>
  <new>
   -
  </new>
  <sporty>
   no
  </sporty>
 </clothing>
 <clothing>
  <id>
   711537203
  </id>
  <name>
   Fila T-shirt S-3063
  </name>
  <category>
   T-shirt
  </category>
  <size>
   XL
  </size>
  <color>
   Желтый
  </color>
  <material>
   Хлопок
  </material>
  <price>
   747277
  </price>
  <rating>
   1.97
  </rating>
  <reviews>
   861256
  </reviews>
  <new>
   -
  </new>
 </clothing>
</clothing-items>
