<?xml version="1.0" encoding="utf-8"?>
<clothing-items>
 <clothing>
  <id>
   288826547
  </id>
  <name>
   PleinSport Sweater R-6763
  </name>
  <category>
   Sweater
  </category>
  <size>
   S
  </size>
  <color>
   Голубой
  </color>
  <material>
   Шерсть
  </material>
  <price>
   293037
  </price>
  <rating>
   3.15
  </rating>
  <reviews>
   680821
  </reviews>
  <new>
   -
  </new>
  <sporty>
   no
  </sporty>
 </clothing>
 <clothing>
  <id>
   292897727
  </id>
  <name>
   Addidas Handbags Y-3497
  </name>
  <category>
   Handbags
  </category>
  <size>
   M
  </size>
  <color>
   Фиолетовый
  </color>
  <material>
   Хлопок
  </material>
  <price>
   558864
  </price>
  <rating>
   4.66
  </rating>
  <reviews>
   232038
  </reviews>
  <new>
   -
  </new>
  <exclusive>
   yes
  </exclusive>
 </clothing>
 <clothing>
  <id>
   480710646
  </id>
  <name>
   Lacoste Blouse U-6576
  </name>
  <category>
   Blouse
  </category>
  <size>
   L
  </size>
  <color>
   Желтый
  </color>
  <material>
   Вискоза
  </material>
  <price>
   177170
  </price>
  <rating>
   2.9
  </rating>
  <reviews>
   729377
  </reviews>
  <new>
   -
  </new>
 </clothing>
 <clothing>
  <id>
   902063283
  </id>
  <name>
   Lacoste Belts C-7773
  </name>
  <category>
   Belts
  </category>
  <size>
   S
  </size>
  <color>
   Синий
  </color>
  <material>
   Полиэстер
  </material>
  <price>
   416131
  </price>
  <rating>
   1.1
  </rating>
  <reviews>
   329401
  </reviews>
  <sporty>
   no
  </sporty>
 </clothing>
 <clothing>
  <id>
   669614526
  </id>
  <name>
   New Balance Handbags Y-4316
  </name>
  <category>
   Handbags
  </category>
  <size>
   XXL
  </size>
  <color>
   Фиолетовый
  </color>
  <material>
   Лен
  </material>
  <price>
   305395
  </price>
  <rating>
   3.9
  </rating>
  <reviews>
   428972
  </reviews>
  <sporty>
   no
  </sporty>
 </clothing>
 <clothing>
  <id>
   484683452
  </id>
  <name>
   Fila T-shirt A-8974
  </name>
  <category>
   T-shirt
  </category>
  <size>
   XL
  </size>
  <color>
   Синий
  </color>
  <material>
   Хлопок
  </material>
  <price>
   341078
  </price>
  <rating>
   4.88
  </rating>
  <reviews>
   352787
  </reviews>
  <exclusive>
   yes
  </exclusive>
 </clothing>
 <clothing>
  <id>
   828790444
  </id>
  <name>
   Vans Hat C-6809
  </name>
  <category>
   Hat
  </category>
  <size>
   XXL
  </size>
  <color>
   Желтый
  </color>
  <material>
   Хлопок
  </material>
  <price>
   198374
  </price>
  <rating>
   2.49
  </rating>
  <reviews>
   753455
  </reviews>
  <new>
   +
  </new>
  <sporty>
   no
  </sporty>
 </clothing>
 <clothing>
  <id>
   301347552
  </id>
  <name>
   Fila Jeans W-4559
  </name>
  <category>
   Jeans
  </category>
  <size>
   L
  </size>
  <color>
   Голубой
  </color>
  <material>
   Хлопок
  </material>
  <price>
   784339
  </price>
  <rating>
   3.01
  </rating>
  <reviews>
   652230
  </reviews>
  <new>
   +
  </new>
 </clothing>
 <clothing>
  <id>
   353815231
  </id>
  <name>
   Under Armour Umbrellas J-2218
  </name>
  <category>
   Umbrellas
  </category>
  <size>
   XXL
  </size>
  <color>
   Синий
  </color>
  <material>
   Шерсть
  </material>
  <price>
   862938
  </price>
  <rating>
   1.11
  </rating>
  <reviews>
   145225
  </reviews>
  <exclusive>
   yes
  </exclusive>
  <sporty>
   no
  </sporty>
 </clothing>
 <clothing>
  <id>
   975998486
  </id>
  <name>
   Under Armour Pants O-1747
  </name>
  <category>
   Pants
  </category>
  <size>
   S
  </size>
  <color>
   Желтый
  </color>
  <material>
   Хлопок
  </material>
  <price>
   600887
  </price>
  <rating>
   3.13
  </rating>
  <reviews>
   968820
  </reviews>
  <new>
   +
  </new>
  <exclusive>
   no
  </exclusive>
 </clothing>
 <clothing>
  <id>
   774011545
  </id>
  <name>
   DC Belts R-9946
  </name>
  <category>
   Belts
  </category>
  <size>
   M
  </size>
  <color>
   Красный
  </color>
  <material>
   Хлопок
  </material>
  <price>
   313107
  </price>
  <rating>
   1.04
  </rating>
  <reviews>
   537177
  </reviews>
  <new>
   -
  </new>
  <sporty>
   yes
  </sporty>
 </clothing>
 <clothing>
  <id>
   654872262
  </id>
  <name>
   Nike Dress L-9905
  </name>
  <category>
   Dress
  </category>
  <size>
   M
  </size>
  <color>
   Фиолетовый
  </color>
  <material>
   Кожа
  </material>
  <price>
   696518
  </price>
  <rating>
   3.55
  </rating>
  <reviews>
   157670
  </reviews>
  <new>
   +
  </new>
  <exclusive>
   no
  </exclusive>
 </clothing>
 <clothing>
  <id>
   672636200
  </id>
  <name>
   Fila Shirt J-7834
  </name>
  <category>
   Shirt
  </category>
  <size>
   L
  </size>
  <color>
   Желтый
  </color>
  <material>
   Нейлон
  </material>
  <price>
   393772
  </price>
  <rating>
   1.96
  </rating>
  <reviews>
   88161
  </reviews>
  <new>
   -
  </new>
  <exclusive>
   yes
  </exclusive>
  <sporty>
   yes
  </sporty>
 </clothing>
 <clothing>
  <id>
   687863747
  </id>
  <name>
   Ellesse Umbrellas P-2202
  </name>
  <category>
   Umbrellas
  </category>
  <size>
   S
  </size>
  <color>
   Желтый
  </color>
  <material>
   Шерсть
  </material>
  <price>
   388356
  </price>
  <rating>
   4.77
  </rating>
  <reviews>
   107547
  </reviews>
  <new>
   -
  </new>
  <sporty>
   no
  </sporty>
 </clothing>
 <clothing>
  <id>
   829755769
  </id>
  <name>
   New Balance Dress E-7471
  </name>
  <category>
   Dress
  </category>
  <size>
   XXL
  </size>
  <color>
   Синий
  </color>
  <material>
   Нейлон
  </material>
  <price>
   699156
  </price>
  <rating>
   1.67
  </rating>
  <reviews>
   90137
  </reviews>
  <new>
   -
  </new>
  <sporty>
   no
  </sporty>
 </clothing>
 <clothing>
  <id>
   471849544
  </id>
  <name>
   New Balance Jeans E-2011
  </name>
  <category>
   Jeans
  </category>
  <size>
   XXL
  </size>
  <color>
   Оранжевый
  </color>
  <material>
   Полиэстер
  </material>
  <price>
   709424
  </price>
  <rating>
   2.94
  </rating>
  <reviews>
   820724
  </reviews>
  <new>
   -
  </new>
  <exclusive>
   no
  </exclusive>
  <sporty>
   no
  </sporty>
 </clothing>
 <clothing>
  <id>
   513703194
  </id>
  <name>
   Brooks Blouse U-2083
  </name>
  <category>
   Blouse
  </category>
  <size>
   M
  </size>
  <color>
   Красный
  </color>
  <material>
   Вискоза
  </material>
  <price>
   565561
  </price>
  <rating>
   3.22
  </rating>
  <reviews>
   311334
  </reviews>
  <new>
   -
  </new>
  <exclusive>
   yes
  </exclusive>
  <sporty>
   yes
  </sporty>
 </clothing>
 <clothing>
  <id>
   732020070
  </id>
  <name>
   DC Gloves N-6798
  </name>
  <category>
   Gloves
  </category>
  <size>
   XXL
  </size>
  <color>
   Голубой
  </color>
  <material>
   Полиэстер
  </material>
  <price>
   434316
  </price>
  <rating>
   4.79
  </rating>
  <reviews>
   253285
  </reviews>
  <new>
   +
  </new>
 </clothing>
 <clothing>
  <id>
   682573533
  </id>
  <name>
   Adidas Shirt E-4272
  </name>
  <category>
   Shirt
  </category>
  <size>
   XXL
  </size>
  <color>
   Голубой
  </color>
  <material>
   Кожа
  </material>
  <price>
   776171
  </price>
  <rating>
   1.87
  </rating>
  <reviews>
   18399
  </reviews>
  <sporty>
   yes
  </sporty>
 </clothing>
 <clothing>
  <id>
   689392808
  </id>
  <name>
   DC T-shirt M-9120
  </name>
  <category>
   T-shirt
  </category>
  <size>
   L
  </size>
  <color>
   Зеленый
  </color>
  <material>
   Шелк
  </material>
  <price>
   596406
  </price>
  <rating>
   3.72
  </rating>
  <reviews>
   830073
  </reviews>
  <sporty>
   no
  </sporty>
 </clothing>
 <clothing>
  <id>
   788252922
  </id>
  <name>
   Lacoste Blouse U-3458
  </name>
  <category>
   Blouse
  </category>
  <size>
   L
  </size>
  <color>
   Синий
  </color>
  <material>
   Кожа
  </material>
  <price>
   741965
  </price>
  <rating>
   1.99
  </rating>
  <reviews>
   569555
  </reviews>
  <exclusive>
   no
  </exclusive>
  <sporty>
   yes
  </sporty>
 </clothing>
</clothing-items>
