<?xml version="1.0" encoding="utf-8"?>
<clothing-items>
 <clothing>
  <id>
   870735254
  </id>
  <name>
   Fila Skirt I-7343
  </name>
  <category>
   Skirt
  </category>
  <size>
   M
  </size>
  <color>
   Голубой
  </color>
  <material>
   Кожа
  </material>
  <price>
   596466
  </price>
  <rating>
   1.26
  </rating>
  <reviews>
   346859
  </reviews>
  <sporty>
   yes
  </sporty>
 </clothing>
 <clothing>
  <id>
   586829861
  </id>
  <name>
   New Balance Dress E-7659
  </name>
  <category>
   Dress
  </category>
  <size>
   XXL
  </size>
  <color>
   Красный
  </color>
  <material>
   Нейлон
  </material>
  <price>
   612773
  </price>
  <rating>
   1.95
  </rating>
  <reviews>
   541858
  </reviews>
  <exclusive>
   yes
  </exclusive>
  <sporty>
   yes
  </sporty>
 </clothing>
 <clothing>
  <id>
   837839022
  </id>
  <name>
   Adidas Jeans T-4714
  </name>
  <category>
   Jeans
  </category>
  <size>
   M
  </size>
  <color>
   Голубой
  </color>
  <material>
   Лен
  </material>
  <price>
   422227
  </price>
  <rating>
   3.43
  </rating>
  <reviews>
   846124
  </reviews>
  <new>
   +
  </new>
  <sporty>
   no
  </sporty>
 </clothing>
 <clothing>
  <id>
   491796437
  </id>
  <name>
   Reebok Skirt L-2698
  </name>
  <category>
   Skirt
  </category>
  <size>
   M
  </size>
  <color>
   Синий
  </color>
  <material>
   Полиэстер
  </material>
  <price>
   785841
  </price>
  <rating>
   4.14
  </rating>
  <reviews>
   666842
  </reviews>
  <new>
   -
  </new>
 </clothing>
 <clothing>
  <id>
   699583390
  </id>
  <name>
   Puma T-shirt A-1540
  </name>
  <category>
   T-shirt
  </category>
  <size>
   XXL
  </size>
  <color>
   Красный
  </color>
  <material>
   Вискоза
  </material>
  <price>
   280755
  </price>
  <rating>
   1.24
  </rating>
  <reviews>
   885727
  </reviews>
  <new>
   +
  </new>
  <sporty>
   no
  </sporty>
 </clothing>
 <clothing>
  <id>
   571950048
  </id>
  <name>
   Puma Sweater P-3026
  </name>
  <category>
   Sweater
  </category>
  <size>
   XXL
  </size>
  <color>
   Фиолетовый
  </color>
  <material>
   Кожа
  </material>
  <price>
   707190
  </price>
  <rating>
   4.96
  </rating>
  <reviews>
   795837
  </reviews>
  <exclusive>
   yes
  </exclusive>
 </clothing>
 <clothing>
  <id>
   902627205
  </id>
  <name>
   Puma Jacket G-5017
  </name>
  <category>
   Jacket
  </category>
  <size>
   XL
  </size>
  <color>
   Голубой
  </color>
  <material>
   Шелк
  </material>
  <price>
   373902
  </price>
  <rating>
   2.97
  </rating>
  <reviews>
   8140
  </reviews>
  <exclusive>
   no
  </exclusive>
  <sporty>
   no
  </sporty>
 </clothing>
 <clothing>
  <id>
   523207995
  </id>
  <name>
   Asics T-shirt Y-5259
  </name>
  <category>
   T-shirt
  </category>
  <size>
   XXL
  </size>
  <color>
   Желтый
  </color>
  <material>
   Шерсть
  </material>
  <price>
   311240
  </price>
  <rating>
   1.65
  </rating>
  <reviews>
   21749
  </reviews>
  <sporty>
   no
  </sporty>
 </clothing>
 <clothing>
  <id>
   454721920
  </id>
  <name>
   PleinSport Umbrellas G-8111
  </name>
  <category>
   Umbrellas
  </category>
  <size>
   L
  </size>
  <color>
   Желтый
  </color>
  <material>
   Кожа
  </material>
  <price>
   602975
  </price>
  <rating>
   4.54
  </rating>
  <reviews>
   577868
  </reviews>
  <new>
   -
  </new>
 </clothing>
 <clothing>
  <id>
   817513789
  </id>
  <name>
   Puma Dress C-4247
  </name>
  <category>
   Dress
  </category>
  <size>
   M
  </size>
  <color>
   Синий
  </color>
  <material>
   Полиэстер
  </material>
  <price>
   496899
  </price>
  <rating>
   2.07
  </rating>
  <reviews>
   537883
  </reviews>
  <new>
   +
  </new>
 </clothing>
 <clothing>
  <id>
   203880308
  </id>
  <name>
   Reebok Skirt O-7414
  </name>
  <category>
   Skirt
  </category>
  <size>
   M
  </size>
  <color>
   Фиолетовый
  </color>
  <material>
   Шерсть
  </material>
  <price>
   401773
  </price>
  <rating>
   3.13
  </rating>
  <reviews>
   464868
  </reviews>
  <new>
   -
  </new>
  <exclusive>
   no
  </exclusive>
 </clothing>
 <clothing>
  <id>
   688865081
  </id>
  <name>
   Brooks Jeans F-6072
  </name>
  <category>
   Jeans
  </category>
  <size>
   M
  </size>
  <color>
   Фиолетовый
  </color>
  <material>
   Кожа
  </material>
  <price>
   908944
  </price>
  <rating>
   3.22
  </rating>
  <reviews>
   229733
  </reviews>
  <new>
   +
  </new>
  <sporty>
   yes
  </sporty>
 </clothing>
 <clothing>
  <id>
   425832283
  </id>
  <name>
   Asics Pants G-5011
  </name>
  <category>
   Pants
  </category>
  <size>
   L
  </size>
  <color>
   Голубой
  </color>
  <material>
   Шелк
  </material>
  <price>
   529408
  </price>
  <rating>
   4.13
  </rating>
  <reviews>
   714496
  </reviews>
  <new>
   -
  </new>
  <sporty>
   no
  </sporty>
 </clothing>
 <clothing>
  <id>
   624376450
  </id>
  <name>
   New Balance Shirt B-2415
  </name>
  <category>
   Shirt
  </category>
  <size>
   M
  </size>
  <color>
   Голубой
  </color>
  <material>
   Вискоза
  </material>
  <price>
   617881
  </price>
  <rating>
   2.75
  </rating>
  <reviews>
   247096
  </reviews>
  <exclusive>
   yes
  </exclusive>
  <sporty>
   no
  </sporty>
 </clothing>
 <clothing>
  <id>
   789057573
  </id>
  <name>
   Brooks Shirt Z-5470
  </name>
  <category>
   Shirt
  </category>
  <size>
   S
  </size>
  <color>
   Зеленый
  </color>
  <material>
   Вискоза
  </material>
  <price>
   579189
  </price>
  <rating>
   3.51
  </rating>
  <reviews>
   978438
  </reviews>
  <exclusive>
   no
  </exclusive>
 </clothing>
 <clothing>
  <id>
   697010309
  </id>
  <name>
   Fila Blouse T-8226
  </name>
  <category>
   Blouse
  </category>
  <size>
   XXL
  </size>
  <color>
   Красный
  </color>
  <material>
   Шелк
  </material>
  <price>
   325934
  </price>
  <rating>
   2.66
  </rating>
  <reviews>
   113567
  </reviews>
  <sporty>
   yes
  </sporty>
 </clothing>
 <clothing>
  <id>
   996064647
  </id>
  <name>
   Brooks Belts D-7782
  </name>
  <category>
   Belts
  </category>
  <size>
   XXL
  </size>
  <color>
   Желтый
  </color>
  <material>
   Нейлон
  </material>
  <price>
   850976
  </price>
  <rating>
   2.59
  </rating>
  <reviews>
   691706
  </reviews>
  <exclusive>
   yes
  </exclusive>
  <sporty>
   yes
  </sporty>
 </clothing>
</clothing-items>
