<?xml version="1.0" encoding="utf-8"?>
<clothing-items>
 <clothing>
  <id>
   810458005
  </id>
  <name>
   Converse Sweater X-9663
  </name>
  <category>
   Sweater
  </category>
  <size>
   XL
  </size>
  <color>
   Оранжевый
  </color>
  <material>
   Шелк
  </material>
  <price>
   694950
  </price>
  <rating>
   1.71
  </rating>
  <reviews>
   736959
  </reviews>
  <new>
   -
  </new>
  <sporty>
   no
  </sporty>
 </clothing>
 <clothing>
  <id>
   702562037
  </id>
  <name>
   Vans Hat Y-6750
  </name>
  <category>
   Hat
  </category>
  <size>
   XXL
  </size>
  <color>
   Голубой
  </color>
  <material>
   Хлопок
  </material>
  <price>
   468608
  </price>
  <rating>
   4.45
  </rating>
  <reviews>
   869682
  </reviews>
  <new>
   -
  </new>
  <sporty>
   no
  </sporty>
 </clothing>
 <clothing>
  <id>
   360241737
  </id>
  <name>
   Addidas Shirt B-3749
  </name>
  <category>
   Shirt
  </category>
  <size>
   XXL
  </size>
  <color>
   Оранжевый
  </color>
  <material>
   Шелк
  </material>
  <price>
   379032
  </price>
  <rating>
   1.72
  </rating>
  <reviews>
   737157
  </reviews>
  <exclusive>
   no
  </exclusive>
 </clothing>
 <clothing>
  <id>
   120462252
  </id>
  <name>
   Converse Skirt I-9492
  </name>
  <category>
   Skirt
  </category>
  <size>
   XL
  </size>
  <color>
   Желтый
  </color>
  <material>
   Хлопок
  </material>
  <price>
   532144
  </price>
  <rating>
   3.16
  </rating>
  <reviews>
   606157
  </reviews>
  <exclusive>
   no
  </exclusive>
 </clothing>
 <clothing>
  <id>
   671123211
  </id>
  <name>
   PleinSport Handbags Z-4310
  </name>
  <category>
   Handbags
  </category>
  <size>
   L
  </size>
  <color>
   Желтый
  </color>
  <material>
   Нейлон
  </material>
  <price>
   787543
  </price>
  <rating>
   4.14
  </rating>
  <reviews>
   726980
  </reviews>
  <exclusive>
   no
  </exclusive>
  <sporty>
   no
  </sporty>
 </clothing>
 <clothing>
  <id>
   132923934
  </id>
  <name>
   Addidas Sweater X-5283
  </name>
  <category>
   Sweater
  </category>
  <size>
   M
  </size>
  <color>
   Синий
  </color>
  <material>
   Шерсть
  </material>
  <price>
   544349
  </price>
  <rating>
   2.86
  </rating>
  <reviews>
   545517
  </reviews>
  <new>
   -
  </new>
  <sporty>
   no
  </sporty>
 </clothing>
 <clothing>
  <id>
   548585549
  </id>
  <name>
   Adidas Pants C-6031
  </name>
  <category>
   Pants
  </category>
  <size>
   XXL
  </size>
  <color>
   Желтый
  </color>
  <material>
   Полиэстер
  </material>
  <price>
   553133
  </price>
  <rating>
   3.85
  </rating>
  <reviews>
   536363
  </reviews>
  <exclusive>
   no
  </exclusive>
  <sporty>
   no
  </sporty>
 </clothing>
 <clothing>
  <id>
   717328185
  </id>
  <name>
   Puma Blouse N-2058
  </name>
  <category>
   Blouse
  </category>
  <size>
   L
  </size>
  <color>
   Желтый
  </color>
  <material>
   Кожа
  </material>
  <price>
   452255
  </price>
  <rating>
   4.13
  </rating>
  <reviews>
   165396
  </reviews>
  <exclusive>
   yes
  </exclusive>
  <sporty>
   yes
  </sporty>
 </clothing>
 <clothing>
  <id>
   107613919
  </id>
  <name>
   DC Blouse F-9230
  </name>
  <category>
   Blouse
  </category>
  <size>
   XL
  </size>
  <color>
   Оранжевый
  </color>
  <material>
   Полиэстер
  </material>
  <price>
   351832
  </price>
  <rating>
   4.25
  </rating>
  <reviews>
   172028
  </reviews>
  <new>
   -
  </new>
  <exclusive>
   no
  </exclusive>
  <sporty>
   no
  </sporty>
 </clothing>
 <clothing>
  <id>
   688177953
  </id>
  <name>
   Adidas Gloves K-1493
  </name>
  <category>
   Gloves
  </category>
  <size>
   XL
  </size>
  <color>
   Желтый
  </color>
  <material>
   Нейлон
  </material>
  <price>
   677984
  </price>
  <rating>
   4.45
  </rating>
  <reviews>
   953954
  </reviews>
  <new>
   +
  </new>
  <sporty>
   no
  </sporty>
 </clothing>
 <clothing>
  <id>
   369099227
  </id>
  <name>
   Lacoste Skirt H-4312
  </name>
  <category>
   Skirt
  </category>
  <size>
   XL
  </size>
  <color>
   Желтый
  </color>
  <material>
   Кожа
  </material>
  <price>
   277488
  </price>
  <rating>
   1.45
  </rating>
  <reviews>
   720080
  </reviews>
  <exclusive>
   no
  </exclusive>
 </clothing>
 <clothing>
  <id>
   706061103
  </id>
  <name>
   Puma Shirt W-5612
  </name>
  <category>
   Shirt
  </category>
  <size>
   XL
  </size>
  <color>
   Желтый
  </color>
  <material>
   Шелк
  </material>
  <price>
   801946
  </price>
  <rating>
   1.95
  </rating>
  <reviews>
   707247
  </reviews>
  <sporty>
   yes
  </sporty>
 </clothing>
 <clothing>
  <id>
   985744767
  </id>
  <name>
   Asics Belts E-6608
  </name>
  <category>
   Belts
  </category>
  <size>
   S
  </size>
  <color>
   Оранжевый
  </color>
  <material>
   Хлопок
  </material>
  <price>
   429833
  </price>
  <rating>
   2.15
  </rating>
  <reviews>
   671794
  </reviews>
 </clothing>
 <clothing>
  <id>
   790424811
  </id>
  <name>
   Asics Jacket A-1584
  </name>
  <category>
   Jacket
  </category>
  <size>
   L
  </size>
  <color>
   Оранжевый
  </color>
  <material>
   Шерсть
  </material>
  <price>
   608268
  </price>
  <rating>
   2.66
  </rating>
  <reviews>
   292976
  </reviews>
 </clothing>
 <clothing>
  <id>
   127453370
  </id>
  <name>
   Fila Blouse B-1676
  </name>
  <category>
   Blouse
  </category>
  <size>
   M
  </size>
  <color>
   Синий
  </color>
  <material>
   Хлопок
  </material>
  <price>
   939435
  </price>
  <rating>
   4.17
  </rating>
  <reviews>
   691029
  </reviews>
  <exclusive>
   no
  </exclusive>
  <sporty>
   no
  </sporty>
 </clothing>
 <clothing>
  <id>
   989157552
  </id>
  <name>
   Fila Pants N-7933
  </name>
  <category>
   Pants
  </category>
  <size>
   XXL
  </size>
  <color>
   Зеленый
  </color>
  <material>
   Лен
  </material>
  <price>
   104383
  </price>
  <rating>
   4.46
  </rating>
  <reviews>
   311149
  </reviews>
  <new>
   -
  </new>
  <exclusive>
   no
  </exclusive>
  <sporty>
   no
  </sporty>
 </clothing>
 <clothing>
  <id>
   362105468
  </id>
  <name>
   Lacoste Dress Q-4010
  </name>
  <category>
   Dress
  </category>
  <size>
   XXL
  </size>
  <color>
   Фиолетовый
  </color>
  <material>
   Шерсть
  </material>
  <price>
   665204
  </price>
  <rating>
   4.36
  </rating>
  <reviews>
   468409
  </reviews>
  <exclusive>
   yes
  </exclusive>
 </clothing>
 <clothing>
  <id>
   191569742
  </id>
  <name>
   Fila Jeans L-9325
  </name>
  <category>
   Jeans
  </category>
  <size>
   XXL
  </size>
  <color>
   Желтый
  </color>
  <material>
   Хлопок
  </material>
  <price>
   161395
  </price>
  <rating>
   2.98
  </rating>
  <reviews>
   192673
  </reviews>
  <exclusive>
   no
  </exclusive>
  <sporty>
   no
  </sporty>
 </clothing>
 <clothing>
  <id>
   230719358
  </id>
  <name>
   Converse Gloves E-5890
  </name>
  <category>
   Gloves
  </category>
  <size>
   XL
  </size>
  <color>
   Оранжевый
  </color>
  <material>
   Кожа
  </material>
  <price>
   536445
  </price>
  <rating>
   3.99
  </rating>
  <reviews>
   83425
  </reviews>
  <exclusive>
   yes
  </exclusive>
  <sporty>
   no
  </sporty>
 </clothing>
 <clothing>
  <id>
   283174846
  </id>
  <name>
   PleinSport Jacket I-7164
  </name>
  <category>
   Jacket
  </category>
  <size>
   XXL
  </size>
  <color>
   Оранжевый
  </color>
  <material>
   Вискоза
  </material>
  <price>
   499060
  </price>
  <rating>
   3.83
  </rating>
  <reviews>
   673684
  </reviews>
  <exclusive>
   yes
  </exclusive>
 </clothing>
 <clothing>
  <id>
   520593351
  </id>
  <name>
   Under Armour Pants N-3734
  </name>
  <category>
   Pants
  </category>
  <size>
   XXL
  </size>
  <color>
   Красный
  </color>
  <material>
   Хлопок
  </material>
  <price>
   524141
  </price>
  <rating>
   2.68
  </rating>
  <reviews>
   111778
  </reviews>
 </clothing>
 <clothing>
  <id>
   489101124
  </id>
  <name>
   Asics Dress O-1976
  </name>
  <category>
   Dress
  </category>
  <size>
   M
  </size>
  <color>
   Оранжевый
  </color>
  <material>
   Полиэстер
  </material>
  <price>
   763832
  </price>
  <rating>
   3.81
  </rating>
  <reviews>
   228116
  </reviews>
  <new>
   +
  </new>
  <sporty>
   no
  </sporty>
 </clothing>
 <clothing>
  <id>
   332323862
  </id>
  <name>
   Brooks Blouse I-6401
  </name>
  <category>
   Blouse
  </category>
  <size>
   L
  </size>
  <color>
   Голубой
  </color>
  <material>
   Нейлон
  </material>
  <price>
   898005
  </price>
  <rating>
   3.57
  </rating>
  <reviews>
   771193
  </reviews>
  <exclusive>
   yes
  </exclusive>
  <sporty>
   yes
  </sporty>
 </clothing>
 <clothing>
  <id>
   615027938
  </id>
  <name>
   Lacoste Gloves P-8813
  </name>
  <category>
   Gloves
  </category>
  <size>
   L
  </size>
  <color>
   Красный
  </color>
  <material>
   Шерсть
  </material>
  <price>
   975101
  </price>
  <rating>
   1.82
  </rating>
  <reviews>
   399925
  </reviews>
  <new>
   +
  </new>
 </clothing>
 <clothing>
  <id>
   174728380
  </id>
  <name>
   Adidas Shirt P-8272
  </name>
  <category>
   Shirt
  </category>
  <size>
   L
  </size>
  <color>
   Оранжевый
  </color>
  <material>
   Шерсть
  </material>
  <price>
   447786
  </price>
  <rating>
   3.74
  </rating>
  <reviews>
   691598
  </reviews>
  <new>
   -
  </new>
  <exclusive>
   yes
  </exclusive>
  <sporty>
   yes
  </sporty>
 </clothing>
 <clothing>
  <id>
   586194305
  </id>
  <name>
   Nike Jacket S-4755
  </name>
  <category>
   Jacket
  </category>
  <size>
   L
  </size>
  <color>
   Зеленый
  </color>
  <material>
   Кожа
  </material>
  <price>
   622095
  </price>
  <rating>
   2.19
  </rating>
  <reviews>
   807184
  </reviews>
  <new>
   -
  </new>
  <exclusive>
   no
  </exclusive>
  <sporty>
   yes
  </sporty>
 </clothing>
 <clothing>
  <id>
   957182100
  </id>
  <name>
   Under Armour Shirt C-5934
  </name>
  <category>
   Shirt
  </category>
  <size>
   M
  </size>
  <color>
   Голубой
  </color>
  <material>
   Полиэстер
  </material>
  <price>
   829294
  </price>
  <rating>
   3.56
  </rating>
  <reviews>
   88551
  </reviews>
  <new>
   -
  </new>
  <exclusive>
   no
  </exclusive>
  <sporty>
   no
  </sporty>
 </clothing>
 <clothing>
  <id>
   510803495
  </id>
  <name>
   Lacoste Jacket I-8670
  </name>
  <category>
   Jacket
  </category>
  <size>
   XL
  </size>
  <color>
   Фиолетовый
  </color>
  <material>
   Полиэстер
  </material>
  <price>
   571363
  </price>
  <rating>
   1.42
  </rating>
  <reviews>
   120831
  </reviews>
  <new>
   -
  </new>
  <sporty>
   no
  </sporty>
 </clothing>
 <clothing>
  <id>
   455717989
  </id>
  <name>
   Fila Belts K-5190
  </name>
  <category>
   Belts
  </category>
  <size>
   L
  </size>
  <color>
   Оранжевый
  </color>
  <material>
   Нейлон
  </material>
  <price>
   718463
  </price>
  <rating>
   4.75
  </rating>
  <reviews>
   693781
  </reviews>
  <sporty>
   no
  </sporty>
 </clothing>
 <clothing>
  <id>
   172706899
  </id>
  <name>
   Brooks Gloves M-1153
  </name>
  <category>
   Gloves
  </category>
  <size>
   S
  </size>
  <color>
   Желтый
  </color>
  <material>
   Хлопок
  </material>
  <price>
   776002
  </price>
  <rating>
   1.23
  </rating>
  <reviews>
   117427
  </reviews>
  <new>
   -
  </new>
  <exclusive>
   no
  </exclusive>
  <sporty>
   no
  </sporty>
 </clothing>
 <clothing>
  <id>
   795949072
  </id>
  <name>
   Addidas Dress M-3269
  </name>
  <category>
   Dress
  </category>
  <size>
   S
  </size>
  <color>
   Голубой
  </color>
  <material>
   Хлопок
  </material>
  <price>
   349893
  </price>
  <rating>
   2.43
  </rating>
  <reviews>
   480706
  </reviews>
  <new>
   -
  </new>
 </clothing>
 <clothing>
  <id>
   851247373
  </id>
  <name>
   Brooks Dress Q-1268
  </name>
  <category>
   Dress
  </category>
  <size>
   L
  </size>
  <color>
   Красный
  </color>
  <material>
   Шерсть
  </material>
  <price>
   502679
  </price>
  <rating>
   1.96
  </rating>
  <reviews>
   573665
  </reviews>
  <exclusive>
   yes
  </exclusive>
  <sporty>
   yes
  </sporty>
 </clothing>
 <clothing>
  <id>
   213816502
  </id>
  <name>
   Addidas Jeans M-6173
  </name>
  <category>
   Jeans
  </category>
  <size>
   XL
  </size>
  <color>
   Голубой
  </color>
  <material>
   Шерсть
  </material>
  <price>
   193687
  </price>
  <rating>
   2.1
  </rating>
  <reviews>
   859030
  </reviews>
  <new>
   +
  </new>
  <exclusive>
   no
  </exclusive>
  <sporty>
   no
  </sporty>
 </clothing>
 <clothing>
  <id>
   243659445
  </id>
  <name>
   Addidas Dress S-9745
  </name>
  <category>
   Dress
  </category>
  <size>
   XL
  </size>
  <color>
   Оранжевый
  </color>
  <material>
   Нейлон
  </material>
  <price>
   489269
  </price>
  <rating>
   4.1
  </rating>
  <reviews>
   351101
  </reviews>
  <new>
   -
  </new>
  <exclusive>
   no
  </exclusive>
  <sporty>
   no
  </sporty>
 </clothing>
 <clothing>
  <id>
   766767690
  </id>
  <name>
   Puma Belts K-2787
  </name>
  <category>
   Belts
  </category>
  <size>
   L
  </size>
  <color>
   Зеленый
  </color>
  <material>
   Лен
  </material>
  <price>
   897535
  </price>
  <rating>
   4.54
  </rating>
  <reviews>
   946187
  </reviews>
  <new>
   +
  </new>
 </clothing>
 <clothing>
  <id>
   215204515
  </id>
  <name>
   Puma Socks H-6517
  </name>
  <category>
   Socks
  </category>
  <size>
   XXL
  </size>
  <color>
   Оранжевый
  </color>
  <material>
   Нейлон
  </material>
  <price>
   514531
  </price>
  <rating>
   2.18
  </rating>
  <reviews>
   640156
  </reviews>
  <exclusive>
   no
  </exclusive>
  <sporty>
   no
  </sporty>
 </clothing>
 <clothing>
  <id>
   162421081
  </id>
  <name>
   DC Pants Q-3113
  </name>
  <category>
   Pants
  </category>
  <size>
   XL
  </size>
  <color>
   Оранжевый
  </color>
  <material>
   Хлопок
  </material>
  <price>
   710921
  </price>
  <rating>
   3.94
  </rating>
  <reviews>
   991222
  </reviews>
  <new>
   -
  </new>
 </clothing>
 <clothing>
  <id>
   690753702
  </id>
  <name>
   Asics Hat U-1203
  </name>
  <category>
   Hat
  </category>
  <size>
   L
  </size>
  <color>
   Оранжевый
  </color>
  <material>
   Нейлон
  </material>
  <price>
   271445
  </price>
  <rating>
   3.33
  </rating>
  <reviews>
   979998
  </reviews>
  <sporty>
   yes
  </sporty>
 </clothing>
 <clothing>
  <id>
   262023841
  </id>
  <name>
   Ellesse Dress O-2625
  </name>
  <category>
   Dress
  </category>
  <size>
   M
  </size>
  <color>
   Оранжевый
  </color>
  <material>
   Нейлон
  </material>
  <price>
   293451
  </price>
  <rating>
   2.89
  </rating>
  <reviews>
   381277
  </reviews>
  <new>
   +
  </new>
  <sporty>
   no
  </sporty>
 </clothing>
 <clothing>
  <id>
   905576921
  </id>
  <name>
   Under Armour Shirt J-3502
  </name>
  <category>
   Shirt
  </category>
  <size>
   L
  </size>
  <color>
   Зеленый
  </color>
  <material>
   Шелк
  </material>
  <price>
   334786
  </price>
  <rating>
   4.33
  </rating>
  <reviews>
   798292
  </reviews>
  <exclusive>
   yes
  </exclusive>
  <sporty>
   no
  </sporty>
 </clothing>
 <clothing>
  <id>
   664614659
  </id>
  <name>
   Converse Handbags P-5535
  </name>
  <category>
   Handbags
  </category>
  <size>
   XL
  </size>
  <color>
   Желтый
  </color>
  <material>
   Нейлон
  </material>
  <price>
   817730
  </price>
  <rating>
   2.04
  </rating>
  <reviews>
   608773
  </reviews>
  <new>
   -
  </new>
 </clothing>
 <clothing>
  <id>
   749731841
  </id>
  <name>
   Under Armour Socks D-8688
  </name>
  <category>
   Socks
  </category>
  <size>
   L
  </size>
  <color>
   Зеленый
  </color>
  <material>
   Шерсть
  </material>
  <price>
   381832
  </price>
  <rating>
   4.26
  </rating>
  <reviews>
   694510
  </reviews>
  <new>
   +
  </new>
 </clothing>
</clothing-items>
