<?xml version="1.0" encoding="utf-8"?>
<clothing-items>
 <clothing>
  <id>
   461404787
  </id>
  <name>
   Adidas Skirt T-1858
  </name>
  <category>
   Skirt
  </category>
  <size>
   S
  </size>
  <color>
   Синий
  </color>
  <material>
   Нейлон
  </material>
  <price>
   481857
  </price>
  <rating>
   1.02
  </rating>
  <reviews>
   130774
  </reviews>
 </clothing>
 <clothing>
  <id>
   643487712
  </id>
  <name>
   Ellesse Shirt J-5778
  </name>
  <category>
   Shirt
  </category>
  <size>
   S
  </size>
  <color>
   Фиолетовый
  </color>
  <material>
   Хлопок
  </material>
  <price>
   851174
  </price>
  <rating>
   1.72
  </rating>
  <reviews>
   620454
  </reviews>
  <new>
   -
  </new>
  <sporty>
   no
  </sporty>
 </clothing>
 <clothing>
  <id>
   105649395
  </id>
  <name>
   Addidas Umbrellas K-3816
  </name>
  <category>
   Umbrellas
  </category>
  <size>
   S
  </size>
  <color>
   Голубой
  </color>
  <material>
   Кожа
  </material>
  <price>
   248392
  </price>
  <rating>
   4.42
  </rating>
  <reviews>
   422628
  </reviews>
  <new>
   +
  </new>
  <exclusive>
   no
  </exclusive>
  <sporty>
   yes
  </sporty>
 </clothing>
 <clothing>
  <id>
   488379750
  </id>
  <name>
   Converse Handbags V-8462
  </name>
  <category>
   Handbags
  </category>
  <size>
   XL
  </size>
  <color>
   Голубой
  </color>
  <material>
   Лен
  </material>
  <price>
   313592
  </price>
  <rating>
   4.13
  </rating>
  <reviews>
   192221
  </reviews>
  <new>
   -
  </new>
  <sporty>
   no
  </sporty>
 </clothing>
 <clothing>
  <id>
   958838414
  </id>
  <name>
   Fila Jacket V-1702
  </name>
  <category>
   Jacket
  </category>
  <size>
   M
  </size>
  <color>
   Желтый
  </color>
  <material>
   Шерсть
  </material>
  <price>
   259531
  </price>
  <rating>
   4.91
  </rating>
  <reviews>
   980576
  </reviews>
  <new>
   -
  </new>
  <exclusive>
   no
  </exclusive>
  <sporty>
   yes
  </sporty>
 </clothing>
 <clothing>
  <id>
   257478627
  </id>
  <name>
   Ellesse Belts V-7230
  </name>
  <category>
   Belts
  </category>
  <size>
   XL
  </size>
  <color>
   Синий
  </color>
  <material>
   Полиэстер
  </material>
  <price>
   447753
  </price>
  <rating>
   2.19
  </rating>
  <reviews>
   747791
  </reviews>
  <new>
   -
  </new>
 </clothing>
 <clothing>
  <id>
   783576984
  </id>
  <name>
   Vans Umbrellas L-3047
  </name>
  <category>
   Umbrellas
  </category>
  <size>
   L
  </size>
  <color>
   Фиолетовый
  </color>
  <material>
   Хлопок
  </material>
  <price>
   694480
  </price>
  <rating>
   2.05
  </rating>
  <reviews>
   287483
  </reviews>
  <new>
   +
  </new>
  <exclusive>
   yes
  </exclusive>
  <sporty>
   yes
  </sporty>
 </clothing>
 <clothing>
  <id>
   458403471
  </id>
  <name>
   Addidas Shoes B-3504
  </name>
  <category>
   Shoes
  </category>
  <size>
   M
  </size>
  <color>
   Зеленый
  </color>
  <material>
   Кожа
  </material>
  <price>
   225779
  </price>
  <rating>
   2.73
  </rating>
  <reviews>
   75421
  </reviews>
  <new>
   -
  </new>
  <exclusive>
   no
  </exclusive>
  <sporty>
   no
  </sporty>
 </clothing>
 <clothing>
  <id>
   892658332
  </id>
  <name>
   Fila Belts A-2550
  </name>
  <category>
   Belts
  </category>
  <size>
   M
  </size>
  <color>
   Фиолетовый
  </color>
  <material>
   Лен
  </material>
  <price>
   689031
  </price>
  <rating>
   1.38
  </rating>
  <reviews>
   248654
  </reviews>
  <new>
   +
  </new>
  <exclusive>
   yes
  </exclusive>
 </clothing>
 <clothing>
  <id>
   212140795
  </id>
  <name>
   Converse Hat F-1438
  </name>
  <category>
   Hat
  </category>
  <size>
   M
  </size>
  <color>
   Голубой
  </color>
  <material>
   Вискоза
  </material>
  <price>
   468316
  </price>
  <rating>
   3.62
  </rating>
  <reviews>
   832848
  </reviews>
  <new>
   +
  </new>
 </clothing>
 <clothing>
  <id>
   328871756
  </id>
  <name>
   Adidas Shirt M-2629
  </name>
  <category>
   Shirt
  </category>
  <size>
   M
  </size>
  <color>
   Красный
  </color>
  <material>
   Хлопок
  </material>
  <price>
   997588
  </price>
  <rating>
   4.19
  </rating>
  <reviews>
   170908
  </reviews>
  <sporty>
   no
  </sporty>
 </clothing>
 <clothing>
  <id>
   432579501
  </id>
  <name>
   Addidas Handbags Y-8174
  </name>
  <category>
   Handbags
  </category>
  <size>
   XL
  </size>
  <color>
   Желтый
  </color>
  <material>
   Вискоза
  </material>
  <price>
   421320
  </price>
  <rating>
   3.88
  </rating>
  <reviews>
   640445
  </reviews>
  <new>
   -
  </new>
  <exclusive>
   no
  </exclusive>
  <sporty>
   yes
  </sporty>
 </clothing>
 <clothing>
  <id>
   117353085
  </id>
  <name>
   Under Armour Jacket I-3698
  </name>
  <category>
   Jacket
  </category>
  <size>
   XL
  </size>
  <color>
   Красный
  </color>
  <material>
   Хлопок
  </material>
  <price>
   191635
  </price>
  <rating>
   1.26
  </rating>
  <reviews>
   473155
  </reviews>
  <sporty>
   yes
  </sporty>
 </clothing>
 <clothing>
  <id>
   320477858
  </id>
  <name>
   Reebok Jeans L-9915
  </name>
  <category>
   Jeans
  </category>
  <size>
   XXL
  </size>
  <color>
   Желтый
  </color>
  <material>
   Нейлон
  </material>
  <price>
   636813
  </price>
  <rating>
   4.97
  </rating>
  <reviews>
   883993
  </reviews>
  <new>
   -
  </new>
  <exclusive>
   yes
  </exclusive>
  <sporty>
   no
  </sporty>
 </clothing>
 <clothing>
  <id>
   869873290
  </id>
  <name>
   Fila Umbrellas J-7790
  </name>
  <category>
   Umbrellas
  </category>
  <size>
   S
  </size>
  <color>
   Оранжевый
  </color>
  <material>
   Хлопок
  </material>
  <price>
   550658
  </price>
  <rating>
   1.19
  </rating>
  <reviews>
   525835
  </reviews>
  <new>
   +
  </new>
  <exclusive>
   no
  </exclusive>
 </clothing>
 <clothing>
  <id>
   613959370
  </id>
  <name>
   Adidas Belts L-2695
  </name>
  <category>
   Belts
  </category>
  <size>
   S
  </size>
  <color>
   Фиолетовый
  </color>
  <material>
   Шерсть
  </material>
  <price>
   735495
  </price>
  <rating>
   4.67
  </rating>
  <reviews>
   843651
  </reviews>
  <new>
   -
  </new>
 </clothing>
 <clothing>
  <id>
   832934197
  </id>
  <name>
   Nike Socks T-6492
  </name>
  <category>
   Socks
  </category>
  <size>
   M
  </size>
  <color>
   Оранжевый
  </color>
  <material>
   Кожа
  </material>
  <price>
   674109
  </price>
  <rating>
   2.32
  </rating>
  <reviews>
   608263
  </reviews>
  <new>
   +
  </new>
  <exclusive>
   no
  </exclusive>
 </clothing>
 <clothing>
  <id>
   685182314
  </id>
  <name>
   Under Armour Skirt O-5475
  </name>
  <category>
   Skirt
  </category>
  <size>
   XL
  </size>
  <color>
   Фиолетовый
  </color>
  <material>
   Кожа
  </material>
  <price>
   867655
  </price>
  <rating>
   1.43
  </rating>
  <reviews>
   532219
  </reviews>
  <new>
   -
  </new>
  <exclusive>
   no
  </exclusive>
  <sporty>
   no
  </sporty>
 </clothing>
 <clothing>
  <id>
   189462408
  </id>
  <name>
   Vans Pants Y-5543
  </name>
  <category>
   Pants
  </category>
  <size>
   XXL
  </size>
  <color>
   Желтый
  </color>
  <material>
   Вискоза
  </material>
  <price>
   289611
  </price>
  <rating>
   2.86
  </rating>
  <reviews>
   984330
  </reviews>
 </clothing>
 <clothing>
  <id>
   419716808
  </id>
  <name>
   Nike Gloves Z-3794
  </name>
  <category>
   Gloves
  </category>
  <size>
   XXL
  </size>
  <color>
   Синий
  </color>
  <material>
   Кожа
  </material>
  <price>
   955850
  </price>
  <rating>
   1.95
  </rating>
  <reviews>
   789147
  </reviews>
  <new>
   -
  </new>
  <sporty>
   no
  </sporty>
 </clothing>
 <clothing>
  <id>
   674996535
  </id>
  <name>
   Adidas T-shirt S-6873
  </name>
  <category>
   T-shirt
  </category>
  <size>
   XXL
  </size>
  <color>
   Фиолетовый
  </color>
  <material>
   Вискоза
  </material>
  <price>
   971550
  </price>
  <rating>
   4.17
  </rating>
  <reviews>
   404245
  </reviews>
 </clothing>
</clothing-items>
