<?xml version="1.0" encoding="utf-8"?>
<clothing-items>
 <clothing>
  <id>
   977475540
  </id>
  <name>
   Ellesse Belts X-1020
  </name>
  <category>
   Belts
  </category>
  <size>
   XL
  </size>
  <color>
   Синий
  </color>
  <material>
   Полиэстер
  </material>
  <price>
   103158
  </price>
  <rating>
   4.66
  </rating>
  <reviews>
   324389
  </reviews>
  <new>
   -
  </new>
  <sporty>
   yes
  </sporty>
 </clothing>
 <clothing>
  <id>
   594436790
  </id>
  <name>
   Lacoste Sweater I-8291
  </name>
  <category>
   Sweater
  </category>
  <size>
   M
  </size>
  <color>
   Зеленый
  </color>
  <material>
   Шерсть
  </material>
  <price>
   625429
  </price>
  <rating>
   1.45
  </rating>
  <reviews>
   863616
  </reviews>
  <new>
   -
  </new>
  <sporty>
   yes
  </sporty>
 </clothing>
 <clothing>
  <id>
   676590103
  </id>
  <name>
   Brooks Shirt B-5188
  </name>
  <category>
   Shirt
  </category>
  <size>
   XL
  </size>
  <color>
   Желтый
  </color>
  <material>
   Шерсть
  </material>
  <price>
   330777
  </price>
  <rating>
   3.7
  </rating>
  <reviews>
   724802
  </reviews>
  <new>
   -
  </new>
  <exclusive>
   yes
  </exclusive>
  <sporty>
   no
  </sporty>
 </clothing>
 <clothing>
  <id>
   756058511
  </id>
  <name>
   Nike Belts Q-8016
  </name>
  <category>
   Belts
  </category>
  <size>
   L
  </size>
  <color>
   Оранжевый
  </color>
  <material>
   Лен
  </material>
  <price>
   355859
  </price>
  <rating>
   4.45
  </rating>
  <reviews>
   587038
  </reviews>
  <exclusive>
   no
  </exclusive>
  <sporty>
   no
  </sporty>
 </clothing>
 <clothing>
  <id>
   469174060
  </id>
  <name>
   Addidas Pants N-4465
  </name>
  <category>
   Pants
  </category>
  <size>
   S
  </size>
  <color>
   Фиолетовый
  </color>
  <material>
   Хлопок
  </material>
  <price>
   983190
  </price>
  <rating>
   4.03
  </rating>
  <reviews>
   624440
  </reviews>
  <exclusive>
   no
  </exclusive>
  <sporty>
   yes
  </sporty>
 </clothing>
 <clothing>
  <id>
   125688602
  </id>
  <name>
   Asics Blouse N-4769
  </name>
  <category>
   Blouse
  </category>
  <size>
   XXL
  </size>
  <color>
   Желтый
  </color>
  <material>
   Шелк
  </material>
  <price>
   620590
  </price>
  <rating>
   4.85
  </rating>
  <reviews>
   223348
  </reviews>
  <new>
   -
  </new>
  <exclusive>
   yes
  </exclusive>
  <sporty>
   yes
  </sporty>
 </clothing>
 <clothing>
  <id>
   751807782
  </id>
  <name>
   Adidas Shoes O-7392
  </name>
  <category>
   Shoes
  </category>
  <size>
   XXL
  </size>
  <color>
   Голубой
  </color>
  <material>
   Лен
  </material>
  <price>
   218960
  </price>
  <rating>
   2.99
  </rating>
  <reviews>
   898061
  </reviews>
  <new>
   +
  </new>
  <sporty>
   yes
  </sporty>
 </clothing>
 <clothing>
  <id>
   587532926
  </id>
  <name>
   Under Armour Blouse A-8306
  </name>
  <category>
   Blouse
  </category>
  <size>
   XXL
  </size>
  <color>
   Оранжевый
  </color>
  <material>
   Нейлон
  </material>
  <price>
   215752
  </price>
  <rating>
   4.28
  </rating>
  <reviews>
   148919
  </reviews>
  <new>
   -
  </new>
  <exclusive>
   no
  </exclusive>
  <sporty>
   no
  </sporty>
 </clothing>
 <clothing>
  <id>
   685038427
  </id>
  <name>
   Fila Socks N-5675
  </name>
  <category>
   Socks
  </category>
  <size>
   XXL
  </size>
  <color>
   Голубой
  </color>
  <material>
   Шерсть
  </material>
  <price>
   427662
  </price>
  <rating>
   4.12
  </rating>
  <reviews>
   654872
  </reviews>
  <new>
   -
  </new>
  <exclusive>
   no
  </exclusive>
  <sporty>
   yes
  </sporty>
 </clothing>
 <clothing>
  <id>
   843571868
  </id>
  <name>
   New Balance Gloves X-6910
  </name>
  <category>
   Gloves
  </category>
  <size>
   M
  </size>
  <color>
   Голубой
  </color>
  <material>
   Нейлон
  </material>
  <price>
   866173
  </price>
  <rating>
   4.99
  </rating>
  <reviews>
   391417
  </reviews>
  <new>
   -
  </new>
  <sporty>
   yes
  </sporty>
 </clothing>
 <clothing>
  <id>
   524518350
  </id>
  <name>
   Ellesse Skirt N-7095
  </name>
  <category>
   Skirt
  </category>
  <size>
   XXL
  </size>
  <color>
   Зеленый
  </color>
  <material>
   Кожа
  </material>
  <price>
   305055
  </price>
  <rating>
   3.15
  </rating>
  <reviews>
   226886
  </reviews>
 </clothing>
 <clothing>
  <id>
   534457637
  </id>
  <name>
   Nike Gloves J-7724
  </name>
  <category>
   Gloves
  </category>
  <size>
   L
  </size>
  <color>
   Голубой
  </color>
  <material>
   Лен
  </material>
  <price>
   163874
  </price>
  <rating>
   3.17
  </rating>
  <reviews>
   284886
  </reviews>
  <exclusive>
   yes
  </exclusive>
  <sporty>
   yes
  </sporty>
 </clothing>
 <clothing>
  <id>
   683505805
  </id>
  <name>
   Vans Sweater U-6479
  </name>
  <category>
   Sweater
  </category>
  <size>
   L
  </size>
  <color>
   Фиолетовый
  </color>
  <material>
   Нейлон
  </material>
  <price>
   167509
  </price>
  <rating>
   2.75
  </rating>
  <reviews>
   853819
  </reviews>
  <new>
   -
  </new>
 </clothing>
 <clothing>
  <id>
   541317265
  </id>
  <name>
   Converse Dress A-1268
  </name>
  <category>
   Dress
  </category>
  <size>
   XXL
  </size>
  <color>
   Желтый
  </color>
  <material>
   Кожа
  </material>
  <price>
   568524
  </price>
  <rating>
   2.49
  </rating>
  <reviews>
   810610
  </reviews>
  <exclusive>
   yes
  </exclusive>
  <sporty>
   no
  </sporty>
 </clothing>
 <clothing>
  <id>
   756375667
  </id>
  <name>
   Lacoste Sweater E-8310
  </name>
  <category>
   Sweater
  </category>
  <size>
   S
  </size>
  <color>
   Фиолетовый
  </color>
  <material>
   Нейлон
  </material>
  <price>
   871366
  </price>
  <rating>
   4.38
  </rating>
  <reviews>
   470149
  </reviews>
  <new>
   -
  </new>
  <sporty>
   no
  </sporty>
 </clothing>
 <clothing>
  <id>
   445386019
  </id>
  <name>
   Nike Socks K-1968
  </name>
  <category>
   Socks
  </category>
  <size>
   S
  </size>
  <color>
   Зеленый
  </color>
  <material>
   Вискоза
  </material>
  <price>
   183007
  </price>
  <rating>
   4.54
  </rating>
  <reviews>
   955864
  </reviews>
  <sporty>
   no
  </sporty>
 </clothing>
 <clothing>
  <id>
   486959095
  </id>
  <name>
   DC T-shirt U-2428
  </name>
  <category>
   T-shirt
  </category>
  <size>
   XXL
  </size>
  <color>
   Синий
  </color>
  <material>
   Хлопок
  </material>
  <price>
   543225
  </price>
  <rating>
   1.2
  </rating>
  <reviews>
   399271
  </reviews>
  <new>
   +
  </new>
 </clothing>
 <clothing>
  <id>
   576878280
  </id>
  <name>
   Asics Gloves R-5100
  </name>
  <category>
   Gloves
  </category>
  <size>
   M
  </size>
  <color>
   Оранжевый
  </color>
  <material>
   Лен
  </material>
  <price>
   837883
  </price>
  <rating>
   4.06
  </rating>
  <reviews>
   178012
  </reviews>
  <new>
   +
  </new>
  <exclusive>
   no
  </exclusive>
 </clothing>
 <clothing>
  <id>
   916405546
  </id>
  <name>
   Ellesse Umbrellas U-5166
  </name>
  <category>
   Umbrellas
  </category>
  <size>
   XL
  </size>
  <color>
   Фиолетовый
  </color>
  <material>
   Шелк
  </material>
  <price>
   680594
  </price>
  <rating>
   1.12
  </rating>
  <reviews>
   115994
  </reviews>
  <exclusive>
   no
  </exclusive>
  <sporty>
   no
  </sporty>
 </clothing>
 <clothing>
  <id>
   428357101
  </id>
  <name>
   Addidas Sweater Z-3650
  </name>
  <category>
   Sweater
  </category>
  <size>
   M
  </size>
  <color>
   Красный
  </color>
  <material>
   Лен
  </material>
  <price>
   484023
  </price>
  <rating>
   4.7
  </rating>
  <reviews>
   430340
  </reviews>
  <exclusive>
   no
  </exclusive>
  <sporty>
   yes
  </sporty>
 </clothing>
 <clothing>
  <id>
   225572667
  </id>
  <name>
   Under Armour Sweater H-6121
  </name>
  <category>
   Sweater
  </category>
  <size>
   M
  </size>
  <color>
   Голубой
  </color>
  <material>
   Шерсть
  </material>
  <price>
   101094
  </price>
  <rating>
   2.21
  </rating>
  <reviews>
   96621
  </reviews>
  <exclusive>
   no
  </exclusive>
  <sporty>
   yes
  </sporty>
 </clothing>
 <clothing>
  <id>
   767944514
  </id>
  <name>
   Asics Skirt V-4896
  </name>
  <category>
   Skirt
  </category>
  <size>
   XL
  </size>
  <color>
   Фиолетовый
  </color>
  <material>
   Вискоза
  </material>
  <price>
   143737
  </price>
  <rating>
   1.9
  </rating>
  <reviews>
   205604
  </reviews>
  <new>
   +
  </new>
  <exclusive>
   no
  </exclusive>
  <sporty>
   yes
  </sporty>
 </clothing>
 <clothing>
  <id>
   364477553
  </id>
  <name>
   New Balance Sweater J-3757
  </name>
  <category>
   Sweater
  </category>
  <size>
   L
  </size>
  <color>
   Красный
  </color>
  <material>
   Полиэстер
  </material>
  <price>
   201638
  </price>
  <rating>
   4.48
  </rating>
  <reviews>
   790613
  </reviews>
  <new>
   -
  </new>
  <sporty>
   yes
  </sporty>
 </clothing>
 <clothing>
  <id>
   316952581
  </id>
  <name>
   Lacoste Umbrellas Q-7503
  </name>
  <category>
   Umbrellas
  </category>
  <size>
   S
  </size>
  <color>
   Красный
  </color>
  <material>
   Шерсть
  </material>
  <price>
   726372
  </price>
  <rating>
   1.26
  </rating>
  <reviews>
   75941
  </reviews>
  <new>
   -
  </new>
  <exclusive>
   no
  </exclusive>
 </clothing>
 <clothing>
  <id>
   208144142
  </id>
  <name>
   Reebok Skirt N-6640
  </name>
  <category>
   Skirt
  </category>
  <size>
   L
  </size>
  <color>
   Желтый
  </color>
  <material>
   Нейлон
  </material>
  <price>
   584255
  </price>
  <rating>
   3.4
  </rating>
  <reviews>
   819721
  </reviews>
  <new>
   -
  </new>
  <exclusive>
   yes
  </exclusive>
 </clothing>
 <clothing>
  <id>
   434589725
  </id>
  <name>
   Converse Jacket Q-1871
  </name>
  <category>
   Jacket
  </category>
  <size>
   S
  </size>
  <color>
   Зеленый
  </color>
  <material>
   Лен
  </material>
  <price>
   102156
  </price>
  <rating>
   1.69
  </rating>
  <reviews>
   127426
  </reviews>
  <exclusive>
   yes
  </exclusive>
 </clothing>
 <clothing>
  <id>
   313990157
  </id>
  <name>
   Fila Sweater R-9304
  </name>
  <category>
   Sweater
  </category>
  <size>
   XXL
  </size>
  <color>
   Красный
  </color>
  <material>
   Нейлон
  </material>
  <price>
   731866
  </price>
  <rating>
   4.48
  </rating>
  <reviews>
   572510
  </reviews>
  <new>
   -
  </new>
  <exclusive>
   yes
  </exclusive>
 </clothing>
 <clothing>
  <id>
   348805534
  </id>
  <name>
   New Balance Jacket P-4263
  </name>
  <category>
   Jacket
  </category>
  <size>
   XXL
  </size>
  <color>
   Желтый
  </color>
  <material>
   Шерсть
  </material>
  <price>
   586201
  </price>
  <rating>
   3.78
  </rating>
  <reviews>
   143204
  </reviews>
  <new>
   +
  </new>
  <exclusive>
   yes
  </exclusive>
  <sporty>
   yes
  </sporty>
 </clothing>
 <clothing>
  <id>
   726709284
  </id>
  <name>
   Asics T-shirt O-7719
  </name>
  <category>
   T-shirt
  </category>
  <size>
   L
  </size>
  <color>
   Оранжевый
  </color>
  <material>
   Шерсть
  </material>
  <price>
   483738
  </price>
  <rating>
   4.14
  </rating>
  <reviews>
   433153
  </reviews>
  <exclusive>
   no
  </exclusive>
 </clothing>
 <clothing>
  <id>
   319081181
  </id>
  <name>
   New Balance Jeans B-5686
  </name>
  <category>
   Jeans
  </category>
  <size>
   M
  </size>
  <color>
   Желтый
  </color>
  <material>
   Лен
  </material>
  <price>
   486936
  </price>
  <rating>
   2.58
  </rating>
  <reviews>
   44765
  </reviews>
  <exclusive>
   yes
  </exclusive>
 </clothing>
 <clothing>
  <id>
   593352312
  </id>
  <name>
   DC Pants F-7973
  </name>
  <category>
   Pants
  </category>
  <size>
   XL
  </size>
  <color>
   Зеленый
  </color>
  <material>
   Хлопок
  </material>
  <price>
   819077
  </price>
  <rating>
   2.68
  </rating>
  <reviews>
   163765
  </reviews>
  <new>
   +
  </new>
  <exclusive>
   yes
  </exclusive>
  <sporty>
   yes
  </sporty>
 </clothing>
 <clothing>
  <id>
   424216813
  </id>
  <name>
   Adidas Shirt Z-2798
  </name>
  <category>
   Shirt
  </category>
  <size>
   XXL
  </size>
  <color>
   Синий
  </color>
  <material>
   Шерсть
  </material>
  <price>
   678092
  </price>
  <rating>
   1.7
  </rating>
  <reviews>
   482601
  </reviews>
 </clothing>
 <clothing>
  <id>
   913800678
  </id>
  <name>
   Fila Blouse A-6545
  </name>
  <category>
   Blouse
  </category>
  <size>
   L
  </size>
  <color>
   Синий
  </color>
  <material>
   Вискоза
  </material>
  <price>
   917467
  </price>
  <rating>
   1.16
  </rating>
  <reviews>
   998743
  </reviews>
  <exclusive>
   no
  </exclusive>
 </clothing>
 <clothing>
  <id>
   164228874
  </id>
  <name>
   Fila Pants P-6433
  </name>
  <category>
   Pants
  </category>
  <size>
   S
  </size>
  <color>
   Синий
  </color>
  <material>
   Шерсть
  </material>
  <price>
   611595
  </price>
  <rating>
   4.44
  </rating>
  <reviews>
   459567
  </reviews>
  <new>
   +
  </new>
  <sporty>
   no
  </sporty>
 </clothing>
 <clothing>
  <id>
   287886397
  </id>
  <name>
   PleinSport Shoes S-9676
  </name>
  <category>
   Shoes
  </category>
  <size>
   L
  </size>
  <color>
   Фиолетовый
  </color>
  <material>
   Кожа
  </material>
  <price>
   563578
  </price>
  <rating>
   4.75
  </rating>
  <reviews>
   587596
  </reviews>
  <new>
   +
  </new>
  <exclusive>
   yes
  </exclusive>
 </clothing>
 <clothing>
  <id>
   609808904
  </id>
  <name>
   Under Armour Blouse V-3897
  </name>
  <category>
   Blouse
  </category>
  <size>
   S
  </size>
  <color>
   Желтый
  </color>
  <material>
   Нейлон
  </material>
  <price>
   965130
  </price>
  <rating>
   1.46
  </rating>
  <reviews>
   819317
  </reviews>
  <exclusive>
   yes
  </exclusive>
  <sporty>
   no
  </sporty>
 </clothing>
 <clothing>
  <id>
   353529101
  </id>
  <name>
   Puma Dress N-2243
  </name>
  <category>
   Dress
  </category>
  <size>
   XXL
  </size>
  <color>
   Красный
  </color>
  <material>
   Кожа
  </material>
  <price>
   125339
  </price>
  <rating>
   1.55
  </rating>
  <reviews>
   13660
  </reviews>
  <new>
   -
  </new>
  <exclusive>
   yes
  </exclusive>
 </clothing>
 <clothing>
  <id>
   626853075
  </id>
  <name>
   Converse Blouse P-5443
  </name>
  <category>
   Blouse
  </category>
  <size>
   M
  </size>
  <color>
   Желтый
  </color>
  <material>
   Нейлон
  </material>
  <price>
   139648
  </price>
  <rating>
   2.42
  </rating>
  <reviews>
   302643
  </reviews>
  <new>
   +
  </new>
  <exclusive>
   no
  </exclusive>
 </clothing>
 <clothing>
  <id>
   714017336
  </id>
  <name>
   DC Sweater O-4074
  </name>
  <category>
   Sweater
  </category>
  <size>
   M
  </size>
  <color>
   Зеленый
  </color>
  <material>
   Шерсть
  </material>
  <price>
   821487
  </price>
  <rating>
   2.84
  </rating>
  <reviews>
   706979
  </reviews>
  <new>
   +
  </new>
  <exclusive>
   no
  </exclusive>
  <sporty>
   yes
  </sporty>
 </clothing>
 <clothing>
  <id>
   977255130
  </id>
  <name>
   Fila Belts M-9693
  </name>
  <category>
   Belts
  </category>
  <size>
   L
  </size>
  <color>
   Голубой
  </color>
  <material>
   Шерсть
  </material>
  <price>
   631991
  </price>
  <rating>
   1.41
  </rating>
  <reviews>
   198124
  </reviews>
  <exclusive>
   no
  </exclusive>
  <sporty>
   no
  </sporty>
 </clothing>
</clothing-items>
