<?xml version="1.0" encoding="utf-8"?>
<clothing-items>
 <clothing>
  <id>
   558124402
  </id>
  <name>
   Under Armour Umbrellas Z-7165
  </name>
  <category>
   Umbrellas
  </category>
  <size>
   M
  </size>
  <color>
   Голубой
  </color>
  <material>
   Шелк
  </material>
  <price>
   494266
  </price>
  <rating>
   2.5
  </rating>
  <reviews>
   508537
  </reviews>
  <new>
   -
  </new>
  <exclusive>
   no
  </exclusive>
 </clothing>
 <clothing>
  <id>
   328626810
  </id>
  <name>
   Ellesse Hat S-4969
  </name>
  <category>
   Hat
  </category>
  <size>
   XXL
  </size>
  <color>
   Оранжевый
  </color>
  <material>
   Полиэстер
  </material>
  <price>
   789974
  </price>
  <rating>
   1.9
  </rating>
  <reviews>
   203240
  </reviews>
 </clothing>
 <clothing>
  <id>
   244380827
  </id>
  <name>
   DC T-shirt P-1018
  </name>
  <category>
   T-shirt
  </category>
  <size>
   XL
  </size>
  <color>
   Зеленый
  </color>
  <material>
   Хлопок
  </material>
  <price>
   460509
  </price>
  <rating>
   1.32
  </rating>
  <reviews>
   12267
  </reviews>
  <exclusive>
   yes
  </exclusive>
  <sporty>
   no
  </sporty>
 </clothing>
 <clothing>
  <id>
   583610652
  </id>
  <name>
   Adidas Jacket Y-1420
  </name>
  <category>
   Jacket
  </category>
  <size>
   S
  </size>
  <color>
   Зеленый
  </color>
  <material>
   Лен
  </material>
  <price>
   783617
  </price>
  <rating>
   3.86
  </rating>
  <reviews>
   41877
  </reviews>
  <sporty>
   yes
  </sporty>
 </clothing>
 <clothing>
  <id>
   351871045
  </id>
  <name>
   PleinSport Hat W-3176
  </name>
  <category>
   Hat
  </category>
  <size>
   M
  </size>
  <color>
   Зеленый
  </color>
  <material>
   Нейлон
  </material>
  <price>
   527603
  </price>
  <rating>
   3.42
  </rating>
  <reviews>
   228587
  </reviews>
  <sporty>
   no
  </sporty>
 </clothing>
 <clothing>
  <id>
   474194779
  </id>
  <name>
   Adidas T-shirt U-9805
  </name>
  <category>
   T-shirt
  </category>
  <size>
   L
  </size>
  <color>
   Желтый
  </color>
  <material>
   Хлопок
  </material>
  <price>
   710473
  </price>
  <rating>
   1.76
  </rating>
  <reviews>
   378028
  </reviews>
  <new>
   -
  </new>
  <exclusive>
   no
  </exclusive>
  <sporty>
   no
  </sporty>
 </clothing>
 <clothing>
  <id>
   179178596
  </id>
  <name>
   Converse Pants V-2724
  </name>
  <category>
   Pants
  </category>
  <size>
   XL
  </size>
  <color>
   Желтый
  </color>
  <material>
   Нейлон
  </material>
  <price>
   327411
  </price>
  <rating>
   3.49
  </rating>
  <reviews>
   74574
  </reviews>
  <exclusive>
   no
  </exclusive>
 </clothing>
 <clothing>
  <id>
   135106015
  </id>
  <name>
   PleinSport Jeans R-9223
  </name>
  <category>
   Jeans
  </category>
  <size>
   XL
  </size>
  <color>
   Зеленый
  </color>
  <material>
   Кожа
  </material>
  <price>
   818260
  </price>
  <rating>
   2.04
  </rating>
  <reviews>
   148047
  </reviews>
 </clothing>
 <clothing>
  <id>
   948469684
  </id>
  <name>
   Asics Blouse O-1812
  </name>
  <category>
   Blouse
  </category>
  <size>
   M
  </size>
  <color>
   Фиолетовый
  </color>
  <material>
   Вискоза
  </material>
  <price>
   535432
  </price>
  <rating>
   3.76
  </rating>
  <reviews>
   924784
  </reviews>
  <exclusive>
   yes
  </exclusive>
  <sporty>
   yes
  </sporty>
 </clothing>
 <clothing>
  <id>
   785281353
  </id>
  <name>
   Asics Blouse L-8418
  </name>
  <category>
   Blouse
  </category>
  <size>
   M
  </size>
  <color>
   Оранжевый
  </color>
  <material>
   Хлопок
  </material>
  <price>
   644946
  </price>
  <rating>
   1.86
  </rating>
  <reviews>
   254611
  </reviews>
  <new>
   -
  </new>
  <exclusive>
   no
  </exclusive>
  <sporty>
   no
  </sporty>
 </clothing>
 <clothing>
  <id>
   368974781
  </id>
  <name>
   DC Belts O-5864
  </name>
  <category>
   Belts
  </category>
  <size>
   M
  </size>
  <color>
   Красный
  </color>
  <material>
   Хлопок
  </material>
  <price>
   443703
  </price>
  <rating>
   4.55
  </rating>
  <reviews>
   968231
  </reviews>
  <new>
   -
  </new>
  <exclusive>
   no
  </exclusive>
 </clothing>
 <clothing>
  <id>
   665370239
  </id>
  <name>
   Lacoste Jacket L-1109
  </name>
  <category>
   Jacket
  </category>
  <size>
   S
  </size>
  <color>
   Оранжевый
  </color>
  <material>
   Шелк
  </material>
  <price>
   843479
  </price>
  <rating>
   1.4
  </rating>
  <reviews>
   137187
  </reviews>
  <new>
   -
  </new>
  <exclusive>
   no
  </exclusive>
 </clothing>
 <clothing>
  <id>
   204226277
  </id>
  <name>
   PleinSport Belts D-3481
  </name>
  <category>
   Belts
  </category>
  <size>
   XXL
  </size>
  <color>
   Синий
  </color>
  <material>
   Лен
  </material>
  <price>
   211873
  </price>
  <rating>
   1.72
  </rating>
  <reviews>
   409383
  </reviews>
  <new>
   +
  </new>
  <exclusive>
   no
  </exclusive>
  <sporty>
   no
  </sporty>
 </clothing>
 <clothing>
  <id>
   374761487
  </id>
  <name>
   Reebok Socks T-6068
  </name>
  <category>
   Socks
  </category>
  <size>
   M
  </size>
  <color>
   Красный
  </color>
  <material>
   Нейлон
  </material>
  <price>
   546795
  </price>
  <rating>
   4.38
  </rating>
  <reviews>
   989747
  </reviews>
  <exclusive>
   yes
  </exclusive>
  <sporty>
   yes
  </sporty>
 </clothing>
 <clothing>
  <id>
   259093163
  </id>
  <name>
   Addidas Umbrellas N-9059
  </name>
  <category>
   Umbrellas
  </category>
  <size>
   XL
  </size>
  <color>
   Зеленый
  </color>
  <material>
   Кожа
  </material>
  <price>
   128727
  </price>
  <rating>
   3.18
  </rating>
  <reviews>
   693371
  </reviews>
  <new>
   +
  </new>
  <exclusive>
   yes
  </exclusive>
  <sporty>
   no
  </sporty>
 </clothing>
 <clothing>
  <id>
   278684529
  </id>
  <name>
   DC Belts Q-8396
  </name>
  <category>
   Belts
  </category>
  <size>
   S
  </size>
  <color>
   Синий
  </color>
  <material>
   Лен
  </material>
  <price>
   932453
  </price>
  <rating>
   3.36
  </rating>
  <reviews>
   812600
  </reviews>
  <sporty>
   no
  </sporty>
 </clothing>
</clothing-items>
