<?xml version="1.0" encoding="utf-8"?>
<clothing-items>
 <clothing>
  <id>
   828286471
  </id>
  <name>
   Brooks Shirt P-9090
  </name>
  <category>
   Shirt
  </category>
  <size>
   XXL
  </size>
  <color>
   Синий
  </color>
  <material>
   Лен
  </material>
  <price>
   483960
  </price>
  <rating>
   4.12
  </rating>
  <reviews>
   749259
  </reviews>
  <new>
   -
  </new>
  <sporty>
   yes
  </sporty>
 </clothing>
 <clothing>
  <id>
   105156671
  </id>
  <name>
   Lacoste T-shirt B-6444
  </name>
  <category>
   T-shirt
  </category>
  <size>
   M
  </size>
  <color>
   Желтый
  </color>
  <material>
   Лен
  </material>
  <price>
   745517
  </price>
  <rating>
   3.58
  </rating>
  <reviews>
   285996
  </reviews>
  <new>
   +
  </new>
  <sporty>
   yes
  </sporty>
 </clothing>
 <clothing>
  <id>
   632536280
  </id>
  <name>
   Vans Belts S-3667
  </name>
  <category>
   Belts
  </category>
  <size>
   M
  </size>
  <color>
   Желтый
  </color>
  <material>
   Шерсть
  </material>
  <price>
   592922
  </price>
  <rating>
   4.62
  </rating>
  <reviews>
   395707
  </reviews>
 </clothing>
 <clothing>
  <id>
   503776280
  </id>
  <name>
   Nike Jeans O-4614
  </name>
  <category>
   Jeans
  </category>
  <size>
   XL
  </size>
  <color>
   Зеленый
  </color>
  <material>
   Лен
  </material>
  <price>
   152730
  </price>
  <rating>
   1.66
  </rating>
  <reviews>
   668257
  </reviews>
  <new>
   -
  </new>
  <exclusive>
   no
  </exclusive>
  <sporty>
   no
  </sporty>
 </clothing>
 <clothing>
  <id>
   228067600
  </id>
  <name>
   Converse Skirt I-7521
  </name>
  <category>
   Skirt
  </category>
  <size>
   M
  </size>
  <color>
   Желтый
  </color>
  <material>
   Нейлон
  </material>
  <price>
   105831
  </price>
  <rating>
   2.8
  </rating>
  <reviews>
   190153
  </reviews>
  <new>
   +
  </new>
  <sporty>
   no
  </sporty>
 </clothing>
 <clothing>
  <id>
   968406420
  </id>
  <name>
   Puma Skirt X-4953
  </name>
  <category>
   Skirt
  </category>
  <size>
   XL
  </size>
  <color>
   Фиолетовый
  </color>
  <material>
   Шелк
  </material>
  <price>
   732496
  </price>
  <rating>
   3.45
  </rating>
  <reviews>
   250198
  </reviews>
  <new>
   +
  </new>
  <exclusive>
   no
  </exclusive>
  <sporty>
   no
  </sporty>
 </clothing>
 <clothing>
  <id>
   205512721
  </id>
  <name>
   Under Armour Jacket Y-5040
  </name>
  <category>
   Jacket
  </category>
  <size>
   M
  </size>
  <color>
   Оранжевый
  </color>
  <material>
   Хлопок
  </material>
  <price>
   890033
  </price>
  <rating>
   3.28
  </rating>
  <reviews>
   10303
  </reviews>
  <exclusive>
   yes
  </exclusive>
  <sporty>
   no
  </sporty>
 </clothing>
 <clothing>
  <id>
   427971571
  </id>
  <name>
   Converse Blouse E-8316
  </name>
  <category>
   Blouse
  </category>
  <size>
   S
  </size>
  <color>
   Красный
  </color>
  <material>
   Лен
  </material>
  <price>
   744790
  </price>
  <rating>
   4.99
  </rating>
  <reviews>
   362793
  </reviews>
  <exclusive>
   no
  </exclusive>
 </clothing>
 <clothing>
  <id>
   903716670
  </id>
  <name>
   New Balance Dress L-2345
  </name>
  <category>
   Dress
  </category>
  <size>
   S
  </size>
  <color>
   Желтый
  </color>
  <material>
   Кожа
  </material>
  <price>
   380815
  </price>
  <rating>
   4.69
  </rating>
  <reviews>
   776457
  </reviews>
  <new>
   +
  </new>
  <exclusive>
   no
  </exclusive>
  <sporty>
   no
  </sporty>
 </clothing>
 <clothing>
  <id>
   686590891
  </id>
  <name>
   Under Armour Jacket J-2044
  </name>
  <category>
   Jacket
  </category>
  <size>
   XXL
  </size>
  <color>
   Желтый
  </color>
  <material>
   Вискоза
  </material>
  <price>
   493767
  </price>
  <rating>
   1.68
  </rating>
  <reviews>
   131463
  </reviews>
  <sporty>
   no
  </sporty>
 </clothing>
 <clothing>
  <id>
   112691450
  </id>
  <name>
   Addidas Umbrellas P-7744
  </name>
  <category>
   Umbrellas
  </category>
  <size>
   XL
  </size>
  <color>
   Голубой
  </color>
  <material>
   Лен
  </material>
  <price>
   384742
  </price>
  <rating>
   4.79
  </rating>
  <reviews>
   195218
  </reviews>
  <sporty>
   no
  </sporty>
 </clothing>
 <clothing>
  <id>
   887614844
  </id>
  <name>
   Ellesse Shirt J-3473
  </name>
  <category>
   Shirt
  </category>
  <size>
   L
  </size>
  <color>
   Голубой
  </color>
  <material>
   Шерсть
  </material>
  <price>
   723014
  </price>
  <rating>
   4.61
  </rating>
  <reviews>
   532779
  </reviews>
  <new>
   -
  </new>
 </clothing>
 <clothing>
  <id>
   880206533
  </id>
  <name>
   Ellesse Handbags R-4174
  </name>
  <category>
   Handbags
  </category>
  <size>
   XL
  </size>
  <color>
   Фиолетовый
  </color>
  <material>
   Шелк
  </material>
  <price>
   295042
  </price>
  <rating>
   2.57
  </rating>
  <reviews>
   366091
  </reviews>
  <exclusive>
   no
  </exclusive>
 </clothing>
 <clothing>
  <id>
   155277079
  </id>
  <name>
   Lacoste Handbags S-7627
  </name>
  <category>
   Handbags
  </category>
  <size>
   S
  </size>
  <color>
   Фиолетовый
  </color>
  <material>
   Нейлон
  </material>
  <price>
   492896
  </price>
  <rating>
   2.68
  </rating>
  <reviews>
   169399
  </reviews>
  <exclusive>
   no
  </exclusive>
 </clothing>
 <clothing>
  <id>
   429531212
  </id>
  <name>
   PleinSport Shoes W-3302
  </name>
  <category>
   Shoes
  </category>
  <size>
   L
  </size>
  <color>
   Желтый
  </color>
  <material>
   Полиэстер
  </material>
  <price>
   634586
  </price>
  <rating>
   3.8
  </rating>
  <reviews>
   304112
  </reviews>
  <new>
   +
  </new>
  <exclusive>
   yes
  </exclusive>
  <sporty>
   no
  </sporty>
 </clothing>
 <clothing>
  <id>
   934856760
  </id>
  <name>
   Adidas Umbrellas P-6186
  </name>
  <category>
   Umbrellas
  </category>
  <size>
   XXL
  </size>
  <color>
   Оранжевый
  </color>
  <material>
   Шерсть
  </material>
  <price>
   645151
  </price>
  <rating>
   3.0
  </rating>
  <reviews>
   228198
  </reviews>
  <new>
   +
  </new>
  <exclusive>
   yes
  </exclusive>
  <sporty>
   yes
  </sporty>
 </clothing>
 <clothing>
  <id>
   963306912
  </id>
  <name>
   PleinSport Dress N-1209
  </name>
  <category>
   Dress
  </category>
  <size>
   S
  </size>
  <color>
   Красный
  </color>
  <material>
   Полиэстер
  </material>
  <price>
   947043
  </price>
  <rating>
   4.61
  </rating>
  <reviews>
   176082
  </reviews>
  <new>
   +
  </new>
  <exclusive>
   no
  </exclusive>
 </clothing>
 <clothing>
  <id>
   553857149
  </id>
  <name>
   Brooks Dress O-9063
  </name>
  <category>
   Dress
  </category>
  <size>
   XL
  </size>
  <color>
   Фиолетовый
  </color>
  <material>
   Лен
  </material>
  <price>
   494922
  </price>
  <rating>
   2.24
  </rating>
  <reviews>
   390111
  </reviews>
  <exclusive>
   yes
  </exclusive>
 </clothing>
 <clothing>
  <id>
   846302815
  </id>
  <name>
   Addidas Blouse S-8552
  </name>
  <category>
   Blouse
  </category>
  <size>
   M
  </size>
  <color>
   Оранжевый
  </color>
  <material>
   Кожа
  </material>
  <price>
   826605
  </price>
  <rating>
   4.56
  </rating>
  <reviews>
   164646
  </reviews>
  <exclusive>
   yes
  </exclusive>
  <sporty>
   no
  </sporty>
 </clothing>
 <clothing>
  <id>
   728752713
  </id>
  <name>
   Asics Hat U-8243
  </name>
  <category>
   Hat
  </category>
  <size>
   S
  </size>
  <color>
   Красный
  </color>
  <material>
   Лен
  </material>
  <price>
   206392
  </price>
  <rating>
   1.72
  </rating>
  <reviews>
   371772
  </reviews>
  <new>
   -
  </new>
  <sporty>
   no
  </sporty>
 </clothing>
 <clothing>
  <id>
   769707271
  </id>
  <name>
   Asics Pants R-7081
  </name>
  <category>
   Pants
  </category>
  <size>
   M
  </size>
  <color>
   Красный
  </color>
  <material>
   Нейлон
  </material>
  <price>
   407289
  </price>
  <rating>
   1.98
  </rating>
  <reviews>
   698038
  </reviews>
  <exclusive>
   no
  </exclusive>
 </clothing>
 <clothing>
  <id>
   445139609
  </id>
  <name>
   Fila Dress W-2453
  </name>
  <category>
   Dress
  </category>
  <size>
   L
  </size>
  <color>
   Фиолетовый
  </color>
  <material>
   Шелк
  </material>
  <price>
   846909
  </price>
  <rating>
   4.48
  </rating>
  <reviews>
   469200
  </reviews>
  <sporty>
   no
  </sporty>
 </clothing>
 <clothing>
  <id>
   154601342
  </id>
  <name>
   New Balance Socks T-2057
  </name>
  <category>
   Socks
  </category>
  <size>
   XL
  </size>
  <color>
   Оранжевый
  </color>
  <material>
   Вискоза
  </material>
  <price>
   420542
  </price>
  <rating>
   4.89
  </rating>
  <reviews>
   715605
  </reviews>
  <new>
   -
  </new>
  <exclusive>
   no
  </exclusive>
  <sporty>
   no
  </sporty>
 </clothing>
 <clothing>
  <id>
   699979306
  </id>
  <name>
   Nike Dress C-6825
  </name>
  <category>
   Dress
  </category>
  <size>
   M
  </size>
  <color>
   Красный
  </color>
  <material>
   Полиэстер
  </material>
  <price>
   400922
  </price>
  <rating>
   1.83
  </rating>
  <reviews>
   419387
  </reviews>
  <new>
   -
  </new>
  <sporty>
   no
  </sporty>
 </clothing>
 <clothing>
  <id>
   830506102
  </id>
  <name>
   Brooks Jeans R-7984
  </name>
  <category>
   Jeans
  </category>
  <size>
   XXL
  </size>
  <color>
   Синий
  </color>
  <material>
   Полиэстер
  </material>
  <price>
   605587
  </price>
  <rating>
   4.88
  </rating>
  <reviews>
   744973
  </reviews>
  <exclusive>
   yes
  </exclusive>
  <sporty>
   no
  </sporty>
 </clothing>
 <clothing>
  <id>
   739257563
  </id>
  <name>
   Reebok Blouse A-8027
  </name>
  <category>
   Blouse
  </category>
  <size>
   S
  </size>
  <color>
   Красный
  </color>
  <material>
   Нейлон
  </material>
  <price>
   334116
  </price>
  <rating>
   1.54
  </rating>
  <reviews>
   357749
  </reviews>
  <new>
   -
  </new>
  <exclusive>
   yes
  </exclusive>
  <sporty>
   no
  </sporty>
 </clothing>
 <clothing>
  <id>
   352669868
  </id>
  <name>
   New Balance Shoes V-1175
  </name>
  <category>
   Shoes
  </category>
  <size>
   XL
  </size>
  <color>
   Зеленый
  </color>
  <material>
   Шерсть
  </material>
  <price>
   702806
  </price>
  <rating>
   1.83
  </rating>
  <reviews>
   916074
  </reviews>
  <new>
   +
  </new>
  <exclusive>
   no
  </exclusive>
  <sporty>
   yes
  </sporty>
 </clothing>
 <clothing>
  <id>
   590392209
  </id>
  <name>
   Under Armour Skirt S-7564
  </name>
  <category>
   Skirt
  </category>
  <size>
   XXL
  </size>
  <color>
   Красный
  </color>
  <material>
   Нейлон
  </material>
  <price>
   646967
  </price>
  <rating>
   2.51
  </rating>
  <reviews>
   422706
  </reviews>
  <new>
   -
  </new>
  <exclusive>
   no
  </exclusive>
 </clothing>
 <clothing>
  <id>
   453941793
  </id>
  <name>
   Vans Shoes N-4000
  </name>
  <category>
   Shoes
  </category>
  <size>
   XXL
  </size>
  <color>
   Синий
  </color>
  <material>
   Вискоза
  </material>
  <price>
   262248
  </price>
  <rating>
   3.03
  </rating>
  <reviews>
   559860
  </reviews>
  <new>
   -
  </new>
 </clothing>
 <clothing>
  <id>
   130996124
  </id>
  <name>
   Lacoste Hat O-9885
  </name>
  <category>
   Hat
  </category>
  <size>
   XL
  </size>
  <color>
   Синий
  </color>
  <material>
   Шерсть
  </material>
  <price>
   548716
  </price>
  <rating>
   3.56
  </rating>
  <reviews>
   612007
  </reviews>
  <sporty>
   no
  </sporty>
 </clothing>
</clothing-items>
