<?xml version="1.0" encoding="utf-8"?>
<clothing-items>
 <clothing>
  <id>
   336437974
  </id>
  <name>
   DC Shoes B-4595
  </name>
  <category>
   Shoes
  </category>
  <size>
   XXL
  </size>
  <color>
   Оранжевый
  </color>
  <material>
   Лен
  </material>
  <price>
   769675
  </price>
  <rating>
   3.34
  </rating>
  <reviews>
   917146
  </reviews>
  <sporty>
   yes
  </sporty>
 </clothing>
 <clothing>
  <id>
   933422261
  </id>
  <name>
   Fila Jacket Q-2966
  </name>
  <category>
   Jacket
  </category>
  <size>
   XXL
  </size>
  <color>
   Желтый
  </color>
  <material>
   Лен
  </material>
  <price>
   483369
  </price>
  <rating>
   4.21
  </rating>
  <reviews>
   805301
  </reviews>
  <exclusive>
   yes
  </exclusive>
 </clothing>
 <clothing>
  <id>
   321013962
  </id>
  <name>
   Nike Sweater M-7360
  </name>
  <category>
   Sweater
  </category>
  <size>
   S
  </size>
  <color>
   Зеленый
  </color>
  <material>
   Шерсть
  </material>
  <price>
   168666
  </price>
  <rating>
   4.78
  </rating>
  <reviews>
   925892
  </reviews>
  <new>
   -
  </new>
  <exclusive>
   yes
  </exclusive>
 </clothing>
 <clothing>
  <id>
   106712414
  </id>
  <name>
   New Balance Skirt E-1497
  </name>
  <category>
   Skirt
  </category>
  <size>
   S
  </size>
  <color>
   Фиолетовый
  </color>
  <material>
   Вискоза
  </material>
  <price>
   424331
  </price>
  <rating>
   3.86
  </rating>
  <reviews>
   517545
  </reviews>
  <new>
   +
  </new>
  <exclusive>
   no
  </exclusive>
  <sporty>
   yes
  </sporty>
 </clothing>
 <clothing>
  <id>
   235502835
  </id>
  <name>
   Brooks Handbags U-2048
  </name>
  <category>
   Handbags
  </category>
  <size>
   XXL
  </size>
  <color>
   Синий
  </color>
  <material>
   Кожа
  </material>
  <price>
   269553
  </price>
  <rating>
   1.15
  </rating>
  <reviews>
   523837
  </reviews>
  <sporty>
   yes
  </sporty>
 </clothing>
 <clothing>
  <id>
   560380295
  </id>
  <name>
   Reebok Sweater R-7706
  </name>
  <category>
   Sweater
  </category>
  <size>
   XL
  </size>
  <color>
   Голубой
  </color>
  <material>
   Шелк
  </material>
  <price>
   177581
  </price>
  <rating>
   4.46
  </rating>
  <reviews>
   655111
  </reviews>
  <exclusive>
   no
  </exclusive>
  <sporty>
   yes
  </sporty>
 </clothing>
 <clothing>
  <id>
   469799881
  </id>
  <name>
   Addidas Skirt Y-2598
  </name>
  <category>
   Skirt
  </category>
  <size>
   M
  </size>
  <color>
   Красный
  </color>
  <material>
   Вискоза
  </material>
  <price>
   757593
  </price>
  <rating>
   1.58
  </rating>
  <reviews>
   204443
  </reviews>
  <new>
   -
  </new>
  <exclusive>
   no
  </exclusive>
 </clothing>
 <clothing>
  <id>
   836109081
  </id>
  <name>
   Ellesse Handbags S-7854
  </name>
  <category>
   Handbags
  </category>
  <size>
   XL
  </size>
  <color>
   Синий
  </color>
  <material>
   Кожа
  </material>
  <price>
   787467
  </price>
  <rating>
   2.03
  </rating>
  <reviews>
   723396
  </reviews>
  <exclusive>
   yes
  </exclusive>
 </clothing>
 <clothing>
  <id>
   773311990
  </id>
  <name>
   DC Shirt V-2688
  </name>
  <category>
   Shirt
  </category>
  <size>
   M
  </size>
  <color>
   Желтый
  </color>
  <material>
   Хлопок
  </material>
  <price>
   701295
  </price>
  <rating>
   3.44
  </rating>
  <reviews>
   337267
  </reviews>
  <exclusive>
   no
  </exclusive>
  <sporty>
   no
  </sporty>
 </clothing>
 <clothing>
  <id>
   357286949
  </id>
  <name>
   Puma Pants E-9272
  </name>
  <category>
   Pants
  </category>
  <size>
   S
  </size>
  <color>
   Фиолетовый
  </color>
  <material>
   Нейлон
  </material>
  <price>
   319714
  </price>
  <rating>
   4.99
  </rating>
  <reviews>
   70408
  </reviews>
  <new>
   -
  </new>
  <exclusive>
   no
  </exclusive>
  <sporty>
   yes
  </sporty>
 </clothing>
 <clothing>
  <id>
   873365298
  </id>
  <name>
   Asics Gloves N-7726
  </name>
  <category>
   Gloves
  </category>
  <size>
   M
  </size>
  <color>
   Фиолетовый
  </color>
  <material>
   Полиэстер
  </material>
  <price>
   649109
  </price>
  <rating>
   1.83
  </rating>
  <reviews>
   726657
  </reviews>
 </clothing>
 <clothing>
  <id>
   380407785
  </id>
  <name>
   Nike Dress Q-1988
  </name>
  <category>
   Dress
  </category>
  <size>
   XL
  </size>
  <color>
   Красный
  </color>
  <material>
   Лен
  </material>
  <price>
   397100
  </price>
  <rating>
   4.34
  </rating>
  <reviews>
   974887
  </reviews>
  <new>
   -
  </new>
  <exclusive>
   yes
  </exclusive>
 </clothing>
 <clothing>
  <id>
   447543072
  </id>
  <name>
   Brooks Handbags A-5117
  </name>
  <category>
   Handbags
  </category>
  <size>
   XXL
  </size>
  <color>
   Голубой
  </color>
  <material>
   Хлопок
  </material>
  <price>
   275736
  </price>
  <rating>
   4.97
  </rating>
  <reviews>
   107946
  </reviews>
  <new>
   +
  </new>
  <exclusive>
   yes
  </exclusive>
  <sporty>
   yes
  </sporty>
 </clothing>
 <clothing>
  <id>
   814978730
  </id>
  <name>
   DC Umbrellas E-1992
  </name>
  <category>
   Umbrellas
  </category>
  <size>
   XL
  </size>
  <color>
   Желтый
  </color>
  <material>
   Полиэстер
  </material>
  <price>
   833322
  </price>
  <rating>
   3.49
  </rating>
  <reviews>
   779157
  </reviews>
  <exclusive>
   no
  </exclusive>
 </clothing>
 <clothing>
  <id>
   312538899
  </id>
  <name>
   Adidas Belts K-1863
  </name>
  <category>
   Belts
  </category>
  <size>
   XXL
  </size>
  <color>
   Фиолетовый
  </color>
  <material>
   Вискоза
  </material>
  <price>
   307863
  </price>
  <rating>
   4.59
  </rating>
  <reviews>
   370872
  </reviews>
  <exclusive>
   no
  </exclusive>
  <sporty>
   no
  </sporty>
 </clothing>
 <clothing>
  <id>
   328637238
  </id>
  <name>
   Puma T-shirt U-5508
  </name>
  <category>
   T-shirt
  </category>
  <size>
   XL
  </size>
  <color>
   Голубой
  </color>
  <material>
   Полиэстер
  </material>
  <price>
   612353
  </price>
  <rating>
   3.14
  </rating>
  <reviews>
   995665
  </reviews>
  <new>
   +
  </new>
  <exclusive>
   no
  </exclusive>
 </clothing>
 <clothing>
  <id>
   234256097
  </id>
  <name>
   Ellesse Hat E-6137
  </name>
  <category>
   Hat
  </category>
  <size>
   L
  </size>
  <color>
   Фиолетовый
  </color>
  <material>
   Полиэстер
  </material>
  <price>
   535016
  </price>
  <rating>
   3.6
  </rating>
  <reviews>
   650470
  </reviews>
  <new>
   -
  </new>
  <sporty>
   no
  </sporty>
 </clothing>
 <clothing>
  <id>
   281374516
  </id>
  <name>
   Converse Pants N-9843
  </name>
  <category>
   Pants
  </category>
  <size>
   M
  </size>
  <color>
   Зеленый
  </color>
  <material>
   Нейлон
  </material>
  <price>
   561531
  </price>
  <rating>
   1.21
  </rating>
  <reviews>
   307994
  </reviews>
  <new>
   +
  </new>
  <exclusive>
   no
  </exclusive>
 </clothing>
 <clothing>
  <id>
   659483409
  </id>
  <name>
   Reebok Dress E-7147
  </name>
  <category>
   Dress
  </category>
  <size>
   M
  </size>
  <color>
   Фиолетовый
  </color>
  <material>
   Лен
  </material>
  <price>
   673320
  </price>
  <rating>
   4.96
  </rating>
  <reviews>
   825657
  </reviews>
  <new>
   -
  </new>
  <sporty>
   yes
  </sporty>
 </clothing>
 <clothing>
  <id>
   824123329
  </id>
  <name>
   Ellesse Hat C-8010
  </name>
  <category>
   Hat
  </category>
  <size>
   L
  </size>
  <color>
   Зеленый
  </color>
  <material>
   Шерсть
  </material>
  <price>
   943121
  </price>
  <rating>
   1.2
  </rating>
  <reviews>
   930678
  </reviews>
 </clothing>
 <clothing>
  <id>
   942387101
  </id>
  <name>
   Fila Jeans Q-6435
  </name>
  <category>
   Jeans
  </category>
  <size>
   XXL
  </size>
  <color>
   Фиолетовый
  </color>
  <material>
   Шерсть
  </material>
  <price>
   400765
  </price>
  <rating>
   4.15
  </rating>
  <reviews>
   315836
  </reviews>
  <sporty>
   no
  </sporty>
 </clothing>
 <clothing>
  <id>
   652960424
  </id>
  <name>
   Ellesse Handbags W-6890
  </name>
  <category>
   Handbags
  </category>
  <size>
   S
  </size>
  <color>
   Голубой
  </color>
  <material>
   Полиэстер
  </material>
  <price>
   589298
  </price>
  <rating>
   4.87
  </rating>
  <reviews>
   760640
  </reviews>
  <new>
   +
  </new>
  <sporty>
   no
  </sporty>
 </clothing>
 <clothing>
  <id>
   472261514
  </id>
  <name>
   Vans Belts J-6205
  </name>
  <category>
   Belts
  </category>
  <size>
   XXL
  </size>
  <color>
   Красный
  </color>
  <material>
   Шерсть
  </material>
  <price>
   763310
  </price>
  <rating>
   4.75
  </rating>
  <reviews>
   740797
  </reviews>
  <exclusive>
   yes
  </exclusive>
 </clothing>
 <clothing>
  <id>
   919244903
  </id>
  <name>
   Puma Jacket Q-1910
  </name>
  <category>
   Jacket
  </category>
  <size>
   M
  </size>
  <color>
   Оранжевый
  </color>
  <material>
   Вискоза
  </material>
  <price>
   115573
  </price>
  <rating>
   3.8
  </rating>
  <reviews>
   625811
  </reviews>
  <new>
   -
  </new>
  <sporty>
   yes
  </sporty>
 </clothing>
 <clothing>
  <id>
   391312809
  </id>
  <name>
   PleinSport Dress Z-8314
  </name>
  <category>
   Dress
  </category>
  <size>
   L
  </size>
  <color>
   Оранжевый
  </color>
  <material>
   Полиэстер
  </material>
  <price>
   696526
  </price>
  <rating>
   2.22
  </rating>
  <reviews>
   130354
  </reviews>
  <new>
   -
  </new>
  <sporty>
   yes
  </sporty>
 </clothing>
 <clothing>
  <id>
   971872165
  </id>
  <name>
   DC Gloves I-1348
  </name>
  <category>
   Gloves
  </category>
  <size>
   XL
  </size>
  <color>
   Красный
  </color>
  <material>
   Кожа
  </material>
  <price>
   233370
  </price>
  <rating>
   3.18
  </rating>
  <reviews>
   268445
  </reviews>
  <exclusive>
   yes
  </exclusive>
 </clothing>
 <clothing>
  <id>
   462629506
  </id>
  <name>
   Under Armour Pants D-7980
  </name>
  <category>
   Pants
  </category>
  <size>
   S
  </size>
  <color>
   Желтый
  </color>
  <material>
   Вискоза
  </material>
  <price>
   465137
  </price>
  <rating>
   3.96
  </rating>
  <reviews>
   267860
  </reviews>
  <new>
   -
  </new>
  <exclusive>
   no
  </exclusive>
 </clothing>
 <clothing>
  <id>
   398822133
  </id>
  <name>
   Addidas Skirt G-8522
  </name>
  <category>
   Skirt
  </category>
  <size>
   XL
  </size>
  <color>
   Красный
  </color>
  <material>
   Хлопок
  </material>
  <price>
   805686
  </price>
  <rating>
   3.79
  </rating>
  <reviews>
   115349
  </reviews>
  <exclusive>
   yes
  </exclusive>
  <sporty>
   no
  </sporty>
 </clothing>
 <clothing>
  <id>
   210749516
  </id>
  <name>
   Asics Pants T-5686
  </name>
  <category>
   Pants
  </category>
  <size>
   XXL
  </size>
  <color>
   Фиолетовый
  </color>
  <material>
   Лен
  </material>
  <price>
   598333
  </price>
  <rating>
   3.68
  </rating>
  <reviews>
   786158
  </reviews>
  <new>
   -
  </new>
  <exclusive>
   no
  </exclusive>
 </clothing>
 <clothing>
  <id>
   583770147
  </id>
  <name>
   Fila Pants C-4535
  </name>
  <category>
   Pants
  </category>
  <size>
   XXL
  </size>
  <color>
   Красный
  </color>
  <material>
   Нейлон
  </material>
  <price>
   450482
  </price>
  <rating>
   1.36
  </rating>
  <reviews>
   62627
  </reviews>
  <sporty>
   no
  </sporty>
 </clothing>
 <clothing>
  <id>
   375797581
  </id>
  <name>
   Reebok Handbags A-7036
  </name>
  <category>
   Handbags
  </category>
  <size>
   L
  </size>
  <color>
   Зеленый
  </color>
  <material>
   Хлопок
  </material>
  <price>
   166748
  </price>
  <rating>
   2.58
  </rating>
  <reviews>
   840160
  </reviews>
  <sporty>
   no
  </sporty>
 </clothing>
 <clothing>
  <id>
   323473097
  </id>
  <name>
   Converse Umbrellas J-7387
  </name>
  <category>
   Umbrellas
  </category>
  <size>
   S
  </size>
  <color>
   Зеленый
  </color>
  <material>
   Лен
  </material>
  <price>
   480754
  </price>
  <rating>
   2.27
  </rating>
  <reviews>
   247443
  </reviews>
  <new>
   -
  </new>
 </clothing>
 <clothing>
  <id>
   207143559
  </id>
  <name>
   Asics Skirt X-2928
  </name>
  <category>
   Skirt
  </category>
  <size>
   S
  </size>
  <color>
   Зеленый
  </color>
  <material>
   Нейлон
  </material>
  <price>
   316501
  </price>
  <rating>
   2.39
  </rating>
  <reviews>
   598857
  </reviews>
  <new>
   -
  </new>
  <exclusive>
   yes
  </exclusive>
 </clothing>
 <clothing>
  <id>
   889055333
  </id>
  <name>
   Converse Gloves S-5617
  </name>
  <category>
   Gloves
  </category>
  <size>
   XXL
  </size>
  <color>
   Синий
  </color>
  <material>
   Лен
  </material>
  <price>
   572664
  </price>
  <rating>
   2.01
  </rating>
  <reviews>
   500240
  </reviews>
  <exclusive>
   yes
  </exclusive>
 </clothing>
 <clothing>
  <id>
   800575140
  </id>
  <name>
   Ellesse Skirt F-9336
  </name>
  <category>
   Skirt
  </category>
  <size>
   XXL
  </size>
  <color>
   Красный
  </color>
  <material>
   Шерсть
  </material>
  <price>
   131779
  </price>
  <rating>
   4.13
  </rating>
  <reviews>
   764698
  </reviews>
  <new>
   -
  </new>
  <exclusive>
   no
  </exclusive>
  <sporty>
   yes
  </sporty>
 </clothing>
</clothing-items>
