<?xml version="1.0" encoding="utf-8"?>
<clothing-items>
 <clothing>
  <id>
   600545039
  </id>
  <name>
   Addidas Shoes A-6902
  </name>
  <category>
   Shoes
  </category>
  <size>
   M
  </size>
  <color>
   Оранжевый
  </color>
  <material>
   Шелк
  </material>
  <price>
   323707
  </price>
  <rating>
   3.88
  </rating>
  <reviews>
   338703
  </reviews>
  <new>
   +
  </new>
  <exclusive>
   no
  </exclusive>
 </clothing>
 <clothing>
  <id>
   610519871
  </id>
  <name>
   Adidas Belts V-7686
  </name>
  <category>
   Belts
  </category>
  <size>
   S
  </size>
  <color>
   Оранжевый
  </color>
  <material>
   Шерсть
  </material>
  <price>
   120499
  </price>
  <rating>
   3.23
  </rating>
  <reviews>
   610251
  </reviews>
  <new>
   -
  </new>
 </clothing>
 <clothing>
  <id>
   910017156
  </id>
  <name>
   Reebok Shirt T-8113
  </name>
  <category>
   Shirt
  </category>
  <size>
   S
  </size>
  <color>
   Фиолетовый
  </color>
  <material>
   Нейлон
  </material>
  <price>
   113294
  </price>
  <rating>
   3.3
  </rating>
  <reviews>
   51411
  </reviews>
  <new>
   -
  </new>
 </clothing>
 <clothing>
  <id>
   778010482
  </id>
  <name>
   DC Gloves E-6746
  </name>
  <category>
   Gloves
  </category>
  <size>
   XXL
  </size>
  <color>
   Фиолетовый
  </color>
  <material>
   Полиэстер
  </material>
  <price>
   266294
  </price>
  <rating>
   4.94
  </rating>
  <reviews>
   714045
  </reviews>
  <new>
   +
  </new>
  <exclusive>
   no
  </exclusive>
  <sporty>
   no
  </sporty>
 </clothing>
 <clothing>
  <id>
   754926965
  </id>
  <name>
   DC Belts J-5436
  </name>
  <category>
   Belts
  </category>
  <size>
   L
  </size>
  <color>
   Фиолетовый
  </color>
  <material>
   Полиэстер
  </material>
  <price>
   435715
  </price>
  <rating>
   2.25
  </rating>
  <reviews>
   859220
  </reviews>
  <exclusive>
   no
  </exclusive>
  <sporty>
   yes
  </sporty>
 </clothing>
 <clothing>
  <id>
   455483704
  </id>
  <name>
   DC Belts J-9779
  </name>
  <category>
   Belts
  </category>
  <size>
   L
  </size>
  <color>
   Синий
  </color>
  <material>
   Шерсть
  </material>
  <price>
   245622
  </price>
  <rating>
   1.29
  </rating>
  <reviews>
   234702
  </reviews>
  <new>
   +
  </new>
  <exclusive>
   no
  </exclusive>
  <sporty>
   no
  </sporty>
 </clothing>
 <clothing>
  <id>
   674263846
  </id>
  <name>
   Nike Handbags U-3926
  </name>
  <category>
   Handbags
  </category>
  <size>
   S
  </size>
  <color>
   Синий
  </color>
  <material>
   Кожа
  </material>
  <price>
   242291
  </price>
  <rating>
   3.21
  </rating>
  <reviews>
   785288
  </reviews>
  <new>
   -
  </new>
  <exclusive>
   yes
  </exclusive>
 </clothing>
 <clothing>
  <id>
   533036519
  </id>
  <name>
   Lacoste Socks A-6067
  </name>
  <category>
   Socks
  </category>
  <size>
   XXL
  </size>
  <color>
   Красный
  </color>
  <material>
   Полиэстер
  </material>
  <price>
   924552
  </price>
  <rating>
   3.06
  </rating>
  <reviews>
   121168
  </reviews>
  <exclusive>
   no
  </exclusive>
 </clothing>
 <clothing>
  <id>
   597691620
  </id>
  <name>
   Adidas Shirt B-8424
  </name>
  <category>
   Shirt
  </category>
  <size>
   XL
  </size>
  <color>
   Фиолетовый
  </color>
  <material>
   Лен
  </material>
  <price>
   875839
  </price>
  <rating>
   4.65
  </rating>
  <reviews>
   346997
  </reviews>
  <new>
   -
  </new>
  <exclusive>
   no
  </exclusive>
  <sporty>
   no
  </sporty>
 </clothing>
 <clothing>
  <id>
   515587933
  </id>
  <name>
   DC Gloves F-4572
  </name>
  <category>
   Gloves
  </category>
  <size>
   XXL
  </size>
  <color>
   Оранжевый
  </color>
  <material>
   Шелк
  </material>
  <price>
   893920
  </price>
  <rating>
   3.13
  </rating>
  <reviews>
   596147
  </reviews>
  <new>
   +
  </new>
  <exclusive>
   no
  </exclusive>
  <sporty>
   no
  </sporty>
 </clothing>
 <clothing>
  <id>
   703958960
  </id>
  <name>
   PleinSport Hat I-8133
  </name>
  <category>
   Hat
  </category>
  <size>
   XL
  </size>
  <color>
   Оранжевый
  </color>
  <material>
   Нейлон
  </material>
  <price>
   484772
  </price>
  <rating>
   3.92
  </rating>
  <reviews>
   861776
  </reviews>
  <sporty>
   yes
  </sporty>
 </clothing>
 <clothing>
  <id>
   285864579
  </id>
  <name>
   Converse Jacket D-4074
  </name>
  <category>
   Jacket
  </category>
  <size>
   S
  </size>
  <color>
   Желтый
  </color>
  <material>
   Хлопок
  </material>
  <price>
   989044
  </price>
  <rating>
   3.08
  </rating>
  <reviews>
   385102
  </reviews>
  <new>
   -
  </new>
  <exclusive>
   yes
  </exclusive>
  <sporty>
   yes
  </sporty>
 </clothing>
 <clothing>
  <id>
   718231189
  </id>
  <name>
   Puma Skirt P-5122
  </name>
  <category>
   Skirt
  </category>
  <size>
   XXL
  </size>
  <color>
   Красный
  </color>
  <material>
   Полиэстер
  </material>
  <price>
   807915
  </price>
  <rating>
   1.32
  </rating>
  <reviews>
   597043
  </reviews>
  <exclusive>
   no
  </exclusive>
 </clothing>
 <clothing>
  <id>
   595246094
  </id>
  <name>
   Brooks Skirt T-1789
  </name>
  <category>
   Skirt
  </category>
  <size>
   XL
  </size>
  <color>
   Желтый
  </color>
  <material>
   Полиэстер
  </material>
  <price>
   550807
  </price>
  <rating>
   3.77
  </rating>
  <reviews>
   565551
  </reviews>
  <new>
   +
  </new>
  <exclusive>
   no
  </exclusive>
  <sporty>
   yes
  </sporty>
 </clothing>
 <clothing>
  <id>
   184085325
  </id>
  <name>
   Under Armour Gloves B-7610
  </name>
  <category>
   Gloves
  </category>
  <size>
   L
  </size>
  <color>
   Зеленый
  </color>
  <material>
   Вискоза
  </material>
  <price>
   342175
  </price>
  <rating>
   2.14
  </rating>
  <reviews>
   76769
  </reviews>
  <sporty>
   no
  </sporty>
 </clothing>
 <clothing>
  <id>
   226670890
  </id>
  <name>
   Adidas Shoes V-7636
  </name>
  <category>
   Shoes
  </category>
  <size>
   XXL
  </size>
  <color>
   Оранжевый
  </color>
  <material>
   Хлопок
  </material>
  <price>
   565855
  </price>
  <rating>
   2.3
  </rating>
  <reviews>
   27576
  </reviews>
  <exclusive>
   no
  </exclusive>
  <sporty>
   yes
  </sporty>
 </clothing>
 <clothing>
  <id>
   887902712
  </id>
  <name>
   Asics Umbrellas N-7680
  </name>
  <category>
   Umbrellas
  </category>
  <size>
   XL
  </size>
  <color>
   Фиолетовый
  </color>
  <material>
   Шелк
  </material>
  <price>
   412245
  </price>
  <rating>
   2.73
  </rating>
  <reviews>
   724639
  </reviews>
  <new>
   +
  </new>
  <exclusive>
   no
  </exclusive>
 </clothing>
 <clothing>
  <id>
   936206921
  </id>
  <name>
   Puma Shoes S-1651
  </name>
  <category>
   Shoes
  </category>
  <size>
   M
  </size>
  <color>
   Зеленый
  </color>
  <material>
   Нейлон
  </material>
  <price>
   411092
  </price>
  <rating>
   1.42
  </rating>
  <reviews>
   636201
  </reviews>
  <new>
   +
  </new>
  <sporty>
   yes
  </sporty>
 </clothing>
 <clothing>
  <id>
   498713956
  </id>
  <name>
   New Balance Belts A-9582
  </name>
  <category>
   Belts
  </category>
  <size>
   XL
  </size>
  <color>
   Красный
  </color>
  <material>
   Лен
  </material>
  <price>
   443348
  </price>
  <rating>
   4.91
  </rating>
  <reviews>
   814637
  </reviews>
  <new>
   -
  </new>
  <sporty>
   yes
  </sporty>
 </clothing>
 <clothing>
  <id>
   117006433
  </id>
  <name>
   Addidas Shirt L-7975
  </name>
  <category>
   Shirt
  </category>
  <size>
   XL
  </size>
  <color>
   Зеленый
  </color>
  <material>
   Полиэстер
  </material>
  <price>
   242754
  </price>
  <rating>
   1.51
  </rating>
  <reviews>
   36155
  </reviews>
  <new>
   +
  </new>
  <exclusive>
   no
  </exclusive>
  <sporty>
   no
  </sporty>
 </clothing>
 <clothing>
  <id>
   930226564
  </id>
  <name>
   Brooks Gloves S-9923
  </name>
  <category>
   Gloves
  </category>
  <size>
   L
  </size>
  <color>
   Желтый
  </color>
  <material>
   Полиэстер
  </material>
  <price>
   628620
  </price>
  <rating>
   3.52
  </rating>
  <reviews>
   668559
  </reviews>
  <new>
   +
  </new>
  <exclusive>
   no
  </exclusive>
  <sporty>
   yes
  </sporty>
 </clothing>
</clothing-items>
