<?xml version="1.0" encoding="utf-8"?>
<clothing-items>
 <clothing>
  <id>
   127777823
  </id>
  <name>
   Puma Belts S-8702
  </name>
  <category>
   Belts
  </category>
  <size>
   XXL
  </size>
  <color>
   Оранжевый
  </color>
  <material>
   Нейлон
  </material>
  <price>
   760932
  </price>
  <rating>
   3.88
  </rating>
  <reviews>
   613570
  </reviews>
  <new>
   +
  </new>
  <exclusive>
   yes
  </exclusive>
  <sporty>
   no
  </sporty>
 </clothing>
 <clothing>
  <id>
   414033014
  </id>
  <name>
   Addidas Sweater H-4563
  </name>
  <category>
   Sweater
  </category>
  <size>
   M
  </size>
  <color>
   Красный
  </color>
  <material>
   Кожа
  </material>
  <price>
   541402
  </price>
  <rating>
   2.72
  </rating>
  <reviews>
   862227
  </reviews>
  <sporty>
   yes
  </sporty>
 </clothing>
 <clothing>
  <id>
   962962632
  </id>
  <name>
   Converse Blouse X-6306
  </name>
  <category>
   Blouse
  </category>
  <size>
   S
  </size>
  <color>
   Красный
  </color>
  <material>
   Шерсть
  </material>
  <price>
   212998
  </price>
  <rating>
   1.6
  </rating>
  <reviews>
   64658
  </reviews>
  <exclusive>
   yes
  </exclusive>
 </clothing>
 <clothing>
  <id>
   202810144
  </id>
  <name>
   Converse Gloves N-5539
  </name>
  <category>
   Gloves
  </category>
  <size>
   S
  </size>
  <color>
   Желтый
  </color>
  <material>
   Шелк
  </material>
  <price>
   170116
  </price>
  <rating>
   4.71
  </rating>
  <reviews>
   67867
  </reviews>
  <new>
   +
  </new>
  <sporty>
   no
  </sporty>
 </clothing>
 <clothing>
  <id>
   718836636
  </id>
  <name>
   PleinSport Jacket V-2385
  </name>
  <category>
   Jacket
  </category>
  <size>
   XL
  </size>
  <color>
   Синий
  </color>
  <material>
   Лен
  </material>
  <price>
   562342
  </price>
  <rating>
   2.95
  </rating>
  <reviews>
   6730
  </reviews>
  <new>
   -
  </new>
  <sporty>
   yes
  </sporty>
 </clothing>
 <clothing>
  <id>
   733996782
  </id>
  <name>
   Fila T-shirt I-5802
  </name>
  <category>
   T-shirt
  </category>
  <size>
   M
  </size>
  <color>
   Красный
  </color>
  <material>
   Лен
  </material>
  <price>
   996173
  </price>
  <rating>
   1.8
  </rating>
  <reviews>
   9991
  </reviews>
  <exclusive>
   no
  </exclusive>
  <sporty>
   yes
  </sporty>
 </clothing>
 <clothing>
  <id>
   275786606
  </id>
  <name>
   Puma Dress P-8264
  </name>
  <category>
   Dress
  </category>
  <size>
   S
  </size>
  <color>
   Фиолетовый
  </color>
  <material>
   Вискоза
  </material>
  <price>
   427935
  </price>
  <rating>
   2.34
  </rating>
  <reviews>
   490517
  </reviews>
  <new>
   -
  </new>
  <exclusive>
   yes
  </exclusive>
  <sporty>
   yes
  </sporty>
 </clothing>
 <clothing>
  <id>
   510932667
  </id>
  <name>
   Nike Handbags D-3046
  </name>
  <category>
   Handbags
  </category>
  <size>
   S
  </size>
  <color>
   Синий
  </color>
  <material>
   Кожа
  </material>
  <price>
   119393
  </price>
  <rating>
   4.41
  </rating>
  <reviews>
   721654
  </reviews>
  <new>
   +
  </new>
  <exclusive>
   no
  </exclusive>
  <sporty>
   yes
  </sporty>
 </clothing>
 <clothing>
  <id>
   641905658
  </id>
  <name>
   Nike Hat Q-9803
  </name>
  <category>
   Hat
  </category>
  <size>
   M
  </size>
  <color>
   Желтый
  </color>
  <material>
   Шелк
  </material>
  <price>
   605276
  </price>
  <rating>
   2.82
  </rating>
  <reviews>
   262370
  </reviews>
  <new>
   +
  </new>
  <sporty>
   yes
  </sporty>
 </clothing>
 <clothing>
  <id>
   297492927
  </id>
  <name>
   Fila Skirt V-3340
  </name>
  <category>
   Skirt
  </category>
  <size>
   L
  </size>
  <color>
   Желтый
  </color>
  <material>
   Хлопок
  </material>
  <price>
   548669
  </price>
  <rating>
   1.94
  </rating>
  <reviews>
   347541
  </reviews>
  <sporty>
   no
  </sporty>
 </clothing>
 <clothing>
  <id>
   760614897
  </id>
  <name>
   Asics Jeans O-1701
  </name>
  <category>
   Jeans
  </category>
  <size>
   L
  </size>
  <color>
   Зеленый
  </color>
  <material>
   Лен
  </material>
  <price>
   161030
  </price>
  <rating>
   4.39
  </rating>
  <reviews>
   566602
  </reviews>
  <new>
   +
  </new>
  <sporty>
   no
  </sporty>
 </clothing>
 <clothing>
  <id>
   317365557
  </id>
  <name>
   Lacoste Jacket T-3794
  </name>
  <category>
   Jacket
  </category>
  <size>
   XL
  </size>
  <color>
   Фиолетовый
  </color>
  <material>
   Кожа
  </material>
  <price>
   959502
  </price>
  <rating>
   1.27
  </rating>
  <reviews>
   91946
  </reviews>
  <new>
   +
  </new>
  <exclusive>
   no
  </exclusive>
 </clothing>
 <clothing>
  <id>
   124320131
  </id>
  <name>
   Brooks Gloves L-9897
  </name>
  <category>
   Gloves
  </category>
  <size>
   XL
  </size>
  <color>
   Синий
  </color>
  <material>
   Нейлон
  </material>
  <price>
   352287
  </price>
  <rating>
   2.86
  </rating>
  <reviews>
   348424
  </reviews>
  <new>
   -
  </new>
  <sporty>
   yes
  </sporty>
 </clothing>
 <clothing>
  <id>
   424528332
  </id>
  <name>
   Reebok Skirt Q-5929
  </name>
  <category>
   Skirt
  </category>
  <size>
   L
  </size>
  <color>
   Фиолетовый
  </color>
  <material>
   Нейлон
  </material>
  <price>
   639173
  </price>
  <rating>
   1.15
  </rating>
  <reviews>
   739216
  </reviews>
  <new>
   -
  </new>
  <exclusive>
   no
  </exclusive>
  <sporty>
   no
  </sporty>
 </clothing>
 <clothing>
  <id>
   778048525
  </id>
  <name>
   Brooks Belts U-7678
  </name>
  <category>
   Belts
  </category>
  <size>
   S
  </size>
  <color>
   Зеленый
  </color>
  <material>
   Вискоза
  </material>
  <price>
   852254
  </price>
  <rating>
   4.4
  </rating>
  <reviews>
   326113
  </reviews>
  <exclusive>
   yes
  </exclusive>
  <sporty>
   no
  </sporty>
 </clothing>
 <clothing>
  <id>
   262325085
  </id>
  <name>
   Under Armour Blouse P-3211
  </name>
  <category>
   Blouse
  </category>
  <size>
   XXL
  </size>
  <color>
   Оранжевый
  </color>
  <material>
   Шерсть
  </material>
  <price>
   756224
  </price>
  <rating>
   4.88
  </rating>
  <reviews>
   771463
  </reviews>
  <exclusive>
   yes
  </exclusive>
  <sporty>
   yes
  </sporty>
 </clothing>
 <clothing>
  <id>
   688949498
  </id>
  <name>
   PleinSport Dress S-4294
  </name>
  <category>
   Dress
  </category>
  <size>
   S
  </size>
  <color>
   Оранжевый
  </color>
  <material>
   Кожа
  </material>
  <price>
   954942
  </price>
  <rating>
   1.34
  </rating>
  <reviews>
   979149
  </reviews>
  <new>
   +
  </new>
  <sporty>
   yes
  </sporty>
 </clothing>
 <clothing>
  <id>
   423350315
  </id>
  <name>
   Converse Hat G-7405
  </name>
  <category>
   Hat
  </category>
  <size>
   S
  </size>
  <color>
   Оранжевый
  </color>
  <material>
   Шелк
  </material>
  <price>
   414787
  </price>
  <rating>
   2.76
  </rating>
  <reviews>
   67053
  </reviews>
  <exclusive>
   yes
  </exclusive>
 </clothing>
 <clothing>
  <id>
   640442319
  </id>
  <name>
   Lacoste Skirt S-2979
  </name>
  <category>
   Skirt
  </category>
  <size>
   L
  </size>
  <color>
   Синий
  </color>
  <material>
   Лен
  </material>
  <price>
   344689
  </price>
  <rating>
   2.69
  </rating>
  <reviews>
   135516
  </reviews>
  <new>
   +
  </new>
  <exclusive>
   no
  </exclusive>
 </clothing>
 <clothing>
  <id>
   966642239
  </id>
  <name>
   Lacoste Handbags B-8308
  </name>
  <category>
   Handbags
  </category>
  <size>
   L
  </size>
  <color>
   Фиолетовый
  </color>
  <material>
   Полиэстер
  </material>
  <price>
   128845
  </price>
  <rating>
   3.76
  </rating>
  <reviews>
   434710
  </reviews>
  <new>
   +
  </new>
  <exclusive>
   no
  </exclusive>
  <sporty>
   no
  </sporty>
 </clothing>
 <clothing>
  <id>
   915019495
  </id>
  <name>
   Addidas Jeans G-7764
  </name>
  <category>
   Jeans
  </category>
  <size>
   XXL
  </size>
  <color>
   Синий
  </color>
  <material>
   Шерсть
  </material>
  <price>
   226468
  </price>
  <rating>
   2.44
  </rating>
  <reviews>
   461415
  </reviews>
  <new>
   -
  </new>
  <exclusive>
   no
  </exclusive>
  <sporty>
   no
  </sporty>
 </clothing>
 <clothing>
  <id>
   502150306
  </id>
  <name>
   Puma Jeans S-3312
  </name>
  <category>
   Jeans
  </category>
  <size>
   XL
  </size>
  <color>
   Желтый
  </color>
  <material>
   Вискоза
  </material>
  <price>
   959674
  </price>
  <rating>
   4.18
  </rating>
  <reviews>
   187455
  </reviews>
  <new>
   -
  </new>
 </clothing>
 <clothing>
  <id>
   582091555
  </id>
  <name>
   DC Belts Z-6914
  </name>
  <category>
   Belts
  </category>
  <size>
   S
  </size>
  <color>
   Синий
  </color>
  <material>
   Полиэстер
  </material>
  <price>
   829071
  </price>
  <rating>
   2.22
  </rating>
  <reviews>
   120514
  </reviews>
  <new>
   -
  </new>
  <exclusive>
   no
  </exclusive>
  <sporty>
   no
  </sporty>
 </clothing>
 <clothing>
  <id>
   336970864
  </id>
  <name>
   New Balance Sweater Y-4670
  </name>
  <category>
   Sweater
  </category>
  <size>
   L
  </size>
  <color>
   Голубой
  </color>
  <material>
   Нейлон
  </material>
  <price>
   225136
  </price>
  <rating>
   3.0
  </rating>
  <reviews>
   633110
  </reviews>
 </clothing>
 <clothing>
  <id>
   569871631
  </id>
  <name>
   DC Belts K-6654
  </name>
  <category>
   Belts
  </category>
  <size>
   S
  </size>
  <color>
   Желтый
  </color>
  <material>
   Лен
  </material>
  <price>
   110180
  </price>
  <rating>
   1.04
  </rating>
  <reviews>
   685999
  </reviews>
  <exclusive>
   yes
  </exclusive>
 </clothing>
 <clothing>
  <id>
   450982039
  </id>
  <name>
   Adidas Pants J-2435
  </name>
  <category>
   Pants
  </category>
  <size>
   M
  </size>
  <color>
   Голубой
  </color>
  <material>
   Полиэстер
  </material>
  <price>
   315734
  </price>
  <rating>
   1.02
  </rating>
  <reviews>
   883782
  </reviews>
  <new>
   -
  </new>
  <sporty>
   yes
  </sporty>
 </clothing>
 <clothing>
  <id>
   419344508
  </id>
  <name>
   DC Pants U-1729
  </name>
  <category>
   Pants
  </category>
  <size>
   XXL
  </size>
  <color>
   Фиолетовый
  </color>
  <material>
   Полиэстер
  </material>
  <price>
   146328
  </price>
  <rating>
   1.76
  </rating>
  <reviews>
   119783
  </reviews>
  <new>
   -
  </new>
  <exclusive>
   no
  </exclusive>
 </clothing>
 <clothing>
  <id>
   600320241
  </id>
  <name>
   Fila Handbags O-5025
  </name>
  <category>
   Handbags
  </category>
  <size>
   L
  </size>
  <color>
   Голубой
  </color>
  <material>
   Шерсть
  </material>
  <price>
   619499
  </price>
  <rating>
   4.49
  </rating>
  <reviews>
   24139
  </reviews>
  <new>
   -
  </new>
  <exclusive>
   no
  </exclusive>
  <sporty>
   no
  </sporty>
 </clothing>
 <clothing>
  <id>
   430892235
  </id>
  <name>
   Reebok Jacket K-9535
  </name>
  <category>
   Jacket
  </category>
  <size>
   XXL
  </size>
  <color>
   Оранжевый
  </color>
  <material>
   Лен
  </material>
  <price>
   416677
  </price>
  <rating>
   2.94
  </rating>
  <reviews>
   771206
  </reviews>
  <exclusive>
   no
  </exclusive>
  <sporty>
   no
  </sporty>
 </clothing>
 <clothing>
  <id>
   203994665
  </id>
  <name>
   Addidas Blouse I-2696
  </name>
  <category>
   Blouse
  </category>
  <size>
   L
  </size>
  <color>
   Оранжевый
  </color>
  <material>
   Шелк
  </material>
  <price>
   772935
  </price>
  <rating>
   2.25
  </rating>
  <reviews>
   78199
  </reviews>
  <new>
   +
  </new>
  <exclusive>
   yes
  </exclusive>
  <sporty>
   no
  </sporty>
 </clothing>
 <clothing>
  <id>
   450552800
  </id>
  <name>
   Converse Blouse X-9554
  </name>
  <category>
   Blouse
  </category>
  <size>
   S
  </size>
  <color>
   Зеленый
  </color>
  <material>
   Полиэстер
  </material>
  <price>
   117598
  </price>
  <rating>
   1.84
  </rating>
  <reviews>
   766404
  </reviews>
  <exclusive>
   yes
  </exclusive>
 </clothing>
 <clothing>
  <id>
   321002157
  </id>
  <name>
   Addidas Hat K-6648
  </name>
  <category>
   Hat
  </category>
  <size>
   L
  </size>
  <color>
   Голубой
  </color>
  <material>
   Полиэстер
  </material>
  <price>
   200032
  </price>
  <rating>
   2.78
  </rating>
  <reviews>
   948494
  </reviews>
  <new>
   -
  </new>
  <exclusive>
   no
  </exclusive>
  <sporty>
   yes
  </sporty>
 </clothing>
 <clothing>
  <id>
   571518950
  </id>
  <name>
   Puma Shirt L-8768
  </name>
  <category>
   Shirt
  </category>
  <size>
   M
  </size>
  <color>
   Красный
  </color>
  <material>
   Вискоза
  </material>
  <price>
   263521
  </price>
  <rating>
   1.15
  </rating>
  <reviews>
   538892
  </reviews>
  <new>
   -
  </new>
  <exclusive>
   yes
  </exclusive>
  <sporty>
   yes
  </sporty>
 </clothing>
 <clothing>
  <id>
   170638409
  </id>
  <name>
   Puma Dress I-2321
  </name>
  <category>
   Dress
  </category>
  <size>
   S
  </size>
  <color>
   Синий
  </color>
  <material>
   Шелк
  </material>
  <price>
   418270
  </price>
  <rating>
   4.15
  </rating>
  <reviews>
   311176
  </reviews>
  <exclusive>
   no
  </exclusive>
  <sporty>
   yes
  </sporty>
 </clothing>
 <clothing>
  <id>
   496609672
  </id>
  <name>
   Asics Pants E-5990
  </name>
  <category>
   Pants
  </category>
  <size>
   M
  </size>
  <color>
   Зеленый
  </color>
  <material>
   Лен
  </material>
  <price>
   541378
  </price>
  <rating>
   4.7
  </rating>
  <reviews>
   687208
  </reviews>
  <exclusive>
   yes
  </exclusive>
 </clothing>
 <clothing>
  <id>
   458993302
  </id>
  <name>
   Ellesse Dress U-9657
  </name>
  <category>
   Dress
  </category>
  <size>
   L
  </size>
  <color>
   Фиолетовый
  </color>
  <material>
   Шелк
  </material>
  <price>
   761360
  </price>
  <rating>
   3.13
  </rating>
  <reviews>
   414404
  </reviews>
  <new>
   +
  </new>
  <exclusive>
   yes
  </exclusive>
  <sporty>
   yes
  </sporty>
 </clothing>
 <clothing>
  <id>
   121386452
  </id>
  <name>
   Addidas Pants X-5512
  </name>
  <category>
   Pants
  </category>
  <size>
   L
  </size>
  <color>
   Желтый
  </color>
  <material>
   Нейлон
  </material>
  <price>
   515585
  </price>
  <rating>
   2.95
  </rating>
  <reviews>
   881682
  </reviews>
 </clothing>
 <clothing>
  <id>
   670718967
  </id>
  <name>
   PleinSport Umbrellas X-8536
  </name>
  <category>
   Umbrellas
  </category>
  <size>
   XXL
  </size>
  <color>
   Голубой
  </color>
  <material>
   Шелк
  </material>
  <price>
   487267
  </price>
  <rating>
   3.4
  </rating>
  <reviews>
   875815
  </reviews>
  <new>
   -
  </new>
  <exclusive>
   no
  </exclusive>
 </clothing>
 <clothing>
  <id>
   806024882
  </id>
  <name>
   Under Armour Shirt I-6961
  </name>
  <category>
   Shirt
  </category>
  <size>
   L
  </size>
  <color>
   Красный
  </color>
  <material>
   Кожа
  </material>
  <price>
   841796
  </price>
  <rating>
   1.47
  </rating>
  <reviews>
   896291
  </reviews>
  <sporty>
   yes
  </sporty>
 </clothing>
 <clothing>
  <id>
   830861829
  </id>
  <name>
   Brooks Shirt S-1568
  </name>
  <category>
   Shirt
  </category>
  <size>
   S
  </size>
  <color>
   Красный
  </color>
  <material>
   Хлопок
  </material>
  <price>
   160289
  </price>
  <rating>
   2.87
  </rating>
  <reviews>
   997802
  </reviews>
  <new>
   +
  </new>
  <exclusive>
   yes
  </exclusive>
 </clothing>
</clothing-items>
