<?xml version="1.0" encoding="utf-8"?>
<clothing-items>
 <clothing>
  <id>
   608118855
  </id>
  <name>
   Nike T-shirt H-1837
  </name>
  <category>
   T-shirt
  </category>
  <size>
   L
  </size>
  <color>
   Желтый
  </color>
  <material>
   Шерсть
  </material>
  <price>
   286075
  </price>
  <rating>
   3.59
  </rating>
  <reviews>
   863327
  </reviews>
  <new>
   +
  </new>
  <sporty>
   no
  </sporty>
 </clothing>
 <clothing>
  <id>
   527614506
  </id>
  <name>
   New Balance Blouse U-7392
  </name>
  <category>
   Blouse
  </category>
  <size>
   M
  </size>
  <color>
   Красный
  </color>
  <material>
   Кожа
  </material>
  <price>
   767074
  </price>
  <rating>
   3.3
  </rating>
  <reviews>
   401276
  </reviews>
  <exclusive>
   no
  </exclusive>
  <sporty>
   no
  </sporty>
 </clothing>
 <clothing>
  <id>
   395502205
  </id>
  <name>
   Brooks Sweater Q-7534
  </name>
  <category>
   Sweater
  </category>
  <size>
   S
  </size>
  <color>
   Синий
  </color>
  <material>
   Кожа
  </material>
  <price>
   867818
  </price>
  <rating>
   4.95
  </rating>
  <reviews>
   239182
  </reviews>
  <new>
   -
  </new>
  <exclusive>
   yes
  </exclusive>
  <sporty>
   no
  </sporty>
 </clothing>
 <clothing>
  <id>
   736822447
  </id>
  <name>
   New Balance T-shirt X-9987
  </name>
  <category>
   T-shirt
  </category>
  <size>
   M
  </size>
  <color>
   Желтый
  </color>
  <material>
   Нейлон
  </material>
  <price>
   145461
  </price>
  <rating>
   1.79
  </rating>
  <reviews>
   410895
  </reviews>
  <sporty>
   yes
  </sporty>
 </clothing>
 <clothing>
  <id>
   180370703
  </id>
  <name>
   Vans Sweater O-5471
  </name>
  <category>
   Sweater
  </category>
  <size>
   M
  </size>
  <color>
   Фиолетовый
  </color>
  <material>
   Полиэстер
  </material>
  <price>
   936494
  </price>
  <rating>
   1.91
  </rating>
  <reviews>
   300439
  </reviews>
  <new>
   -
  </new>
  <exclusive>
   yes
  </exclusive>
  <sporty>
   yes
  </sporty>
 </clothing>
 <clothing>
  <id>
   112732706
  </id>
  <name>
   Under Armour Umbrellas D-5617
  </name>
  <category>
   Umbrellas
  </category>
  <size>
   L
  </size>
  <color>
   Оранжевый
  </color>
  <material>
   Кожа
  </material>
  <price>
   819664
  </price>
  <rating>
   3.2
  </rating>
  <reviews>
   280968
  </reviews>
  <new>
   -
  </new>
  <exclusive>
   no
  </exclusive>
 </clothing>
 <clothing>
  <id>
   980722757
  </id>
  <name>
   PleinSport Blouse D-2753
  </name>
  <category>
   Blouse
  </category>
  <size>
   XL
  </size>
  <color>
   Желтый
  </color>
  <material>
   Шерсть
  </material>
  <price>
   310098
  </price>
  <rating>
   3.88
  </rating>
  <reviews>
   808880
  </reviews>
  <exclusive>
   no
  </exclusive>
  <sporty>
   yes
  </sporty>
 </clothing>
 <clothing>
  <id>
   493233884
  </id>
  <name>
   New Balance Handbags H-4994
  </name>
  <category>
   Handbags
  </category>
  <size>
   XL
  </size>
  <color>
   Синий
  </color>
  <material>
   Шерсть
  </material>
  <price>
   509372
  </price>
  <rating>
   3.38
  </rating>
  <reviews>
   211933
  </reviews>
  <new>
   -
  </new>
  <sporty>
   yes
  </sporty>
 </clothing>
 <clothing>
  <id>
   541609606
  </id>
  <name>
   Fila Skirt P-1123
  </name>
  <category>
   Skirt
  </category>
  <size>
   L
  </size>
  <color>
   Зеленый
  </color>
  <material>
   Шелк
  </material>
  <price>
   139508
  </price>
  <rating>
   4.87
  </rating>
  <reviews>
   730170
  </reviews>
  <new>
   +
  </new>
  <sporty>
   no
  </sporty>
 </clothing>
 <clothing>
  <id>
   895028553
  </id>
  <name>
   Puma T-shirt O-4706
  </name>
  <category>
   T-shirt
  </category>
  <size>
   M
  </size>
  <color>
   Зеленый
  </color>
  <material>
   Лен
  </material>
  <price>
   528124
  </price>
  <rating>
   3.17
  </rating>
  <reviews>
   43026
  </reviews>
  <new>
   -
  </new>
  <exclusive>
   no
  </exclusive>
 </clothing>
 <clothing>
  <id>
   629659754
  </id>
  <name>
   Vans Skirt Y-4259
  </name>
  <category>
   Skirt
  </category>
  <size>
   L
  </size>
  <color>
   Синий
  </color>
  <material>
   Лен
  </material>
  <price>
   173165
  </price>
  <rating>
   4.53
  </rating>
  <reviews>
   382609
  </reviews>
  <new>
   +
  </new>
  <sporty>
   no
  </sporty>
 </clothing>
 <clothing>
  <id>
   708457304
  </id>
  <name>
   PleinSport Umbrellas K-9590
  </name>
  <category>
   Umbrellas
  </category>
  <size>
   XXL
  </size>
  <color>
   Фиолетовый
  </color>
  <material>
   Хлопок
  </material>
  <price>
   572806
  </price>
  <rating>
   4.09
  </rating>
  <reviews>
   435431
  </reviews>
  <new>
   -
  </new>
  <exclusive>
   yes
  </exclusive>
 </clothing>
 <clothing>
  <id>
   753851244
  </id>
  <name>
   Under Armour T-shirt X-8361
  </name>
  <category>
   T-shirt
  </category>
  <size>
   XL
  </size>
  <color>
   Зеленый
  </color>
  <material>
   Полиэстер
  </material>
  <price>
   239179
  </price>
  <rating>
   3.94
  </rating>
  <reviews>
   855326
  </reviews>
  <new>
   -
  </new>
 </clothing>
 <clothing>
  <id>
   169494291
  </id>
  <name>
   Fila Dress G-6152
  </name>
  <category>
   Dress
  </category>
  <size>
   L
  </size>
  <color>
   Синий
  </color>
  <material>
   Кожа
  </material>
  <price>
   572149
  </price>
  <rating>
   1.6
  </rating>
  <reviews>
   375854
  </reviews>
  <sporty>
   no
  </sporty>
 </clothing>
 <clothing>
  <id>
   817448382
  </id>
  <name>
   DC T-shirt J-7981
  </name>
  <category>
   T-shirt
  </category>
  <size>
   L
  </size>
  <color>
   Красный
  </color>
  <material>
   Шерсть
  </material>
  <price>
   769447
  </price>
  <rating>
   2.9
  </rating>
  <reviews>
   100646
  </reviews>
  <exclusive>
   no
  </exclusive>
  <sporty>
   no
  </sporty>
 </clothing>
 <clothing>
  <id>
   452808192
  </id>
  <name>
   Converse Blouse X-9296
  </name>
  <category>
   Blouse
  </category>
  <size>
   XL
  </size>
  <color>
   Фиолетовый
  </color>
  <material>
   Шерсть
  </material>
  <price>
   403309
  </price>
  <rating>
   1.23
  </rating>
  <reviews>
   542181
  </reviews>
  <new>
   +
  </new>
  <exclusive>
   no
  </exclusive>
 </clothing>
 <clothing>
  <id>
   548144983
  </id>
  <name>
   Reebok Blouse S-8895
  </name>
  <category>
   Blouse
  </category>
  <size>
   M
  </size>
  <color>
   Желтый
  </color>
  <material>
   Нейлон
  </material>
  <price>
   959360
  </price>
  <rating>
   3.8
  </rating>
  <reviews>
   380127
  </reviews>
  <new>
   -
  </new>
  <exclusive>
   yes
  </exclusive>
 </clothing>
 <clothing>
  <id>
   890286082
  </id>
  <name>
   Lacoste Hat W-2163
  </name>
  <category>
   Hat
  </category>
  <size>
   M
  </size>
  <color>
   Желтый
  </color>
  <material>
   Вискоза
  </material>
  <price>
   928091
  </price>
  <rating>
   4.71
  </rating>
  <reviews>
   241386
  </reviews>
  <new>
   -
  </new>
  <sporty>
   no
  </sporty>
 </clothing>
 <clothing>
  <id>
   119250427
  </id>
  <name>
   PleinSport Sweater V-5999
  </name>
  <category>
   Sweater
  </category>
  <size>
   S
  </size>
  <color>
   Синий
  </color>
  <material>
   Шерсть
  </material>
  <price>
   759379
  </price>
  <rating>
   3.21
  </rating>
  <reviews>
   418641
  </reviews>
  <sporty>
   no
  </sporty>
 </clothing>
 <clothing>
  <id>
   616583521
  </id>
  <name>
   Puma Skirt G-8001
  </name>
  <category>
   Skirt
  </category>
  <size>
   M
  </size>
  <color>
   Голубой
  </color>
  <material>
   Шерсть
  </material>
  <price>
   703630
  </price>
  <rating>
   2.72
  </rating>
  <reviews>
   204488
  </reviews>
  <new>
   +
  </new>
  <exclusive>
   no
  </exclusive>
  <sporty>
   yes
  </sporty>
 </clothing>
 <clothing>
  <id>
   507601124
  </id>
  <name>
   PleinSport Dress X-2781
  </name>
  <category>
   Dress
  </category>
  <size>
   XL
  </size>
  <color>
   Голубой
  </color>
  <material>
   Шерсть
  </material>
  <price>
   820295
  </price>
  <rating>
   2.35
  </rating>
  <reviews>
   876886
  </reviews>
  <sporty>
   yes
  </sporty>
 </clothing>
 <clothing>
  <id>
   592333399
  </id>
  <name>
   Addidas Gloves S-4539
  </name>
  <category>
   Gloves
  </category>
  <size>
   M
  </size>
  <color>
   Фиолетовый
  </color>
  <material>
   Кожа
  </material>
  <price>
   401761
  </price>
  <rating>
   1.77
  </rating>
  <reviews>
   105959
  </reviews>
 </clothing>
 <clothing>
  <id>
   857926826
  </id>
  <name>
   DC Handbags J-6772
  </name>
  <category>
   Handbags
  </category>
  <size>
   L
  </size>
  <color>
   Фиолетовый
  </color>
  <material>
   Шерсть
  </material>
  <price>
   854761
  </price>
  <rating>
   4.79
  </rating>
  <reviews>
   568974
  </reviews>
  <sporty>
   yes
  </sporty>
 </clothing>
 <clothing>
  <id>
   358950021
  </id>
  <name>
   PleinSport Blouse K-9035
  </name>
  <category>
   Blouse
  </category>
  <size>
   XXL
  </size>
  <color>
   Зеленый
  </color>
  <material>
   Нейлон
  </material>
  <price>
   952130
  </price>
  <rating>
   4.41
  </rating>
  <reviews>
   428287
  </reviews>
  <new>
   +
  </new>
  <exclusive>
   no
  </exclusive>
 </clothing>
 <clothing>
  <id>
   991520347
  </id>
  <name>
   Asics Skirt N-4381
  </name>
  <category>
   Skirt
  </category>
  <size>
   XL
  </size>
  <color>
   Голубой
  </color>
  <material>
   Полиэстер
  </material>
  <price>
   776651
  </price>
  <rating>
   3.79
  </rating>
  <reviews>
   432144
  </reviews>
  <new>
   -
  </new>
  <exclusive>
   no
  </exclusive>
  <sporty>
   yes
  </sporty>
 </clothing>
 <clothing>
  <id>
   218273524
  </id>
  <name>
   DC Umbrellas C-8458
  </name>
  <category>
   Umbrellas
  </category>
  <size>
   S
  </size>
  <color>
   Красный
  </color>
  <material>
   Вискоза
  </material>
  <price>
   559731
  </price>
  <rating>
   4.49
  </rating>
  <reviews>
   13072
  </reviews>
  <exclusive>
   no
  </exclusive>
 </clothing>
 <clothing>
  <id>
   124285882
  </id>
  <name>
   Addidas Shirt L-8256
  </name>
  <category>
   Shirt
  </category>
  <size>
   S
  </size>
  <color>
   Фиолетовый
  </color>
  <material>
   Нейлон
  </material>
  <price>
   536410
  </price>
  <rating>
   3.86
  </rating>
  <reviews>
   720137
  </reviews>
  <new>
   -
  </new>
  <exclusive>
   no
  </exclusive>
  <sporty>
   yes
  </sporty>
 </clothing>
 <clothing>
  <id>
   426734285
  </id>
  <name>
   Under Armour Shoes Q-3922
  </name>
  <category>
   Shoes
  </category>
  <size>
   XL
  </size>
  <color>
   Красный
  </color>
  <material>
   Лен
  </material>
  <price>
   769583
  </price>
  <rating>
   1.22
  </rating>
  <reviews>
   738277
  </reviews>
  <new>
   -
  </new>
 </clothing>
 <clothing>
  <id>
   890977465
  </id>
  <name>
   Ellesse Dress O-8021
  </name>
  <category>
   Dress
  </category>
  <size>
   XXL
  </size>
  <color>
   Зеленый
  </color>
  <material>
   Кожа
  </material>
  <price>
   674379
  </price>
  <rating>
   1.29
  </rating>
  <reviews>
   280372
  </reviews>
  <new>
   -
  </new>
  <exclusive>
   yes
  </exclusive>
 </clothing>
 <clothing>
  <id>
   757483129
  </id>
  <name>
   Addidas Pants J-4802
  </name>
  <category>
   Pants
  </category>
  <size>
   L
  </size>
  <color>
   Оранжевый
  </color>
  <material>
   Хлопок
  </material>
  <price>
   513413
  </price>
  <rating>
   2.95
  </rating>
  <reviews>
   559620
  </reviews>
  <new>
   +
  </new>
  <sporty>
   no
  </sporty>
 </clothing>
 <clothing>
  <id>
   831333000
  </id>
  <name>
   Ellesse T-shirt N-5545
  </name>
  <category>
   T-shirt
  </category>
  <size>
   M
  </size>
  <color>
   Желтый
  </color>
  <material>
   Полиэстер
  </material>
  <price>
   450785
  </price>
  <rating>
   2.32
  </rating>
  <reviews>
   989944
  </reviews>
  <new>
   +
  </new>
  <exclusive>
   no
  </exclusive>
 </clothing>
 <clothing>
  <id>
   603301363
  </id>
  <name>
   Under Armour Umbrellas M-5042
  </name>
  <category>
   Umbrellas
  </category>
  <size>
   S
  </size>
  <color>
   Желтый
  </color>
  <material>
   Нейлон
  </material>
  <price>
   571834
  </price>
  <rating>
   1.94
  </rating>
  <reviews>
   459184
  </reviews>
  <exclusive>
   yes
  </exclusive>
  <sporty>
   no
  </sporty>
 </clothing>
</clothing-items>
