<?xml version="1.0" encoding="utf-8"?>
<clothing-items>
 <clothing>
  <id>
   840329962
  </id>
  <name>
   Nike Umbrellas D-9160
  </name>
  <category>
   Umbrellas
  </category>
  <size>
   L
  </size>
  <color>
   Зеленый
  </color>
  <material>
   Полиэстер
  </material>
  <price>
   921777
  </price>
  <rating>
   4.44
  </rating>
  <reviews>
   721870
  </reviews>
  <sporty>
   no
  </sporty>
 </clothing>
 <clothing>
  <id>
   952757931
  </id>
  <name>
   Adidas Hat A-2336
  </name>
  <category>
   Hat
  </category>
  <size>
   XXL
  </size>
  <color>
   Красный
  </color>
  <material>
   Вискоза
  </material>
  <price>
   595109
  </price>
  <rating>
   4.04
  </rating>
  <reviews>
   462105
  </reviews>
  <exclusive>
   no
  </exclusive>
 </clothing>
 <clothing>
  <id>
   896975960
  </id>
  <name>
   Addidas Pants A-5549
  </name>
  <category>
   Pants
  </category>
  <size>
   M
  </size>
  <color>
   Синий
  </color>
  <material>
   Вискоза
  </material>
  <price>
   871434
  </price>
  <rating>
   2.92
  </rating>
  <reviews>
   971733
  </reviews>
  <new>
   -
  </new>
 </clothing>
 <clothing>
  <id>
   350171419
  </id>
  <name>
   Addidas Blouse O-7120
  </name>
  <category>
   Blouse
  </category>
  <size>
   XL
  </size>
  <color>
   Оранжевый
  </color>
  <material>
   Лен
  </material>
  <price>
   946452
  </price>
  <rating>
   3.56
  </rating>
  <reviews>
   438025
  </reviews>
  <sporty>
   yes
  </sporty>
 </clothing>
 <clothing>
  <id>
   662471363
  </id>
  <name>
   PleinSport Skirt U-2192
  </name>
  <category>
   Skirt
  </category>
  <size>
   S
  </size>
  <color>
   Фиолетовый
  </color>
  <material>
   Вискоза
  </material>
  <price>
   142475
  </price>
  <rating>
   4.01
  </rating>
  <reviews>
   739794
  </reviews>
  <sporty>
   yes
  </sporty>
 </clothing>
 <clothing>
  <id>
   961688333
  </id>
  <name>
   Vans Sweater A-2539
  </name>
  <category>
   Sweater
  </category>
  <size>
   XXL
  </size>
  <color>
   Голубой
  </color>
  <material>
   Шелк
  </material>
  <price>
   395697
  </price>
  <rating>
   3.64
  </rating>
  <reviews>
   470222
  </reviews>
 </clothing>
 <clothing>
  <id>
   652796860
  </id>
  <name>
   Converse Skirt I-9928
  </name>
  <category>
   Skirt
  </category>
  <size>
   L
  </size>
  <color>
   Зеленый
  </color>
  <material>
   Шерсть
  </material>
  <price>
   965107
  </price>
  <rating>
   3.5
  </rating>
  <reviews>
   948859
  </reviews>
  <sporty>
   yes
  </sporty>
 </clothing>
 <clothing>
  <id>
   405699580
  </id>
  <name>
   Nike T-shirt P-1369
  </name>
  <category>
   T-shirt
  </category>
  <size>
   XL
  </size>
  <color>
   Оранжевый
  </color>
  <material>
   Шерсть
  </material>
  <price>
   717949
  </price>
  <rating>
   4.48
  </rating>
  <reviews>
   632724
  </reviews>
  <exclusive>
   no
  </exclusive>
 </clothing>
 <clothing>
  <id>
   923768590
  </id>
  <name>
   New Balance Shoes D-4276
  </name>
  <category>
   Shoes
  </category>
  <size>
   XL
  </size>
  <color>
   Желтый
  </color>
  <material>
   Полиэстер
  </material>
  <price>
   518266
  </price>
  <rating>
   1.81
  </rating>
  <reviews>
   248328
  </reviews>
  <exclusive>
   no
  </exclusive>
 </clothing>
 <clothing>
  <id>
   936816163
  </id>
  <name>
   DC Sweater B-4177
  </name>
  <category>
   Sweater
  </category>
  <size>
   M
  </size>
  <color>
   Зеленый
  </color>
  <material>
   Кожа
  </material>
  <price>
   329042
  </price>
  <rating>
   1.09
  </rating>
  <reviews>
   532124
  </reviews>
  <new>
   -
  </new>
  <sporty>
   yes
  </sporty>
 </clothing>
 <clothing>
  <id>
   743874229
  </id>
  <name>
   Under Armour Jeans X-1000
  </name>
  <category>
   Jeans
  </category>
  <size>
   L
  </size>
  <color>
   Фиолетовый
  </color>
  <material>
   Шелк
  </material>
  <price>
   952775
  </price>
  <rating>
   4.78
  </rating>
  <reviews>
   852793
  </reviews>
  <new>
   -
  </new>
  <exclusive>
   no
  </exclusive>
 </clothing>
 <clothing>
  <id>
   836065150
  </id>
  <name>
   New Balance Pants Y-4506
  </name>
  <category>
   Pants
  </category>
  <size>
   XXL
  </size>
  <color>
   Зеленый
  </color>
  <material>
   Вискоза
  </material>
  <price>
   331524
  </price>
  <rating>
   1.97
  </rating>
  <reviews>
   135294
  </reviews>
  <sporty>
   no
  </sporty>
 </clothing>
 <clothing>
  <id>
   449791902
  </id>
  <name>
   New Balance Jeans T-4328
  </name>
  <category>
   Jeans
  </category>
  <size>
   S
  </size>
  <color>
   Оранжевый
  </color>
  <material>
   Шелк
  </material>
  <price>
   935783
  </price>
  <rating>
   3.81
  </rating>
  <reviews>
   429428
  </reviews>
  <sporty>
   no
  </sporty>
 </clothing>
 <clothing>
  <id>
   515213823
  </id>
  <name>
   DC Sweater U-3000
  </name>
  <category>
   Sweater
  </category>
  <size>
   L
  </size>
  <color>
   Голубой
  </color>
  <material>
   Нейлон
  </material>
  <price>
   670167
  </price>
  <rating>
   1.77
  </rating>
  <reviews>
   257518
  </reviews>
  <new>
   -
  </new>
  <exclusive>
   no
  </exclusive>
 </clothing>
 <clothing>
  <id>
   699752175
  </id>
  <name>
   Fila Jeans F-6512
  </name>
  <category>
   Jeans
  </category>
  <size>
   L
  </size>
  <color>
   Голубой
  </color>
  <material>
   Кожа
  </material>
  <price>
   254115
  </price>
  <rating>
   3.32
  </rating>
  <reviews>
   364845
  </reviews>
  <new>
   +
  </new>
 </clothing>
 <clothing>
  <id>
   298885924
  </id>
  <name>
   Vans Shirt E-5860
  </name>
  <category>
   Shirt
  </category>
  <size>
   XXL
  </size>
  <color>
   Зеленый
  </color>
  <material>
   Вискоза
  </material>
  <price>
   569472
  </price>
  <rating>
   1.22
  </rating>
  <reviews>
   595950
  </reviews>
  <exclusive>
   yes
  </exclusive>
  <sporty>
   no
  </sporty>
 </clothing>
 <clothing>
  <id>
   641036523
  </id>
  <name>
   Lacoste Pants D-9847
  </name>
  <category>
   Pants
  </category>
  <size>
   S
  </size>
  <color>
   Фиолетовый
  </color>
  <material>
   Шерсть
  </material>
  <price>
   701686
  </price>
  <rating>
   3.38
  </rating>
  <reviews>
   511286
  </reviews>
  <new>
   -
  </new>
  <sporty>
   no
  </sporty>
 </clothing>
 <clothing>
  <id>
   822904820
  </id>
  <name>
   Converse Gloves I-6246
  </name>
  <category>
   Gloves
  </category>
  <size>
   L
  </size>
  <color>
   Оранжевый
  </color>
  <material>
   Лен
  </material>
  <price>
   231344
  </price>
  <rating>
   4.69
  </rating>
  <reviews>
   221452
  </reviews>
  <new>
   -
  </new>
  <exclusive>
   no
  </exclusive>
  <sporty>
   no
  </sporty>
 </clothing>
 <clothing>
  <id>
   811081972
  </id>
  <name>
   Fila Shirt H-2217
  </name>
  <category>
   Shirt
  </category>
  <size>
   S
  </size>
  <color>
   Красный
  </color>
  <material>
   Кожа
  </material>
  <price>
   200929
  </price>
  <rating>
   1.55
  </rating>
  <reviews>
   108794
  </reviews>
  <new>
   -
  </new>
 </clothing>
 <clothing>
  <id>
   819908267
  </id>
  <name>
   Lacoste Shirt P-5634
  </name>
  <category>
   Shirt
  </category>
  <size>
   XXL
  </size>
  <color>
   Синий
  </color>
  <material>
   Хлопок
  </material>
  <price>
   415466
  </price>
  <rating>
   2.43
  </rating>
  <reviews>
   953815
  </reviews>
  <exclusive>
   yes
  </exclusive>
  <sporty>
   no
  </sporty>
 </clothing>
 <clothing>
  <id>
   462554830
  </id>
  <name>
   Adidas Skirt H-4526
  </name>
  <category>
   Skirt
  </category>
  <size>
   XXL
  </size>
  <color>
   Фиолетовый
  </color>
  <material>
   Нейлон
  </material>
  <price>
   480261
  </price>
  <rating>
   2.53
  </rating>
  <reviews>
   541900
  </reviews>
  <new>
   -
  </new>
  <sporty>
   no
  </sporty>
 </clothing>
 <clothing>
  <id>
   591028739
  </id>
  <name>
   Adidas Socks T-3862
  </name>
  <category>
   Socks
  </category>
  <size>
   M
  </size>
  <color>
   Оранжевый
  </color>
  <material>
   Полиэстер
  </material>
  <price>
   358111
  </price>
  <rating>
   1.87
  </rating>
  <reviews>
   22260
  </reviews>
  <new>
   -
  </new>
  <exclusive>
   no
  </exclusive>
  <sporty>
   no
  </sporty>
 </clothing>
</clothing-items>
