<?xml version="1.0" encoding="utf-8"?>
<clothing-items>
 <clothing>
  <id>
   177123075
  </id>
  <name>
   New Balance Hat B-1556
  </name>
  <category>
   Hat
  </category>
  <size>
   L
  </size>
  <color>
   Красный
  </color>
  <material>
   Хлопок
  </material>
  <price>
   240390
  </price>
  <rating>
   2.34
  </rating>
  <reviews>
   284326
  </reviews>
  <new>
   -
  </new>
  <exclusive>
   yes
  </exclusive>
 </clothing>
 <clothing>
  <id>
   221353047
  </id>
  <name>
   DC Socks X-3386
  </name>
  <category>
   Socks
  </category>
  <size>
   XL
  </size>
  <color>
   Синий
  </color>
  <material>
   Полиэстер
  </material>
  <price>
   808292
  </price>
  <rating>
   2.04
  </rating>
  <reviews>
   589998
  </reviews>
  <new>
   +
  </new>
  <sporty>
   no
  </sporty>
 </clothing>
 <clothing>
  <id>
   306508091
  </id>
  <name>
   Asics Shoes W-5108
  </name>
  <category>
   Shoes
  </category>
  <size>
   M
  </size>
  <color>
   Синий
  </color>
  <material>
   Шелк
  </material>
  <price>
   975548
  </price>
  <rating>
   4.39
  </rating>
  <reviews>
   660383
  </reviews>
  <sporty>
   yes
  </sporty>
 </clothing>
 <clothing>
  <id>
   458333280
  </id>
  <name>
   Nike Sweater V-4390
  </name>
  <category>
   Sweater
  </category>
  <size>
   L
  </size>
  <color>
   Желтый
  </color>
  <material>
   Шерсть
  </material>
  <price>
   404024
  </price>
  <rating>
   4.85
  </rating>
  <reviews>
   619378
  </reviews>
  <new>
   +
  </new>
  <sporty>
   yes
  </sporty>
 </clothing>
 <clothing>
  <id>
   269056265
  </id>
  <name>
   Reebok Umbrellas H-2315
  </name>
  <category>
   Umbrellas
  </category>
  <size>
   XL
  </size>
  <color>
   Оранжевый
  </color>
  <material>
   Вискоза
  </material>
  <price>
   669679
  </price>
  <rating>
   3.94
  </rating>
  <reviews>
   314042
  </reviews>
  <new>
   -
  </new>
  <sporty>
   no
  </sporty>
 </clothing>
 <clothing>
  <id>
   858212503
  </id>
  <name>
   Under Armour Blouse U-2075
  </name>
  <category>
   Blouse
  </category>
  <size>
   XXL
  </size>
  <color>
   Красный
  </color>
  <material>
   Кожа
  </material>
  <price>
   211522
  </price>
  <rating>
   1.03
  </rating>
  <reviews>
   570963
  </reviews>
  <exclusive>
   yes
  </exclusive>
 </clothing>
 <clothing>
  <id>
   954412580
  </id>
  <name>
   Vans Handbags F-9428
  </name>
  <category>
   Handbags
  </category>
  <size>
   XL
  </size>
  <color>
   Синий
  </color>
  <material>
   Нейлон
  </material>
  <price>
   619554
  </price>
  <rating>
   2.48
  </rating>
  <reviews>
   208428
  </reviews>
 </clothing>
 <clothing>
  <id>
   495012003
  </id>
  <name>
   Reebok Socks U-1945
  </name>
  <category>
   Socks
  </category>
  <size>
   S
  </size>
  <color>
   Желтый
  </color>
  <material>
   Лен
  </material>
  <price>
   148551
  </price>
  <rating>
   3.77
  </rating>
  <reviews>
   746888
  </reviews>
  <exclusive>
   no
  </exclusive>
  <sporty>
   yes
  </sporty>
 </clothing>
 <clothing>
  <id>
   953812415
  </id>
  <name>
   Ellesse Pants A-5052
  </name>
  <category>
   Pants
  </category>
  <size>
   S
  </size>
  <color>
   Зеленый
  </color>
  <material>
   Полиэстер
  </material>
  <price>
   826577
  </price>
  <rating>
   3.25
  </rating>
  <reviews>
   131782
  </reviews>
  <exclusive>
   no
  </exclusive>
 </clothing>
 <clothing>
  <id>
   828266892
  </id>
  <name>
   Brooks Jacket J-7649
  </name>
  <category>
   Jacket
  </category>
  <size>
   M
  </size>
  <color>
   Желтый
  </color>
  <material>
   Хлопок
  </material>
  <price>
   240543
  </price>
  <rating>
   2.22
  </rating>
  <reviews>
   207297
  </reviews>
  <new>
   -
  </new>
  <exclusive>
   yes
  </exclusive>
  <sporty>
   no
  </sporty>
 </clothing>
 <clothing>
  <id>
   925242293
  </id>
  <name>
   Asics Blouse P-7873
  </name>
  <category>
   Blouse
  </category>
  <size>
   XL
  </size>
  <color>
   Оранжевый
  </color>
  <material>
   Хлопок
  </material>
  <price>
   909338
  </price>
  <rating>
   3.39
  </rating>
  <reviews>
   427259
  </reviews>
  <exclusive>
   no
  </exclusive>
  <sporty>
   yes
  </sporty>
 </clothing>
 <clothing>
  <id>
   274916214
  </id>
  <name>
   New Balance Shirt X-3329
  </name>
  <category>
   Shirt
  </category>
  <size>
   M
  </size>
  <color>
   Желтый
  </color>
  <material>
   Шелк
  </material>
  <price>
   389307
  </price>
  <rating>
   2.97
  </rating>
  <reviews>
   629719
  </reviews>
  <sporty>
   yes
  </sporty>
 </clothing>
 <clothing>
  <id>
   123883755
  </id>
  <name>
   PleinSport Blouse B-8861
  </name>
  <category>
   Blouse
  </category>
  <size>
   XXL
  </size>
  <color>
   Фиолетовый
  </color>
  <material>
   Хлопок
  </material>
  <price>
   477361
  </price>
  <rating>
   3.62
  </rating>
  <reviews>
   817356
  </reviews>
  <sporty>
   no
  </sporty>
 </clothing>
 <clothing>
  <id>
   867339772
  </id>
  <name>
   Addidas Skirt Z-1519
  </name>
  <category>
   Skirt
  </category>
  <size>
   S
  </size>
  <color>
   Фиолетовый
  </color>
  <material>
   Лен
  </material>
  <price>
   461827
  </price>
  <rating>
   4.68
  </rating>
  <reviews>
   281717
  </reviews>
  <new>
   -
  </new>
  <exclusive>
   no
  </exclusive>
 </clothing>
 <clothing>
  <id>
   713609927
  </id>
  <name>
   Ellesse T-shirt L-9651
  </name>
  <category>
   T-shirt
  </category>
  <size>
   L
  </size>
  <color>
   Желтый
  </color>
  <material>
   Вискоза
  </material>
  <price>
   954263
  </price>
  <rating>
   3.5
  </rating>
  <reviews>
   555978
  </reviews>
  <exclusive>
   no
  </exclusive>
 </clothing>
 <clothing>
  <id>
   105268968
  </id>
  <name>
   Adidas Jeans U-6661
  </name>
  <category>
   Jeans
  </category>
  <size>
   XL
  </size>
  <color>
   Фиолетовый
  </color>
  <material>
   Хлопок
  </material>
  <price>
   761108
  </price>
  <rating>
   4.86
  </rating>
  <reviews>
   519053
  </reviews>
  <exclusive>
   yes
  </exclusive>
 </clothing>
 <clothing>
  <id>
   579730491
  </id>
  <name>
   Addidas T-shirt X-6598
  </name>
  <category>
   T-shirt
  </category>
  <size>
   L
  </size>
  <color>
   Красный
  </color>
  <material>
   Полиэстер
  </material>
  <price>
   412250
  </price>
  <rating>
   3.85
  </rating>
  <reviews>
   12650
  </reviews>
 </clothing>
 <clothing>
  <id>
   724234823
  </id>
  <name>
   Reebok Handbags F-6371
  </name>
  <category>
   Handbags
  </category>
  <size>
   S
  </size>
  <color>
   Синий
  </color>
  <material>
   Хлопок
  </material>
  <price>
   882739
  </price>
  <rating>
   1.14
  </rating>
  <reviews>
   85478
  </reviews>
  <new>
   -
  </new>
  <exclusive>
   no
  </exclusive>
  <sporty>
   no
  </sporty>
 </clothing>
 <clothing>
  <id>
   536717532
  </id>
  <name>
   Asics Handbags V-7844
  </name>
  <category>
   Handbags
  </category>
  <size>
   M
  </size>
  <color>
   Голубой
  </color>
  <material>
   Кожа
  </material>
  <price>
   842727
  </price>
  <rating>
   1.75
  </rating>
  <reviews>
   929755
  </reviews>
  <exclusive>
   no
  </exclusive>
  <sporty>
   yes
  </sporty>
 </clothing>
 <clothing>
  <id>
   585218168
  </id>
  <name>
   Adidas Hat M-4430
  </name>
  <category>
   Hat
  </category>
  <size>
   S
  </size>
  <color>
   Голубой
  </color>
  <material>
   Шелк
  </material>
  <price>
   430445
  </price>
  <rating>
   1.38
  </rating>
  <reviews>
   510661
  </reviews>
  <exclusive>
   no
  </exclusive>
  <sporty>
   no
  </sporty>
 </clothing>
 <clothing>
  <id>
   511144010
  </id>
  <name>
   DC Shirt U-5217
  </name>
  <category>
   Shirt
  </category>
  <size>
   S
  </size>
  <color>
   Голубой
  </color>
  <material>
   Хлопок
  </material>
  <price>
   562869
  </price>
  <rating>
   3.81
  </rating>
  <reviews>
   76750
  </reviews>
  <new>
   -
  </new>
  <exclusive>
   yes
  </exclusive>
  <sporty>
   no
  </sporty>
 </clothing>
 <clothing>
  <id>
   392288884
  </id>
  <name>
   Addidas T-shirt W-5894
  </name>
  <category>
   T-shirt
  </category>
  <size>
   XL
  </size>
  <color>
   Фиолетовый
  </color>
  <material>
   Кожа
  </material>
  <price>
   591169
  </price>
  <rating>
   4.1
  </rating>
  <reviews>
   248757
  </reviews>
  <sporty>
   no
  </sporty>
 </clothing>
 <clothing>
  <id>
   485733327
  </id>
  <name>
   Puma Dress E-6651
  </name>
  <category>
   Dress
  </category>
  <size>
   L
  </size>
  <color>
   Зеленый
  </color>
  <material>
   Шерсть
  </material>
  <price>
   611549
  </price>
  <rating>
   3.41
  </rating>
  <reviews>
   723240
  </reviews>
  <sporty>
   yes
  </sporty>
 </clothing>
 <clothing>
  <id>
   295217351
  </id>
  <name>
   PleinSport Sweater L-1425
  </name>
  <category>
   Sweater
  </category>
  <size>
   S
  </size>
  <color>
   Оранжевый
  </color>
  <material>
   Лен
  </material>
  <price>
   407150
  </price>
  <rating>
   2.81
  </rating>
  <reviews>
   342930
  </reviews>
  <new>
   -
  </new>
 </clothing>
 <clothing>
  <id>
   577034144
  </id>
  <name>
   New Balance Skirt V-3736
  </name>
  <category>
   Skirt
  </category>
  <size>
   XL
  </size>
  <color>
   Синий
  </color>
  <material>
   Кожа
  </material>
  <price>
   899450
  </price>
  <rating>
   2.18
  </rating>
  <reviews>
   757586
  </reviews>
  <new>
   +
  </new>
  <exclusive>
   no
  </exclusive>
  <sporty>
   no
  </sporty>
 </clothing>
 <clothing>
  <id>
   117485632
  </id>
  <name>
   Brooks Umbrellas I-4968
  </name>
  <category>
   Umbrellas
  </category>
  <size>
   XXL
  </size>
  <color>
   Оранжевый
  </color>
  <material>
   Нейлон
  </material>
  <price>
   577728
  </price>
  <rating>
   4.32
  </rating>
  <reviews>
   811009
  </reviews>
  <sporty>
   no
  </sporty>
 </clothing>
 <clothing>
  <id>
   305740621
  </id>
  <name>
   PleinSport Belts M-4760
  </name>
  <category>
   Belts
  </category>
  <size>
   M
  </size>
  <color>
   Фиолетовый
  </color>
  <material>
   Шерсть
  </material>
  <price>
   471191
  </price>
  <rating>
   1.95
  </rating>
  <reviews>
   391631
  </reviews>
  <exclusive>
   no
  </exclusive>
  <sporty>
   no
  </sporty>
 </clothing>
 <clothing>
  <id>
   872426036
  </id>
  <name>
   Addidas Pants A-8779
  </name>
  <category>
   Pants
  </category>
  <size>
   L
  </size>
  <color>
   Оранжевый
  </color>
  <material>
   Полиэстер
  </material>
  <price>
   512017
  </price>
  <rating>
   4.65
  </rating>
  <reviews>
   507973
  </reviews>
  <new>
   +
  </new>
  <exclusive>
   yes
  </exclusive>
  <sporty>
   yes
  </sporty>
 </clothing>
 <clothing>
  <id>
   482538498
  </id>
  <name>
   New Balance Skirt M-8360
  </name>
  <category>
   Skirt
  </category>
  <size>
   XXL
  </size>
  <color>
   Голубой
  </color>
  <material>
   Шелк
  </material>
  <price>
   824048
  </price>
  <rating>
   3.82
  </rating>
  <reviews>
   527698
  </reviews>
  <new>
   -
  </new>
 </clothing>
 <clothing>
  <id>
   292921720
  </id>
  <name>
   New Balance Gloves S-8357
  </name>
  <category>
   Gloves
  </category>
  <size>
   S
  </size>
  <color>
   Красный
  </color>
  <material>
   Шелк
  </material>
  <price>
   125714
  </price>
  <rating>
   1.09
  </rating>
  <reviews>
   848364
  </reviews>
  <exclusive>
   yes
  </exclusive>
  <sporty>
   no
  </sporty>
 </clothing>
 <clothing>
  <id>
   235413267
  </id>
  <name>
   Converse Jeans F-4952
  </name>
  <category>
   Jeans
  </category>
  <size>
   XL
  </size>
  <color>
   Красный
  </color>
  <material>
   Шелк
  </material>
  <price>
   412976
  </price>
  <rating>
   3.68
  </rating>
  <reviews>
   28258
  </reviews>
  <exclusive>
   no
  </exclusive>
  <sporty>
   yes
  </sporty>
 </clothing>
 <clothing>
  <id>
   810839223
  </id>
  <name>
   Addidas Hat S-7908
  </name>
  <category>
   Hat
  </category>
  <size>
   L
  </size>
  <color>
   Голубой
  </color>
  <material>
   Шерсть
  </material>
  <price>
   625878
  </price>
  <rating>
   3.95
  </rating>
  <reviews>
   796718
  </reviews>
  <new>
   +
  </new>
  <exclusive>
   yes
  </exclusive>
  <sporty>
   no
  </sporty>
 </clothing>
 <clothing>
  <id>
   309496710
  </id>
  <name>
   New Balance Dress O-8907
  </name>
  <category>
   Dress
  </category>
  <size>
   XXL
  </size>
  <color>
   Оранжевый
  </color>
  <material>
   Хлопок
  </material>
  <price>
   794790
  </price>
  <rating>
   2.7
  </rating>
  <reviews>
   985855
  </reviews>
  <new>
   +
  </new>
  <sporty>
   yes
  </sporty>
 </clothing>
 <clothing>
  <id>
   522179722
  </id>
  <name>
   Puma Shoes L-2736
  </name>
  <category>
   Shoes
  </category>
  <size>
   M
  </size>
  <color>
   Фиолетовый
  </color>
  <material>
   Шелк
  </material>
  <price>
   633521
  </price>
  <rating>
   1.0
  </rating>
  <reviews>
   449325
  </reviews>
 </clothing>
 <clothing>
  <id>
   869798567
  </id>
  <name>
   Vans Hat K-2348
  </name>
  <category>
   Hat
  </category>
  <size>
   XXL
  </size>
  <color>
   Оранжевый
  </color>
  <material>
   Лен
  </material>
  <price>
   590105
  </price>
  <rating>
   3.7
  </rating>
  <reviews>
   608294
  </reviews>
  <new>
   -
  </new>
  <exclusive>
   yes
  </exclusive>
 </clothing>
 <clothing>
  <id>
   912930513
  </id>
  <name>
   Ellesse Shoes B-2918
  </name>
  <category>
   Shoes
  </category>
  <size>
   XXL
  </size>
  <color>
   Синий
  </color>
  <material>
   Шерсть
  </material>
  <price>
   145902
  </price>
  <rating>
   1.29
  </rating>
  <reviews>
   639987
  </reviews>
  <new>
   -
  </new>
  <exclusive>
   yes
  </exclusive>
  <sporty>
   no
  </sporty>
 </clothing>
 <clothing>
  <id>
   209852809
  </id>
  <name>
   Under Armour Shoes M-1453
  </name>
  <category>
   Shoes
  </category>
  <size>
   S
  </size>
  <color>
   Голубой
  </color>
  <material>
   Кожа
  </material>
  <price>
   788362
  </price>
  <rating>
   4.23
  </rating>
  <reviews>
   13370
  </reviews>
 </clothing>
 <clothing>
  <id>
   355919247
  </id>
  <name>
   Asics Skirt C-7050
  </name>
  <category>
   Skirt
  </category>
  <size>
   XL
  </size>
  <color>
   Красный
  </color>
  <material>
   Хлопок
  </material>
  <price>
   571576
  </price>
  <rating>
   4.36
  </rating>
  <reviews>
   406357
  </reviews>
  <exclusive>
   no
  </exclusive>
 </clothing>
 <clothing>
  <id>
   197108484
  </id>
  <name>
   Ellesse Dress B-4295
  </name>
  <category>
   Dress
  </category>
  <size>
   L
  </size>
  <color>
   Зеленый
  </color>
  <material>
   Нейлон
  </material>
  <price>
   208150
  </price>
  <rating>
   3.45
  </rating>
  <reviews>
   463458
  </reviews>
  <new>
   +
  </new>
  <exclusive>
   no
  </exclusive>
 </clothing>
 <clothing>
  <id>
   141481908
  </id>
  <name>
   Asics Umbrellas P-8945
  </name>
  <category>
   Umbrellas
  </category>
  <size>
   M
  </size>
  <color>
   Голубой
  </color>
  <material>
   Хлопок
  </material>
  <price>
   279404
  </price>
  <rating>
   4.76
  </rating>
  <reviews>
   665741
  </reviews>
  <exclusive>
   no
  </exclusive>
  <sporty>
   no
  </sporty>
 </clothing>
 <clothing>
  <id>
   842436335
  </id>
  <name>
   Ellesse Pants W-2080
  </name>
  <category>
   Pants
  </category>
  <size>
   L
  </size>
  <color>
   Оранжевый
  </color>
  <material>
   Лен
  </material>
  <price>
   396771
  </price>
  <rating>
   3.63
  </rating>
  <reviews>
   117331
  </reviews>
  <new>
   +
  </new>
  <exclusive>
   yes
  </exclusive>
  <sporty>
   no
  </sporty>
 </clothing>
</clothing-items>
