<?xml version="1.0" encoding="utf-8"?>
<clothing-items>
 <clothing>
  <id>
   466089488
  </id>
  <name>
   Brooks Sweater U-4194
  </name>
  <category>
   Sweater
  </category>
  <size>
   S
  </size>
  <color>
   Синий
  </color>
  <material>
   Хлопок
  </material>
  <price>
   253756
  </price>
  <rating>
   4.45
  </rating>
  <reviews>
   724616
  </reviews>
  <new>
   +
  </new>
  <exclusive>
   yes
  </exclusive>
  <sporty>
   no
  </sporty>
 </clothing>
 <clothing>
  <id>
   495256396
  </id>
  <name>
   Reebok Sweater W-7009
  </name>
  <category>
   Sweater
  </category>
  <size>
   XL
  </size>
  <color>
   Красный
  </color>
  <material>
   Лен
  </material>
  <price>
   746008
  </price>
  <rating>
   3.87
  </rating>
  <reviews>
   60247
  </reviews>
  <new>
   -
  </new>
  <exclusive>
   no
  </exclusive>
  <sporty>
   yes
  </sporty>
 </clothing>
 <clothing>
  <id>
   468507072
  </id>
  <name>
   Reebok Dress V-3623
  </name>
  <category>
   Dress
  </category>
  <size>
   S
  </size>
  <color>
   Красный
  </color>
  <material>
   Кожа
  </material>
  <price>
   408182
  </price>
  <rating>
   3.2
  </rating>
  <reviews>
   541400
  </reviews>
  <exclusive>
   yes
  </exclusive>
 </clothing>
 <clothing>
  <id>
   780127768
  </id>
  <name>
   Reebok Belts Q-2209
  </name>
  <category>
   Belts
  </category>
  <size>
   S
  </size>
  <color>
   Фиолетовый
  </color>
  <material>
   Лен
  </material>
  <price>
   738820
  </price>
  <rating>
   2.14
  </rating>
  <reviews>
   515403
  </reviews>
  <sporty>
   yes
  </sporty>
 </clothing>
 <clothing>
  <id>
   779408896
  </id>
  <name>
   Asics Jacket O-5716
  </name>
  <category>
   Jacket
  </category>
  <size>
   XL
  </size>
  <color>
   Фиолетовый
  </color>
  <material>
   Полиэстер
  </material>
  <price>
   766557
  </price>
  <rating>
   1.96
  </rating>
  <reviews>
   135877
  </reviews>
  <exclusive>
   no
  </exclusive>
  <sporty>
   no
  </sporty>
 </clothing>
 <clothing>
  <id>
   298103305
  </id>
  <name>
   Vans Dress T-9033
  </name>
  <category>
   Dress
  </category>
  <size>
   M
  </size>
  <color>
   Желтый
  </color>
  <material>
   Вискоза
  </material>
  <price>
   176809
  </price>
  <rating>
   2.37
  </rating>
  <reviews>
   603027
  </reviews>
  <new>
   -
  </new>
  <exclusive>
   yes
  </exclusive>
  <sporty>
   no
  </sporty>
 </clothing>
 <clothing>
  <id>
   141485665
  </id>
  <name>
   Ellesse Sweater S-4021
  </name>
  <category>
   Sweater
  </category>
  <size>
   M
  </size>
  <color>
   Желтый
  </color>
  <material>
   Кожа
  </material>
  <price>
   489256
  </price>
  <rating>
   2.27
  </rating>
  <reviews>
   64370
  </reviews>
  <new>
   +
  </new>
  <exclusive>
   no
  </exclusive>
  <sporty>
   yes
  </sporty>
 </clothing>
 <clothing>
  <id>
   731768567
  </id>
  <name>
   Fila Blouse V-7922
  </name>
  <category>
   Blouse
  </category>
  <size>
   L
  </size>
  <color>
   Зеленый
  </color>
  <material>
   Хлопок
  </material>
  <price>
   214271
  </price>
  <rating>
   2.0
  </rating>
  <reviews>
   971495
  </reviews>
  <new>
   +
  </new>
  <sporty>
   no
  </sporty>
 </clothing>
 <clothing>
  <id>
   674616541
  </id>
  <name>
   DC Umbrellas C-8604
  </name>
  <category>
   Umbrellas
  </category>
  <size>
   M
  </size>
  <color>
   Фиолетовый
  </color>
  <material>
   Хлопок
  </material>
  <price>
   252933
  </price>
  <rating>
   3.05
  </rating>
  <reviews>
   469312
  </reviews>
  <exclusive>
   no
  </exclusive>
 </clothing>
 <clothing>
  <id>
   440860238
  </id>
  <name>
   New Balance Jacket J-8641
  </name>
  <category>
   Jacket
  </category>
  <size>
   S
  </size>
  <color>
   Синий
  </color>
  <material>
   Кожа
  </material>
  <price>
   545555
  </price>
  <rating>
   3.65
  </rating>
  <reviews>
   612058
  </reviews>
  <new>
   -
  </new>
  <exclusive>
   no
  </exclusive>
  <sporty>
   no
  </sporty>
 </clothing>
 <clothing>
  <id>
   727960857
  </id>
  <name>
   Asics Sweater F-6943
  </name>
  <category>
   Sweater
  </category>
  <size>
   S
  </size>
  <color>
   Зеленый
  </color>
  <material>
   Хлопок
  </material>
  <price>
   846238
  </price>
  <rating>
   1.54
  </rating>
  <reviews>
   716072
  </reviews>
  <new>
   -
  </new>
  <exclusive>
   no
  </exclusive>
  <sporty>
   yes
  </sporty>
 </clothing>
 <clothing>
  <id>
   785136173
  </id>
  <name>
   Addidas Handbags H-6942
  </name>
  <category>
   Handbags
  </category>
  <size>
   L
  </size>
  <color>
   Оранжевый
  </color>
  <material>
   Лен
  </material>
  <price>
   332238
  </price>
  <rating>
   4.35
  </rating>
  <reviews>
   248544
  </reviews>
  <new>
   +
  </new>
  <exclusive>
   no
  </exclusive>
  <sporty>
   yes
  </sporty>
 </clothing>
 <clothing>
  <id>
   540389846
  </id>
  <name>
   Ellesse T-shirt K-9802
  </name>
  <category>
   T-shirt
  </category>
  <size>
   XL
  </size>
  <color>
   Оранжевый
  </color>
  <material>
   Шелк
  </material>
  <price>
   723735
  </price>
  <rating>
   2.71
  </rating>
  <reviews>
   786960
  </reviews>
 </clothing>
 <clothing>
  <id>
   361496891
  </id>
  <name>
   Vans Socks W-2717
  </name>
  <category>
   Socks
  </category>
  <size>
   XXL
  </size>
  <color>
   Зеленый
  </color>
  <material>
   Полиэстер
  </material>
  <price>
   659063
  </price>
  <rating>
   3.46
  </rating>
  <reviews>
   419856
  </reviews>
  <sporty>
   no
  </sporty>
 </clothing>
 <clothing>
  <id>
   126103672
  </id>
  <name>
   Ellesse Handbags R-7026
  </name>
  <category>
   Handbags
  </category>
  <size>
   M
  </size>
  <color>
   Голубой
  </color>
  <material>
   Вискоза
  </material>
  <price>
   528878
  </price>
  <rating>
   1.24
  </rating>
  <reviews>
   976903
  </reviews>
  <new>
   +
  </new>
  <exclusive>
   yes
  </exclusive>
 </clothing>
</clothing-items>
