<?xml version="1.0" encoding="utf-8"?>
<clothing-items>
 <clothing>
  <id>
   492226777
  </id>
  <name>
   PleinSport Blouse N-5360
  </name>
  <category>
   Blouse
  </category>
  <size>
   XL
  </size>
  <color>
   Фиолетовый
  </color>
  <material>
   Хлопок
  </material>
  <price>
   555553
  </price>
  <rating>
   3.77
  </rating>
  <reviews>
   274863
  </reviews>
  <new>
   -
  </new>
  <sporty>
   no
  </sporty>
 </clothing>
 <clothing>
  <id>
   407842291
  </id>
  <name>
   Puma Socks W-2990
  </name>
  <category>
   Socks
  </category>
  <size>
   M
  </size>
  <color>
   Желтый
  </color>
  <material>
   Вискоза
  </material>
  <price>
   991576
  </price>
  <rating>
   3.25
  </rating>
  <reviews>
   665482
  </reviews>
  <new>
   -
  </new>
  <sporty>
   no
  </sporty>
 </clothing>
 <clothing>
  <id>
   322663082
  </id>
  <name>
   Fila Jacket D-3756
  </name>
  <category>
   Jacket
  </category>
  <size>
   XL
  </size>
  <color>
   Голубой
  </color>
  <material>
   Вискоза
  </material>
  <price>
   963112
  </price>
  <rating>
   1.36
  </rating>
  <reviews>
   119567
  </reviews>
  <sporty>
   no
  </sporty>
 </clothing>
 <clothing>
  <id>
   975101879
  </id>
  <name>
   New Balance Blouse N-1463
  </name>
  <category>
   Blouse
  </category>
  <size>
   XL
  </size>
  <color>
   Желтый
  </color>
  <material>
   Шелк
  </material>
  <price>
   538053
  </price>
  <rating>
   2.1
  </rating>
  <reviews>
   337898
  </reviews>
  <exclusive>
   no
  </exclusive>
 </clothing>
 <clothing>
  <id>
   174683771
  </id>
  <name>
   Adidas Shirt Y-3408
  </name>
  <category>
   Shirt
  </category>
  <size>
   L
  </size>
  <color>
   Красный
  </color>
  <material>
   Шерсть
  </material>
  <price>
   279664
  </price>
  <rating>
   4.22
  </rating>
  <reviews>
   117822
  </reviews>
  <exclusive>
   yes
  </exclusive>
 </clothing>
 <clothing>
  <id>
   760596253
  </id>
  <name>
   Ellesse T-shirt U-6231
  </name>
  <category>
   T-shirt
  </category>
  <size>
   M
  </size>
  <color>
   Фиолетовый
  </color>
  <material>
   Вискоза
  </material>
  <price>
   486655
  </price>
  <rating>
   4.82
  </rating>
  <reviews>
   333935
  </reviews>
  <new>
   +
  </new>
 </clothing>
 <clothing>
  <id>
   610969869
  </id>
  <name>
   New Balance Shoes I-9441
  </name>
  <category>
   Shoes
  </category>
  <size>
   L
  </size>
  <color>
   Желтый
  </color>
  <material>
   Полиэстер
  </material>
  <price>
   203830
  </price>
  <rating>
   4.9
  </rating>
  <reviews>
   916517
  </reviews>
 </clothing>
 <clothing>
  <id>
   400813591
  </id>
  <name>
   Nike Socks S-3042
  </name>
  <category>
   Socks
  </category>
  <size>
   L
  </size>
  <color>
   Оранжевый
  </color>
  <material>
   Хлопок
  </material>
  <price>
   665719
  </price>
  <rating>
   1.68
  </rating>
  <reviews>
   192933
  </reviews>
  <exclusive>
   yes
  </exclusive>
  <sporty>
   yes
  </sporty>
 </clothing>
 <clothing>
  <id>
   617922847
  </id>
  <name>
   Converse Shoes P-3127
  </name>
  <category>
   Shoes
  </category>
  <size>
   XL
  </size>
  <color>
   Синий
  </color>
  <material>
   Шелк
  </material>
  <price>
   919606
  </price>
  <rating>
   4.69
  </rating>
  <reviews>
   127517
  </reviews>
  <new>
   -
  </new>
  <exclusive>
   no
  </exclusive>
 </clothing>
 <clothing>
  <id>
   853744825
  </id>
  <name>
   Puma Belts L-7317
  </name>
  <category>
   Belts
  </category>
  <size>
   L
  </size>
  <color>
   Голубой
  </color>
  <material>
   Нейлон
  </material>
  <price>
   369754
  </price>
  <rating>
   1.52
  </rating>
  <reviews>
   704611
  </reviews>
  <new>
   -
  </new>
  <sporty>
   no
  </sporty>
 </clothing>
 <clothing>
  <id>
   453551882
  </id>
  <name>
   Ellesse Socks N-5100
  </name>
  <category>
   Socks
  </category>
  <size>
   S
  </size>
  <color>
   Голубой
  </color>
  <material>
   Лен
  </material>
  <price>
   930070
  </price>
  <rating>
   4.87
  </rating>
  <reviews>
   26557
  </reviews>
  <new>
   +
  </new>
  <exclusive>
   yes
  </exclusive>
  <sporty>
   no
  </sporty>
 </clothing>
 <clothing>
  <id>
   145709517
  </id>
  <name>
   Adidas Shirt C-3297
  </name>
  <category>
   Shirt
  </category>
  <size>
   S
  </size>
  <color>
   Голубой
  </color>
  <material>
   Полиэстер
  </material>
  <price>
   395013
  </price>
  <rating>
   4.78
  </rating>
  <reviews>
   92281
  </reviews>
  <new>
   -
  </new>
  <exclusive>
   no
  </exclusive>
  <sporty>
   no
  </sporty>
 </clothing>
 <clothing>
  <id>
   109440561
  </id>
  <name>
   New Balance Dress S-7152
  </name>
  <category>
   Dress
  </category>
  <size>
   S
  </size>
  <color>
   Зеленый
  </color>
  <material>
   Шерсть
  </material>
  <price>
   311047
  </price>
  <rating>
   2.06
  </rating>
  <reviews>
   915002
  </reviews>
 </clothing>
 <clothing>
  <id>
   552927803
  </id>
  <name>
   DC Gloves M-2394
  </name>
  <category>
   Gloves
  </category>
  <size>
   S
  </size>
  <color>
   Зеленый
  </color>
  <material>
   Шелк
  </material>
  <price>
   341710
  </price>
  <rating>
   4.99
  </rating>
  <reviews>
   34392
  </reviews>
  <new>
   -
  </new>
  <sporty>
   no
  </sporty>
 </clothing>
 <clothing>
  <id>
   986004160
  </id>
  <name>
   Puma Jacket U-6447
  </name>
  <category>
   Jacket
  </category>
  <size>
   S
  </size>
  <color>
   Голубой
  </color>
  <material>
   Хлопок
  </material>
  <price>
   885474
  </price>
  <rating>
   1.31
  </rating>
  <reviews>
   3925
  </reviews>
  <exclusive>
   no
  </exclusive>
 </clothing>
 <clothing>
  <id>
   294999217
  </id>
  <name>
   Converse T-shirt P-3718
  </name>
  <category>
   T-shirt
  </category>
  <size>
   XL
  </size>
  <color>
   Голубой
  </color>
  <material>
   Шелк
  </material>
  <price>
   945238
  </price>
  <rating>
   1.27
  </rating>
  <reviews>
   391720
  </reviews>
  <exclusive>
   no
  </exclusive>
  <sporty>
   no
  </sporty>
 </clothing>
 <clothing>
  <id>
   135778611
  </id>
  <name>
   Brooks Sweater V-2209
  </name>
  <category>
   Sweater
  </category>
  <size>
   XL
  </size>
  <color>
   Зеленый
  </color>
  <material>
   Нейлон
  </material>
  <price>
   408141
  </price>
  <rating>
   4.9
  </rating>
  <reviews>
   223378
  </reviews>
  <new>
   -
  </new>
  <exclusive>
   yes
  </exclusive>
  <sporty>
   yes
  </sporty>
 </clothing>
 <clothing>
  <id>
   252885288
  </id>
  <name>
   Ellesse Shirt O-4714
  </name>
  <category>
   Shirt
  </category>
  <size>
   L
  </size>
  <color>
   Фиолетовый
  </color>
  <material>
   Шерсть
  </material>
  <price>
   155515
  </price>
  <rating>
   3.97
  </rating>
  <reviews>
   396931
  </reviews>
  <new>
   +
  </new>
  <exclusive>
   yes
  </exclusive>
 </clothing>
 <clothing>
  <id>
   580749684
  </id>
  <name>
   Adidas Shirt R-3525
  </name>
  <category>
   Shirt
  </category>
  <size>
   L
  </size>
  <color>
   Фиолетовый
  </color>
  <material>
   Полиэстер
  </material>
  <price>
   994726
  </price>
  <rating>
   2.92
  </rating>
  <reviews>
   53456
  </reviews>
  <new>
   -
  </new>
  <exclusive>
   no
  </exclusive>
 </clothing>
 <clothing>
  <id>
   999598433
  </id>
  <name>
   PleinSport Hat W-7120
  </name>
  <category>
   Hat
  </category>
  <size>
   XXL
  </size>
  <color>
   Голубой
  </color>
  <material>
   Вискоза
  </material>
  <price>
   563069
  </price>
  <rating>
   2.17
  </rating>
  <reviews>
   77639
  </reviews>
  <exclusive>
   yes
  </exclusive>
 </clothing>
 <clothing>
  <id>
   686260232
  </id>
  <name>
   Puma Hat U-3838
  </name>
  <category>
   Hat
  </category>
  <size>
   M
  </size>
  <color>
   Красный
  </color>
  <material>
   Нейлон
  </material>
  <price>
   880695
  </price>
  <rating>
   4.62
  </rating>
  <reviews>
   136170
  </reviews>
  <exclusive>
   no
  </exclusive>
  <sporty>
   no
  </sporty>
 </clothing>
 <clothing>
  <id>
   536739944
  </id>
  <name>
   Adidas Belts P-2797
  </name>
  <category>
   Belts
  </category>
  <size>
   M
  </size>
  <color>
   Синий
  </color>
  <material>
   Кожа
  </material>
  <price>
   938654
  </price>
  <rating>
   4.99
  </rating>
  <reviews>
   671905
  </reviews>
  <exclusive>
   yes
  </exclusive>
  <sporty>
   yes
  </sporty>
 </clothing>
 <clothing>
  <id>
   835602875
  </id>
  <name>
   Converse T-shirt A-3458
  </name>
  <category>
   T-shirt
  </category>
  <size>
   XL
  </size>
  <color>
   Красный
  </color>
  <material>
   Вискоза
  </material>
  <price>
   748074
  </price>
  <rating>
   1.5
  </rating>
  <reviews>
   346993
  </reviews>
  <new>
   +
  </new>
  <exclusive>
   no
  </exclusive>
 </clothing>
 <clothing>
  <id>
   419308005
  </id>
  <name>
   Adidas Shoes U-9335
  </name>
  <category>
   Shoes
  </category>
  <size>
   XL
  </size>
  <color>
   Зеленый
  </color>
  <material>
   Шелк
  </material>
  <price>
   847090
  </price>
  <rating>
   2.22
  </rating>
  <reviews>
   640187
  </reviews>
  <exclusive>
   no
  </exclusive>
 </clothing>
 <clothing>
  <id>
   309658210
  </id>
  <name>
   Reebok Belts Y-6357
  </name>
  <category>
   Belts
  </category>
  <size>
   L
  </size>
  <color>
   Синий
  </color>
  <material>
   Шелк
  </material>
  <price>
   457585
  </price>
  <rating>
   4.03
  </rating>
  <reviews>
   743815
  </reviews>
  <new>
   +
  </new>
  <sporty>
   no
  </sporty>
 </clothing>
 <clothing>
  <id>
   955550190
  </id>
  <name>
   Puma Umbrellas S-4192
  </name>
  <category>
   Umbrellas
  </category>
  <size>
   L
  </size>
  <color>
   Голубой
  </color>
  <material>
   Хлопок
  </material>
  <price>
   604947
  </price>
  <rating>
   3.76
  </rating>
  <reviews>
   793831
  </reviews>
  <new>
   -
  </new>
 </clothing>
 <clothing>
  <id>
   415896602
  </id>
  <name>
   Vans T-shirt C-7941
  </name>
  <category>
   T-shirt
  </category>
  <size>
   M
  </size>
  <color>
   Зеленый
  </color>
  <material>
   Шерсть
  </material>
  <price>
   768666
  </price>
  <rating>
   2.32
  </rating>
  <reviews>
   894546
  </reviews>
 </clothing>
 <clothing>
  <id>
   293827986
  </id>
  <name>
   Brooks Socks X-3275
  </name>
  <category>
   Socks
  </category>
  <size>
   L
  </size>
  <color>
   Зеленый
  </color>
  <material>
   Лен
  </material>
  <price>
   227526
  </price>
  <rating>
   2.11
  </rating>
  <reviews>
   457159
  </reviews>
  <exclusive>
   no
  </exclusive>
 </clothing>
 <clothing>
  <id>
   352181220
  </id>
  <name>
   Ellesse Umbrellas D-6712
  </name>
  <category>
   Umbrellas
  </category>
  <size>
   M
  </size>
  <color>
   Зеленый
  </color>
  <material>
   Нейлон
  </material>
  <price>
   218905
  </price>
  <rating>
   1.72
  </rating>
  <reviews>
   589981
  </reviews>
  <new>
   +
  </new>
  <exclusive>
   yes
  </exclusive>
  <sporty>
   yes
  </sporty>
 </clothing>
 <clothing>
  <id>
   281858251
  </id>
  <name>
   Addidas Skirt E-7948
  </name>
  <category>
   Skirt
  </category>
  <size>
   S
  </size>
  <color>
   Оранжевый
  </color>
  <material>
   Кожа
  </material>
  <price>
   787230
  </price>
  <rating>
   4.94
  </rating>
  <reviews>
   930530
  </reviews>
  <new>
   -
  </new>
  <exclusive>
   no
  </exclusive>
 </clothing>
 <clothing>
  <id>
   466539322
  </id>
  <name>
   Ellesse Handbags Q-1497
  </name>
  <category>
   Handbags
  </category>
  <size>
   XXL
  </size>
  <color>
   Голубой
  </color>
  <material>
   Шелк
  </material>
  <price>
   106283
  </price>
  <rating>
   2.35
  </rating>
  <reviews>
   842432
  </reviews>
 </clothing>
 <clothing>
  <id>
   373186747
  </id>
  <name>
   Addidas Socks U-8699
  </name>
  <category>
   Socks
  </category>
  <size>
   S
  </size>
  <color>
   Зеленый
  </color>
  <material>
   Шелк
  </material>
  <price>
   298109
  </price>
  <rating>
   4.04
  </rating>
  <reviews>
   723439
  </reviews>
  <exclusive>
   yes
  </exclusive>
  <sporty>
   no
  </sporty>
 </clothing>
 <clothing>
  <id>
   424804580
  </id>
  <name>
   Lacoste Handbags E-8810
  </name>
  <category>
   Handbags
  </category>
  <size>
   XXL
  </size>
  <color>
   Оранжевый
  </color>
  <material>
   Нейлон
  </material>
  <price>
   589060
  </price>
  <rating>
   2.54
  </rating>
  <reviews>
   873144
  </reviews>
  <exclusive>
   no
  </exclusive>
  <sporty>
   yes
  </sporty>
 </clothing>
 <clothing>
  <id>
   865696184
  </id>
  <name>
   Nike Socks Y-2537
  </name>
  <category>
   Socks
  </category>
  <size>
   L
  </size>
  <color>
   Зеленый
  </color>
  <material>
   Лен
  </material>
  <price>
   801470
  </price>
  <rating>
   1.67
  </rating>
  <reviews>
   421770
  </reviews>
 </clothing>
 <clothing>
  <id>
   360835694
  </id>
  <name>
   Under Armour T-shirt E-1899
  </name>
  <category>
   T-shirt
  </category>
  <size>
   M
  </size>
  <color>
   Желтый
  </color>
  <material>
   Нейлон
  </material>
  <price>
   255840
  </price>
  <rating>
   4.42
  </rating>
  <reviews>
   715474
  </reviews>
  <sporty>
   yes
  </sporty>
 </clothing>
 <clothing>
  <id>
   529308369
  </id>
  <name>
   Under Armour Handbags G-6636
  </name>
  <category>
   Handbags
  </category>
  <size>
   L
  </size>
  <color>
   Голубой
  </color>
  <material>
   Шерсть
  </material>
  <price>
   170073
  </price>
  <rating>
   3.11
  </rating>
  <reviews>
   515901
  </reviews>
  <exclusive>
   yes
  </exclusive>
  <sporty>
   no
  </sporty>
 </clothing>
 <clothing>
  <id>
   577393622
  </id>
  <name>
   Brooks Socks K-4003
  </name>
  <category>
   Socks
  </category>
  <size>
   XXL
  </size>
  <color>
   Синий
  </color>
  <material>
   Полиэстер
  </material>
  <price>
   394398
  </price>
  <rating>
   3.87
  </rating>
  <reviews>
   309824
  </reviews>
  <new>
   +
  </new>
  <sporty>
   yes
  </sporty>
 </clothing>
 <clothing>
  <id>
   478118323
  </id>
  <name>
   Nike Skirt B-5088
  </name>
  <category>
   Skirt
  </category>
  <size>
   M
  </size>
  <color>
   Голубой
  </color>
  <material>
   Хлопок
  </material>
  <price>
   812253
  </price>
  <rating>
   3.59
  </rating>
  <reviews>
   621331
  </reviews>
  <new>
   +
  </new>
  <sporty>
   yes
  </sporty>
 </clothing>
 <clothing>
  <id>
   478440902
  </id>
  <name>
   Fila T-shirt H-6005
  </name>
  <category>
   T-shirt
  </category>
  <size>
   L
  </size>
  <color>
   Синий
  </color>
  <material>
   Шелк
  </material>
  <price>
   263273
  </price>
  <rating>
   3.9
  </rating>
  <reviews>
   587301
  </reviews>
  <new>
   -
  </new>
  <exclusive>
   yes
  </exclusive>
  <sporty>
   no
  </sporty>
 </clothing>
 <clothing>
  <id>
   246431038
  </id>
  <name>
   Fila Shirt X-6575
  </name>
  <category>
   Shirt
  </category>
  <size>
   XL
  </size>
  <color>
   Оранжевый
  </color>
  <material>
   Лен
  </material>
  <price>
   445560
  </price>
  <rating>
   2.04
  </rating>
  <reviews>
   202163
  </reviews>
  <new>
   +
  </new>
  <exclusive>
   no
  </exclusive>
 </clothing>
 <clothing>
  <id>
   445892574
  </id>
  <name>
   Adidas Shirt G-1388
  </name>
  <category>
   Shirt
  </category>
  <size>
   XXL
  </size>
  <color>
   Желтый
  </color>
  <material>
   Полиэстер
  </material>
  <price>
   451278
  </price>
  <rating>
   2.5
  </rating>
  <reviews>
   509577
  </reviews>
  <new>
   -
  </new>
 </clothing>
 <clothing>
  <id>
   912463510
  </id>
  <name>
   Addidas Handbags T-7670
  </name>
  <category>
   Handbags
  </category>
  <size>
   XL
  </size>
  <color>
   Синий
  </color>
  <material>
   Лен
  </material>
  <price>
   372827
  </price>
  <rating>
   1.52
  </rating>
  <reviews>
   193737
  </reviews>
  <exclusive>
   no
  </exclusive>
 </clothing>
 <clothing>
  <id>
   629716618
  </id>
  <name>
   Converse Jeans Y-5981
  </name>
  <category>
   Jeans
  </category>
  <size>
   M
  </size>
  <color>
   Желтый
  </color>
  <material>
   Кожа
  </material>
  <price>
   372399
  </price>
  <rating>
   3.46
  </rating>
  <reviews>
   731285
  </reviews>
  <exclusive>
   no
  </exclusive>
  <sporty>
   yes
  </sporty>
 </clothing>
 <clothing>
  <id>
   330674157
  </id>
  <name>
   Puma Shirt U-9284
  </name>
  <category>
   Shirt
  </category>
  <size>
   M
  </size>
  <color>
   Зеленый
  </color>
  <material>
   Лен
  </material>
  <price>
   690441
  </price>
  <rating>
   4.01
  </rating>
  <reviews>
   657842
  </reviews>
  <new>
   -
  </new>
  <exclusive>
   yes
  </exclusive>
  <sporty>
   yes
  </sporty>
 </clothing>
 <clothing>
  <id>
   574896346
  </id>
  <name>
   Reebok Jacket S-5479
  </name>
  <category>
   Jacket
  </category>
  <size>
   M
  </size>
  <color>
   Голубой
  </color>
  <material>
   Лен
  </material>
  <price>
   463893
  </price>
  <rating>
   4.28
  </rating>
  <reviews>
   122815
  </reviews>
  <exclusive>
   no
  </exclusive>
  <sporty>
   yes
  </sporty>
 </clothing>
</clothing-items>
