<?xml version="1.0" encoding="utf-8"?>
<clothing-items>
 <clothing>
  <id>
   521548161
  </id>
  <name>
   Ellesse Sweater W-2881
  </name>
  <category>
   Sweater
  </category>
  <size>
   XL
  </size>
  <color>
   Желтый
  </color>
  <material>
   Хлопок
  </material>
  <price>
   967697
  </price>
  <rating>
   1.55
  </rating>
  <reviews>
   527591
  </reviews>
  <sporty>
   no
  </sporty>
 </clothing>
 <clothing>
  <id>
   512283464
  </id>
  <name>
   Asics Blouse G-3006
  </name>
  <category>
   Blouse
  </category>
  <size>
   S
  </size>
  <color>
   Оранжевый
  </color>
  <material>
   Полиэстер
  </material>
  <price>
   534895
  </price>
  <rating>
   4.93
  </rating>
  <reviews>
   920285
  </reviews>
  <new>
   -
  </new>
  <sporty>
   yes
  </sporty>
 </clothing>
 <clothing>
  <id>
   223208151
  </id>
  <name>
   Asics Umbrellas I-6327
  </name>
  <category>
   Umbrellas
  </category>
  <size>
   XXL
  </size>
  <color>
   Голубой
  </color>
  <material>
   Полиэстер
  </material>
  <price>
   545134
  </price>
  <rating>
   4.97
  </rating>
  <reviews>
   767230
  </reviews>
  <new>
   +
  </new>
  <exclusive>
   no
  </exclusive>
 </clothing>
 <clothing>
  <id>
   374470439
  </id>
  <name>
   Reebok Gloves T-8444
  </name>
  <category>
   Gloves
  </category>
  <size>
   S
  </size>
  <color>
   Голубой
  </color>
  <material>
   Кожа
  </material>
  <price>
   404256
  </price>
  <rating>
   1.64
  </rating>
  <reviews>
   154741
  </reviews>
  <exclusive>
   no
  </exclusive>
  <sporty>
   no
  </sporty>
 </clothing>
 <clothing>
  <id>
   280990580
  </id>
  <name>
   Lacoste Sweater J-6826
  </name>
  <category>
   Sweater
  </category>
  <size>
   M
  </size>
  <color>
   Синий
  </color>
  <material>
   Полиэстер
  </material>
  <price>
   222720
  </price>
  <rating>
   4.6
  </rating>
  <reviews>
   595163
  </reviews>
  <new>
   +
  </new>
 </clothing>
 <clothing>
  <id>
   193864816
  </id>
  <name>
   Under Armour T-shirt T-2019
  </name>
  <category>
   T-shirt
  </category>
  <size>
   M
  </size>
  <color>
   Фиолетовый
  </color>
  <material>
   Хлопок
  </material>
  <price>
   178237
  </price>
  <rating>
   2.07
  </rating>
  <reviews>
   635691
  </reviews>
  <exclusive>
   yes
  </exclusive>
  <sporty>
   yes
  </sporty>
 </clothing>
 <clothing>
  <id>
   101752869
  </id>
  <name>
   Nike Blouse H-2962
  </name>
  <category>
   Blouse
  </category>
  <size>
   XL
  </size>
  <color>
   Голубой
  </color>
  <material>
   Вискоза
  </material>
  <price>
   484502
  </price>
  <rating>
   2.53
  </rating>
  <reviews>
   766944
  </reviews>
  <new>
   +
  </new>
  <exclusive>
   no
  </exclusive>
  <sporty>
   yes
  </sporty>
 </clothing>
 <clothing>
  <id>
   791798944
  </id>
  <name>
   Lacoste Blouse J-1397
  </name>
  <category>
   Blouse
  </category>
  <size>
   XXL
  </size>
  <color>
   Зеленый
  </color>
  <material>
   Вискоза
  </material>
  <price>
   967343
  </price>
  <rating>
   2.73
  </rating>
  <reviews>
   772211
  </reviews>
  <exclusive>
   no
  </exclusive>
 </clothing>
 <clothing>
  <id>
   509151915
  </id>
  <name>
   DC Jeans V-8222
  </name>
  <category>
   Jeans
  </category>
  <size>
   L
  </size>
  <color>
   Красный
  </color>
  <material>
   Нейлон
  </material>
  <price>
   680304
  </price>
  <rating>
   4.54
  </rating>
  <reviews>
   143609
  </reviews>
  <exclusive>
   yes
  </exclusive>
 </clothing>
 <clothing>
  <id>
   199388163
  </id>
  <name>
   Lacoste Sweater E-3886
  </name>
  <category>
   Sweater
  </category>
  <size>
   S
  </size>
  <color>
   Желтый
  </color>
  <material>
   Нейлон
  </material>
  <price>
   538081
  </price>
  <rating>
   1.75
  </rating>
  <reviews>
   873943
  </reviews>
  <new>
   +
  </new>
  <exclusive>
   yes
  </exclusive>
  <sporty>
   no
  </sporty>
 </clothing>
 <clothing>
  <id>
   857775113
  </id>
  <name>
   Nike Jacket D-7774
  </name>
  <category>
   Jacket
  </category>
  <size>
   L
  </size>
  <color>
   Желтый
  </color>
  <material>
   Лен
  </material>
  <price>
   866953
  </price>
  <rating>
   4.37
  </rating>
  <reviews>
   278930
  </reviews>
  <new>
   -
  </new>
  <exclusive>
   no
  </exclusive>
 </clothing>
 <clothing>
  <id>
   867027487
  </id>
  <name>
   Converse Belts Z-1374
  </name>
  <category>
   Belts
  </category>
  <size>
   M
  </size>
  <color>
   Оранжевый
  </color>
  <material>
   Нейлон
  </material>
  <price>
   872544
  </price>
  <rating>
   3.88
  </rating>
  <reviews>
   342125
  </reviews>
  <new>
   +
  </new>
  <exclusive>
   yes
  </exclusive>
  <sporty>
   no
  </sporty>
 </clothing>
 <clothing>
  <id>
   240459520
  </id>
  <name>
   Under Armour Jeans P-5912
  </name>
  <category>
   Jeans
  </category>
  <size>
   XL
  </size>
  <color>
   Оранжевый
  </color>
  <material>
   Нейлон
  </material>
  <price>
   192851
  </price>
  <rating>
   4.57
  </rating>
  <reviews>
   844604
  </reviews>
  <new>
   +
  </new>
 </clothing>
 <clothing>
  <id>
   360850447
  </id>
  <name>
   Vans Socks H-6912
  </name>
  <category>
   Socks
  </category>
  <size>
   M
  </size>
  <color>
   Фиолетовый
  </color>
  <material>
   Вискоза
  </material>
  <price>
   329230
  </price>
  <rating>
   3.2
  </rating>
  <reviews>
   669879
  </reviews>
  <exclusive>
   no
  </exclusive>
 </clothing>
 <clothing>
  <id>
   114712965
  </id>
  <name>
   Puma Skirt H-9898
  </name>
  <category>
   Skirt
  </category>
  <size>
   L
  </size>
  <color>
   Голубой
  </color>
  <material>
   Хлопок
  </material>
  <price>
   156641
  </price>
  <rating>
   4.88
  </rating>
  <reviews>
   927809
  </reviews>
  <new>
   -
  </new>
  <exclusive>
   yes
  </exclusive>
  <sporty>
   yes
  </sporty>
 </clothing>
 <clothing>
  <id>
   430644201
  </id>
  <name>
   PleinSport Handbags I-2533
  </name>
  <category>
   Handbags
  </category>
  <size>
   M
  </size>
  <color>
   Красный
  </color>
  <material>
   Шерсть
  </material>
  <price>
   610789
  </price>
  <rating>
   1.66
  </rating>
  <reviews>
   422102
  </reviews>
  <new>
   -
  </new>
  <exclusive>
   no
  </exclusive>
 </clothing>
 <clothing>
  <id>
   128050502
  </id>
  <name>
   Ellesse Skirt T-7711
  </name>
  <category>
   Skirt
  </category>
  <size>
   XL
  </size>
  <color>
   Оранжевый
  </color>
  <material>
   Лен
  </material>
  <price>
   947270
  </price>
  <rating>
   2.06
  </rating>
  <reviews>
   302334
  </reviews>
  <new>
   +
  </new>
  <exclusive>
   yes
  </exclusive>
 </clothing>
</clothing-items>
