<?xml version="1.0" encoding="utf-8"?>
<clothing-items>
 <clothing>
  <id>
   683927778
  </id>
  <name>
   Lacoste Shirt Q-7831
  </name>
  <category>
   Shirt
  </category>
  <size>
   S
  </size>
  <color>
   Синий
  </color>
  <material>
   Хлопок
  </material>
  <price>
   288299
  </price>
  <rating>
   4.5
  </rating>
  <reviews>
   183947
  </reviews>
  <sporty>
   yes
  </sporty>
 </clothing>
 <clothing>
  <id>
   234043940
  </id>
  <name>
   Nike T-shirt X-6662
  </name>
  <category>
   T-shirt
  </category>
  <size>
   M
  </size>
  <color>
   Желтый
  </color>
  <material>
   Шерсть
  </material>
  <price>
   243169
  </price>
  <rating>
   2.06
  </rating>
  <reviews>
   571202
  </reviews>
  <exclusive>
   no
  </exclusive>
 </clothing>
 <clothing>
  <id>
   215477762
  </id>
  <name>
   Vans Pants Z-2532
  </name>
  <category>
   Pants
  </category>
  <size>
   M
  </size>
  <color>
   Зеленый
  </color>
  <material>
   Шелк
  </material>
  <price>
   491783
  </price>
  <rating>
   2.76
  </rating>
  <reviews>
   58361
  </reviews>
  <new>
   +
  </new>
  <exclusive>
   yes
  </exclusive>
 </clothing>
 <clothing>
  <id>
   544582373
  </id>
  <name>
   Nike Umbrellas C-6477
  </name>
  <category>
   Umbrellas
  </category>
  <size>
   XL
  </size>
  <color>
   Зеленый
  </color>
  <material>
   Кожа
  </material>
  <price>
   794007
  </price>
  <rating>
   2.47
  </rating>
  <reviews>
   88745
  </reviews>
  <exclusive>
   no
  </exclusive>
  <sporty>
   yes
  </sporty>
 </clothing>
 <clothing>
  <id>
   132247091
  </id>
  <name>
   PleinSport Dress D-3872
  </name>
  <category>
   Dress
  </category>
  <size>
   S
  </size>
  <color>
   Красный
  </color>
  <material>
   Хлопок
  </material>
  <price>
   649014
  </price>
  <rating>
   3.54
  </rating>
  <reviews>
   646501
  </reviews>
  <exclusive>
   yes
  </exclusive>
 </clothing>
 <clothing>
  <id>
   523829703
  </id>
  <name>
   Adidas Jeans K-5593
  </name>
  <category>
   Jeans
  </category>
  <size>
   L
  </size>
  <color>
   Фиолетовый
  </color>
  <material>
   Кожа
  </material>
  <price>
   517013
  </price>
  <rating>
   1.7
  </rating>
  <reviews>
   821978
  </reviews>
  <exclusive>
   no
  </exclusive>
  <sporty>
   yes
  </sporty>
 </clothing>
 <clothing>
  <id>
   749844647
  </id>
  <name>
   Fila Belts A-9131
  </name>
  <category>
   Belts
  </category>
  <size>
   XL
  </size>
  <color>
   Голубой
  </color>
  <material>
   Шерсть
  </material>
  <price>
   716950
  </price>
  <rating>
   4.9
  </rating>
  <reviews>
   921960
  </reviews>
  <new>
   -
  </new>
  <sporty>
   no
  </sporty>
 </clothing>
 <clothing>
  <id>
   171310887
  </id>
  <name>
   New Balance Socks U-9720
  </name>
  <category>
   Socks
  </category>
  <size>
   S
  </size>
  <color>
   Желтый
  </color>
  <material>
   Полиэстер
  </material>
  <price>
   838293
  </price>
  <rating>
   3.76
  </rating>
  <reviews>
   386451
  </reviews>
  <sporty>
   yes
  </sporty>
 </clothing>
 <clothing>
  <id>
   243737308
  </id>
  <name>
   New Balance Jeans N-7411
  </name>
  <category>
   Jeans
  </category>
  <size>
   L
  </size>
  <color>
   Красный
  </color>
  <material>
   Хлопок
  </material>
  <price>
   395009
  </price>
  <rating>
   3.86
  </rating>
  <reviews>
   938649
  </reviews>
  <sporty>
   no
  </sporty>
 </clothing>
 <clothing>
  <id>
   784566083
  </id>
  <name>
   Asics Blouse J-5193
  </name>
  <category>
   Blouse
  </category>
  <size>
   XL
  </size>
  <color>
   Синий
  </color>
  <material>
   Вискоза
  </material>
  <price>
   999196
  </price>
  <rating>
   2.2
  </rating>
  <reviews>
   713959
  </reviews>
  <new>
   +
  </new>
  <exclusive>
   no
  </exclusive>
 </clothing>
 <clothing>
  <id>
   702899020
  </id>
  <name>
   DC Skirt E-7945
  </name>
  <category>
   Skirt
  </category>
  <size>
   XL
  </size>
  <color>
   Красный
  </color>
  <material>
   Нейлон
  </material>
  <price>
   900489
  </price>
  <rating>
   2.12
  </rating>
  <reviews>
   157253
  </reviews>
  <new>
   +
  </new>
  <exclusive>
   no
  </exclusive>
 </clothing>
 <clothing>
  <id>
   756270035
  </id>
  <name>
   PleinSport T-shirt O-9274
  </name>
  <category>
   T-shirt
  </category>
  <size>
   S
  </size>
  <color>
   Голубой
  </color>
  <material>
   Нейлон
  </material>
  <price>
   803033
  </price>
  <rating>
   3.69
  </rating>
  <reviews>
   936121
  </reviews>
  <sporty>
   no
  </sporty>
 </clothing>
 <clothing>
  <id>
   186884921
  </id>
  <name>
   Reebok Dress M-1421
  </name>
  <category>
   Dress
  </category>
  <size>
   XL
  </size>
  <color>
   Фиолетовый
  </color>
  <material>
   Нейлон
  </material>
  <price>
   140194
  </price>
  <rating>
   2.3
  </rating>
  <reviews>
   330169
  </reviews>
  <new>
   -
  </new>
 </clothing>
 <clothing>
  <id>
   854057569
  </id>
  <name>
   Brooks Skirt G-9546
  </name>
  <category>
   Skirt
  </category>
  <size>
   L
  </size>
  <color>
   Желтый
  </color>
  <material>
   Полиэстер
  </material>
  <price>
   796743
  </price>
  <rating>
   3.99
  </rating>
  <reviews>
   164832
  </reviews>
 </clothing>
 <clothing>
  <id>
   656380776
  </id>
  <name>
   Addidas Handbags M-4442
  </name>
  <category>
   Handbags
  </category>
  <size>
   M
  </size>
  <color>
   Желтый
  </color>
  <material>
   Полиэстер
  </material>
  <price>
   271346
  </price>
  <rating>
   3.18
  </rating>
  <reviews>
   52798
  </reviews>
  <new>
   +
  </new>
  <exclusive>
   yes
  </exclusive>
  <sporty>
   yes
  </sporty>
 </clothing>
 <clothing>
  <id>
   547469248
  </id>
  <name>
   New Balance T-shirt H-7838
  </name>
  <category>
   T-shirt
  </category>
  <size>
   XXL
  </size>
  <color>
   Красный
  </color>
  <material>
   Шерсть
  </material>
  <price>
   608971
  </price>
  <rating>
   3.92
  </rating>
  <reviews>
   378397
  </reviews>
  <new>
   -
  </new>
  <exclusive>
   no
  </exclusive>
  <sporty>
   yes
  </sporty>
 </clothing>
 <clothing>
  <id>
   744423571
  </id>
  <name>
   Reebok Umbrellas Z-7449
  </name>
  <category>
   Umbrellas
  </category>
  <size>
   XL
  </size>
  <color>
   Синий
  </color>
  <material>
   Кожа
  </material>
  <price>
   786722
  </price>
  <rating>
   3.62
  </rating>
  <reviews>
   502727
  </reviews>
  <new>
   +
  </new>
  <exclusive>
   yes
  </exclusive>
  <sporty>
   yes
  </sporty>
 </clothing>
 <clothing>
  <id>
   428460406
  </id>
  <name>
   Adidas Jacket Q-2178
  </name>
  <category>
   Jacket
  </category>
  <size>
   S
  </size>
  <color>
   Зеленый
  </color>
  <material>
   Полиэстер
  </material>
  <price>
   669939
  </price>
  <rating>
   2.05
  </rating>
  <reviews>
   217907
  </reviews>
  <new>
   -
  </new>
  <exclusive>
   no
  </exclusive>
  <sporty>
   no
  </sporty>
 </clothing>
 <clothing>
  <id>
   801217080
  </id>
  <name>
   Under Armour Shirt G-6544
  </name>
  <category>
   Shirt
  </category>
  <size>
   XXL
  </size>
  <color>
   Оранжевый
  </color>
  <material>
   Полиэстер
  </material>
  <price>
   106754
  </price>
  <rating>
   1.94
  </rating>
  <reviews>
   352116
  </reviews>
  <new>
   -
  </new>
  <exclusive>
   no
  </exclusive>
  <sporty>
   no
  </sporty>
 </clothing>
 <clothing>
  <id>
   789148218
  </id>
  <name>
   Under Armour Handbags O-5250
  </name>
  <category>
   Handbags
  </category>
  <size>
   M
  </size>
  <color>
   Фиолетовый
  </color>
  <material>
   Шерсть
  </material>
  <price>
   746697
  </price>
  <rating>
   4.41
  </rating>
  <reviews>
   238165
  </reviews>
 </clothing>
 <clothing>
  <id>
   182148678
  </id>
  <name>
   Nike Belts N-6089
  </name>
  <category>
   Belts
  </category>
  <size>
   S
  </size>
  <color>
   Зеленый
  </color>
  <material>
   Хлопок
  </material>
  <price>
   148025
  </price>
  <rating>
   3.29
  </rating>
  <reviews>
   881744
  </reviews>
  <exclusive>
   yes
  </exclusive>
  <sporty>
   yes
  </sporty>
 </clothing>
 <clothing>
  <id>
   175473060
  </id>
  <name>
   Converse Shirt R-3586
  </name>
  <category>
   Shirt
  </category>
  <size>
   XXL
  </size>
  <color>
   Голубой
  </color>
  <material>
   Кожа
  </material>
  <price>
   649160
  </price>
  <rating>
   4.8
  </rating>
  <reviews>
   892782
  </reviews>
  <exclusive>
   no
  </exclusive>
 </clothing>
 <clothing>
  <id>
   239878706
  </id>
  <name>
   Reebok Shoes Q-6421
  </name>
  <category>
   Shoes
  </category>
  <size>
   XXL
  </size>
  <color>
   Желтый
  </color>
  <material>
   Шелк
  </material>
  <price>
   595239
  </price>
  <rating>
   4.97
  </rating>
  <reviews>
   415972
  </reviews>
  <new>
   -
  </new>
  <sporty>
   yes
  </sporty>
 </clothing>
 <clothing>
  <id>
   338797029
  </id>
  <name>
   PleinSport Dress A-9272
  </name>
  <category>
   Dress
  </category>
  <size>
   M
  </size>
  <color>
   Зеленый
  </color>
  <material>
   Хлопок
  </material>
  <price>
   868891
  </price>
  <rating>
   4.11
  </rating>
  <reviews>
   594968
  </reviews>
  <new>
   -
  </new>
  <exclusive>
   no
  </exclusive>
  <sporty>
   no
  </sporty>
 </clothing>
 <clothing>
  <id>
   618805931
  </id>
  <name>
   Reebok Shirt D-8736
  </name>
  <category>
   Shirt
  </category>
  <size>
   S
  </size>
  <color>
   Синий
  </color>
  <material>
   Вискоза
  </material>
  <price>
   845393
  </price>
  <rating>
   1.82
  </rating>
  <reviews>
   978876
  </reviews>
  <exclusive>
   yes
  </exclusive>
 </clothing>
 <clothing>
  <id>
   345498441
  </id>
  <name>
   Converse T-shirt L-4001
  </name>
  <category>
   T-shirt
  </category>
  <size>
   M
  </size>
  <color>
   Желтый
  </color>
  <material>
   Хлопок
  </material>
  <price>
   238495
  </price>
  <rating>
   2.25
  </rating>
  <reviews>
   31345
  </reviews>
  <new>
   -
  </new>
  <exclusive>
   no
  </exclusive>
  <sporty>
   no
  </sporty>
 </clothing>
 <clothing>
  <id>
   167887854
  </id>
  <name>
   Ellesse T-shirt W-9430
  </name>
  <category>
   T-shirt
  </category>
  <size>
   S
  </size>
  <color>
   Красный
  </color>
  <material>
   Хлопок
  </material>
  <price>
   914959
  </price>
  <rating>
   4.48
  </rating>
  <reviews>
   470583
  </reviews>
  <new>
   +
  </new>
  <exclusive>
   yes
  </exclusive>
  <sporty>
   yes
  </sporty>
 </clothing>
 <clothing>
  <id>
   308868239
  </id>
  <name>
   PleinSport Jeans B-5620
  </name>
  <category>
   Jeans
  </category>
  <size>
   XL
  </size>
  <color>
   Оранжевый
  </color>
  <material>
   Хлопок
  </material>
  <price>
   441572
  </price>
  <rating>
   2.38
  </rating>
  <reviews>
   203945
  </reviews>
  <exclusive>
   no
  </exclusive>
  <sporty>
   no
  </sporty>
 </clothing>
 <clothing>
  <id>
   373569911
  </id>
  <name>
   Addidas Umbrellas H-9342
  </name>
  <category>
   Umbrellas
  </category>
  <size>
   M
  </size>
  <color>
   Желтый
  </color>
  <material>
   Лен
  </material>
  <price>
   347940
  </price>
  <rating>
   3.37
  </rating>
  <reviews>
   140170
  </reviews>
  <new>
   -
  </new>
  <sporty>
   yes
  </sporty>
 </clothing>
 <clothing>
  <id>
   151907965
  </id>
  <name>
   Fila Skirt P-8490
  </name>
  <category>
   Skirt
  </category>
  <size>
   M
  </size>
  <color>
   Фиолетовый
  </color>
  <material>
   Полиэстер
  </material>
  <price>
   360540
  </price>
  <rating>
   4.4
  </rating>
  <reviews>
   850028
  </reviews>
  <new>
   -
  </new>
  <exclusive>
   yes
  </exclusive>
  <sporty>
   no
  </sporty>
 </clothing>
 <clothing>
  <id>
   927349677
  </id>
  <name>
   Under Armour Shoes D-4402
  </name>
  <category>
   Shoes
  </category>
  <size>
   L
  </size>
  <color>
   Оранжевый
  </color>
  <material>
   Полиэстер
  </material>
  <price>
   262279
  </price>
  <rating>
   2.01
  </rating>
  <reviews>
   676727
  </reviews>
  <sporty>
   yes
  </sporty>
 </clothing>
 <clothing>
  <id>
   275219028
  </id>
  <name>
   Asics Skirt T-2486
  </name>
  <category>
   Skirt
  </category>
  <size>
   M
  </size>
  <color>
   Фиолетовый
  </color>
  <material>
   Нейлон
  </material>
  <price>
   263179
  </price>
  <rating>
   4.22
  </rating>
  <reviews>
   415504
  </reviews>
  <new>
   -
  </new>
  <sporty>
   yes
  </sporty>
 </clothing>
 <clothing>
  <id>
   728177540
  </id>
  <name>
   Addidas Blouse M-4561
  </name>
  <category>
   Blouse
  </category>
  <size>
   M
  </size>
  <color>
   Синий
  </color>
  <material>
   Шелк
  </material>
  <price>
   755630
  </price>
  <rating>
   2.66
  </rating>
  <reviews>
   772856
  </reviews>
  <new>
   -
  </new>
  <exclusive>
   yes
  </exclusive>
  <sporty>
   no
  </sporty>
 </clothing>
 <clothing>
  <id>
   860068589
  </id>
  <name>
   Adidas Skirt X-3647
  </name>
  <category>
   Skirt
  </category>
  <size>
   XXL
  </size>
  <color>
   Фиолетовый
  </color>
  <material>
   Кожа
  </material>
  <price>
   453433
  </price>
  <rating>
   1.11
  </rating>
  <reviews>
   2362
  </reviews>
  <exclusive>
   no
  </exclusive>
 </clothing>
 <clothing>
  <id>
   791583390
  </id>
  <name>
   Ellesse Shirt J-4464
  </name>
  <category>
   Shirt
  </category>
  <size>
   S
  </size>
  <color>
   Желтый
  </color>
  <material>
   Лен
  </material>
  <price>
   432499
  </price>
  <rating>
   2.32
  </rating>
  <reviews>
   300711
  </reviews>
  <new>
   -
  </new>
  <sporty>
   no
  </sporty>
 </clothing>
 <clothing>
  <id>
   950717010
  </id>
  <name>
   Adidas Jacket L-8305
  </name>
  <category>
   Jacket
  </category>
  <size>
   XXL
  </size>
  <color>
   Оранжевый
  </color>
  <material>
   Хлопок
  </material>
  <price>
   825549
  </price>
  <rating>
   4.76
  </rating>
  <reviews>
   155848
  </reviews>
  <new>
   +
  </new>
 </clothing>
 <clothing>
  <id>
   578523338
  </id>
  <name>
   PleinSport Blouse O-5529
  </name>
  <category>
   Blouse
  </category>
  <size>
   M
  </size>
  <color>
   Красный
  </color>
  <material>
   Хлопок
  </material>
  <price>
   188817
  </price>
  <rating>
   2.18
  </rating>
  <reviews>
   102804
  </reviews>
  <new>
   -
  </new>
  <exclusive>
   no
  </exclusive>
 </clothing>
 <clothing>
  <id>
   205938996
  </id>
  <name>
   Brooks T-shirt Y-8240
  </name>
  <category>
   T-shirt
  </category>
  <size>
   M
  </size>
  <color>
   Желтый
  </color>
  <material>
   Лен
  </material>
  <price>
   722312
  </price>
  <rating>
   4.56
  </rating>
  <reviews>
   955850
  </reviews>
  <new>
   -
  </new>
  <exclusive>
   yes
  </exclusive>
  <sporty>
   no
  </sporty>
 </clothing>
 <clothing>
  <id>
   409891078
  </id>
  <name>
   Asics Belts V-1091
  </name>
  <category>
   Belts
  </category>
  <size>
   S
  </size>
  <color>
   Желтый
  </color>
  <material>
   Полиэстер
  </material>
  <price>
   700284
  </price>
  <rating>
   2.42
  </rating>
  <reviews>
   703214
  </reviews>
  <new>
   +
  </new>
  <exclusive>
   no
  </exclusive>
 </clothing>
 <clothing>
  <id>
   280819095
  </id>
  <name>
   PleinSport Handbags L-2742
  </name>
  <category>
   Handbags
  </category>
  <size>
   S
  </size>
  <color>
   Красный
  </color>
  <material>
   Шерсть
  </material>
  <price>
   632072
  </price>
  <rating>
   1.97
  </rating>
  <reviews>
   930792
  </reviews>
  <exclusive>
   yes
  </exclusive>
  <sporty>
   no
  </sporty>
 </clothing>
 <clothing>
  <id>
   466956115
  </id>
  <name>
   Addidas Blouse W-1377
  </name>
  <category>
   Blouse
  </category>
  <size>
   L
  </size>
  <color>
   Синий
  </color>
  <material>
   Кожа
  </material>
  <price>
   492193
  </price>
  <rating>
   4.67
  </rating>
  <reviews>
   921357
  </reviews>
  <new>
   -
  </new>
  <sporty>
   yes
  </sporty>
 </clothing>
 <clothing>
  <id>
   141834655
  </id>
  <name>
   Brooks Gloves L-5295
  </name>
  <category>
   Gloves
  </category>
  <size>
   L
  </size>
  <color>
   Красный
  </color>
  <material>
   Кожа
  </material>
  <price>
   447363
  </price>
  <rating>
   4.15
  </rating>
  <reviews>
   875077
  </reviews>
  <exclusive>
   no
  </exclusive>
 </clothing>
 <clothing>
  <id>
   789017051
  </id>
  <name>
   Lacoste Shoes D-4746
  </name>
  <category>
   Shoes
  </category>
  <size>
   XXL
  </size>
  <color>
   Красный
  </color>
  <material>
   Вискоза
  </material>
  <price>
   458700
  </price>
  <rating>
   3.51
  </rating>
  <reviews>
   696504
  </reviews>
  <exclusive>
   yes
  </exclusive>
 </clothing>
 <clothing>
  <id>
   126151170
  </id>
  <name>
   Reebok Sweater I-9242
  </name>
  <category>
   Sweater
  </category>
  <size>
   S
  </size>
  <color>
   Голубой
  </color>
  <material>
   Шерсть
  </material>
  <price>
   811457
  </price>
  <rating>
   3.46
  </rating>
  <reviews>
   837039
  </reviews>
  <exclusive>
   no
  </exclusive>
 </clothing>
 <clothing>
  <id>
   106121175
  </id>
  <name>
   Adidas Jacket A-3374
  </name>
  <category>
   Jacket
  </category>
  <size>
   S
  </size>
  <color>
   Синий
  </color>
  <material>
   Нейлон
  </material>
  <price>
   455456
  </price>
  <rating>
   4.86
  </rating>
  <reviews>
   864036
  </reviews>
  <exclusive>
   no
  </exclusive>
  <sporty>
   no
  </sporty>
 </clothing>
 <clothing>
  <id>
   222984143
  </id>
  <name>
   Brooks Blouse Q-6130
  </name>
  <category>
   Blouse
  </category>
  <size>
   L
  </size>
  <color>
   Оранжевый
  </color>
  <material>
   Нейлон
  </material>
  <price>
   355122
  </price>
  <rating>
   2.38
  </rating>
  <reviews>
   348072
  </reviews>
  <new>
   +
  </new>
  <exclusive>
   no
  </exclusive>
  <sporty>
   yes
  </sporty>
 </clothing>
</clothing-items>
