<?xml version="1.0" encoding="utf-8"?>
<clothing-items>
 <clothing>
  <id>
   815629961
  </id>
  <name>
   New Balance Umbrellas Y-4142
  </name>
  <category>
   Umbrellas
  </category>
  <size>
   XL
  </size>
  <color>
   Фиолетовый
  </color>
  <material>
   Шелк
  </material>
  <price>
   536348
  </price>
  <rating>
   4.43
  </rating>
  <reviews>
   78603
  </reviews>
  <new>
   -
  </new>
  <exclusive>
   no
  </exclusive>
 </clothing>
 <clothing>
  <id>
   523532487
  </id>
  <name>
   New Balance Umbrellas B-2893
  </name>
  <category>
   Umbrellas
  </category>
  <size>
   M
  </size>
  <color>
   Зеленый
  </color>
  <material>
   Вискоза
  </material>
  <price>
   570455
  </price>
  <rating>
   2.15
  </rating>
  <reviews>
   745755
  </reviews>
  <new>
   -
  </new>
  <exclusive>
   no
  </exclusive>
  <sporty>
   yes
  </sporty>
 </clothing>
 <clothing>
  <id>
   220973898
  </id>
  <name>
   Vans Belts E-2574
  </name>
  <category>
   Belts
  </category>
  <size>
   L
  </size>
  <color>
   Оранжевый
  </color>
  <material>
   Лен
  </material>
  <price>
   203802
  </price>
  <rating>
   4.3
  </rating>
  <reviews>
   765684
  </reviews>
  <new>
   +
  </new>
  <exclusive>
   yes
  </exclusive>
  <sporty>
   yes
  </sporty>
 </clothing>
 <clothing>
  <id>
   866378364
  </id>
  <name>
   Brooks Belts A-2565
  </name>
  <category>
   Belts
  </category>
  <size>
   S
  </size>
  <color>
   Голубой
  </color>
  <material>
   Полиэстер
  </material>
  <price>
   373654
  </price>
  <rating>
   4.26
  </rating>
  <reviews>
   100540
  </reviews>
  <new>
   -
  </new>
 </clothing>
 <clothing>
  <id>
   645305479
  </id>
  <name>
   Converse Jeans Q-6558
  </name>
  <category>
   Jeans
  </category>
  <size>
   L
  </size>
  <color>
   Оранжевый
  </color>
  <material>
   Шерсть
  </material>
  <price>
   627167
  </price>
  <rating>
   1.26
  </rating>
  <reviews>
   606122
  </reviews>
  <new>
   -
  </new>
  <exclusive>
   no
  </exclusive>
  <sporty>
   yes
  </sporty>
 </clothing>
 <clothing>
  <id>
   329023853
  </id>
  <name>
   Addidas Blouse J-6545
  </name>
  <category>
   Blouse
  </category>
  <size>
   S
  </size>
  <color>
   Голубой
  </color>
  <material>
   Хлопок
  </material>
  <price>
   408930
  </price>
  <rating>
   3.42
  </rating>
  <reviews>
   221312
  </reviews>
  <exclusive>
   yes
  </exclusive>
 </clothing>
 <clothing>
  <id>
   448980543
  </id>
  <name>
   New Balance Belts Q-8597
  </name>
  <category>
   Belts
  </category>
  <size>
   XL
  </size>
  <color>
   Голубой
  </color>
  <material>
   Шелк
  </material>
  <price>
   385811
  </price>
  <rating>
   4.64
  </rating>
  <reviews>
   112856
  </reviews>
  <exclusive>
   yes
  </exclusive>
 </clothing>
 <clothing>
  <id>
   177246993
  </id>
  <name>
   Asics Hat F-5551
  </name>
  <category>
   Hat
  </category>
  <size>
   M
  </size>
  <color>
   Зеленый
  </color>
  <material>
   Хлопок
  </material>
  <price>
   518064
  </price>
  <rating>
   1.14
  </rating>
  <reviews>
   580845
  </reviews>
  <exclusive>
   yes
  </exclusive>
 </clothing>
 <clothing>
  <id>
   687802820
  </id>
  <name>
   Addidas Gloves F-9574
  </name>
  <category>
   Gloves
  </category>
  <size>
   L
  </size>
  <color>
   Желтый
  </color>
  <material>
   Шелк
  </material>
  <price>
   265686
  </price>
  <rating>
   3.92
  </rating>
  <reviews>
   85977
  </reviews>
  <exclusive>
   yes
  </exclusive>
 </clothing>
 <clothing>
  <id>
   143518636
  </id>
  <name>
   Vans Socks B-8420
  </name>
  <category>
   Socks
  </category>
  <size>
   L
  </size>
  <color>
   Оранжевый
  </color>
  <material>
   Кожа
  </material>
  <price>
   126372
  </price>
  <rating>
   5.0
  </rating>
  <reviews>
   552402
  </reviews>
 </clothing>
</clothing-items>
