<?xml version="1.0" encoding="utf-8"?>
<clothing-items>
 <clothing>
  <id>
   351619624
  </id>
  <name>
   Asics Socks I-7879
  </name>
  <category>
   Socks
  </category>
  <size>
   XL
  </size>
  <color>
   Голубой
  </color>
  <material>
   Нейлон
  </material>
  <price>
   214589
  </price>
  <rating>
   3.81
  </rating>
  <reviews>
   88940
  </reviews>
  <exclusive>
   no
  </exclusive>
  <sporty>
   yes
  </sporty>
 </clothing>
 <clothing>
  <id>
   335740595
  </id>
  <name>
   Adidas Shoes Q-1780
  </name>
  <category>
   Shoes
  </category>
  <size>
   XL
  </size>
  <color>
   Фиолетовый
  </color>
  <material>
   Нейлон
  </material>
  <price>
   143142
  </price>
  <rating>
   4.2
  </rating>
  <reviews>
   178371
  </reviews>
  <new>
   +
  </new>
  <exclusive>
   yes
  </exclusive>
 </clothing>
 <clothing>
  <id>
   523093080
  </id>
  <name>
   DC Belts Q-4983
  </name>
  <category>
   Belts
  </category>
  <size>
   M
  </size>
  <color>
   Зеленый
  </color>
  <material>
   Вискоза
  </material>
  <price>
   832006
  </price>
  <rating>
   4.85
  </rating>
  <reviews>
   814621
  </reviews>
  <new>
   +
  </new>
  <exclusive>
   no
  </exclusive>
  <sporty>
   no
  </sporty>
 </clothing>
 <clothing>
  <id>
   712318379
  </id>
  <name>
   Nike Jeans E-8401
  </name>
  <category>
   Jeans
  </category>
  <size>
   M
  </size>
  <color>
   Голубой
  </color>
  <material>
   Вискоза
  </material>
  <price>
   365701
  </price>
  <rating>
   4.89
  </rating>
  <reviews>
   108426
  </reviews>
  <new>
   -
  </new>
 </clothing>
 <clothing>
  <id>
   638188545
  </id>
  <name>
   Fila T-shirt B-5336
  </name>
  <category>
   T-shirt
  </category>
  <size>
   XL
  </size>
  <color>
   Фиолетовый
  </color>
  <material>
   Кожа
  </material>
  <price>
   616044
  </price>
  <rating>
   4.01
  </rating>
  <reviews>
   142836
  </reviews>
  <exclusive>
   yes
  </exclusive>
  <sporty>
   no
  </sporty>
 </clothing>
 <clothing>
  <id>
   473114441
  </id>
  <name>
   Puma Jacket G-9402
  </name>
  <category>
   Jacket
  </category>
  <size>
   XXL
  </size>
  <color>
   Оранжевый
  </color>
  <material>
   Полиэстер
  </material>
  <price>
   196319
  </price>
  <rating>
   4.44
  </rating>
  <reviews>
   1069
  </reviews>
  <new>
   +
  </new>
 </clothing>
 <clothing>
  <id>
   646940925
  </id>
  <name>
   Brooks Skirt T-8266
  </name>
  <category>
   Skirt
  </category>
  <size>
   XXL
  </size>
  <color>
   Голубой
  </color>
  <material>
   Шелк
  </material>
  <price>
   878454
  </price>
  <rating>
   1.72
  </rating>
  <reviews>
   900767
  </reviews>
  <new>
   +
  </new>
  <exclusive>
   yes
  </exclusive>
  <sporty>
   yes
  </sporty>
 </clothing>
 <clothing>
  <id>
   812987469
  </id>
  <name>
   Addidas Pants F-1828
  </name>
  <category>
   Pants
  </category>
  <size>
   M
  </size>
  <color>
   Голубой
  </color>
  <material>
   Нейлон
  </material>
  <price>
   136079
  </price>
  <rating>
   3.26
  </rating>
  <reviews>
   749206
  </reviews>
  <new>
   -
  </new>
  <exclusive>
   yes
  </exclusive>
 </clothing>
 <clothing>
  <id>
   476180947
  </id>
  <name>
   PleinSport Gloves M-8169
  </name>
  <category>
   Gloves
  </category>
  <size>
   S
  </size>
  <color>
   Фиолетовый
  </color>
  <material>
   Хлопок
  </material>
  <price>
   809191
  </price>
  <rating>
   1.69
  </rating>
  <reviews>
   652784
  </reviews>
  <new>
   +
  </new>
  <exclusive>
   no
  </exclusive>
  <sporty>
   no
  </sporty>
 </clothing>
 <clothing>
  <id>
   685512747
  </id>
  <name>
   DC Sweater X-3217
  </name>
  <category>
   Sweater
  </category>
  <size>
   XL
  </size>
  <color>
   Желтый
  </color>
  <material>
   Шерсть
  </material>
  <price>
   286709
  </price>
  <rating>
   4.76
  </rating>
  <reviews>
   185865
  </reviews>
  <new>
   +
  </new>
  <exclusive>
   no
  </exclusive>
 </clothing>
 <clothing>
  <id>
   511546273
  </id>
  <name>
   Nike Shoes N-3569
  </name>
  <category>
   Shoes
  </category>
  <size>
   S
  </size>
  <color>
   Синий
  </color>
  <material>
   Хлопок
  </material>
  <price>
   134973
  </price>
  <rating>
   4.7
  </rating>
  <reviews>
   84287
  </reviews>
  <sporty>
   no
  </sporty>
 </clothing>
 <clothing>
  <id>
   424997053
  </id>
  <name>
   Puma Skirt B-8178
  </name>
  <category>
   Skirt
  </category>
  <size>
   XXL
  </size>
  <color>
   Зеленый
  </color>
  <material>
   Шерсть
  </material>
  <price>
   917774
  </price>
  <rating>
   4.02
  </rating>
  <reviews>
   337239
  </reviews>
  <new>
   +
  </new>
  <exclusive>
   yes
  </exclusive>
  <sporty>
   yes
  </sporty>
 </clothing>
 <clothing>
  <id>
   476308217
  </id>
  <name>
   Brooks Pants E-2820
  </name>
  <category>
   Pants
  </category>
  <size>
   XXL
  </size>
  <color>
   Оранжевый
  </color>
  <material>
   Вискоза
  </material>
  <price>
   737404
  </price>
  <rating>
   2.2
  </rating>
  <reviews>
   532341
  </reviews>
  <new>
   -
  </new>
  <exclusive>
   no
  </exclusive>
  <sporty>
   no
  </sporty>
 </clothing>
 <clothing>
  <id>
   233172799
  </id>
  <name>
   PleinSport Shoes K-5661
  </name>
  <category>
   Shoes
  </category>
  <size>
   L
  </size>
  <color>
   Голубой
  </color>
  <material>
   Кожа
  </material>
  <price>
   342241
  </price>
  <rating>
   2.46
  </rating>
  <reviews>
   113426
  </reviews>
  <exclusive>
   yes
  </exclusive>
  <sporty>
   yes
  </sporty>
 </clothing>
 <clothing>
  <id>
   802098706
  </id>
  <name>
   Adidas Pants G-7579
  </name>
  <category>
   Pants
  </category>
  <size>
   L
  </size>
  <color>
   Голубой
  </color>
  <material>
   Вискоза
  </material>
  <price>
   882904
  </price>
  <rating>
   1.61
  </rating>
  <reviews>
   192924
  </reviews>
  <new>
   -
  </new>
  <exclusive>
   no
  </exclusive>
  <sporty>
   yes
  </sporty>
 </clothing>
 <clothing>
  <id>
   694493474
  </id>
  <name>
   Reebok Handbags G-9633
  </name>
  <category>
   Handbags
  </category>
  <size>
   M
  </size>
  <color>
   Красный
  </color>
  <material>
   Шерсть
  </material>
  <price>
   910116
  </price>
  <rating>
   2.56
  </rating>
  <reviews>
   297139
  </reviews>
 </clothing>
 <clothing>
  <id>
   135262189
  </id>
  <name>
   Asics Handbags N-3031
  </name>
  <category>
   Handbags
  </category>
  <size>
   S
  </size>
  <color>
   Желтый
  </color>
  <material>
   Лен
  </material>
  <price>
   354250
  </price>
  <rating>
   2.75
  </rating>
  <reviews>
   55596
  </reviews>
  <new>
   +
  </new>
  <sporty>
   no
  </sporty>
 </clothing>
 <clothing>
  <id>
   122502996
  </id>
  <name>
   Brooks Dress Y-1740
  </name>
  <category>
   Dress
  </category>
  <size>
   S
  </size>
  <color>
   Красный
  </color>
  <material>
   Шерсть
  </material>
  <price>
   556581
  </price>
  <rating>
   2.84
  </rating>
  <reviews>
   182956
  </reviews>
  <new>
   +
  </new>
  <exclusive>
   yes
  </exclusive>
  <sporty>
   no
  </sporty>
 </clothing>
 <clothing>
  <id>
   577564629
  </id>
  <name>
   Asics Gloves D-8547
  </name>
  <category>
   Gloves
  </category>
  <size>
   S
  </size>
  <color>
   Голубой
  </color>
  <material>
   Вискоза
  </material>
  <price>
   461334
  </price>
  <rating>
   3.23
  </rating>
  <reviews>
   671008
  </reviews>
 </clothing>
 <clothing>
  <id>
   597698147
  </id>
  <name>
   Puma Hat W-9665
  </name>
  <category>
   Hat
  </category>
  <size>
   S
  </size>
  <color>
   Синий
  </color>
  <material>
   Шерсть
  </material>
  <price>
   950110
  </price>
  <rating>
   1.65
  </rating>
  <reviews>
   14412
  </reviews>
  <exclusive>
   no
  </exclusive>
  <sporty>
   no
  </sporty>
 </clothing>
 <clothing>
  <id>
   177308813
  </id>
  <name>
   PleinSport Socks W-1580
  </name>
  <category>
   Socks
  </category>
  <size>
   XXL
  </size>
  <color>
   Желтый
  </color>
  <material>
   Шерсть
  </material>
  <price>
   648793
  </price>
  <rating>
   3.34
  </rating>
  <reviews>
   464912
  </reviews>
  <new>
   -
  </new>
  <exclusive>
   no
  </exclusive>
  <sporty>
   no
  </sporty>
 </clothing>
 <clothing>
  <id>
   891221410
  </id>
  <name>
   Converse Gloves U-1013
  </name>
  <category>
   Gloves
  </category>
  <size>
   S
  </size>
  <color>
   Фиолетовый
  </color>
  <material>
   Шелк
  </material>
  <price>
   432212
  </price>
  <rating>
   4.16
  </rating>
  <reviews>
   96881
  </reviews>
  <new>
   -
  </new>
  <exclusive>
   yes
  </exclusive>
  <sporty>
   yes
  </sporty>
 </clothing>
 <clothing>
  <id>
   813984548
  </id>
  <name>
   Converse T-shirt W-8235
  </name>
  <category>
   T-shirt
  </category>
  <size>
   XL
  </size>
  <color>
   Фиолетовый
  </color>
  <material>
   Лен
  </material>
  <price>
   653152
  </price>
  <rating>
   1.06
  </rating>
  <reviews>
   601237
  </reviews>
  <new>
   -
  </new>
  <exclusive>
   no
  </exclusive>
  <sporty>
   yes
  </sporty>
 </clothing>
 <clothing>
  <id>
   422859567
  </id>
  <name>
   Lacoste Handbags Q-7371
  </name>
  <category>
   Handbags
  </category>
  <size>
   L
  </size>
  <color>
   Фиолетовый
  </color>
  <material>
   Вискоза
  </material>
  <price>
   200775
  </price>
  <rating>
   1.06
  </rating>
  <reviews>
   977085
  </reviews>
  <new>
   +
  </new>
  <exclusive>
   no
  </exclusive>
 </clothing>
 <clothing>
  <id>
   633569524
  </id>
  <name>
   New Balance Jeans F-1358
  </name>
  <category>
   Jeans
  </category>
  <size>
   M
  </size>
  <color>
   Голубой
  </color>
  <material>
   Нейлон
  </material>
  <price>
   104462
  </price>
  <rating>
   1.83
  </rating>
  <reviews>
   529993
  </reviews>
  <new>
   +
  </new>
  <exclusive>
   yes
  </exclusive>
 </clothing>
 <clothing>
  <id>
   636215293
  </id>
  <name>
   New Balance Jacket C-8017
  </name>
  <category>
   Jacket
  </category>
  <size>
   L
  </size>
  <color>
   Голубой
  </color>
  <material>
   Шелк
  </material>
  <price>
   664038
  </price>
  <rating>
   3.61
  </rating>
  <reviews>
   266721
  </reviews>
  <exclusive>
   no
  </exclusive>
  <sporty>
   yes
  </sporty>
 </clothing>
 <clothing>
  <id>
   661892666
  </id>
  <name>
   Reebok Socks V-5818
  </name>
  <category>
   Socks
  </category>
  <size>
   L
  </size>
  <color>
   Красный
  </color>
  <material>
   Шерсть
  </material>
  <price>
   227494
  </price>
  <rating>
   2.03
  </rating>
  <reviews>
   378592
  </reviews>
  <exclusive>
   yes
  </exclusive>
  <sporty>
   yes
  </sporty>
 </clothing>
 <clothing>
  <id>
   587539712
  </id>
  <name>
   Asics Shirt W-2873
  </name>
  <category>
   Shirt
  </category>
  <size>
   S
  </size>
  <color>
   Оранжевый
  </color>
  <material>
   Кожа
  </material>
  <price>
   126533
  </price>
  <rating>
   4.79
  </rating>
  <reviews>
   225131
  </reviews>
  <exclusive>
   yes
  </exclusive>
 </clothing>
 <clothing>
  <id>
   901826557
  </id>
  <name>
   Ellesse Hat M-1947
  </name>
  <category>
   Hat
  </category>
  <size>
   XXL
  </size>
  <color>
   Красный
  </color>
  <material>
   Нейлон
  </material>
  <price>
   518740
  </price>
  <rating>
   4.58
  </rating>
  <reviews>
   819285
  </reviews>
  <new>
   -
  </new>
  <exclusive>
   no
  </exclusive>
 </clothing>
 <clothing>
  <id>
   484767102
  </id>
  <name>
   DC Dress L-2725
  </name>
  <category>
   Dress
  </category>
  <size>
   L
  </size>
  <color>
   Красный
  </color>
  <material>
   Нейлон
  </material>
  <price>
   665254
  </price>
  <rating>
   4.9
  </rating>
  <reviews>
   985853
  </reviews>
  <new>
   -
  </new>
  <sporty>
   no
  </sporty>
 </clothing>
 <clothing>
  <id>
   987388273
  </id>
  <name>
   PleinSport Socks Y-2295
  </name>
  <category>
   Socks
  </category>
  <size>
   XXL
  </size>
  <color>
   Голубой
  </color>
  <material>
   Лен
  </material>
  <price>
   186436
  </price>
  <rating>
   3.51
  </rating>
  <reviews>
   616815
  </reviews>
  <new>
   +
  </new>
  <exclusive>
   no
  </exclusive>
  <sporty>
   yes
  </sporty>
 </clothing>
 <clothing>
  <id>
   631514693
  </id>
  <name>
   Nike Jeans S-2549
  </name>
  <category>
   Jeans
  </category>
  <size>
   L
  </size>
  <color>
   Синий
  </color>
  <material>
   Хлопок
  </material>
  <price>
   286038
  </price>
  <rating>
   3.09
  </rating>
  <reviews>
   198783
  </reviews>
  <new>
   +
  </new>
  <sporty>
   yes
  </sporty>
 </clothing>
 <clothing>
  <id>
   165635595
  </id>
  <name>
   Nike T-shirt B-1956
  </name>
  <category>
   T-shirt
  </category>
  <size>
   S
  </size>
  <color>
   Фиолетовый
  </color>
  <material>
   Лен
  </material>
  <price>
   581186
  </price>
  <rating>
   1.99
  </rating>
  <reviews>
   391189
  </reviews>
 </clothing>
 <clothing>
  <id>
   241076074
  </id>
  <name>
   Puma Sweater D-2197
  </name>
  <category>
   Sweater
  </category>
  <size>
   L
  </size>
  <color>
   Красный
  </color>
  <material>
   Шелк
  </material>
  <price>
   718684
  </price>
  <rating>
   3.85
  </rating>
  <reviews>
   816478
  </reviews>
  <exclusive>
   no
  </exclusive>
 </clothing>
 <clothing>
  <id>
   544225156
  </id>
  <name>
   Adidas Socks R-9963
  </name>
  <category>
   Socks
  </category>
  <size>
   L
  </size>
  <color>
   Зеленый
  </color>
  <material>
   Кожа
  </material>
  <price>
   438038
  </price>
  <rating>
   2.75
  </rating>
  <reviews>
   73779
  </reviews>
  <new>
   +
  </new>
  <exclusive>
   no
  </exclusive>
 </clothing>
 <clothing>
  <id>
   393897115
  </id>
  <name>
   DC Socks A-9411
  </name>
  <category>
   Socks
  </category>
  <size>
   L
  </size>
  <color>
   Голубой
  </color>
  <material>
   Хлопок
  </material>
  <price>
   551676
  </price>
  <rating>
   2.64
  </rating>
  <reviews>
   516584
  </reviews>
  <new>
   +
  </new>
  <exclusive>
   yes
  </exclusive>
 </clothing>
 <clothing>
  <id>
   985052780
  </id>
  <name>
   Addidas Blouse T-2197
  </name>
  <category>
   Blouse
  </category>
  <size>
   M
  </size>
  <color>
   Оранжевый
  </color>
  <material>
   Лен
  </material>
  <price>
   229446
  </price>
  <rating>
   4.59
  </rating>
  <reviews>
   330115
  </reviews>
  <exclusive>
   no
  </exclusive>
  <sporty>
   no
  </sporty>
 </clothing>
 <clothing>
  <id>
   634042445
  </id>
  <name>
   Asics Hat G-8489
  </name>
  <category>
   Hat
  </category>
  <size>
   XXL
  </size>
  <color>
   Желтый
  </color>
  <material>
   Лен
  </material>
  <price>
   127037
  </price>
  <rating>
   1.53
  </rating>
  <reviews>
   485834
  </reviews>
  <new>
   -
  </new>
 </clothing>
 <clothing>
  <id>
   783925385
  </id>
  <name>
   Vans Belts P-2264
  </name>
  <category>
   Belts
  </category>
  <size>
   XXL
  </size>
  <color>
   Фиолетовый
  </color>
  <material>
   Нейлон
  </material>
  <price>
   534511
  </price>
  <rating>
   4.56
  </rating>
  <reviews>
   643230
  </reviews>
  <new>
   -
  </new>
  <exclusive>
   no
  </exclusive>
 </clothing>
 <clothing>
  <id>
   253585376
  </id>
  <name>
   Adidas Umbrellas D-6496
  </name>
  <category>
   Umbrellas
  </category>
  <size>
   M
  </size>
  <color>
   Оранжевый
  </color>
  <material>
   Полиэстер
  </material>
  <price>
   590570
  </price>
  <rating>
   4.2
  </rating>
  <reviews>
   450269
  </reviews>
  <exclusive>
   yes
  </exclusive>
 </clothing>
 <clothing>
  <id>
   179431176
  </id>
  <name>
   New Balance Sweater Z-1201
  </name>
  <category>
   Sweater
  </category>
  <size>
   L
  </size>
  <color>
   Голубой
  </color>
  <material>
   Нейлон
  </material>
  <price>
   941687
  </price>
  <rating>
   3.97
  </rating>
  <reviews>
   435690
  </reviews>
 </clothing>
 <clothing>
  <id>
   907186845
  </id>
  <name>
   Adidas T-shirt L-5305
  </name>
  <category>
   T-shirt
  </category>
  <size>
   M
  </size>
  <color>
   Желтый
  </color>
  <material>
   Шерсть
  </material>
  <price>
   553703
  </price>
  <rating>
   2.97
  </rating>
  <reviews>
   737859
  </reviews>
  <exclusive>
   yes
  </exclusive>
 </clothing>
 <clothing>
  <id>
   167496666
  </id>
  <name>
   Addidas Shoes G-5652
  </name>
  <category>
   Shoes
  </category>
  <size>
   XL
  </size>
  <color>
   Желтый
  </color>
  <material>
   Шерсть
  </material>
  <price>
   925494
  </price>
  <rating>
   2.58
  </rating>
  <reviews>
   831624
  </reviews>
  <new>
   +
  </new>
  <exclusive>
   no
  </exclusive>
  <sporty>
   no
  </sporty>
 </clothing>
 <clothing>
  <id>
   493156985
  </id>
  <name>
   Addidas T-shirt F-4495
  </name>
  <category>
   T-shirt
  </category>
  <size>
   XL
  </size>
  <color>
   Синий
  </color>
  <material>
   Хлопок
  </material>
  <price>
   570106
  </price>
  <rating>
   4.71
  </rating>
  <reviews>
   913363
  </reviews>
  <new>
   -
  </new>
  <sporty>
   no
  </sporty>
 </clothing>
 <clothing>
  <id>
   448549331
  </id>
  <name>
   Reebok Umbrellas P-2753
  </name>
  <category>
   Umbrellas
  </category>
  <size>
   XL
  </size>
  <color>
   Оранжевый
  </color>
  <material>
   Кожа
  </material>
  <price>
   963002
  </price>
  <rating>
   4.7
  </rating>
  <reviews>
   753045
  </reviews>
  <sporty>
   no
  </sporty>
 </clothing>
 <clothing>
  <id>
   461213629
  </id>
  <name>
   DC Belts L-4983
  </name>
  <category>
   Belts
  </category>
  <size>
   XL
  </size>
  <color>
   Голубой
  </color>
  <material>
   Полиэстер
  </material>
  <price>
   993387
  </price>
  <rating>
   2.24
  </rating>
  <reviews>
   439867
  </reviews>
  <new>
   -
  </new>
  <exclusive>
   no
  </exclusive>
 </clothing>
 <clothing>
  <id>
   440587648
  </id>
  <name>
   DC Shirt J-7819
  </name>
  <category>
   Shirt
  </category>
  <size>
   XL
  </size>
  <color>
   Голубой
  </color>
  <material>
   Хлопок
  </material>
  <price>
   280801
  </price>
  <rating>
   2.02
  </rating>
  <reviews>
   772370
  </reviews>
  <exclusive>
   yes
  </exclusive>
  <sporty>
   yes
  </sporty>
 </clothing>
 <clothing>
  <id>
   795304173
  </id>
  <name>
   Puma Jacket S-8231
  </name>
  <category>
   Jacket
  </category>
  <size>
   XL
  </size>
  <color>
   Синий
  </color>
  <material>
   Вискоза
  </material>
  <price>
   760623
  </price>
  <rating>
   4.33
  </rating>
  <reviews>
   643333
  </reviews>
  <new>
   +
  </new>
  <sporty>
   no
  </sporty>
 </clothing>
</clothing-items>
