<?xml version="1.0" encoding="utf-8"?>
<clothing-items>
 <clothing>
  <id>
   321862117
  </id>
  <name>
   Brooks Jacket P-7482
  </name>
  <category>
   Jacket
  </category>
  <size>
   XL
  </size>
  <color>
   Оранжевый
  </color>
  <material>
   Шелк
  </material>
  <price>
   714885
  </price>
  <rating>
   4.77
  </rating>
  <reviews>
   17770
  </reviews>
  <new>
   -
  </new>
  <sporty>
   no
  </sporty>
 </clothing>
 <clothing>
  <id>
   333971172
  </id>
  <name>
   Asics Handbags Z-2609
  </name>
  <category>
   Handbags
  </category>
  <size>
   L
  </size>
  <color>
   Красный
  </color>
  <material>
   Полиэстер
  </material>
  <price>
   911300
  </price>
  <rating>
   4.61
  </rating>
  <reviews>
   406599
  </reviews>
  <new>
   -
  </new>
  <exclusive>
   no
  </exclusive>
 </clothing>
 <clothing>
  <id>
   577556252
  </id>
  <name>
   Under Armour Shirt C-4830
  </name>
  <category>
   Shirt
  </category>
  <size>
   M
  </size>
  <color>
   Желтый
  </color>
  <material>
   Шерсть
  </material>
  <price>
   318467
  </price>
  <rating>
   1.66
  </rating>
  <reviews>
   664524
  </reviews>
  <new>
   +
  </new>
 </clothing>
 <clothing>
  <id>
   484813964
  </id>
  <name>
   Under Armour Handbags E-5255
  </name>
  <category>
   Handbags
  </category>
  <size>
   S
  </size>
  <color>
   Оранжевый
  </color>
  <material>
   Кожа
  </material>
  <price>
   222020
  </price>
  <rating>
   3.07
  </rating>
  <reviews>
   454646
  </reviews>
  <new>
   +
  </new>
  <exclusive>
   yes
  </exclusive>
  <sporty>
   yes
  </sporty>
 </clothing>
 <clothing>
  <id>
   486914533
  </id>
  <name>
   Asics Handbags C-2081
  </name>
  <category>
   Handbags
  </category>
  <size>
   XXL
  </size>
  <color>
   Оранжевый
  </color>
  <material>
   Полиэстер
  </material>
  <price>
   468196
  </price>
  <rating>
   3.41
  </rating>
  <reviews>
   725129
  </reviews>
  <new>
   -
  </new>
  <exclusive>
   no
  </exclusive>
  <sporty>
   yes
  </sporty>
 </clothing>
 <clothing>
  <id>
   707650490
  </id>
  <name>
   PleinSport Hat Y-2149
  </name>
  <category>
   Hat
  </category>
  <size>
   M
  </size>
  <color>
   Зеленый
  </color>
  <material>
   Полиэстер
  </material>
  <price>
   511717
  </price>
  <rating>
   2.51
  </rating>
  <reviews>
   635638
  </reviews>
  <exclusive>
   no
  </exclusive>
 </clothing>
 <clothing>
  <id>
   533880618
  </id>
  <name>
   Under Armour Gloves D-4282
  </name>
  <category>
   Gloves
  </category>
  <size>
   XL
  </size>
  <color>
   Синий
  </color>
  <material>
   Шерсть
  </material>
  <price>
   867746
  </price>
  <rating>
   2.62
  </rating>
  <reviews>
   527850
  </reviews>
  <sporty>
   yes
  </sporty>
 </clothing>
 <clothing>
  <id>
   644390460
  </id>
  <name>
   Ellesse Pants A-2671
  </name>
  <category>
   Pants
  </category>
  <size>
   L
  </size>
  <color>
   Синий
  </color>
  <material>
   Полиэстер
  </material>
  <price>
   903089
  </price>
  <rating>
   4.22
  </rating>
  <reviews>
   931034
  </reviews>
  <exclusive>
   no
  </exclusive>
  <sporty>
   yes
  </sporty>
 </clothing>
 <clothing>
  <id>
   738124171
  </id>
  <name>
   Nike Sweater X-2611
  </name>
  <category>
   Sweater
  </category>
  <size>
   XXL
  </size>
  <color>
   Желтый
  </color>
  <material>
   Лен
  </material>
  <price>
   784135
  </price>
  <rating>
   1.28
  </rating>
  <reviews>
   37277
  </reviews>
  <new>
   +
  </new>
  <exclusive>
   no
  </exclusive>
  <sporty>
   no
  </sporty>
 </clothing>
 <clothing>
  <id>
   856648296
  </id>
  <name>
   New Balance T-shirt Q-9442
  </name>
  <category>
   T-shirt
  </category>
  <size>
   XXL
  </size>
  <color>
   Красный
  </color>
  <material>
   Полиэстер
  </material>
  <price>
   616087
  </price>
  <rating>
   2.22
  </rating>
  <reviews>
   146326
  </reviews>
  <new>
   -
  </new>
 </clothing>
 <clothing>
  <id>
   924169534
  </id>
  <name>
   Vans Jeans J-6556
  </name>
  <category>
   Jeans
  </category>
  <size>
   XXL
  </size>
  <color>
   Красный
  </color>
  <material>
   Шелк
  </material>
  <price>
   491793
  </price>
  <rating>
   4.31
  </rating>
  <reviews>
   189013
  </reviews>
  <new>
   -
  </new>
  <exclusive>
   yes
  </exclusive>
 </clothing>
 <clothing>
  <id>
   102403643
  </id>
  <name>
   Ellesse Jeans F-3776
  </name>
  <category>
   Jeans
  </category>
  <size>
   XL
  </size>
  <color>
   Красный
  </color>
  <material>
   Шелк
  </material>
  <price>
   830950
  </price>
  <rating>
   2.4
  </rating>
  <reviews>
   987040
  </reviews>
  <sporty>
   no
  </sporty>
 </clothing>
 <clothing>
  <id>
   537836017
  </id>
  <name>
   PleinSport Shirt W-4481
  </name>
  <category>
   Shirt
  </category>
  <size>
   L
  </size>
  <color>
   Голубой
  </color>
  <material>
   Шелк
  </material>
  <price>
   904181
  </price>
  <rating>
   1.81
  </rating>
  <reviews>
   789907
  </reviews>
  <new>
   +
  </new>
 </clothing>
 <clothing>
  <id>
   912554434
  </id>
  <name>
   Adidas Jacket C-8830
  </name>
  <category>
   Jacket
  </category>
  <size>
   M
  </size>
  <color>
   Фиолетовый
  </color>
  <material>
   Вискоза
  </material>
  <price>
   833414
  </price>
  <rating>
   3.43
  </rating>
  <reviews>
   881396
  </reviews>
 </clothing>
 <clothing>
  <id>
   813118901
  </id>
  <name>
   Ellesse Jacket O-4240
  </name>
  <category>
   Jacket
  </category>
  <size>
   XXL
  </size>
  <color>
   Красный
  </color>
  <material>
   Шелк
  </material>
  <price>
   755050
  </price>
  <rating>
   4.47
  </rating>
  <reviews>
   212480
  </reviews>
  <new>
   +
  </new>
  <sporty>
   yes
  </sporty>
 </clothing>
 <clothing>
  <id>
   374639381
  </id>
  <name>
   Addidas Sweater U-2022
  </name>
  <category>
   Sweater
  </category>
  <size>
   M
  </size>
  <color>
   Голубой
  </color>
  <material>
   Шелк
  </material>
  <price>
   365592
  </price>
  <rating>
   2.49
  </rating>
  <reviews>
   707168
  </reviews>
  <new>
   +
  </new>
  <exclusive>
   no
  </exclusive>
 </clothing>
 <clothing>
  <id>
   402756831
  </id>
  <name>
   DC Sweater N-5776
  </name>
  <category>
   Sweater
  </category>
  <size>
   S
  </size>
  <color>
   Зеленый
  </color>
  <material>
   Хлопок
  </material>
  <price>
   159082
  </price>
  <rating>
   3.15
  </rating>
  <reviews>
   313333
  </reviews>
  <new>
   -
  </new>
 </clothing>
 <clothing>
  <id>
   871311103
  </id>
  <name>
   Lacoste Socks N-6820
  </name>
  <category>
   Socks
  </category>
  <size>
   M
  </size>
  <color>
   Желтый
  </color>
  <material>
   Хлопок
  </material>
  <price>
   533052
  </price>
  <rating>
   1.3
  </rating>
  <reviews>
   916571
  </reviews>
  <new>
   +
  </new>
  <sporty>
   yes
  </sporty>
 </clothing>
</clothing-items>
