<?xml version="1.0" encoding="utf-8"?>
<clothing-items>
 <clothing>
  <id>
   618521546
  </id>
  <name>
   Puma Shoes K-3767
  </name>
  <category>
   Shoes
  </category>
  <size>
   S
  </size>
  <color>
   Фиолетовый
  </color>
  <material>
   Кожа
  </material>
  <price>
   999622
  </price>
  <rating>
   1.14
  </rating>
  <reviews>
   681575
  </reviews>
  <new>
   +
  </new>
  <exclusive>
   yes
  </exclusive>
  <sporty>
   yes
  </sporty>
 </clothing>
 <clothing>
  <id>
   883830246
  </id>
  <name>
   Addidas Hat F-5390
  </name>
  <category>
   Hat
  </category>
  <size>
   XXL
  </size>
  <color>
   Голубой
  </color>
  <material>
   Кожа
  </material>
  <price>
   549983
  </price>
  <rating>
   1.3
  </rating>
  <reviews>
   814586
  </reviews>
  <new>
   +
  </new>
  <exclusive>
   yes
  </exclusive>
 </clothing>
 <clothing>
  <id>
   820443556
  </id>
  <name>
   DC Belts Y-7325
  </name>
  <category>
   Belts
  </category>
  <size>
   XL
  </size>
  <color>
   Синий
  </color>
  <material>
   Лен
  </material>
  <price>
   628873
  </price>
  <rating>
   3.86
  </rating>
  <reviews>
   393273
  </reviews>
  <exclusive>
   yes
  </exclusive>
 </clothing>
 <clothing>
  <id>
   141583609
  </id>
  <name>
   New Balance Hat P-8097
  </name>
  <category>
   Hat
  </category>
  <size>
   XL
  </size>
  <color>
   Фиолетовый
  </color>
  <material>
   Хлопок
  </material>
  <price>
   643266
  </price>
  <rating>
   4.88
  </rating>
  <reviews>
   46152
  </reviews>
 </clothing>
 <clothing>
  <id>
   884900814
  </id>
  <name>
   Under Armour Jeans B-6155
  </name>
  <category>
   Jeans
  </category>
  <size>
   L
  </size>
  <color>
   Фиолетовый
  </color>
  <material>
   Кожа
  </material>
  <price>
   534727
  </price>
  <rating>
   2.11
  </rating>
  <reviews>
   158494
  </reviews>
  <exclusive>
   no
  </exclusive>
  <sporty>
   no
  </sporty>
 </clothing>
 <clothing>
  <id>
   694600697
  </id>
  <name>
   Brooks Shirt Q-6976
  </name>
  <category>
   Shirt
  </category>
  <size>
   S
  </size>
  <color>
   Желтый
  </color>
  <material>
   Шелк
  </material>
  <price>
   407269
  </price>
  <rating>
   2.83
  </rating>
  <reviews>
   124427
  </reviews>
  <new>
   -
  </new>
  <exclusive>
   no
  </exclusive>
 </clothing>
 <clothing>
  <id>
   957993961
  </id>
  <name>
   Under Armour Hat I-2635
  </name>
  <category>
   Hat
  </category>
  <size>
   S
  </size>
  <color>
   Синий
  </color>
  <material>
   Шелк
  </material>
  <price>
   590466
  </price>
  <rating>
   2.55
  </rating>
  <reviews>
   175181
  </reviews>
  <sporty>
   yes
  </sporty>
 </clothing>
 <clothing>
  <id>
   585440668
  </id>
  <name>
   Lacoste Shoes K-1949
  </name>
  <category>
   Shoes
  </category>
  <size>
   L
  </size>
  <color>
   Голубой
  </color>
  <material>
   Кожа
  </material>
  <price>
   936622
  </price>
  <rating>
   2.85
  </rating>
  <reviews>
   185142
  </reviews>
  <exclusive>
   yes
  </exclusive>
 </clothing>
 <clothing>
  <id>
   567514184
  </id>
  <name>
   PleinSport T-shirt U-2300
  </name>
  <category>
   T-shirt
  </category>
  <size>
   M
  </size>
  <color>
   Оранжевый
  </color>
  <material>
   Полиэстер
  </material>
  <price>
   676673
  </price>
  <rating>
   4.93
  </rating>
  <reviews>
   582356
  </reviews>
  <new>
   +
  </new>
  <sporty>
   yes
  </sporty>
 </clothing>
 <clothing>
  <id>
   340161181
  </id>
  <name>
   Fila T-shirt S-5099
  </name>
  <category>
   T-shirt
  </category>
  <size>
   XXL
  </size>
  <color>
   Красный
  </color>
  <material>
   Лен
  </material>
  <price>
   534655
  </price>
  <rating>
   1.47
  </rating>
  <reviews>
   93689
  </reviews>
  <new>
   -
  </new>
  <exclusive>
   yes
  </exclusive>
 </clothing>
 <clothing>
  <id>
   567959889
  </id>
  <name>
   Puma Shoes O-8787
  </name>
  <category>
   Shoes
  </category>
  <size>
   S
  </size>
  <color>
   Оранжевый
  </color>
  <material>
   Шерсть
  </material>
  <price>
   698081
  </price>
  <rating>
   2.51
  </rating>
  <reviews>
   264458
  </reviews>
  <new>
   -
  </new>
 </clothing>
 <clothing>
  <id>
   409282020
  </id>
  <name>
   DC Jacket R-7859
  </name>
  <category>
   Jacket
  </category>
  <size>
   L
  </size>
  <color>
   Фиолетовый
  </color>
  <material>
   Шелк
  </material>
  <price>
   498778
  </price>
  <rating>
   1.11
  </rating>
  <reviews>
   519351
  </reviews>
  <new>
   -
  </new>
  <exclusive>
   no
  </exclusive>
 </clothing>
 <clothing>
  <id>
   244230980
  </id>
  <name>
   Reebok Socks D-4554
  </name>
  <category>
   Socks
  </category>
  <size>
   M
  </size>
  <color>
   Оранжевый
  </color>
  <material>
   Шелк
  </material>
  <price>
   892229
  </price>
  <rating>
   3.64
  </rating>
  <reviews>
   780925
  </reviews>
  <new>
   -
  </new>
  <exclusive>
   no
  </exclusive>
  <sporty>
   no
  </sporty>
 </clothing>
 <clothing>
  <id>
   913527759
  </id>
  <name>
   Puma Pants X-3915
  </name>
  <category>
   Pants
  </category>
  <size>
   M
  </size>
  <color>
   Синий
  </color>
  <material>
   Полиэстер
  </material>
  <price>
   374275
  </price>
  <rating>
   4.24
  </rating>
  <reviews>
   96416
  </reviews>
  <new>
   -
  </new>
  <exclusive>
   no
  </exclusive>
 </clothing>
 <clothing>
  <id>
   300939008
  </id>
  <name>
   Addidas Gloves Q-6107
  </name>
  <category>
   Gloves
  </category>
  <size>
   M
  </size>
  <color>
   Синий
  </color>
  <material>
   Полиэстер
  </material>
  <price>
   919058
  </price>
  <rating>
   4.26
  </rating>
  <reviews>
   326200
  </reviews>
  <exclusive>
   yes
  </exclusive>
  <sporty>
   no
  </sporty>
 </clothing>
 <clothing>
  <id>
   255004184
  </id>
  <name>
   Adidas Sweater R-3822
  </name>
  <category>
   Sweater
  </category>
  <size>
   XL
  </size>
  <color>
   Синий
  </color>
  <material>
   Шелк
  </material>
  <price>
   415205
  </price>
  <rating>
   4.5
  </rating>
  <reviews>
   896594
  </reviews>
  <new>
   -
  </new>
  <exclusive>
   no
  </exclusive>
  <sporty>
   no
  </sporty>
 </clothing>
 <clothing>
  <id>
   484577304
  </id>
  <name>
   Lacoste Pants O-5161
  </name>
  <category>
   Pants
  </category>
  <size>
   L
  </size>
  <color>
   Оранжевый
  </color>
  <material>
   Полиэстер
  </material>
  <price>
   754634
  </price>
  <rating>
   2.96
  </rating>
  <reviews>
   77533
  </reviews>
  <new>
   +
  </new>
  <exclusive>
   yes
  </exclusive>
 </clothing>
 <clothing>
  <id>
   232154097
  </id>
  <name>
   Lacoste Gloves D-4402
  </name>
  <category>
   Gloves
  </category>
  <size>
   XL
  </size>
  <color>
   Синий
  </color>
  <material>
   Полиэстер
  </material>
  <price>
   461926
  </price>
  <rating>
   2.35
  </rating>
  <reviews>
   484840
  </reviews>
  <new>
   -
  </new>
  <exclusive>
   no
  </exclusive>
  <sporty>
   no
  </sporty>
 </clothing>
 <clothing>
  <id>
   856520772
  </id>
  <name>
   DC Blouse Q-7271
  </name>
  <category>
   Blouse
  </category>
  <size>
   S
  </size>
  <color>
   Желтый
  </color>
  <material>
   Нейлон
  </material>
  <price>
   439125
  </price>
  <rating>
   1.12
  </rating>
  <reviews>
   625678
  </reviews>
  <new>
   -
  </new>
  <sporty>
   yes
  </sporty>
 </clothing>
 <clothing>
  <id>
   711727084
  </id>
  <name>
   Converse Shoes L-2374
  </name>
  <category>
   Shoes
  </category>
  <size>
   M
  </size>
  <color>
   Фиолетовый
  </color>
  <material>
   Полиэстер
  </material>
  <price>
   449328
  </price>
  <rating>
   2.15
  </rating>
  <reviews>
   520615
  </reviews>
  <sporty>
   no
  </sporty>
 </clothing>
 <clothing>
  <id>
   313579362
  </id>
  <name>
   DC Blouse P-2391
  </name>
  <category>
   Blouse
  </category>
  <size>
   L
  </size>
  <color>
   Зеленый
  </color>
  <material>
   Нейлон
  </material>
  <price>
   533794
  </price>
  <rating>
   4.93
  </rating>
  <reviews>
   426321
  </reviews>
  <sporty>
   yes
  </sporty>
 </clothing>
 <clothing>
  <id>
   819620619
  </id>
  <name>
   PleinSport Blouse G-4513
  </name>
  <category>
   Blouse
  </category>
  <size>
   L
  </size>
  <color>
   Синий
  </color>
  <material>
   Шелк
  </material>
  <price>
   365808
  </price>
  <rating>
   1.03
  </rating>
  <reviews>
   8256
  </reviews>
  <new>
   +
  </new>
  <exclusive>
   no
  </exclusive>
  <sporty>
   no
  </sporty>
 </clothing>
 <clothing>
  <id>
   265917945
  </id>
  <name>
   Addidas Skirt L-4303
  </name>
  <category>
   Skirt
  </category>
  <size>
   S
  </size>
  <color>
   Желтый
  </color>
  <material>
   Полиэстер
  </material>
  <price>
   550580
  </price>
  <rating>
   3.85
  </rating>
  <reviews>
   650190
  </reviews>
 </clothing>
 <clothing>
  <id>
   338058586
  </id>
  <name>
   Ellesse Belts X-8118
  </name>
  <category>
   Belts
  </category>
  <size>
   M
  </size>
  <color>
   Фиолетовый
  </color>
  <material>
   Полиэстер
  </material>
  <price>
   418952
  </price>
  <rating>
   1.19
  </rating>
  <reviews>
   239601
  </reviews>
  <new>
   -
  </new>
  <exclusive>
   no
  </exclusive>
 </clothing>
 <clothing>
  <id>
   806966334
  </id>
  <name>
   Brooks Shoes I-7613
  </name>
  <category>
   Shoes
  </category>
  <size>
   L
  </size>
  <color>
   Красный
  </color>
  <material>
   Шелк
  </material>
  <price>
   162301
  </price>
  <rating>
   2.05
  </rating>
  <reviews>
   854898
  </reviews>
  <new>
   -
  </new>
  <exclusive>
   no
  </exclusive>
  <sporty>
   yes
  </sporty>
 </clothing>
 <clothing>
  <id>
   192527072
  </id>
  <name>
   Asics Sweater Z-4206
  </name>
  <category>
   Sweater
  </category>
  <size>
   XL
  </size>
  <color>
   Голубой
  </color>
  <material>
   Кожа
  </material>
  <price>
   211255
  </price>
  <rating>
   4.24
  </rating>
  <reviews>
   189951
  </reviews>
  <new>
   +
  </new>
  <exclusive>
   no
  </exclusive>
  <sporty>
   no
  </sporty>
 </clothing>
 <clothing>
  <id>
   503073853
  </id>
  <name>
   Ellesse Shirt D-5645
  </name>
  <category>
   Shirt
  </category>
  <size>
   XXL
  </size>
  <color>
   Фиолетовый
  </color>
  <material>
   Кожа
  </material>
  <price>
   131700
  </price>
  <rating>
   2.22
  </rating>
  <reviews>
   547368
  </reviews>
  <new>
   -
  </new>
  <exclusive>
   no
  </exclusive>
  <sporty>
   no
  </sporty>
 </clothing>
 <clothing>
  <id>
   904503748
  </id>
  <name>
   Reebok Jacket J-9043
  </name>
  <category>
   Jacket
  </category>
  <size>
   XL
  </size>
  <color>
   Желтый
  </color>
  <material>
   Полиэстер
  </material>
  <price>
   178461
  </price>
  <rating>
   2.74
  </rating>
  <reviews>
   177905
  </reviews>
  <new>
   +
  </new>
  <exclusive>
   no
  </exclusive>
  <sporty>
   no
  </sporty>
 </clothing>
 <clothing>
  <id>
   771678274
  </id>
  <name>
   Lacoste Shirt G-5311
  </name>
  <category>
   Shirt
  </category>
  <size>
   M
  </size>
  <color>
   Зеленый
  </color>
  <material>
   Полиэстер
  </material>
  <price>
   670748
  </price>
  <rating>
   3.75
  </rating>
  <reviews>
   620025
  </reviews>
  <new>
   -
  </new>
  <exclusive>
   no
  </exclusive>
 </clothing>
 <clothing>
  <id>
   981279357
  </id>
  <name>
   Reebok Pants F-5800
  </name>
  <category>
   Pants
  </category>
  <size>
   L
  </size>
  <color>
   Желтый
  </color>
  <material>
   Нейлон
  </material>
  <price>
   321215
  </price>
  <rating>
   4.27
  </rating>
  <reviews>
   146479
  </reviews>
  <exclusive>
   yes
  </exclusive>
  <sporty>
   no
  </sporty>
 </clothing>
 <clothing>
  <id>
   568062508
  </id>
  <name>
   DC Jacket K-9603
  </name>
  <category>
   Jacket
  </category>
  <size>
   XL
  </size>
  <color>
   Желтый
  </color>
  <material>
   Лен
  </material>
  <price>
   856739
  </price>
  <rating>
   3.72
  </rating>
  <reviews>
   959609
  </reviews>
  <sporty>
   yes
  </sporty>
 </clothing>
 <clothing>
  <id>
   130178753
  </id>
  <name>
   Vans Shoes O-8173
  </name>
  <category>
   Shoes
  </category>
  <size>
   M
  </size>
  <color>
   Желтый
  </color>
  <material>
   Шерсть
  </material>
  <price>
   171469
  </price>
  <rating>
   4.74
  </rating>
  <reviews>
   524345
  </reviews>
  <new>
   +
  </new>
  <exclusive>
   no
  </exclusive>
 </clothing>
 <clothing>
  <id>
   719740716
  </id>
  <name>
   Lacoste Umbrellas K-4936
  </name>
  <category>
   Umbrellas
  </category>
  <size>
   S
  </size>
  <color>
   Голубой
  </color>
  <material>
   Полиэстер
  </material>
  <price>
   428305
  </price>
  <rating>
   4.17
  </rating>
  <reviews>
   755626
  </reviews>
  <new>
   +
  </new>
  <sporty>
   no
  </sporty>
 </clothing>
 <clothing>
  <id>
   356683755
  </id>
  <name>
   New Balance Handbags E-8690
  </name>
  <category>
   Handbags
  </category>
  <size>
   L
  </size>
  <color>
   Желтый
  </color>
  <material>
   Лен
  </material>
  <price>
   972550
  </price>
  <rating>
   3.22
  </rating>
  <reviews>
   637396
  </reviews>
  <sporty>
   yes
  </sporty>
 </clothing>
 <clothing>
  <id>
   918909648
  </id>
  <name>
   Reebok Pants E-7719
  </name>
  <category>
   Pants
  </category>
  <size>
   L
  </size>
  <color>
   Фиолетовый
  </color>
  <material>
   Шелк
  </material>
  <price>
   961989
  </price>
  <rating>
   1.49
  </rating>
  <reviews>
   94312
  </reviews>
  <new>
   +
  </new>
  <exclusive>
   no
  </exclusive>
  <sporty>
   yes
  </sporty>
 </clothing>
</clothing-items>
