<?xml version="1.0" encoding="utf-8"?>
<clothing-items>
 <clothing>
  <id>
   188767353
  </id>
  <name>
   Vans Dress R-8167
  </name>
  <category>
   Dress
  </category>
  <size>
   XL
  </size>
  <color>
   Желтый
  </color>
  <material>
   Лен
  </material>
  <price>
   291636
  </price>
  <rating>
   2.85
  </rating>
  <reviews>
   889199
  </reviews>
  <new>
   +
  </new>
 </clothing>
 <clothing>
  <id>
   762436255
  </id>
  <name>
   DC Pants F-7669
  </name>
  <category>
   Pants
  </category>
  <size>
   M
  </size>
  <color>
   Синий
  </color>
  <material>
   Лен
  </material>
  <price>
   706284
  </price>
  <rating>
   1.24
  </rating>
  <reviews>
   734064
  </reviews>
  <new>
   +
  </new>
  <exclusive>
   yes
  </exclusive>
  <sporty>
   no
  </sporty>
 </clothing>
 <clothing>
  <id>
   633276094
  </id>
  <name>
   Lacoste Belts L-1576
  </name>
  <category>
   Belts
  </category>
  <size>
   XL
  </size>
  <color>
   Красный
  </color>
  <material>
   Вискоза
  </material>
  <price>
   239698
  </price>
  <rating>
   2.16
  </rating>
  <reviews>
   580847
  </reviews>
  <new>
   -
  </new>
  <exclusive>
   no
  </exclusive>
 </clothing>
 <clothing>
  <id>
   200057987
  </id>
  <name>
   PleinSport Blouse Z-3842
  </name>
  <category>
   Blouse
  </category>
  <size>
   XL
  </size>
  <color>
   Желтый
  </color>
  <material>
   Нейлон
  </material>
  <price>
   931421
  </price>
  <rating>
   3.2
  </rating>
  <reviews>
   535668
  </reviews>
  <new>
   -
  </new>
 </clothing>
 <clothing>
  <id>
   883661303
  </id>
  <name>
   New Balance Jacket W-5565
  </name>
  <category>
   Jacket
  </category>
  <size>
   L
  </size>
  <color>
   Фиолетовый
  </color>
  <material>
   Лен
  </material>
  <price>
   596999
  </price>
  <rating>
   4.19
  </rating>
  <reviews>
   206605
  </reviews>
  <new>
   +
  </new>
  <exclusive>
   no
  </exclusive>
  <sporty>
   no
  </sporty>
 </clothing>
 <clothing>
  <id>
   227397817
  </id>
  <name>
   Converse Sweater V-2569
  </name>
  <category>
   Sweater
  </category>
  <size>
   L
  </size>
  <color>
   Желтый
  </color>
  <material>
   Нейлон
  </material>
  <price>
   532842
  </price>
  <rating>
   3.24
  </rating>
  <reviews>
   695030
  </reviews>
  <new>
   -
  </new>
  <sporty>
   no
  </sporty>
 </clothing>
 <clothing>
  <id>
   265391578
  </id>
  <name>
   Asics Shoes O-3275
  </name>
  <category>
   Shoes
  </category>
  <size>
   XL
  </size>
  <color>
   Фиолетовый
  </color>
  <material>
   Вискоза
  </material>
  <price>
   724724
  </price>
  <rating>
   4.58
  </rating>
  <reviews>
   818148
  </reviews>
  <new>
   -
  </new>
  <exclusive>
   yes
  </exclusive>
  <sporty>
   yes
  </sporty>
 </clothing>
 <clothing>
  <id>
   982033119
  </id>
  <name>
   PleinSport Gloves N-1575
  </name>
  <category>
   Gloves
  </category>
  <size>
   XL
  </size>
  <color>
   Оранжевый
  </color>
  <material>
   Вискоза
  </material>
  <price>
   463719
  </price>
  <rating>
   2.58
  </rating>
  <reviews>
   123353
  </reviews>
  <new>
   -
  </new>
  <exclusive>
   yes
  </exclusive>
  <sporty>
   no
  </sporty>
 </clothing>
 <clothing>
  <id>
   524869995
  </id>
  <name>
   Lacoste Jeans P-6981
  </name>
  <category>
   Jeans
  </category>
  <size>
   S
  </size>
  <color>
   Красный
  </color>
  <material>
   Нейлон
  </material>
  <price>
   738319
  </price>
  <rating>
   4.71
  </rating>
  <reviews>
   504988
  </reviews>
  <new>
   -
  </new>
  <exclusive>
   no
  </exclusive>
  <sporty>
   yes
  </sporty>
 </clothing>
 <clothing>
  <id>
   605164960
  </id>
  <name>
   PleinSport Pants F-4332
  </name>
  <category>
   Pants
  </category>
  <size>
   S
  </size>
  <color>
   Синий
  </color>
  <material>
   Полиэстер
  </material>
  <price>
   398067
  </price>
  <rating>
   1.31
  </rating>
  <reviews>
   709201
  </reviews>
  <new>
   +
  </new>
  <exclusive>
   yes
  </exclusive>
 </clothing>
 <clothing>
  <id>
   313462695
  </id>
  <name>
   Addidas Jacket A-2128
  </name>
  <category>
   Jacket
  </category>
  <size>
   XXL
  </size>
  <color>
   Красный
  </color>
  <material>
   Нейлон
  </material>
  <price>
   540450
  </price>
  <rating>
   1.44
  </rating>
  <reviews>
   480091
  </reviews>
 </clothing>
 <clothing>
  <id>
   636454094
  </id>
  <name>
   Fila T-shirt L-8685
  </name>
  <category>
   T-shirt
  </category>
  <size>
   S
  </size>
  <color>
   Голубой
  </color>
  <material>
   Шерсть
  </material>
  <price>
   150410
  </price>
  <rating>
   4.9
  </rating>
  <reviews>
   206706
  </reviews>
  <exclusive>
   no
  </exclusive>
  <sporty>
   yes
  </sporty>
 </clothing>
 <clothing>
  <id>
   135356541
  </id>
  <name>
   Converse Shirt J-9910
  </name>
  <category>
   Shirt
  </category>
  <size>
   XXL
  </size>
  <color>
   Оранжевый
  </color>
  <material>
   Шелк
  </material>
  <price>
   313187
  </price>
  <rating>
   2.03
  </rating>
  <reviews>
   239289
  </reviews>
  <new>
   -
  </new>
  <sporty>
   no
  </sporty>
 </clothing>
 <clothing>
  <id>
   987636874
  </id>
  <name>
   Converse Belts X-2575
  </name>
  <category>
   Belts
  </category>
  <size>
   XXL
  </size>
  <color>
   Фиолетовый
  </color>
  <material>
   Полиэстер
  </material>
  <price>
   499723
  </price>
  <rating>
   3.13
  </rating>
  <reviews>
   844286
  </reviews>
  <exclusive>
   no
  </exclusive>
  <sporty>
   yes
  </sporty>
 </clothing>
 <clothing>
  <id>
   218520857
  </id>
  <name>
   Brooks Socks E-2187
  </name>
  <category>
   Socks
  </category>
  <size>
   XXL
  </size>
  <color>
   Красный
  </color>
  <material>
   Хлопок
  </material>
  <price>
   992177
  </price>
  <rating>
   3.71
  </rating>
  <reviews>
   571744
  </reviews>
  <new>
   -
  </new>
  <sporty>
   yes
  </sporty>
 </clothing>
 <clothing>
  <id>
   903694955
  </id>
  <name>
   PleinSport Sweater N-4993
  </name>
  <category>
   Sweater
  </category>
  <size>
   M
  </size>
  <color>
   Фиолетовый
  </color>
  <material>
   Нейлон
  </material>
  <price>
   658031
  </price>
  <rating>
   2.69
  </rating>
  <reviews>
   967545
  </reviews>
  <new>
   -
  </new>
  <exclusive>
   no
  </exclusive>
  <sporty>
   yes
  </sporty>
 </clothing>
 <clothing>
  <id>
   910980181
  </id>
  <name>
   Converse Dress V-7634
  </name>
  <category>
   Dress
  </category>
  <size>
   M
  </size>
  <color>
   Фиолетовый
  </color>
  <material>
   Шерсть
  </material>
  <price>
   333938
  </price>
  <rating>
   3.88
  </rating>
  <reviews>
   653266
  </reviews>
  <new>
   +
  </new>
 </clothing>
 <clothing>
  <id>
   981831026
  </id>
  <name>
   PleinSport Handbags J-5613
  </name>
  <category>
   Handbags
  </category>
  <size>
   L
  </size>
  <color>
   Зеленый
  </color>
  <material>
   Шерсть
  </material>
  <price>
   268132
  </price>
  <rating>
   3.83
  </rating>
  <reviews>
   395742
  </reviews>
  <new>
   +
  </new>
  <sporty>
   no
  </sporty>
 </clothing>
 <clothing>
  <id>
   487125863
  </id>
  <name>
   DC Jeans Y-5810
  </name>
  <category>
   Jeans
  </category>
  <size>
   S
  </size>
  <color>
   Голубой
  </color>
  <material>
   Шерсть
  </material>
  <price>
   274221
  </price>
  <rating>
   3.64
  </rating>
  <reviews>
   44041
  </reviews>
  <new>
   -
  </new>
  <exclusive>
   no
  </exclusive>
  <sporty>
   no
  </sporty>
 </clothing>
 <clothing>
  <id>
   384222990
  </id>
  <name>
   Asics Jeans A-3854
  </name>
  <category>
   Jeans
  </category>
  <size>
   S
  </size>
  <color>
   Оранжевый
  </color>
  <material>
   Шерсть
  </material>
  <price>
   684987
  </price>
  <rating>
   1.89
  </rating>
  <reviews>
   887026
  </reviews>
  <new>
   -
  </new>
 </clothing>
 <clothing>
  <id>
   289214389
  </id>
  <name>
   Asics Blouse X-1783
  </name>
  <category>
   Blouse
  </category>
  <size>
   XXL
  </size>
  <color>
   Синий
  </color>
  <material>
   Шелк
  </material>
  <price>
   579231
  </price>
  <rating>
   1.46
  </rating>
  <reviews>
   118764
  </reviews>
  <new>
   -
  </new>
  <sporty>
   no
  </sporty>
 </clothing>
 <clothing>
  <id>
   440585822
  </id>
  <name>
   Under Armour Blouse Y-5376
  </name>
  <category>
   Blouse
  </category>
  <size>
   S
  </size>
  <color>
   Фиолетовый
  </color>
  <material>
   Лен
  </material>
  <price>
   663940
  </price>
  <rating>
   4.35
  </rating>
  <reviews>
   342741
  </reviews>
  <sporty>
   yes
  </sporty>
 </clothing>
 <clothing>
  <id>
   106118586
  </id>
  <name>
   Ellesse Pants N-2488
  </name>
  <category>
   Pants
  </category>
  <size>
   M
  </size>
  <color>
   Оранжевый
  </color>
  <material>
   Лен
  </material>
  <price>
   165158
  </price>
  <rating>
   1.24
  </rating>
  <reviews>
   353571
  </reviews>
 </clothing>
 <clothing>
  <id>
   885080661
  </id>
  <name>
   Adidas Umbrellas Z-3502
  </name>
  <category>
   Umbrellas
  </category>
  <size>
   S
  </size>
  <color>
   Красный
  </color>
  <material>
   Хлопок
  </material>
  <price>
   119745
  </price>
  <rating>
   3.88
  </rating>
  <reviews>
   315945
  </reviews>
  <exclusive>
   no
  </exclusive>
 </clothing>
 <clothing>
  <id>
   968344094
  </id>
  <name>
   Converse Pants M-1566
  </name>
  <category>
   Pants
  </category>
  <size>
   M
  </size>
  <color>
   Фиолетовый
  </color>
  <material>
   Вискоза
  </material>
  <price>
   866878
  </price>
  <rating>
   3.41
  </rating>
  <reviews>
   26116
  </reviews>
  <exclusive>
   yes
  </exclusive>
  <sporty>
   yes
  </sporty>
 </clothing>
 <clothing>
  <id>
   512249951
  </id>
  <name>
   Under Armour Skirt X-5570
  </name>
  <category>
   Skirt
  </category>
  <size>
   S
  </size>
  <color>
   Красный
  </color>
  <material>
   Хлопок
  </material>
  <price>
   593041
  </price>
  <rating>
   4.49
  </rating>
  <reviews>
   483454
  </reviews>
  <new>
   -
  </new>
  <exclusive>
   no
  </exclusive>
 </clothing>
 <clothing>
  <id>
   352838078
  </id>
  <name>
   Under Armour Hat F-1197
  </name>
  <category>
   Hat
  </category>
  <size>
   S
  </size>
  <color>
   Зеленый
  </color>
  <material>
   Шерсть
  </material>
  <price>
   736052
  </price>
  <rating>
   3.29
  </rating>
  <reviews>
   362430
  </reviews>
  <exclusive>
   yes
  </exclusive>
  <sporty>
   no
  </sporty>
 </clothing>
 <clothing>
  <id>
   853112759
  </id>
  <name>
   New Balance Gloves X-9890
  </name>
  <category>
   Gloves
  </category>
  <size>
   M
  </size>
  <color>
   Фиолетовый
  </color>
  <material>
   Кожа
  </material>
  <price>
   371105
  </price>
  <rating>
   1.88
  </rating>
  <reviews>
   256247
  </reviews>
  <new>
   -
  </new>
  <exclusive>
   yes
  </exclusive>
  <sporty>
   yes
  </sporty>
 </clothing>
 <clothing>
  <id>
   826469891
  </id>
  <name>
   Asics Umbrellas E-3020
  </name>
  <category>
   Umbrellas
  </category>
  <size>
   XXL
  </size>
  <color>
   Фиолетовый
  </color>
  <material>
   Шерсть
  </material>
  <price>
   697756
  </price>
  <rating>
   1.55
  </rating>
  <reviews>
   871534
  </reviews>
  <exclusive>
   yes
  </exclusive>
  <sporty>
   yes
  </sporty>
 </clothing>
 <clothing>
  <id>
   638558399
  </id>
  <name>
   Adidas Gloves T-6813
  </name>
  <category>
   Gloves
  </category>
  <size>
   L
  </size>
  <color>
   Желтый
  </color>
  <material>
   Хлопок
  </material>
  <price>
   794454
  </price>
  <rating>
   3.76
  </rating>
  <reviews>
   768320
  </reviews>
  <new>
   -
  </new>
  <exclusive>
   no
  </exclusive>
  <sporty>
   no
  </sporty>
 </clothing>
 <clothing>
  <id>
   332062440
  </id>
  <name>
   Lacoste Hat B-3651
  </name>
  <category>
   Hat
  </category>
  <size>
   XL
  </size>
  <color>
   Голубой
  </color>
  <material>
   Шерсть
  </material>
  <price>
   486239
  </price>
  <rating>
   2.61
  </rating>
  <reviews>
   376441
  </reviews>
  <new>
   -
  </new>
  <sporty>
   no
  </sporty>
 </clothing>
 <clothing>
  <id>
   913270215
  </id>
  <name>
   Addidas Shoes S-5997
  </name>
  <category>
   Shoes
  </category>
  <size>
   S
  </size>
  <color>
   Синий
  </color>
  <material>
   Шерсть
  </material>
  <price>
   350664
  </price>
  <rating>
   4.46
  </rating>
  <reviews>
   578357
  </reviews>
  <new>
   +
  </new>
  <sporty>
   no
  </sporty>
 </clothing>
 <clothing>
  <id>
   224416201
  </id>
  <name>
   Vans Jeans K-8471
  </name>
  <category>
   Jeans
  </category>
  <size>
   M
  </size>
  <color>
   Синий
  </color>
  <material>
   Нейлон
  </material>
  <price>
   370394
  </price>
  <rating>
   1.52
  </rating>
  <reviews>
   361148
  </reviews>
  <new>
   +
  </new>
  <exclusive>
   yes
  </exclusive>
  <sporty>
   no
  </sporty>
 </clothing>
 <clothing>
  <id>
   480700992
  </id>
  <name>
   Under Armour Skirt O-9354
  </name>
  <category>
   Skirt
  </category>
  <size>
   XXL
  </size>
  <color>
   Зеленый
  </color>
  <material>
   Хлопок
  </material>
  <price>
   107397
  </price>
  <rating>
   4.16
  </rating>
  <reviews>
   93321
  </reviews>
  <exclusive>
   no
  </exclusive>
 </clothing>
 <clothing>
  <id>
   462506798
  </id>
  <name>
   Adidas Skirt P-9427
  </name>
  <category>
   Skirt
  </category>
  <size>
   M
  </size>
  <color>
   Голубой
  </color>
  <material>
   Вискоза
  </material>
  <price>
   482960
  </price>
  <rating>
   2.53
  </rating>
  <reviews>
   501300
  </reviews>
  <exclusive>
   yes
  </exclusive>
 </clothing>
 <clothing>
  <id>
   725142412
  </id>
  <name>
   New Balance Shoes D-1761
  </name>
  <category>
   Shoes
  </category>
  <size>
   XL
  </size>
  <color>
   Зеленый
  </color>
  <material>
   Кожа
  </material>
  <price>
   766827
  </price>
  <rating>
   4.0
  </rating>
  <reviews>
   366054
  </reviews>
  <exclusive>
   yes
  </exclusive>
 </clothing>
 <clothing>
  <id>
   825740964
  </id>
  <name>
   New Balance Dress M-7390
  </name>
  <category>
   Dress
  </category>
  <size>
   S
  </size>
  <color>
   Фиолетовый
  </color>
  <material>
   Кожа
  </material>
  <price>
   926629
  </price>
  <rating>
   4.19
  </rating>
  <reviews>
   197287
  </reviews>
 </clothing>
 <clothing>
  <id>
   143861252
  </id>
  <name>
   Asics Dress I-1572
  </name>
  <category>
   Dress
  </category>
  <size>
   L
  </size>
  <color>
   Красный
  </color>
  <material>
   Кожа
  </material>
  <price>
   922263
  </price>
  <rating>
   1.5
  </rating>
  <reviews>
   134277
  </reviews>
  <new>
   +
  </new>
 </clothing>
 <clothing>
  <id>
   162546053
  </id>
  <name>
   Brooks Belts F-9510
  </name>
  <category>
   Belts
  </category>
  <size>
   XL
  </size>
  <color>
   Зеленый
  </color>
  <material>
   Вискоза
  </material>
  <price>
   331374
  </price>
  <rating>
   1.39
  </rating>
  <reviews>
   130518
  </reviews>
  <new>
   +
  </new>
  <exclusive>
   yes
  </exclusive>
  <sporty>
   no
  </sporty>
 </clothing>
 <clothing>
  <id>
   266406535
  </id>
  <name>
   Vans T-shirt D-6626
  </name>
  <category>
   T-shirt
  </category>
  <size>
   M
  </size>
  <color>
   Фиолетовый
  </color>
  <material>
   Шерсть
  </material>
  <price>
   453586
  </price>
  <rating>
   3.39
  </rating>
  <reviews>
   479098
  </reviews>
  <new>
   -
  </new>
 </clothing>
 <clothing>
  <id>
   608897141
  </id>
  <name>
   New Balance Umbrellas I-8465
  </name>
  <category>
   Umbrellas
  </category>
  <size>
   L
  </size>
  <color>
   Оранжевый
  </color>
  <material>
   Шерсть
  </material>
  <price>
   466854
  </price>
  <rating>
   2.93
  </rating>
  <reviews>
   574839
  </reviews>
  <exclusive>
   yes
  </exclusive>
 </clothing>
</clothing-items>
