<?xml version="1.0" encoding="utf-8"?>
<clothing-items>
 <clothing>
  <id>
   313346907
  </id>
  <name>
   Puma Hat B-1536
  </name>
  <category>
   Hat
  </category>
  <size>
   XL
  </size>
  <color>
   Голубой
  </color>
  <material>
   Нейлон
  </material>
  <price>
   361288
  </price>
  <rating>
   1.05
  </rating>
  <reviews>
   137741
  </reviews>
  <new>
   +
  </new>
  <exclusive>
   no
  </exclusive>
  <sporty>
   yes
  </sporty>
 </clothing>
 <clothing>
  <id>
   945308637
  </id>
  <name>
   Adidas Belts X-4951
  </name>
  <category>
   Belts
  </category>
  <size>
   L
  </size>
  <color>
   Красный
  </color>
  <material>
   Хлопок
  </material>
  <price>
   490648
  </price>
  <rating>
   1.1
  </rating>
  <reviews>
   481723
  </reviews>
  <new>
   -
  </new>
  <exclusive>
   yes
  </exclusive>
 </clothing>
 <clothing>
  <id>
   298109545
  </id>
  <name>
   Brooks Shoes W-9914
  </name>
  <category>
   Shoes
  </category>
  <size>
   XL
  </size>
  <color>
   Голубой
  </color>
  <material>
   Хлопок
  </material>
  <price>
   609707
  </price>
  <rating>
   1.52
  </rating>
  <reviews>
   546167
  </reviews>
  <new>
   +
  </new>
 </clothing>
 <clothing>
  <id>
   498912903
  </id>
  <name>
   Adidas Hat V-4993
  </name>
  <category>
   Hat
  </category>
  <size>
   L
  </size>
  <color>
   Зеленый
  </color>
  <material>
   Шерсть
  </material>
  <price>
   824415
  </price>
  <rating>
   4.85
  </rating>
  <reviews>
   50288
  </reviews>
  <new>
   -
  </new>
  <exclusive>
   no
  </exclusive>
  <sporty>
   no
  </sporty>
 </clothing>
 <clothing>
  <id>
   208483263
  </id>
  <name>
   New Balance Jacket P-3319
  </name>
  <category>
   Jacket
  </category>
  <size>
   M
  </size>
  <color>
   Фиолетовый
  </color>
  <material>
   Вискоза
  </material>
  <price>
   511078
  </price>
  <rating>
   1.53
  </rating>
  <reviews>
   821260
  </reviews>
  <exclusive>
   no
  </exclusive>
  <sporty>
   no
  </sporty>
 </clothing>
 <clothing>
  <id>
   508360120
  </id>
  <name>
   Reebok Socks R-3068
  </name>
  <category>
   Socks
  </category>
  <size>
   M
  </size>
  <color>
   Синий
  </color>
  <material>
   Полиэстер
  </material>
  <price>
   605276
  </price>
  <rating>
   3.95
  </rating>
  <reviews>
   553905
  </reviews>
  <sporty>
   no
  </sporty>
 </clothing>
 <clothing>
  <id>
   400228409
  </id>
  <name>
   Puma Skirt K-8676
  </name>
  <category>
   Skirt
  </category>
  <size>
   XL
  </size>
  <color>
   Фиолетовый
  </color>
  <material>
   Лен
  </material>
  <price>
   474960
  </price>
  <rating>
   1.01
  </rating>
  <reviews>
   492805
  </reviews>
  <new>
   -
  </new>
  <exclusive>
   no
  </exclusive>
  <sporty>
   no
  </sporty>
 </clothing>
 <clothing>
  <id>
   145032839
  </id>
  <name>
   Puma Shoes N-6770
  </name>
  <category>
   Shoes
  </category>
  <size>
   S
  </size>
  <color>
   Голубой
  </color>
  <material>
   Нейлон
  </material>
  <price>
   103106
  </price>
  <rating>
   2.55
  </rating>
  <reviews>
   217294
  </reviews>
 </clothing>
 <clothing>
  <id>
   316617194
  </id>
  <name>
   Addidas Blouse P-8456
  </name>
  <category>
   Blouse
  </category>
  <size>
   M
  </size>
  <color>
   Красный
  </color>
  <material>
   Вискоза
  </material>
  <price>
   446697
  </price>
  <rating>
   2.76
  </rating>
  <reviews>
   114155
  </reviews>
  <new>
   -
  </new>
 </clothing>
 <clothing>
  <id>
   994473266
  </id>
  <name>
   Under Armour Shirt D-9908
  </name>
  <category>
   Shirt
  </category>
  <size>
   L
  </size>
  <color>
   Красный
  </color>
  <material>
   Кожа
  </material>
  <price>
   682913
  </price>
  <rating>
   4.13
  </rating>
  <reviews>
   987777
  </reviews>
  <exclusive>
   yes
  </exclusive>
  <sporty>
   yes
  </sporty>
 </clothing>
 <clothing>
  <id>
   146138159
  </id>
  <name>
   Lacoste Sweater Z-8966
  </name>
  <category>
   Sweater
  </category>
  <size>
   S
  </size>
  <color>
   Зеленый
  </color>
  <material>
   Шелк
  </material>
  <price>
   586229
  </price>
  <rating>
   3.57
  </rating>
  <reviews>
   718583
  </reviews>
  <sporty>
   no
  </sporty>
 </clothing>
 <clothing>
  <id>
   842088594
  </id>
  <name>
   Under Armour Blouse R-4396
  </name>
  <category>
   Blouse
  </category>
  <size>
   S
  </size>
  <color>
   Голубой
  </color>
  <material>
   Полиэстер
  </material>
  <price>
   807826
  </price>
  <rating>
   1.14
  </rating>
  <reviews>
   378192
  </reviews>
  <new>
   -
  </new>
  <exclusive>
   yes
  </exclusive>
 </clothing>
 <clothing>
  <id>
   128748049
  </id>
  <name>
   Brooks Shoes B-5285
  </name>
  <category>
   Shoes
  </category>
  <size>
   S
  </size>
  <color>
   Красный
  </color>
  <material>
   Хлопок
  </material>
  <price>
   266408
  </price>
  <rating>
   2.99
  </rating>
  <reviews>
   709944
  </reviews>
  <new>
   -
  </new>
  <exclusive>
   yes
  </exclusive>
  <sporty>
   yes
  </sporty>
 </clothing>
 <clothing>
  <id>
   875577247
  </id>
  <name>
   Vans Shirt L-8579
  </name>
  <category>
   Shirt
  </category>
  <size>
   XXL
  </size>
  <color>
   Синий
  </color>
  <material>
   Шерсть
  </material>
  <price>
   959905
  </price>
  <rating>
   1.85
  </rating>
  <reviews>
   690085
  </reviews>
  <exclusive>
   yes
  </exclusive>
 </clothing>
 <clothing>
  <id>
   587632046
  </id>
  <name>
   PleinSport Shoes A-5815
  </name>
  <category>
   Shoes
  </category>
  <size>
   M
  </size>
  <color>
   Красный
  </color>
  <material>
   Вискоза
  </material>
  <price>
   234663
  </price>
  <rating>
   1.04
  </rating>
  <reviews>
   301349
  </reviews>
  <new>
   -
  </new>
  <exclusive>
   no
  </exclusive>
  <sporty>
   no
  </sporty>
 </clothing>
 <clothing>
  <id>
   251572177
  </id>
  <name>
   New Balance Hat Q-7095
  </name>
  <category>
   Hat
  </category>
  <size>
   S
  </size>
  <color>
   Голубой
  </color>
  <material>
   Хлопок
  </material>
  <price>
   115459
  </price>
  <rating>
   1.91
  </rating>
  <reviews>
   560955
  </reviews>
  <new>
   -
  </new>
  <sporty>
   yes
  </sporty>
 </clothing>
 <clothing>
  <id>
   863625098
  </id>
  <name>
   Adidas Umbrellas X-7988
  </name>
  <category>
   Umbrellas
  </category>
  <size>
   S
  </size>
  <color>
   Зеленый
  </color>
  <material>
   Хлопок
  </material>
  <price>
   108082
  </price>
  <rating>
   2.01
  </rating>
  <reviews>
   30452
  </reviews>
  <exclusive>
   yes
  </exclusive>
  <sporty>
   no
  </sporty>
 </clothing>
</clothing-items>
