<?xml version="1.0" encoding="utf-8"?>
<clothing-items>
 <clothing>
  <id>
   249739445
  </id>
  <name>
   Fila Blouse K-2166
  </name>
  <category>
   Blouse
  </category>
  <size>
   L
  </size>
  <color>
   Желтый
  </color>
  <material>
   Хлопок
  </material>
  <price>
   888968
  </price>
  <rating>
   4.14
  </rating>
  <reviews>
   524736
  </reviews>
  <exclusive>
   no
  </exclusive>
  <sporty>
   no
  </sporty>
 </clothing>
 <clothing>
  <id>
   872613746
  </id>
  <name>
   Brooks Jeans E-7934
  </name>
  <category>
   Jeans
  </category>
  <size>
   M
  </size>
  <color>
   Голубой
  </color>
  <material>
   Шелк
  </material>
  <price>
   543184
  </price>
  <rating>
   2.99
  </rating>
  <reviews>
   715836
  </reviews>
  <sporty>
   yes
  </sporty>
 </clothing>
 <clothing>
  <id>
   848212517
  </id>
  <name>
   PleinSport Sweater U-9506
  </name>
  <category>
   Sweater
  </category>
  <size>
   S
  </size>
  <color>
   Желтый
  </color>
  <material>
   Лен
  </material>
  <price>
   836819
  </price>
  <rating>
   4.38
  </rating>
  <reviews>
   497050
  </reviews>
  <new>
   +
  </new>
 </clothing>
 <clothing>
  <id>
   689112577
  </id>
  <name>
   Brooks Umbrellas W-2380
  </name>
  <category>
   Umbrellas
  </category>
  <size>
   L
  </size>
  <color>
   Красный
  </color>
  <material>
   Нейлон
  </material>
  <price>
   357111
  </price>
  <rating>
   1.19
  </rating>
  <reviews>
   353442
  </reviews>
  <new>
   +
  </new>
 </clothing>
 <clothing>
  <id>
   991464078
  </id>
  <name>
   Vans Shoes T-8476
  </name>
  <category>
   Shoes
  </category>
  <size>
   L
  </size>
  <color>
   Зеленый
  </color>
  <material>
   Шелк
  </material>
  <price>
   625251
  </price>
  <rating>
   4.01
  </rating>
  <reviews>
   979848
  </reviews>
  <new>
   +
  </new>
  <exclusive>
   no
  </exclusive>
 </clothing>
 <clothing>
  <id>
   202444630
  </id>
  <name>
   PleinSport Belts G-6656
  </name>
  <category>
   Belts
  </category>
  <size>
   S
  </size>
  <color>
   Синий
  </color>
  <material>
   Лен
  </material>
  <price>
   438898
  </price>
  <rating>
   2.05
  </rating>
  <reviews>
   222427
  </reviews>
  <new>
   +
  </new>
  <exclusive>
   yes
  </exclusive>
 </clothing>
 <clothing>
  <id>
   714562539
  </id>
  <name>
   Nike Skirt R-6994
  </name>
  <category>
   Skirt
  </category>
  <size>
   XXL
  </size>
  <color>
   Зеленый
  </color>
  <material>
   Нейлон
  </material>
  <price>
   667480
  </price>
  <rating>
   4.77
  </rating>
  <reviews>
   485585
  </reviews>
  <new>
   +
  </new>
  <sporty>
   yes
  </sporty>
 </clothing>
 <clothing>
  <id>
   339824888
  </id>
  <name>
   Fila Handbags T-2825
  </name>
  <category>
   Handbags
  </category>
  <size>
   XXL
  </size>
  <color>
   Зеленый
  </color>
  <material>
   Хлопок
  </material>
  <price>
   750205
  </price>
  <rating>
   2.73
  </rating>
  <reviews>
   214613
  </reviews>
  <new>
   -
  </new>
  <sporty>
   no
  </sporty>
 </clothing>
 <clothing>
  <id>
   332191008
  </id>
  <name>
   Ellesse Jeans Z-4708
  </name>
  <category>
   Jeans
  </category>
  <size>
   L
  </size>
  <color>
   Оранжевый
  </color>
  <material>
   Вискоза
  </material>
  <price>
   244329
  </price>
  <rating>
   4.91
  </rating>
  <reviews>
   607051
  </reviews>
  <new>
   -
  </new>
  <sporty>
   no
  </sporty>
 </clothing>
 <clothing>
  <id>
   616486717
  </id>
  <name>
   Brooks Shoes P-7138
  </name>
  <category>
   Shoes
  </category>
  <size>
   L
  </size>
  <color>
   Синий
  </color>
  <material>
   Кожа
  </material>
  <price>
   754921
  </price>
  <rating>
   4.21
  </rating>
  <reviews>
   341260
  </reviews>
  <new>
   -
  </new>
  <exclusive>
   no
  </exclusive>
 </clothing>
 <clothing>
  <id>
   836133805
  </id>
  <name>
   Adidas Jacket F-9148
  </name>
  <category>
   Jacket
  </category>
  <size>
   S
  </size>
  <color>
   Фиолетовый
  </color>
  <material>
   Шелк
  </material>
  <price>
   198266
  </price>
  <rating>
   3.93
  </rating>
  <reviews>
   393833
  </reviews>
  <exclusive>
   yes
  </exclusive>
 </clothing>
 <clothing>
  <id>
   869269607
  </id>
  <name>
   Fila Blouse R-4503
  </name>
  <category>
   Blouse
  </category>
  <size>
   M
  </size>
  <color>
   Желтый
  </color>
  <material>
   Вискоза
  </material>
  <price>
   942252
  </price>
  <rating>
   1.38
  </rating>
  <reviews>
   514066
  </reviews>
  <sporty>
   no
  </sporty>
 </clothing>
 <clothing>
  <id>
   935863099
  </id>
  <name>
   Vans Dress Y-5280
  </name>
  <category>
   Dress
  </category>
  <size>
   XXL
  </size>
  <color>
   Синий
  </color>
  <material>
   Вискоза
  </material>
  <price>
   381783
  </price>
  <rating>
   3.06
  </rating>
  <reviews>
   648676
  </reviews>
  <exclusive>
   yes
  </exclusive>
 </clothing>
 <clothing>
  <id>
   674601780
  </id>
  <name>
   Converse Shoes J-4778
  </name>
  <category>
   Shoes
  </category>
  <size>
   XXL
  </size>
  <color>
   Синий
  </color>
  <material>
   Шелк
  </material>
  <price>
   664606
  </price>
  <rating>
   2.68
  </rating>
  <reviews>
   190685
  </reviews>
  <sporty>
   yes
  </sporty>
 </clothing>
 <clothing>
  <id>
   396113827
  </id>
  <name>
   DC Shirt C-9853
  </name>
  <category>
   Shirt
  </category>
  <size>
   XL
  </size>
  <color>
   Фиолетовый
  </color>
  <material>
   Хлопок
  </material>
  <price>
   280832
  </price>
  <rating>
   4.29
  </rating>
  <reviews>
   505924
  </reviews>
  <exclusive>
   no
  </exclusive>
  <sporty>
   no
  </sporty>
 </clothing>
 <clothing>
  <id>
   872084877
  </id>
  <name>
   Puma Jeans B-5322
  </name>
  <category>
   Jeans
  </category>
  <size>
   XXL
  </size>
  <color>
   Синий
  </color>
  <material>
   Лен
  </material>
  <price>
   719754
  </price>
  <rating>
   2.19
  </rating>
  <reviews>
   186270
  </reviews>
  <new>
   -
  </new>
  <exclusive>
   no
  </exclusive>
 </clothing>
 <clothing>
  <id>
   854063467
  </id>
  <name>
   Reebok Gloves H-8572
  </name>
  <category>
   Gloves
  </category>
  <size>
   L
  </size>
  <color>
   Синий
  </color>
  <material>
   Полиэстер
  </material>
  <price>
   642971
  </price>
  <rating>
   4.51
  </rating>
  <reviews>
   619401
  </reviews>
  <new>
   -
  </new>
 </clothing>
 <clothing>
  <id>
   394483249
  </id>
  <name>
   Puma Blouse V-3125
  </name>
  <category>
   Blouse
  </category>
  <size>
   XL
  </size>
  <color>
   Оранжевый
  </color>
  <material>
   Нейлон
  </material>
  <price>
   154307
  </price>
  <rating>
   4.92
  </rating>
  <reviews>
   695685
  </reviews>
  <new>
   +
  </new>
  <exclusive>
   yes
  </exclusive>
 </clothing>
 <clothing>
  <id>
   411305764
  </id>
  <name>
   Nike Jeans A-8096
  </name>
  <category>
   Jeans
  </category>
  <size>
   L
  </size>
  <color>
   Голубой
  </color>
  <material>
   Хлопок
  </material>
  <price>
   983851
  </price>
  <rating>
   3.42
  </rating>
  <reviews>
   656710
  </reviews>
  <new>
   -
  </new>
  <exclusive>
   no
  </exclusive>
  <sporty>
   no
  </sporty>
 </clothing>
 <clothing>
  <id>
   600392547
  </id>
  <name>
   Under Armour Jeans P-3339
  </name>
  <category>
   Jeans
  </category>
  <size>
   M
  </size>
  <color>
   Красный
  </color>
  <material>
   Нейлон
  </material>
  <price>
   416495
  </price>
  <rating>
   3.73
  </rating>
  <reviews>
   852841
  </reviews>
  <new>
   +
  </new>
  <exclusive>
   yes
  </exclusive>
 </clothing>
 <clothing>
  <id>
   482023475
  </id>
  <name>
   DC Skirt B-3102
  </name>
  <category>
   Skirt
  </category>
  <size>
   M
  </size>
  <color>
   Оранжевый
  </color>
  <material>
   Лен
  </material>
  <price>
   682779
  </price>
  <rating>
   1.0
  </rating>
  <reviews>
   208888
  </reviews>
  <exclusive>
   yes
  </exclusive>
 </clothing>
 <clothing>
  <id>
   385199167
  </id>
  <name>
   Fila Umbrellas Q-4068
  </name>
  <category>
   Umbrellas
  </category>
  <size>
   XL
  </size>
  <color>
   Красный
  </color>
  <material>
   Хлопок
  </material>
  <price>
   669268
  </price>
  <rating>
   2.09
  </rating>
  <reviews>
   740853
  </reviews>
  <new>
   -
  </new>
  <exclusive>
   no
  </exclusive>
  <sporty>
   no
  </sporty>
 </clothing>
 <clothing>
  <id>
   386441531
  </id>
  <name>
   Vans Jacket Y-1490
  </name>
  <category>
   Jacket
  </category>
  <size>
   XL
  </size>
  <color>
   Оранжевый
  </color>
  <material>
   Шерсть
  </material>
  <price>
   629536
  </price>
  <rating>
   1.39
  </rating>
  <reviews>
   58395
  </reviews>
 </clothing>
 <clothing>
  <id>
   583647893
  </id>
  <name>
   DC Jacket A-5087
  </name>
  <category>
   Jacket
  </category>
  <size>
   L
  </size>
  <color>
   Желтый
  </color>
  <material>
   Полиэстер
  </material>
  <price>
   289724
  </price>
  <rating>
   4.46
  </rating>
  <reviews>
   657082
  </reviews>
  <new>
   -
  </new>
  <exclusive>
   yes
  </exclusive>
  <sporty>
   no
  </sporty>
 </clothing>
 <clothing>
  <id>
   889117957
  </id>
  <name>
   New Balance Gloves Z-8457
  </name>
  <category>
   Gloves
  </category>
  <size>
   M
  </size>
  <color>
   Красный
  </color>
  <material>
   Хлопок
  </material>
  <price>
   601537
  </price>
  <rating>
   2.38
  </rating>
  <reviews>
   847256
  </reviews>
  <new>
   +
  </new>
 </clothing>
 <clothing>
  <id>
   140706165
  </id>
  <name>
   Brooks Skirt U-6797
  </name>
  <category>
   Skirt
  </category>
  <size>
   XL
  </size>
  <color>
   Синий
  </color>
  <material>
   Нейлон
  </material>
  <price>
   278991
  </price>
  <rating>
   4.01
  </rating>
  <reviews>
   1207
  </reviews>
  <new>
   +
  </new>
  <exclusive>
   no
  </exclusive>
 </clothing>
 <clothing>
  <id>
   796243131
  </id>
  <name>
   Nike Shoes L-5795
  </name>
  <category>
   Shoes
  </category>
  <size>
   M
  </size>
  <color>
   Зеленый
  </color>
  <material>
   Лен
  </material>
  <price>
   920116
  </price>
  <rating>
   3.72
  </rating>
  <reviews>
   832451
  </reviews>
  <new>
   +
  </new>
  <exclusive>
   no
  </exclusive>
 </clothing>
 <clothing>
  <id>
   168144781
  </id>
  <name>
   Reebok Pants M-3196
  </name>
  <category>
   Pants
  </category>
  <size>
   S
  </size>
  <color>
   Красный
  </color>
  <material>
   Шелк
  </material>
  <price>
   549188
  </price>
  <rating>
   1.31
  </rating>
  <reviews>
   844025
  </reviews>
  <sporty>
   yes
  </sporty>
 </clothing>
 <clothing>
  <id>
   201822065
  </id>
  <name>
   Nike Socks W-9413
  </name>
  <category>
   Socks
  </category>
  <size>
   S
  </size>
  <color>
   Фиолетовый
  </color>
  <material>
   Кожа
  </material>
  <price>
   180693
  </price>
  <rating>
   4.54
  </rating>
  <reviews>
   462089
  </reviews>
  <exclusive>
   no
  </exclusive>
  <sporty>
   no
  </sporty>
 </clothing>
 <clothing>
  <id>
   115491591
  </id>
  <name>
   Reebok Belts Q-4516
  </name>
  <category>
   Belts
  </category>
  <size>
   M
  </size>
  <color>
   Фиолетовый
  </color>
  <material>
   Кожа
  </material>
  <price>
   224246
  </price>
  <rating>
   1.49
  </rating>
  <reviews>
   644515
  </reviews>
 </clothing>
 <clothing>
  <id>
   401411404
  </id>
  <name>
   Puma Gloves V-5135
  </name>
  <category>
   Gloves
  </category>
  <size>
   XL
  </size>
  <color>
   Голубой
  </color>
  <material>
   Шерсть
  </material>
  <price>
   525677
  </price>
  <rating>
   3.29
  </rating>
  <reviews>
   974554
  </reviews>
  <new>
   -
  </new>
  <exclusive>
   no
  </exclusive>
 </clothing>
 <clothing>
  <id>
   574510553
  </id>
  <name>
   PleinSport Socks A-7387
  </name>
  <category>
   Socks
  </category>
  <size>
   XXL
  </size>
  <color>
   Синий
  </color>
  <material>
   Вискоза
  </material>
  <price>
   918778
  </price>
  <rating>
   2.95
  </rating>
  <reviews>
   145928
  </reviews>
  <new>
   +
  </new>
 </clothing>
 <clothing>
  <id>
   106452916
  </id>
  <name>
   Addidas Handbags C-7994
  </name>
  <category>
   Handbags
  </category>
  <size>
   M
  </size>
  <color>
   Желтый
  </color>
  <material>
   Кожа
  </material>
  <price>
   724417
  </price>
  <rating>
   1.57
  </rating>
  <reviews>
   973034
  </reviews>
  <new>
   -
  </new>
  <exclusive>
   no
  </exclusive>
  <sporty>
   no
  </sporty>
 </clothing>
 <clothing>
  <id>
   123052320
  </id>
  <name>
   Fila Gloves L-9360
  </name>
  <category>
   Gloves
  </category>
  <size>
   L
  </size>
  <color>
   Синий
  </color>
  <material>
   Полиэстер
  </material>
  <price>
   684676
  </price>
  <rating>
   1.69
  </rating>
  <reviews>
   694845
  </reviews>
  <new>
   +
  </new>
  <exclusive>
   yes
  </exclusive>
  <sporty>
   no
  </sporty>
 </clothing>
 <clothing>
  <id>
   468103785
  </id>
  <name>
   Asics Skirt N-7336
  </name>
  <category>
   Skirt
  </category>
  <size>
   XXL
  </size>
  <color>
   Зеленый
  </color>
  <material>
   Кожа
  </material>
  <price>
   822044
  </price>
  <rating>
   3.63
  </rating>
  <reviews>
   434132
  </reviews>
  <new>
   -
  </new>
 </clothing>
 <clothing>
  <id>
   309335216
  </id>
  <name>
   Puma Gloves R-2900
  </name>
  <category>
   Gloves
  </category>
  <size>
   L
  </size>
  <color>
   Зеленый
  </color>
  <material>
   Шерсть
  </material>
  <price>
   217855
  </price>
  <rating>
   4.67
  </rating>
  <reviews>
   115036
  </reviews>
  <new>
   -
  </new>
  <exclusive>
   no
  </exclusive>
  <sporty>
   yes
  </sporty>
 </clothing>
 <clothing>
  <id>
   703213737
  </id>
  <name>
   Puma Gloves W-2255
  </name>
  <category>
   Gloves
  </category>
  <size>
   XXL
  </size>
  <color>
   Красный
  </color>
  <material>
   Хлопок
  </material>
  <price>
   835783
  </price>
  <rating>
   2.71
  </rating>
  <reviews>
   264887
  </reviews>
  <exclusive>
   no
  </exclusive>
 </clothing>
 <clothing>
  <id>
   401698356
  </id>
  <name>
   Puma Sweater K-2417
  </name>
  <category>
   Sweater
  </category>
  <size>
   L
  </size>
  <color>
   Зеленый
  </color>
  <material>
   Полиэстер
  </material>
  <price>
   565664
  </price>
  <rating>
   4.33
  </rating>
  <reviews>
   618481
  </reviews>
  <new>
   -
  </new>
  <exclusive>
   no
  </exclusive>
  <sporty>
   yes
  </sporty>
 </clothing>
</clothing-items>
