<?xml version="1.0" encoding="utf-8"?>
<clothing-items>
 <clothing>
  <id>
   421748077
  </id>
  <name>
   PleinSport Gloves J-1891
  </name>
  <category>
   Gloves
  </category>
  <size>
   XL
  </size>
  <color>
   Зеленый
  </color>
  <material>
   Нейлон
  </material>
  <price>
   650690
  </price>
  <rating>
   1.09
  </rating>
  <reviews>
   704103
  </reviews>
  <new>
   +
  </new>
 </clothing>
 <clothing>
  <id>
   873834560
  </id>
  <name>
   Under Armour Dress A-9007
  </name>
  <category>
   Dress
  </category>
  <size>
   XL
  </size>
  <color>
   Оранжевый
  </color>
  <material>
   Нейлон
  </material>
  <price>
   411091
  </price>
  <rating>
   2.42
  </rating>
  <reviews>
   924313
  </reviews>
 </clothing>
 <clothing>
  <id>
   391994019
  </id>
  <name>
   Nike Skirt H-9158
  </name>
  <category>
   Skirt
  </category>
  <size>
   S
  </size>
  <color>
   Желтый
  </color>
  <material>
   Шелк
  </material>
  <price>
   715261
  </price>
  <rating>
   4.29
  </rating>
  <reviews>
   922096
  </reviews>
 </clothing>
 <clothing>
  <id>
   791830996
  </id>
  <name>
   Ellesse Umbrellas T-2192
  </name>
  <category>
   Umbrellas
  </category>
  <size>
   XXL
  </size>
  <color>
   Фиолетовый
  </color>
  <material>
   Вискоза
  </material>
  <price>
   685126
  </price>
  <rating>
   2.42
  </rating>
  <reviews>
   773189
  </reviews>
  <sporty>
   yes
  </sporty>
 </clothing>
 <clothing>
  <id>
   200049117
  </id>
  <name>
   New Balance Jeans G-4507
  </name>
  <category>
   Jeans
  </category>
  <size>
   S
  </size>
  <color>
   Оранжевый
  </color>
  <material>
   Полиэстер
  </material>
  <price>
   482729
  </price>
  <rating>
   1.06
  </rating>
  <reviews>
   642360
  </reviews>
  <new>
   -
  </new>
  <exclusive>
   no
  </exclusive>
 </clothing>
 <clothing>
  <id>
   984369765
  </id>
  <name>
   Puma Jeans B-1054
  </name>
  <category>
   Jeans
  </category>
  <size>
   M
  </size>
  <color>
   Оранжевый
  </color>
  <material>
   Шерсть
  </material>
  <price>
   165140
  </price>
  <rating>
   2.13
  </rating>
  <reviews>
   307729
  </reviews>
  <new>
   +
  </new>
  <exclusive>
   yes
  </exclusive>
 </clothing>
 <clothing>
  <id>
   628063133
  </id>
  <name>
   Adidas Jeans K-4309
  </name>
  <category>
   Jeans
  </category>
  <size>
   XL
  </size>
  <color>
   Желтый
  </color>
  <material>
   Шерсть
  </material>
  <price>
   178948
  </price>
  <rating>
   3.37
  </rating>
  <reviews>
   961638
  </reviews>
  <new>
   -
  </new>
  <exclusive>
   yes
  </exclusive>
 </clothing>
 <clothing>
  <id>
   544585591
  </id>
  <name>
   DC Socks J-8299
  </name>
  <category>
   Socks
  </category>
  <size>
   S
  </size>
  <color>
   Голубой
  </color>
  <material>
   Нейлон
  </material>
  <price>
   444425
  </price>
  <rating>
   4.17
  </rating>
  <reviews>
   428559
  </reviews>
  <new>
   -
  </new>
  <exclusive>
   no
  </exclusive>
 </clothing>
 <clothing>
  <id>
   965694664
  </id>
  <name>
   Addidas Shirt O-2762
  </name>
  <category>
   Shirt
  </category>
  <size>
   XXL
  </size>
  <color>
   Оранжевый
  </color>
  <material>
   Лен
  </material>
  <price>
   116808
  </price>
  <rating>
   1.74
  </rating>
  <reviews>
   150393
  </reviews>
  <new>
   +
  </new>
  <sporty>
   no
  </sporty>
 </clothing>
 <clothing>
  <id>
   395135115
  </id>
  <name>
   Under Armour Gloves W-9048
  </name>
  <category>
   Gloves
  </category>
  <size>
   XXL
  </size>
  <color>
   Зеленый
  </color>
  <material>
   Кожа
  </material>
  <price>
   548888
  </price>
  <rating>
   4.46
  </rating>
  <reviews>
   582496
  </reviews>
  <exclusive>
   no
  </exclusive>
 </clothing>
 <clothing>
  <id>
   500387639
  </id>
  <name>
   New Balance T-shirt E-6513
  </name>
  <category>
   T-shirt
  </category>
  <size>
   XL
  </size>
  <color>
   Оранжевый
  </color>
  <material>
   Лен
  </material>
  <price>
   714502
  </price>
  <rating>
   3.88
  </rating>
  <reviews>
   27153
  </reviews>
  <exclusive>
   no
  </exclusive>
  <sporty>
   yes
  </sporty>
 </clothing>
 <clothing>
  <id>
   446684065
  </id>
  <name>
   Nike Shoes Y-4701
  </name>
  <category>
   Shoes
  </category>
  <size>
   S
  </size>
  <color>
   Красный
  </color>
  <material>
   Вискоза
  </material>
  <price>
   265989
  </price>
  <rating>
   3.98
  </rating>
  <reviews>
   944363
  </reviews>
  <new>
   +
  </new>
  <exclusive>
   yes
  </exclusive>
  <sporty>
   yes
  </sporty>
 </clothing>
 <clothing>
  <id>
   461539647
  </id>
  <name>
   Lacoste Hat J-3515
  </name>
  <category>
   Hat
  </category>
  <size>
   M
  </size>
  <color>
   Зеленый
  </color>
  <material>
   Шелк
  </material>
  <price>
   255489
  </price>
  <rating>
   1.7
  </rating>
  <reviews>
   135123
  </reviews>
  <new>
   +
  </new>
  <exclusive>
   yes
  </exclusive>
  <sporty>
   yes
  </sporty>
 </clothing>
 <clothing>
  <id>
   933882361
  </id>
  <name>
   Converse Handbags T-8147
  </name>
  <category>
   Handbags
  </category>
  <size>
   XXL
  </size>
  <color>
   Фиолетовый
  </color>
  <material>
   Шерсть
  </material>
  <price>
   923861
  </price>
  <rating>
   4.88
  </rating>
  <reviews>
   647725
  </reviews>
  <new>
   +
  </new>
  <exclusive>
   yes
  </exclusive>
 </clothing>
 <clothing>
  <id>
   655679413
  </id>
  <name>
   Adidas Handbags Q-6677
  </name>
  <category>
   Handbags
  </category>
  <size>
   XXL
  </size>
  <color>
   Желтый
  </color>
  <material>
   Вискоза
  </material>
  <price>
   446632
  </price>
  <rating>
   4.78
  </rating>
  <reviews>
   41037
  </reviews>
  <exclusive>
   no
  </exclusive>
  <sporty>
   yes
  </sporty>
 </clothing>
 <clothing>
  <id>
   151051641
  </id>
  <name>
   Converse Sweater P-4833
  </name>
  <category>
   Sweater
  </category>
  <size>
   S
  </size>
  <color>
   Желтый
  </color>
  <material>
   Полиэстер
  </material>
  <price>
   124880
  </price>
  <rating>
   4.67
  </rating>
  <reviews>
   102982
  </reviews>
  <sporty>
   no
  </sporty>
 </clothing>
 <clothing>
  <id>
   182629304
  </id>
  <name>
   Vans Skirt Q-4364
  </name>
  <category>
   Skirt
  </category>
  <size>
   XXL
  </size>
  <color>
   Голубой
  </color>
  <material>
   Кожа
  </material>
  <price>
   519767
  </price>
  <rating>
   5.0
  </rating>
  <reviews>
   909604
  </reviews>
  <new>
   -
  </new>
  <exclusive>
   no
  </exclusive>
 </clothing>
 <clothing>
  <id>
   690242320
  </id>
  <name>
   Asics Shirt R-2912
  </name>
  <category>
   Shirt
  </category>
  <size>
   XL
  </size>
  <color>
   Синий
  </color>
  <material>
   Лен
  </material>
  <price>
   960807
  </price>
  <rating>
   2.51
  </rating>
  <reviews>
   742255
  </reviews>
  <new>
   +
  </new>
  <exclusive>
   no
  </exclusive>
 </clothing>
 <clothing>
  <id>
   240627804
  </id>
  <name>
   PleinSport Shirt I-2916
  </name>
  <category>
   Shirt
  </category>
  <size>
   XXL
  </size>
  <color>
   Фиолетовый
  </color>
  <material>
   Хлопок
  </material>
  <price>
   507024
  </price>
  <rating>
   1.04
  </rating>
  <reviews>
   795652
  </reviews>
  <new>
   -
  </new>
  <exclusive>
   no
  </exclusive>
  <sporty>
   yes
  </sporty>
 </clothing>
 <clothing>
  <id>
   952208295
  </id>
  <name>
   Puma Gloves K-4757
  </name>
  <category>
   Gloves
  </category>
  <size>
   XXL
  </size>
  <color>
   Зеленый
  </color>
  <material>
   Нейлон
  </material>
  <price>
   900278
  </price>
  <rating>
   2.85
  </rating>
  <reviews>
   312109
  </reviews>
  <new>
   +
  </new>
  <exclusive>
   yes
  </exclusive>
 </clothing>
 <clothing>
  <id>
   710780174
  </id>
  <name>
   Nike Belts I-5620
  </name>
  <category>
   Belts
  </category>
  <size>
   XL
  </size>
  <color>
   Оранжевый
  </color>
  <material>
   Нейлон
  </material>
  <price>
   521965
  </price>
  <rating>
   2.22
  </rating>
  <reviews>
   197260
  </reviews>
  <new>
   -
  </new>
 </clothing>
 <clothing>
  <id>
   558212423
  </id>
  <name>
   Fila Skirt R-8802
  </name>
  <category>
   Skirt
  </category>
  <size>
   XXL
  </size>
  <color>
   Желтый
  </color>
  <material>
   Хлопок
  </material>
  <price>
   369865
  </price>
  <rating>
   2.91
  </rating>
  <reviews>
   674234
  </reviews>
  <new>
   -
  </new>
  <exclusive>
   no
  </exclusive>
 </clothing>
 <clothing>
  <id>
   255972267
  </id>
  <name>
   Puma Gloves O-7024
  </name>
  <category>
   Gloves
  </category>
  <size>
   M
  </size>
  <color>
   Зеленый
  </color>
  <material>
   Полиэстер
  </material>
  <price>
   666716
  </price>
  <rating>
   1.7
  </rating>
  <reviews>
   73738
  </reviews>
  <new>
   -
  </new>
 </clothing>
 <clothing>
  <id>
   576056636
  </id>
  <name>
   Brooks Shoes G-8625
  </name>
  <category>
   Shoes
  </category>
  <size>
   L
  </size>
  <color>
   Красный
  </color>
  <material>
   Нейлон
  </material>
  <price>
   142449
  </price>
  <rating>
   1.45
  </rating>
  <reviews>
   99487
  </reviews>
  <new>
   -
  </new>
  <exclusive>
   yes
  </exclusive>
 </clothing>
 <clothing>
  <id>
   329838372
  </id>
  <name>
   DC Jacket E-5164
  </name>
  <category>
   Jacket
  </category>
  <size>
   M
  </size>
  <color>
   Оранжевый
  </color>
  <material>
   Хлопок
  </material>
  <price>
   777262
  </price>
  <rating>
   2.82
  </rating>
  <reviews>
   209624
  </reviews>
  <exclusive>
   no
  </exclusive>
  <sporty>
   no
  </sporty>
 </clothing>
 <clothing>
  <id>
   995380785
  </id>
  <name>
   Nike Shoes S-9693
  </name>
  <category>
   Shoes
  </category>
  <size>
   S
  </size>
  <color>
   Желтый
  </color>
  <material>
   Нейлон
  </material>
  <price>
   246068
  </price>
  <rating>
   2.59
  </rating>
  <reviews>
   335568
  </reviews>
  <exclusive>
   yes
  </exclusive>
  <sporty>
   no
  </sporty>
 </clothing>
 <clothing>
  <id>
   352523659
  </id>
  <name>
   Ellesse Blouse Q-4605
  </name>
  <category>
   Blouse
  </category>
  <size>
   S
  </size>
  <color>
   Синий
  </color>
  <material>
   Кожа
  </material>
  <price>
   136732
  </price>
  <rating>
   4.59
  </rating>
  <reviews>
   474627
  </reviews>
  <sporty>
   no
  </sporty>
 </clothing>
 <clothing>
  <id>
   177205766
  </id>
  <name>
   PleinSport Socks Z-4485
  </name>
  <category>
   Socks
  </category>
  <size>
   XL
  </size>
  <color>
   Фиолетовый
  </color>
  <material>
   Нейлон
  </material>
  <price>
   192431
  </price>
  <rating>
   1.56
  </rating>
  <reviews>
   179442
  </reviews>
  <new>
   -
  </new>
  <exclusive>
   no
  </exclusive>
  <sporty>
   yes
  </sporty>
 </clothing>
 <clothing>
  <id>
   249082961
  </id>
  <name>
   DC Sweater A-7836
  </name>
  <category>
   Sweater
  </category>
  <size>
   M
  </size>
  <color>
   Зеленый
  </color>
  <material>
   Вискоза
  </material>
  <price>
   869720
  </price>
  <rating>
   4.3
  </rating>
  <reviews>
   657653
  </reviews>
  <new>
   +
  </new>
  <exclusive>
   yes
  </exclusive>
 </clothing>
 <clothing>
  <id>
   584692922
  </id>
  <name>
   PleinSport Dress K-1262
  </name>
  <category>
   Dress
  </category>
  <size>
   L
  </size>
  <color>
   Голубой
  </color>
  <material>
   Нейлон
  </material>
  <price>
   946950
  </price>
  <rating>
   1.6
  </rating>
  <reviews>
   436572
  </reviews>
  <new>
   -
  </new>
  <sporty>
   no
  </sporty>
 </clothing>
 <clothing>
  <id>
   347009600
  </id>
  <name>
   Adidas Hat I-1025
  </name>
  <category>
   Hat
  </category>
  <size>
   XXL
  </size>
  <color>
   Красный
  </color>
  <material>
   Нейлон
  </material>
  <price>
   109213
  </price>
  <rating>
   4.11
  </rating>
  <reviews>
   222704
  </reviews>
  <exclusive>
   no
  </exclusive>
 </clothing>
 <clothing>
  <id>
   446142204
  </id>
  <name>
   Adidas Shoes Y-5699
  </name>
  <category>
   Shoes
  </category>
  <size>
   XL
  </size>
  <color>
   Красный
  </color>
  <material>
   Хлопок
  </material>
  <price>
   728041
  </price>
  <rating>
   4.79
  </rating>
  <reviews>
   213266
  </reviews>
  <new>
   -
  </new>
  <exclusive>
   no
  </exclusive>
  <sporty>
   yes
  </sporty>
 </clothing>
 <clothing>
  <id>
   705617189
  </id>
  <name>
   Brooks Handbags B-2704
  </name>
  <category>
   Handbags
  </category>
  <size>
   XL
  </size>
  <color>
   Желтый
  </color>
  <material>
   Вискоза
  </material>
  <price>
   757487
  </price>
  <rating>
   3.71
  </rating>
  <reviews>
   768430
  </reviews>
  <new>
   +
  </new>
  <sporty>
   no
  </sporty>
 </clothing>
 <clothing>
  <id>
   855563048
  </id>
  <name>
   Brooks Blouse N-2275
  </name>
  <category>
   Blouse
  </category>
  <size>
   XXL
  </size>
  <color>
   Синий
  </color>
  <material>
   Вискоза
  </material>
  <price>
   483441
  </price>
  <rating>
   3.29
  </rating>
  <reviews>
   411161
  </reviews>
  <exclusive>
   no
  </exclusive>
  <sporty>
   no
  </sporty>
 </clothing>
 <clothing>
  <id>
   563015868
  </id>
  <name>
   Brooks Shoes Q-6074
  </name>
  <category>
   Shoes
  </category>
  <size>
   XL
  </size>
  <color>
   Голубой
  </color>
  <material>
   Кожа
  </material>
  <price>
   671205
  </price>
  <rating>
   1.57
  </rating>
  <reviews>
   326205
  </reviews>
  <new>
   -
  </new>
  <sporty>
   yes
  </sporty>
 </clothing>
 <clothing>
  <id>
   637377010
  </id>
  <name>
   Nike Umbrellas X-7514
  </name>
  <category>
   Umbrellas
  </category>
  <size>
   XL
  </size>
  <color>
   Оранжевый
  </color>
  <material>
   Шерсть
  </material>
  <price>
   311487
  </price>
  <rating>
   4.72
  </rating>
  <reviews>
   290333
  </reviews>
  <new>
   +
  </new>
  <exclusive>
   no
  </exclusive>
 </clothing>
 <clothing>
  <id>
   860005129
  </id>
  <name>
   Addidas Pants T-5375
  </name>
  <category>
   Pants
  </category>
  <size>
   XL
  </size>
  <color>
   Фиолетовый
  </color>
  <material>
   Хлопок
  </material>
  <price>
   507493
  </price>
  <rating>
   4.58
  </rating>
  <reviews>
   989832
  </reviews>
 </clothing>
 <clothing>
  <id>
   820592313
  </id>
  <name>
   DC Handbags J-1317
  </name>
  <category>
   Handbags
  </category>
  <size>
   M
  </size>
  <color>
   Оранжевый
  </color>
  <material>
   Кожа
  </material>
  <price>
   833429
  </price>
  <rating>
   3.2
  </rating>
  <reviews>
   818509
  </reviews>
  <new>
   +
  </new>
  <exclusive>
   yes
  </exclusive>
 </clothing>
 <clothing>
  <id>
   189664220
  </id>
  <name>
   Asics Handbags F-8744
  </name>
  <category>
   Handbags
  </category>
  <size>
   M
  </size>
  <color>
   Оранжевый
  </color>
  <material>
   Хлопок
  </material>
  <price>
   607465
  </price>
  <rating>
   1.66
  </rating>
  <reviews>
   750451
  </reviews>
  <new>
   -
  </new>
  <exclusive>
   no
  </exclusive>
  <sporty>
   no
  </sporty>
 </clothing>
 <clothing>
  <id>
   277409477
  </id>
  <name>
   Vans Belts J-1096
  </name>
  <category>
   Belts
  </category>
  <size>
   M
  </size>
  <color>
   Желтый
  </color>
  <material>
   Хлопок
  </material>
  <price>
   559465
  </price>
  <rating>
   4.84
  </rating>
  <reviews>
   296711
  </reviews>
  <new>
   -
  </new>
  <sporty>
   no
  </sporty>
 </clothing>
 <clothing>
  <id>
   545595130
  </id>
  <name>
   Converse Umbrellas E-4807
  </name>
  <category>
   Umbrellas
  </category>
  <size>
   XXL
  </size>
  <color>
   Фиолетовый
  </color>
  <material>
   Полиэстер
  </material>
  <price>
   311059
  </price>
  <rating>
   1.94
  </rating>
  <reviews>
   856407
  </reviews>
  <new>
   -
  </new>
  <exclusive>
   yes
  </exclusive>
  <sporty>
   no
  </sporty>
 </clothing>
</clothing-items>
