<?xml version="1.0" encoding="utf-8"?>
<clothing-items>
 <clothing>
  <id>
   312773670
  </id>
  <name>
   Ellesse Handbags O-2752
  </name>
  <category>
   Handbags
  </category>
  <size>
   XL
  </size>
  <color>
   Голубой
  </color>
  <material>
   Нейлон
  </material>
  <price>
   603886
  </price>
  <rating>
   1.36
  </rating>
  <reviews>
   528966
  </reviews>
  <new>
   +
  </new>
  <sporty>
   no
  </sporty>
 </clothing>
 <clothing>
  <id>
   120813811
  </id>
  <name>
   Vans Socks B-5932
  </name>
  <category>
   Socks
  </category>
  <size>
   XL
  </size>
  <color>
   Красный
  </color>
  <material>
   Шерсть
  </material>
  <price>
   755481
  </price>
  <rating>
   4.14
  </rating>
  <reviews>
   137053
  </reviews>
  <new>
   -
  </new>
 </clothing>
 <clothing>
  <id>
   585610843
  </id>
  <name>
   Lacoste T-shirt V-8561
  </name>
  <category>
   T-shirt
  </category>
  <size>
   S
  </size>
  <color>
   Фиолетовый
  </color>
  <material>
   Полиэстер
  </material>
  <price>
   482791
  </price>
  <rating>
   4.55
  </rating>
  <reviews>
   428708
  </reviews>
  <new>
   +
  </new>
  <sporty>
   no
  </sporty>
 </clothing>
 <clothing>
  <id>
   541668640
  </id>
  <name>
   Fila Umbrellas I-6501
  </name>
  <category>
   Umbrellas
  </category>
  <size>
   M
  </size>
  <color>
   Красный
  </color>
  <material>
   Кожа
  </material>
  <price>
   151644
  </price>
  <rating>
   2.08
  </rating>
  <reviews>
   924389
  </reviews>
 </clothing>
 <clothing>
  <id>
   969946647
  </id>
  <name>
   Nike Hat R-3274
  </name>
  <category>
   Hat
  </category>
  <size>
   M
  </size>
  <color>
   Синий
  </color>
  <material>
   Лен
  </material>
  <price>
   189556
  </price>
  <rating>
   1.15
  </rating>
  <reviews>
   697750
  </reviews>
  <exclusive>
   no
  </exclusive>
  <sporty>
   no
  </sporty>
 </clothing>
 <clothing>
  <id>
   301145520
  </id>
  <name>
   Asics Jeans H-9488
  </name>
  <category>
   Jeans
  </category>
  <size>
   M
  </size>
  <color>
   Желтый
  </color>
  <material>
   Шелк
  </material>
  <price>
   620868
  </price>
  <rating>
   3.02
  </rating>
  <reviews>
   724424
  </reviews>
  <new>
   +
  </new>
  <exclusive>
   no
  </exclusive>
 </clothing>
 <clothing>
  <id>
   285958863
  </id>
  <name>
   Reebok T-shirt E-8086
  </name>
  <category>
   T-shirt
  </category>
  <size>
   M
  </size>
  <color>
   Фиолетовый
  </color>
  <material>
   Шерсть
  </material>
  <price>
   583405
  </price>
  <rating>
   3.1
  </rating>
  <reviews>
   547902
  </reviews>
  <new>
   -
  </new>
  <exclusive>
   no
  </exclusive>
  <sporty>
   no
  </sporty>
 </clothing>
 <clothing>
  <id>
   639989631
  </id>
  <name>
   Reebok Shoes P-2142
  </name>
  <category>
   Shoes
  </category>
  <size>
   M
  </size>
  <color>
   Оранжевый
  </color>
  <material>
   Полиэстер
  </material>
  <price>
   796759
  </price>
  <rating>
   1.14
  </rating>
  <reviews>
   677252
  </reviews>
  <new>
   -
  </new>
 </clothing>
 <clothing>
  <id>
   962068043
  </id>
  <name>
   Puma Pants M-1793
  </name>
  <category>
   Pants
  </category>
  <size>
   S
  </size>
  <color>
   Зеленый
  </color>
  <material>
   Вискоза
  </material>
  <price>
   613522
  </price>
  <rating>
   4.32
  </rating>
  <reviews>
   355351
  </reviews>
  <sporty>
   no
  </sporty>
 </clothing>
 <clothing>
  <id>
   403011611
  </id>
  <name>
   Lacoste Blouse S-6351
  </name>
  <category>
   Blouse
  </category>
  <size>
   XL
  </size>
  <color>
   Голубой
  </color>
  <material>
   Нейлон
  </material>
  <price>
   455751
  </price>
  <rating>
   2.05
  </rating>
  <reviews>
   255872
  </reviews>
  <new>
   +
  </new>
  <exclusive>
   no
  </exclusive>
 </clothing>
 <clothing>
  <id>
   435920290
  </id>
  <name>
   Brooks Skirt L-1809
  </name>
  <category>
   Skirt
  </category>
  <size>
   L
  </size>
  <color>
   Синий
  </color>
  <material>
   Полиэстер
  </material>
  <price>
   466567
  </price>
  <rating>
   4.24
  </rating>
  <reviews>
   357354
  </reviews>
  <new>
   -
  </new>
  <sporty>
   no
  </sporty>
 </clothing>
 <clothing>
  <id>
   508970041
  </id>
  <name>
   Asics Jacket T-8502
  </name>
  <category>
   Jacket
  </category>
  <size>
   XL
  </size>
  <color>
   Красный
  </color>
  <material>
   Вискоза
  </material>
  <price>
   369118
  </price>
  <rating>
   2.35
  </rating>
  <reviews>
   548952
  </reviews>
  <sporty>
   yes
  </sporty>
 </clothing>
 <clothing>
  <id>
   382536970
  </id>
  <name>
   Converse Shirt T-2908
  </name>
  <category>
   Shirt
  </category>
  <size>
   XL
  </size>
  <color>
   Синий
  </color>
  <material>
   Лен
  </material>
  <price>
   909740
  </price>
  <rating>
   4.54
  </rating>
  <reviews>
   698716
  </reviews>
  <new>
   +
  </new>
  <sporty>
   no
  </sporty>
 </clothing>
 <clothing>
  <id>
   212075952
  </id>
  <name>
   Addidas Dress S-2195
  </name>
  <category>
   Dress
  </category>
  <size>
   XL
  </size>
  <color>
   Фиолетовый
  </color>
  <material>
   Вискоза
  </material>
  <price>
   387842
  </price>
  <rating>
   1.98
  </rating>
  <reviews>
   921367
  </reviews>
  <new>
   -
  </new>
  <exclusive>
   no
  </exclusive>
 </clothing>
 <clothing>
  <id>
   498223100
  </id>
  <name>
   Lacoste Gloves E-2965
  </name>
  <category>
   Gloves
  </category>
  <size>
   XL
  </size>
  <color>
   Фиолетовый
  </color>
  <material>
   Шерсть
  </material>
  <price>
   314105
  </price>
  <rating>
   4.89
  </rating>
  <reviews>
   188014
  </reviews>
  <new>
   -
  </new>
  <exclusive>
   no
  </exclusive>
 </clothing>
 <clothing>
  <id>
   777157683
  </id>
  <name>
   Brooks Handbags Y-7227
  </name>
  <category>
   Handbags
  </category>
  <size>
   XXL
  </size>
  <color>
   Фиолетовый
  </color>
  <material>
   Шерсть
  </material>
  <price>
   512276
  </price>
  <rating>
   3.16
  </rating>
  <reviews>
   175664
  </reviews>
  <exclusive>
   no
  </exclusive>
 </clothing>
 <clothing>
  <id>
   174009229
  </id>
  <name>
   Ellesse Shirt D-1334
  </name>
  <category>
   Shirt
  </category>
  <size>
   M
  </size>
  <color>
   Красный
  </color>
  <material>
   Вискоза
  </material>
  <price>
   578277
  </price>
  <rating>
   3.15
  </rating>
  <reviews>
   133421
  </reviews>
 </clothing>
</clothing-items>
