<?xml version="1.0" encoding="utf-8"?>
<clothing-items>
 <clothing>
  <id>
   634758075
  </id>
  <name>
   Puma T-shirt X-1294
  </name>
  <category>
   T-shirt
  </category>
  <size>
   S
  </size>
  <color>
   Красный
  </color>
  <material>
   Полиэстер
  </material>
  <price>
   510641
  </price>
  <rating>
   3.46
  </rating>
  <reviews>
   303586
  </reviews>
  <sporty>
   no
  </sporty>
 </clothing>
 <clothing>
  <id>
   936914697
  </id>
  <name>
   Under Armour Shoes P-1917
  </name>
  <category>
   Shoes
  </category>
  <size>
   XXL
  </size>
  <color>
   Голубой
  </color>
  <material>
   Шерсть
  </material>
  <price>
   465912
  </price>
  <rating>
   4.22
  </rating>
  <reviews>
   306701
  </reviews>
  <new>
   -
  </new>
  <sporty>
   yes
  </sporty>
 </clothing>
 <clothing>
  <id>
   781682879
  </id>
  <name>
   Brooks Blouse L-9897
  </name>
  <category>
   Blouse
  </category>
  <size>
   XL
  </size>
  <color>
   Зеленый
  </color>
  <material>
   Нейлон
  </material>
  <price>
   848897
  </price>
  <rating>
   1.28
  </rating>
  <reviews>
   437198
  </reviews>
  <new>
   -
  </new>
 </clothing>
 <clothing>
  <id>
   943177663
  </id>
  <name>
   Brooks Pants H-9525
  </name>
  <category>
   Pants
  </category>
  <size>
   XXL
  </size>
  <color>
   Синий
  </color>
  <material>
   Полиэстер
  </material>
  <price>
   208513
  </price>
  <rating>
   1.82
  </rating>
  <reviews>
   641485
  </reviews>
  <new>
   +
  </new>
  <sporty>
   no
  </sporty>
 </clothing>
 <clothing>
  <id>
   362506116
  </id>
  <name>
   Fila Belts Q-8133
  </name>
  <category>
   Belts
  </category>
  <size>
   S
  </size>
  <color>
   Фиолетовый
  </color>
  <material>
   Полиэстер
  </material>
  <price>
   577036
  </price>
  <rating>
   1.14
  </rating>
  <reviews>
   836010
  </reviews>
  <new>
   +
  </new>
  <exclusive>
   yes
  </exclusive>
 </clothing>
 <clothing>
  <id>
   238172223
  </id>
  <name>
   Vans Dress A-3173
  </name>
  <category>
   Dress
  </category>
  <size>
   L
  </size>
  <color>
   Зеленый
  </color>
  <material>
   Шерсть
  </material>
  <price>
   223992
  </price>
  <rating>
   3.45
  </rating>
  <reviews>
   194274
  </reviews>
  <exclusive>
   no
  </exclusive>
 </clothing>
 <clothing>
  <id>
   983170777
  </id>
  <name>
   Puma Belts F-7561
  </name>
  <category>
   Belts
  </category>
  <size>
   L
  </size>
  <color>
   Фиолетовый
  </color>
  <material>
   Хлопок
  </material>
  <price>
   424229
  </price>
  <rating>
   1.96
  </rating>
  <reviews>
   392018
  </reviews>
  <new>
   +
  </new>
 </clothing>
 <clothing>
  <id>
   604573811
  </id>
  <name>
   Adidas T-shirt L-3682
  </name>
  <category>
   T-shirt
  </category>
  <size>
   S
  </size>
  <color>
   Голубой
  </color>
  <material>
   Шерсть
  </material>
  <price>
   895381
  </price>
  <rating>
   2.18
  </rating>
  <reviews>
   630120
  </reviews>
  <new>
   +
  </new>
  <exclusive>
   no
  </exclusive>
 </clothing>
 <clothing>
  <id>
   581000196
  </id>
  <name>
   Vans T-shirt K-4601
  </name>
  <category>
   T-shirt
  </category>
  <size>
   M
  </size>
  <color>
   Голубой
  </color>
  <material>
   Хлопок
  </material>
  <price>
   743278
  </price>
  <rating>
   2.09
  </rating>
  <reviews>
   488464
  </reviews>
  <new>
   +
  </new>
  <exclusive>
   no
  </exclusive>
 </clothing>
 <clothing>
  <id>
   161903056
  </id>
  <name>
   Converse Socks A-4751
  </name>
  <category>
   Socks
  </category>
  <size>
   XXL
  </size>
  <color>
   Синий
  </color>
  <material>
   Полиэстер
  </material>
  <price>
   446758
  </price>
  <rating>
   3.17
  </rating>
  <reviews>
   899886
  </reviews>
  <new>
   -
  </new>
  <exclusive>
   yes
  </exclusive>
  <sporty>
   no
  </sporty>
 </clothing>
 <clothing>
  <id>
   843211231
  </id>
  <name>
   Nike Jacket S-9287
  </name>
  <category>
   Jacket
  </category>
  <size>
   L
  </size>
  <color>
   Синий
  </color>
  <material>
   Кожа
  </material>
  <price>
   400766
  </price>
  <rating>
   1.08
  </rating>
  <reviews>
   229664
  </reviews>
  <exclusive>
   no
  </exclusive>
 </clothing>
</clothing-items>
