<?xml version="1.0" encoding="utf-8"?>
<clothing-items>
 <clothing>
  <id>
   985018183
  </id>
  <name>
   Addidas Umbrellas L-9720
  </name>
  <category>
   Umbrellas
  </category>
  <size>
   M
  </size>
  <color>
   Желтый
  </color>
  <material>
   Шерсть
  </material>
  <price>
   982453
  </price>
  <rating>
   4.34
  </rating>
  <reviews>
   68777
  </reviews>
  <new>
   +
  </new>
  <exclusive>
   no
  </exclusive>
  <sporty>
   yes
  </sporty>
 </clothing>
 <clothing>
  <id>
   882178761
  </id>
  <name>
   Nike Gloves S-8234
  </name>
  <category>
   Gloves
  </category>
  <size>
   S
  </size>
  <color>
   Синий
  </color>
  <material>
   Лен
  </material>
  <price>
   944029
  </price>
  <rating>
   3.09
  </rating>
  <reviews>
   481144
  </reviews>
  <new>
   -
  </new>
  <exclusive>
   yes
  </exclusive>
 </clothing>
 <clothing>
  <id>
   865194970
  </id>
  <name>
   Under Armour Shirt B-4043
  </name>
  <category>
   Shirt
  </category>
  <size>
   L
  </size>
  <color>
   Фиолетовый
  </color>
  <material>
   Кожа
  </material>
  <price>
   256298
  </price>
  <rating>
   4.0
  </rating>
  <reviews>
   411503
  </reviews>
  <new>
   -
  </new>
  <sporty>
   no
  </sporty>
 </clothing>
 <clothing>
  <id>
   866522345
  </id>
  <name>
   Under Armour Jeans I-7988
  </name>
  <category>
   Jeans
  </category>
  <size>
   M
  </size>
  <color>
   Голубой
  </color>
  <material>
   Шелк
  </material>
  <price>
   568317
  </price>
  <rating>
   1.06
  </rating>
  <reviews>
   614073
  </reviews>
  <exclusive>
   yes
  </exclusive>
 </clothing>
 <clothing>
  <id>
   938042846
  </id>
  <name>
   DC Handbags T-3674
  </name>
  <category>
   Handbags
  </category>
  <size>
   M
  </size>
  <color>
   Зеленый
  </color>
  <material>
   Полиэстер
  </material>
  <price>
   548240
  </price>
  <rating>
   2.82
  </rating>
  <reviews>
   563774
  </reviews>
  <new>
   -
  </new>
  <sporty>
   no
  </sporty>
 </clothing>
 <clothing>
  <id>
   740993805
  </id>
  <name>
   Asics Socks D-6762
  </name>
  <category>
   Socks
  </category>
  <size>
   XXL
  </size>
  <color>
   Красный
  </color>
  <material>
   Лен
  </material>
  <price>
   162373
  </price>
  <rating>
   3.98
  </rating>
  <reviews>
   70185
  </reviews>
  <new>
   -
  </new>
  <sporty>
   no
  </sporty>
 </clothing>
 <clothing>
  <id>
   785768975
  </id>
  <name>
   Ellesse Hat R-2794
  </name>
  <category>
   Hat
  </category>
  <size>
   XL
  </size>
  <color>
   Желтый
  </color>
  <material>
   Хлопок
  </material>
  <price>
   767547
  </price>
  <rating>
   1.26
  </rating>
  <reviews>
   322123
  </reviews>
  <new>
   -
  </new>
  <sporty>
   no
  </sporty>
 </clothing>
 <clothing>
  <id>
   564892319
  </id>
  <name>
   Vans Skirt J-5923
  </name>
  <category>
   Skirt
  </category>
  <size>
   S
  </size>
  <color>
   Зеленый
  </color>
  <material>
   Шерсть
  </material>
  <price>
   184548
  </price>
  <rating>
   3.16
  </rating>
  <reviews>
   659204
  </reviews>
  <new>
   -
  </new>
 </clothing>
 <clothing>
  <id>
   720218083
  </id>
  <name>
   Puma Blouse F-4923
  </name>
  <category>
   Blouse
  </category>
  <size>
   XL
  </size>
  <color>
   Зеленый
  </color>
  <material>
   Шерсть
  </material>
  <price>
   543835
  </price>
  <rating>
   3.57
  </rating>
  <reviews>
   395105
  </reviews>
  <exclusive>
   no
  </exclusive>
  <sporty>
   yes
  </sporty>
 </clothing>
 <clothing>
  <id>
   147814325
  </id>
  <name>
   Ellesse Skirt X-9392
  </name>
  <category>
   Skirt
  </category>
  <size>
   XL
  </size>
  <color>
   Синий
  </color>
  <material>
   Шелк
  </material>
  <price>
   703218
  </price>
  <rating>
   1.07
  </rating>
  <reviews>
   171063
  </reviews>
  <exclusive>
   yes
  </exclusive>
 </clothing>
 <clothing>
  <id>
   879503648
  </id>
  <name>
   Fila Shirt S-5858
  </name>
  <category>
   Shirt
  </category>
  <size>
   L
  </size>
  <color>
   Красный
  </color>
  <material>
   Полиэстер
  </material>
  <price>
   625129
  </price>
  <rating>
   3.04
  </rating>
  <reviews>
   142606
  </reviews>
  <new>
   +
  </new>
 </clothing>
 <clothing>
  <id>
   440941163
  </id>
  <name>
   DC Belts O-9695
  </name>
  <category>
   Belts
  </category>
  <size>
   L
  </size>
  <color>
   Голубой
  </color>
  <material>
   Вискоза
  </material>
  <price>
   972344
  </price>
  <rating>
   3.61
  </rating>
  <reviews>
   632226
  </reviews>
  <new>
   -
  </new>
  <exclusive>
   no
  </exclusive>
  <sporty>
   no
  </sporty>
 </clothing>
 <clothing>
  <id>
   676190889
  </id>
  <name>
   Adidas T-shirt E-7665
  </name>
  <category>
   T-shirt
  </category>
  <size>
   XL
  </size>
  <color>
   Фиолетовый
  </color>
  <material>
   Кожа
  </material>
  <price>
   977598
  </price>
  <rating>
   1.23
  </rating>
  <reviews>
   73284
  </reviews>
  <new>
   -
  </new>
  <exclusive>
   no
  </exclusive>
 </clothing>
 <clothing>
  <id>
   369478071
  </id>
  <name>
   Reebok Dress R-7993
  </name>
  <category>
   Dress
  </category>
  <size>
   L
  </size>
  <color>
   Фиолетовый
  </color>
  <material>
   Шелк
  </material>
  <price>
   412575
  </price>
  <rating>
   3.54
  </rating>
  <reviews>
   503547
  </reviews>
  <new>
   +
  </new>
  <exclusive>
   no
  </exclusive>
 </clothing>
 <clothing>
  <id>
   737946600
  </id>
  <name>
   Nike Jacket J-5278
  </name>
  <category>
   Jacket
  </category>
  <size>
   XL
  </size>
  <color>
   Фиолетовый
  </color>
  <material>
   Кожа
  </material>
  <price>
   802153
  </price>
  <rating>
   3.16
  </rating>
  <reviews>
   565290
  </reviews>
  <new>
   -
  </new>
  <exclusive>
   no
  </exclusive>
  <sporty>
   no
  </sporty>
 </clothing>
 <clothing>
  <id>
   653289935
  </id>
  <name>
   Asics Umbrellas G-6466
  </name>
  <category>
   Umbrellas
  </category>
  <size>
   S
  </size>
  <color>
   Фиолетовый
  </color>
  <material>
   Кожа
  </material>
  <price>
   621258
  </price>
  <rating>
   2.11
  </rating>
  <reviews>
   53260
  </reviews>
  <new>
   +
  </new>
  <exclusive>
   no
  </exclusive>
  <sporty>
   no
  </sporty>
 </clothing>
 <clothing>
  <id>
   959117572
  </id>
  <name>
   Puma Skirt N-9452
  </name>
  <category>
   Skirt
  </category>
  <size>
   XXL
  </size>
  <color>
   Синий
  </color>
  <material>
   Лен
  </material>
  <price>
   701843
  </price>
  <rating>
   4.35
  </rating>
  <reviews>
   358435
  </reviews>
  <exclusive>
   no
  </exclusive>
  <sporty>
   yes
  </sporty>
 </clothing>
 <clothing>
  <id>
   450012492
  </id>
  <name>
   Fila Gloves D-8403
  </name>
  <category>
   Gloves
  </category>
  <size>
   S
  </size>
  <color>
   Желтый
  </color>
  <material>
   Шелк
  </material>
  <price>
   808695
  </price>
  <rating>
   1.33
  </rating>
  <reviews>
   462312
  </reviews>
  <sporty>
   no
  </sporty>
 </clothing>
</clothing-items>
