<?xml version="1.0" encoding="utf-8"?>
<clothing-items>
 <clothing>
  <id>
   125445610
  </id>
  <name>
   Converse Jacket Q-2192
  </name>
  <category>
   Jacket
  </category>
  <size>
   M
  </size>
  <color>
   Красный
  </color>
  <material>
   Шерсть
  </material>
  <price>
   909721
  </price>
  <rating>
   1.77
  </rating>
  <reviews>
   53302
  </reviews>
  <new>
   +
  </new>
  <exclusive>
   yes
  </exclusive>
  <sporty>
   yes
  </sporty>
 </clothing>
 <clothing>
  <id>
   704064857
  </id>
  <name>
   Under Armour Belts U-8887
  </name>
  <category>
   Belts
  </category>
  <size>
   M
  </size>
  <color>
   Синий
  </color>
  <material>
   Шерсть
  </material>
  <price>
   376158
  </price>
  <rating>
   4.62
  </rating>
  <reviews>
   372496
  </reviews>
  <new>
   -
  </new>
  <exclusive>
   no
  </exclusive>
 </clothing>
 <clothing>
  <id>
   689758514
  </id>
  <name>
   Addidas Socks M-3614
  </name>
  <category>
   Socks
  </category>
  <size>
   XXL
  </size>
  <color>
   Синий
  </color>
  <material>
   Вискоза
  </material>
  <price>
   474129
  </price>
  <rating>
   1.79
  </rating>
  <reviews>
   522641
  </reviews>
  <new>
   +
  </new>
  <exclusive>
   yes
  </exclusive>
  <sporty>
   yes
  </sporty>
 </clothing>
 <clothing>
  <id>
   208912620
  </id>
  <name>
   New Balance Gloves U-4662
  </name>
  <category>
   Gloves
  </category>
  <size>
   S
  </size>
  <color>
   Желтый
  </color>
  <material>
   Лен
  </material>
  <price>
   409317
  </price>
  <rating>
   3.18
  </rating>
  <reviews>
   969318
  </reviews>
 </clothing>
 <clothing>
  <id>
   369186584
  </id>
  <name>
   Asics Jacket C-9294
  </name>
  <category>
   Jacket
  </category>
  <size>
   XL
  </size>
  <color>
   Зеленый
  </color>
  <material>
   Нейлон
  </material>
  <price>
   707913
  </price>
  <rating>
   4.27
  </rating>
  <reviews>
   994549
  </reviews>
  <new>
   -
  </new>
  <sporty>
   no
  </sporty>
 </clothing>
 <clothing>
  <id>
   400186672
  </id>
  <name>
   Lacoste Sweater E-8763
  </name>
  <category>
   Sweater
  </category>
  <size>
   XXL
  </size>
  <color>
   Желтый
  </color>
  <material>
   Нейлон
  </material>
  <price>
   725981
  </price>
  <rating>
   2.78
  </rating>
  <reviews>
   196219
  </reviews>
  <new>
   -
  </new>
  <exclusive>
   no
  </exclusive>
  <sporty>
   no
  </sporty>
 </clothing>
 <clothing>
  <id>
   398905597
  </id>
  <name>
   Converse Blouse H-8197
  </name>
  <category>
   Blouse
  </category>
  <size>
   L
  </size>
  <color>
   Оранжевый
  </color>
  <material>
   Шелк
  </material>
  <price>
   820714
  </price>
  <rating>
   3.68
  </rating>
  <reviews>
   517303
  </reviews>
  <new>
   -
  </new>
  <exclusive>
   no
  </exclusive>
  <sporty>
   yes
  </sporty>
 </clothing>
 <clothing>
  <id>
   993364460
  </id>
  <name>
   Converse Blouse Z-9588
  </name>
  <category>
   Blouse
  </category>
  <size>
   XL
  </size>
  <color>
   Голубой
  </color>
  <material>
   Нейлон
  </material>
  <price>
   262527
  </price>
  <rating>
   2.89
  </rating>
  <reviews>
   319629
  </reviews>
  <new>
   -
  </new>
  <exclusive>
   no
  </exclusive>
  <sporty>
   yes
  </sporty>
 </clothing>
 <clothing>
  <id>
   909807834
  </id>
  <name>
   Adidas Pants L-5065
  </name>
  <category>
   Pants
  </category>
  <size>
   S
  </size>
  <color>
   Красный
  </color>
  <material>
   Нейлон
  </material>
  <price>
   210721
  </price>
  <rating>
   4.96
  </rating>
  <reviews>
   587872
  </reviews>
  <exclusive>
   no
  </exclusive>
  <sporty>
   no
  </sporty>
 </clothing>
 <clothing>
  <id>
   211319002
  </id>
  <name>
   Converse Gloves D-1605
  </name>
  <category>
   Gloves
  </category>
  <size>
   M
  </size>
  <color>
   Синий
  </color>
  <material>
   Вискоза
  </material>
  <price>
   125186
  </price>
  <rating>
   2.83
  </rating>
  <reviews>
   19454
  </reviews>
  <new>
   -
  </new>
  <exclusive>
   no
  </exclusive>
  <sporty>
   yes
  </sporty>
 </clothing>
 <clothing>
  <id>
   729874631
  </id>
  <name>
   Nike Hat J-6913
  </name>
  <category>
   Hat
  </category>
  <size>
   M
  </size>
  <color>
   Красный
  </color>
  <material>
   Нейлон
  </material>
  <price>
   341081
  </price>
  <rating>
   3.1
  </rating>
  <reviews>
   408592
  </reviews>
  <new>
   -
  </new>
  <sporty>
   no
  </sporty>
 </clothing>
 <clothing>
  <id>
   247697030
  </id>
  <name>
   Vans Gloves B-4379
  </name>
  <category>
   Gloves
  </category>
  <size>
   S
  </size>
  <color>
   Синий
  </color>
  <material>
   Хлопок
  </material>
  <price>
   237520
  </price>
  <rating>
   2.94
  </rating>
  <reviews>
   326132
  </reviews>
  <new>
   -
  </new>
  <exclusive>
   no
  </exclusive>
 </clothing>
 <clothing>
  <id>
   877185939
  </id>
  <name>
   Reebok Socks G-4292
  </name>
  <category>
   Socks
  </category>
  <size>
   XL
  </size>
  <color>
   Голубой
  </color>
  <material>
   Кожа
  </material>
  <price>
   374315
  </price>
  <rating>
   1.46
  </rating>
  <reviews>
   848065
  </reviews>
 </clothing>
 <clothing>
  <id>
   937206889
  </id>
  <name>
   Addidas Belts Q-6331
  </name>
  <category>
   Belts
  </category>
  <size>
   S
  </size>
  <color>
   Желтый
  </color>
  <material>
   Полиэстер
  </material>
  <price>
   784639
  </price>
  <rating>
   4.89
  </rating>
  <reviews>
   939791
  </reviews>
  <new>
   -
  </new>
  <exclusive>
   no
  </exclusive>
 </clothing>
 <clothing>
  <id>
   391625754
  </id>
  <name>
   PleinSport Shirt S-2735
  </name>
  <category>
   Shirt
  </category>
  <size>
   XXL
  </size>
  <color>
   Желтый
  </color>
  <material>
   Полиэстер
  </material>
  <price>
   661141
  </price>
  <rating>
   3.61
  </rating>
  <reviews>
   743402
  </reviews>
  <exclusive>
   no
  </exclusive>
  <sporty>
   yes
  </sporty>
 </clothing>
 <clothing>
  <id>
   735256280
  </id>
  <name>
   Asics Sweater V-3360
  </name>
  <category>
   Sweater
  </category>
  <size>
   L
  </size>
  <color>
   Зеленый
  </color>
  <material>
   Вискоза
  </material>
  <price>
   285369
  </price>
  <rating>
   1.26
  </rating>
  <reviews>
   437789
  </reviews>
  <exclusive>
   no
  </exclusive>
 </clothing>
 <clothing>
  <id>
   670597775
  </id>
  <name>
   New Balance Belts S-3928
  </name>
  <category>
   Belts
  </category>
  <size>
   XXL
  </size>
  <color>
   Желтый
  </color>
  <material>
   Лен
  </material>
  <price>
   507782
  </price>
  <rating>
   2.89
  </rating>
  <reviews>
   61186
  </reviews>
  <new>
   -
  </new>
 </clothing>
 <clothing>
  <id>
   519227653
  </id>
  <name>
   Asics Pants M-9021
  </name>
  <category>
   Pants
  </category>
  <size>
   XL
  </size>
  <color>
   Оранжевый
  </color>
  <material>
   Кожа
  </material>
  <price>
   444441
  </price>
  <rating>
   4.33
  </rating>
  <reviews>
   639370
  </reviews>
  <new>
   -
  </new>
  <sporty>
   yes
  </sporty>
 </clothing>
 <clothing>
  <id>
   884864038
  </id>
  <name>
   Nike Blouse X-3241
  </name>
  <category>
   Blouse
  </category>
  <size>
   L
  </size>
  <color>
   Синий
  </color>
  <material>
   Лен
  </material>
  <price>
   456369
  </price>
  <rating>
   1.43
  </rating>
  <reviews>
   414288
  </reviews>
  <new>
   -
  </new>
  <exclusive>
   yes
  </exclusive>
  <sporty>
   yes
  </sporty>
 </clothing>
 <clothing>
  <id>
   835549998
  </id>
  <name>
   Converse Umbrellas Z-2360
  </name>
  <category>
   Umbrellas
  </category>
  <size>
   XXL
  </size>
  <color>
   Голубой
  </color>
  <material>
   Нейлон
  </material>
  <price>
   198994
  </price>
  <rating>
   2.64
  </rating>
  <reviews>
   114081
  </reviews>
  <new>
   -
  </new>
 </clothing>
 <clothing>
  <id>
   318372740
  </id>
  <name>
   Reebok Umbrellas G-3362
  </name>
  <category>
   Umbrellas
  </category>
  <size>
   XXL
  </size>
  <color>
   Фиолетовый
  </color>
  <material>
   Вискоза
  </material>
  <price>
   871710
  </price>
  <rating>
   3.89
  </rating>
  <reviews>
   743364
  </reviews>
  <sporty>
   no
  </sporty>
 </clothing>
 <clothing>
  <id>
   799458735
  </id>
  <name>
   Brooks Hat Q-4981
  </name>
  <category>
   Hat
  </category>
  <size>
   XL
  </size>
  <color>
   Синий
  </color>
  <material>
   Вискоза
  </material>
  <price>
   485386
  </price>
  <rating>
   1.42
  </rating>
  <reviews>
   39686
  </reviews>
  <new>
   -
  </new>
 </clothing>
 <clothing>
  <id>
   709143131
  </id>
  <name>
   Addidas Skirt C-5894
  </name>
  <category>
   Skirt
  </category>
  <size>
   XXL
  </size>
  <color>
   Зеленый
  </color>
  <material>
   Лен
  </material>
  <price>
   252880
  </price>
  <rating>
   4.41
  </rating>
  <reviews>
   229140
  </reviews>
  <exclusive>
   yes
  </exclusive>
  <sporty>
   yes
  </sporty>
 </clothing>
 <clothing>
  <id>
   304202546
  </id>
  <name>
   Puma Jeans T-2148
  </name>
  <category>
   Jeans
  </category>
  <size>
   XXL
  </size>
  <color>
   Синий
  </color>
  <material>
   Кожа
  </material>
  <price>
   880468
  </price>
  <rating>
   3.59
  </rating>
  <reviews>
   390756
  </reviews>
  <new>
   -
  </new>
 </clothing>
 <clothing>
  <id>
   999628424
  </id>
  <name>
   Ellesse Sweater W-7516
  </name>
  <category>
   Sweater
  </category>
  <size>
   XXL
  </size>
  <color>
   Зеленый
  </color>
  <material>
   Лен
  </material>
  <price>
   339325
  </price>
  <rating>
   4.12
  </rating>
  <reviews>
   607490
  </reviews>
  <new>
   -
  </new>
  <sporty>
   no
  </sporty>
 </clothing>
 <clothing>
  <id>
   939379725
  </id>
  <name>
   Under Armour Umbrellas F-2433
  </name>
  <category>
   Umbrellas
  </category>
  <size>
   M
  </size>
  <color>
   Голубой
  </color>
  <material>
   Шелк
  </material>
  <price>
   473603
  </price>
  <rating>
   4.68
  </rating>
  <reviews>
   441297
  </reviews>
  <exclusive>
   no
  </exclusive>
  <sporty>
   no
  </sporty>
 </clothing>
 <clothing>
  <id>
   249207659
  </id>
  <name>
   Asics Socks D-2953
  </name>
  <category>
   Socks
  </category>
  <size>
   S
  </size>
  <color>
   Красный
  </color>
  <material>
   Нейлон
  </material>
  <price>
   205405
  </price>
  <rating>
   2.98
  </rating>
  <reviews>
   221563
  </reviews>
 </clothing>
 <clothing>
  <id>
   976436109
  </id>
  <name>
   Converse Socks T-6345
  </name>
  <category>
   Socks
  </category>
  <size>
   XXL
  </size>
  <color>
   Красный
  </color>
  <material>
   Шерсть
  </material>
  <price>
   640728
  </price>
  <rating>
   1.99
  </rating>
  <reviews>
   115984
  </reviews>
  <new>
   +
  </new>
  <exclusive>
   yes
  </exclusive>
  <sporty>
   yes
  </sporty>
 </clothing>
 <clothing>
  <id>
   615390234
  </id>
  <name>
   New Balance Pants Q-4860
  </name>
  <category>
   Pants
  </category>
  <size>
   L
  </size>
  <color>
   Фиолетовый
  </color>
  <material>
   Кожа
  </material>
  <price>
   125381
  </price>
  <rating>
   1.09
  </rating>
  <reviews>
   231547
  </reviews>
  <sporty>
   no
  </sporty>
 </clothing>
 <clothing>
  <id>
   732013804
  </id>
  <name>
   Adidas Belts O-1196
  </name>
  <category>
   Belts
  </category>
  <size>
   S
  </size>
  <color>
   Синий
  </color>
  <material>
   Лен
  </material>
  <price>
   218574
  </price>
  <rating>
   1.06
  </rating>
  <reviews>
   500396
  </reviews>
  <new>
   -
  </new>
  <sporty>
   no
  </sporty>
 </clothing>
 <clothing>
  <id>
   804570569
  </id>
  <name>
   Addidas Shirt B-1470
  </name>
  <category>
   Shirt
  </category>
  <size>
   XL
  </size>
  <color>
   Фиолетовый
  </color>
  <material>
   Шелк
  </material>
  <price>
   398692
  </price>
  <rating>
   3.32
  </rating>
  <reviews>
   631785
  </reviews>
  <new>
   -
  </new>
  <exclusive>
   yes
  </exclusive>
 </clothing>
 <clothing>
  <id>
   180036719
  </id>
  <name>
   Adidas Pants L-5164
  </name>
  <category>
   Pants
  </category>
  <size>
   S
  </size>
  <color>
   Оранжевый
  </color>
  <material>
   Лен
  </material>
  <price>
   556131
  </price>
  <rating>
   3.86
  </rating>
  <reviews>
   753612
  </reviews>
  <new>
   -
  </new>
  <exclusive>
   yes
  </exclusive>
 </clothing>
 <clothing>
  <id>
   386912999
  </id>
  <name>
   PleinSport Hat B-7983
  </name>
  <category>
   Hat
  </category>
  <size>
   S
  </size>
  <color>
   Фиолетовый
  </color>
  <material>
   Шелк
  </material>
  <price>
   440854
  </price>
  <rating>
   3.27
  </rating>
  <reviews>
   454250
  </reviews>
  <sporty>
   no
  </sporty>
 </clothing>
 <clothing>
  <id>
   238944146
  </id>
  <name>
   New Balance Dress D-9683
  </name>
  <category>
   Dress
  </category>
  <size>
   L
  </size>
  <color>
   Синий
  </color>
  <material>
   Лен
  </material>
  <price>
   193304
  </price>
  <rating>
   4.52
  </rating>
  <reviews>
   753766
  </reviews>
  <sporty>
   no
  </sporty>
 </clothing>
 <clothing>
  <id>
   347637238
  </id>
  <name>
   Nike T-shirt D-1130
  </name>
  <category>
   T-shirt
  </category>
  <size>
   XXL
  </size>
  <color>
   Фиолетовый
  </color>
  <material>
   Вискоза
  </material>
  <price>
   328488
  </price>
  <rating>
   1.35
  </rating>
  <reviews>
   603086
  </reviews>
  <new>
   -
  </new>
  <sporty>
   yes
  </sporty>
 </clothing>
 <clothing>
  <id>
   829389184
  </id>
  <name>
   Lacoste Handbags B-6901
  </name>
  <category>
   Handbags
  </category>
  <size>
   L
  </size>
  <color>
   Синий
  </color>
  <material>
   Лен
  </material>
  <price>
   461499
  </price>
  <rating>
   2.88
  </rating>
  <reviews>
   700473
  </reviews>
  <new>
   -
  </new>
 </clothing>
 <clothing>
  <id>
   505056185
  </id>
  <name>
   Addidas Blouse W-4003
  </name>
  <category>
   Blouse
  </category>
  <size>
   XL
  </size>
  <color>
   Синий
  </color>
  <material>
   Лен
  </material>
  <price>
   142390
  </price>
  <rating>
   3.21
  </rating>
  <reviews>
   305672
  </reviews>
  <new>
   -
  </new>
  <sporty>
   no
  </sporty>
 </clothing>
 <clothing>
  <id>
   780542052
  </id>
  <name>
   Under Armour Shirt R-4075
  </name>
  <category>
   Shirt
  </category>
  <size>
   L
  </size>
  <color>
   Голубой
  </color>
  <material>
   Лен
  </material>
  <price>
   828454
  </price>
  <rating>
   1.51
  </rating>
  <reviews>
   224651
  </reviews>
  <new>
   +
  </new>
  <exclusive>
   yes
  </exclusive>
  <sporty>
   no
  </sporty>
 </clothing>
 <clothing>
  <id>
   706209850
  </id>
  <name>
   Under Armour Pants K-7171
  </name>
  <category>
   Pants
  </category>
  <size>
   M
  </size>
  <color>
   Синий
  </color>
  <material>
   Нейлон
  </material>
  <price>
   843326
  </price>
  <rating>
   2.96
  </rating>
  <reviews>
   954371
  </reviews>
 </clothing>
 <clothing>
  <id>
   544158516
  </id>
  <name>
   New Balance Gloves C-1754
  </name>
  <category>
   Gloves
  </category>
  <size>
   M
  </size>
  <color>
   Оранжевый
  </color>
  <material>
   Нейлон
  </material>
  <price>
   808260
  </price>
  <rating>
   1.08
  </rating>
  <reviews>
   2676
  </reviews>
  <new>
   -
  </new>
 </clothing>
 <clothing>
  <id>
   106662968
  </id>
  <name>
   PleinSport Shoes O-7799
  </name>
  <category>
   Shoes
  </category>
  <size>
   M
  </size>
  <color>
   Фиолетовый
  </color>
  <material>
   Шерсть
  </material>
  <price>
   492641
  </price>
  <rating>
   1.05
  </rating>
  <reviews>
   978675
  </reviews>
  <exclusive>
   no
  </exclusive>
 </clothing>
 <clothing>
  <id>
   879512709
  </id>
  <name>
   Reebok Shoes N-3978
  </name>
  <category>
   Shoes
  </category>
  <size>
   M
  </size>
  <color>
   Желтый
  </color>
  <material>
   Полиэстер
  </material>
  <price>
   175178
  </price>
  <rating>
   2.14
  </rating>
  <reviews>
   175138
  </reviews>
  <new>
   -
  </new>
  <sporty>
   yes
  </sporty>
 </clothing>
 <clothing>
  <id>
   840799456
  </id>
  <name>
   Under Armour T-shirt G-8105
  </name>
  <category>
   T-shirt
  </category>
  <size>
   S
  </size>
  <color>
   Синий
  </color>
  <material>
   Вискоза
  </material>
  <price>
   197212
  </price>
  <rating>
   2.59
  </rating>
  <reviews>
   560579
  </reviews>
  <exclusive>
   no
  </exclusive>
 </clothing>
 <clothing>
  <id>
   583043052
  </id>
  <name>
   Reebok Umbrellas J-4607
  </name>
  <category>
   Umbrellas
  </category>
  <size>
   XXL
  </size>
  <color>
   Желтый
  </color>
  <material>
   Кожа
  </material>
  <price>
   972788
  </price>
  <rating>
   1.51
  </rating>
  <reviews>
   419182
  </reviews>
  <sporty>
   yes
  </sporty>
 </clothing>
 <clothing>
  <id>
   516725521
  </id>
  <name>
   Nike Socks J-5432
  </name>
  <category>
   Socks
  </category>
  <size>
   XL
  </size>
  <color>
   Оранжевый
  </color>
  <material>
   Хлопок
  </material>
  <price>
   871272
  </price>
  <rating>
   2.99
  </rating>
  <reviews>
   382277
  </reviews>
  <new>
   +
  </new>
  <sporty>
   no
  </sporty>
 </clothing>
</clothing-items>
