<?xml version="1.0" encoding="utf-8"?>
<clothing-items>
 <clothing>
  <id>
   481195773
  </id>
  <name>
   Under Armour Handbags A-5803
  </name>
  <category>
   Handbags
  </category>
  <size>
   S
  </size>
  <color>
   Оранжевый
  </color>
  <material>
   Вискоза
  </material>
  <price>
   982407
  </price>
  <rating>
   4.22
  </rating>
  <reviews>
   942917
  </reviews>
  <exclusive>
   yes
  </exclusive>
 </clothing>
 <clothing>
  <id>
   200667047
  </id>
  <name>
   Reebok T-shirt X-3413
  </name>
  <category>
   T-shirt
  </category>
  <size>
   XL
  </size>
  <color>
   Голубой
  </color>
  <material>
   Нейлон
  </material>
  <price>
   980498
  </price>
  <rating>
   1.76
  </rating>
  <reviews>
   893882
  </reviews>
  <new>
   +
  </new>
  <exclusive>
   no
  </exclusive>
  <sporty>
   yes
  </sporty>
 </clothing>
 <clothing>
  <id>
   451130863
  </id>
  <name>
   Adidas Hat Q-3516
  </name>
  <category>
   Hat
  </category>
  <size>
   S
  </size>
  <color>
   Фиолетовый
  </color>
  <material>
   Кожа
  </material>
  <price>
   464521
  </price>
  <rating>
   1.26
  </rating>
  <reviews>
   393451
  </reviews>
  <new>
   +
  </new>
  <exclusive>
   yes
  </exclusive>
 </clothing>
 <clothing>
  <id>
   570762273
  </id>
  <name>
   Vans Jeans N-4603
  </name>
  <category>
   Jeans
  </category>
  <size>
   M
  </size>
  <color>
   Желтый
  </color>
  <material>
   Вискоза
  </material>
  <price>
   950306
  </price>
  <rating>
   4.99
  </rating>
  <reviews>
   322422
  </reviews>
  <new>
   -
  </new>
  <exclusive>
   yes
  </exclusive>
 </clothing>
 <clothing>
  <id>
   147141248
  </id>
  <name>
   Lacoste Pants A-9313
  </name>
  <category>
   Pants
  </category>
  <size>
   XL
  </size>
  <color>
   Зеленый
  </color>
  <material>
   Хлопок
  </material>
  <price>
   386091
  </price>
  <rating>
   4.05
  </rating>
  <reviews>
   333811
  </reviews>
  <new>
   -
  </new>
  <exclusive>
   no
  </exclusive>
 </clothing>
 <clothing>
  <id>
   374633430
  </id>
  <name>
   Adidas Socks Z-6243
  </name>
  <category>
   Socks
  </category>
  <size>
   XXL
  </size>
  <color>
   Синий
  </color>
  <material>
   Шерсть
  </material>
  <price>
   156713
  </price>
  <rating>
   2.87
  </rating>
  <reviews>
   864784
  </reviews>
  <new>
   -
  </new>
  <sporty>
   no
  </sporty>
 </clothing>
 <clothing>
  <id>
   795172732
  </id>
  <name>
   Addidas Skirt F-7961
  </name>
  <category>
   Skirt
  </category>
  <size>
   XL
  </size>
  <color>
   Красный
  </color>
  <material>
   Нейлон
  </material>
  <price>
   497876
  </price>
  <rating>
   4.86
  </rating>
  <reviews>
   894808
  </reviews>
  <new>
   +
  </new>
  <exclusive>
   no
  </exclusive>
 </clothing>
 <clothing>
  <id>
   756325249
  </id>
  <name>
   Reebok Dress Y-8545
  </name>
  <category>
   Dress
  </category>
  <size>
   XL
  </size>
  <color>
   Синий
  </color>
  <material>
   Нейлон
  </material>
  <price>
   860017
  </price>
  <rating>
   4.7
  </rating>
  <reviews>
   574809
  </reviews>
  <new>
   -
  </new>
 </clothing>
 <clothing>
  <id>
   590247897
  </id>
  <name>
   Addidas Socks V-4426
  </name>
  <category>
   Socks
  </category>
  <size>
   S
  </size>
  <color>
   Желтый
  </color>
  <material>
   Кожа
  </material>
  <price>
   588938
  </price>
  <rating>
   2.08
  </rating>
  <reviews>
   422526
  </reviews>
  <new>
   +
  </new>
  <sporty>
   no
  </sporty>
 </clothing>
 <clothing>
  <id>
   796285017
  </id>
  <name>
   Addidas Skirt I-7319
  </name>
  <category>
   Skirt
  </category>
  <size>
   M
  </size>
  <color>
   Фиолетовый
  </color>
  <material>
   Вискоза
  </material>
  <price>
   107937
  </price>
  <rating>
   1.96
  </rating>
  <reviews>
   644193
  </reviews>
  <new>
   -
  </new>
 </clothing>
 <clothing>
  <id>
   352159121
  </id>
  <name>
   Nike Pants P-9737
  </name>
  <category>
   Pants
  </category>
  <size>
   S
  </size>
  <color>
   Желтый
  </color>
  <material>
   Хлопок
  </material>
  <price>
   253553
  </price>
  <rating>
   1.48
  </rating>
  <reviews>
   784159
  </reviews>
  <exclusive>
   no
  </exclusive>
 </clothing>
 <clothing>
  <id>
   323228954
  </id>
  <name>
   New Balance Shoes Q-1875
  </name>
  <category>
   Shoes
  </category>
  <size>
   XXL
  </size>
  <color>
   Оранжевый
  </color>
  <material>
   Нейлон
  </material>
  <price>
   911900
  </price>
  <rating>
   2.02
  </rating>
  <reviews>
   535736
  </reviews>
  <new>
   +
  </new>
  <exclusive>
   no
  </exclusive>
  <sporty>
   no
  </sporty>
 </clothing>
 <clothing>
  <id>
   983083615
  </id>
  <name>
   DC Jacket E-1076
  </name>
  <category>
   Jacket
  </category>
  <size>
   XXL
  </size>
  <color>
   Синий
  </color>
  <material>
   Вискоза
  </material>
  <price>
   968830
  </price>
  <rating>
   3.51
  </rating>
  <reviews>
   15818
  </reviews>
  <exclusive>
   no
  </exclusive>
 </clothing>
 <clothing>
  <id>
   204927699
  </id>
  <name>
   Brooks Shirt G-4073
  </name>
  <category>
   Shirt
  </category>
  <size>
   XXL
  </size>
  <color>
   Красный
  </color>
  <material>
   Нейлон
  </material>
  <price>
   248192
  </price>
  <rating>
   3.83
  </rating>
  <reviews>
   264271
  </reviews>
  <new>
   -
  </new>
  <sporty>
   yes
  </sporty>
 </clothing>
 <clothing>
  <id>
   912120128
  </id>
  <name>
   Adidas Handbags I-3829
  </name>
  <category>
   Handbags
  </category>
  <size>
   XL
  </size>
  <color>
   Фиолетовый
  </color>
  <material>
   Шелк
  </material>
  <price>
   542852
  </price>
  <rating>
   2.81
  </rating>
  <reviews>
   866525
  </reviews>
  <new>
   -
  </new>
  <exclusive>
   no
  </exclusive>
 </clothing>
 <clothing>
  <id>
   565139212
  </id>
  <name>
   Fila Hat T-8468
  </name>
  <category>
   Hat
  </category>
  <size>
   XL
  </size>
  <color>
   Красный
  </color>
  <material>
   Вискоза
  </material>
  <price>
   789210
  </price>
  <rating>
   4.01
  </rating>
  <reviews>
   230890
  </reviews>
  <new>
   +
  </new>
  <exclusive>
   no
  </exclusive>
 </clothing>
 <clothing>
  <id>
   761548194
  </id>
  <name>
   Reebok Hat K-4860
  </name>
  <category>
   Hat
  </category>
  <size>
   XL
  </size>
  <color>
   Оранжевый
  </color>
  <material>
   Шелк
  </material>
  <price>
   152319
  </price>
  <rating>
   1.79
  </rating>
  <reviews>
   159478
  </reviews>
  <new>
   +
  </new>
  <sporty>
   no
  </sporty>
 </clothing>
 <clothing>
  <id>
   935624950
  </id>
  <name>
   PleinSport Socks B-3231
  </name>
  <category>
   Socks
  </category>
  <size>
   S
  </size>
  <color>
   Зеленый
  </color>
  <material>
   Шелк
  </material>
  <price>
   502619
  </price>
  <rating>
   4.41
  </rating>
  <reviews>
   687455
  </reviews>
  <new>
   -
  </new>
  <exclusive>
   no
  </exclusive>
  <sporty>
   no
  </sporty>
 </clothing>
 <clothing>
  <id>
   181065545
  </id>
  <name>
   Puma Socks Z-5444
  </name>
  <category>
   Socks
  </category>
  <size>
   M
  </size>
  <color>
   Желтый
  </color>
  <material>
   Лен
  </material>
  <price>
   667072
  </price>
  <rating>
   2.83
  </rating>
  <reviews>
   617955
  </reviews>
  <new>
   -
  </new>
  <exclusive>
   yes
  </exclusive>
  <sporty>
   no
  </sporty>
 </clothing>
 <clothing>
  <id>
   720288687
  </id>
  <name>
   Ellesse Shoes C-8974
  </name>
  <category>
   Shoes
  </category>
  <size>
   S
  </size>
  <color>
   Желтый
  </color>
  <material>
   Вискоза
  </material>
  <price>
   334203
  </price>
  <rating>
   3.42
  </rating>
  <reviews>
   163229
  </reviews>
  <new>
   -
  </new>
  <sporty>
   yes
  </sporty>
 </clothing>
 <clothing>
  <id>
   536279867
  </id>
  <name>
   DC Blouse W-7765
  </name>
  <category>
   Blouse
  </category>
  <size>
   M
  </size>
  <color>
   Голубой
  </color>
  <material>
   Шелк
  </material>
  <price>
   744125
  </price>
  <rating>
   4.25
  </rating>
  <reviews>
   88826
  </reviews>
  <new>
   -
  </new>
  <exclusive>
   yes
  </exclusive>
  <sporty>
   yes
  </sporty>
 </clothing>
 <clothing>
  <id>
   425762454
  </id>
  <name>
   Under Armour Pants Y-4749
  </name>
  <category>
   Pants
  </category>
  <size>
   L
  </size>
  <color>
   Зеленый
  </color>
  <material>
   Шелк
  </material>
  <price>
   144410
  </price>
  <rating>
   3.23
  </rating>
  <reviews>
   162108
  </reviews>
  <new>
   -
  </new>
  <sporty>
   no
  </sporty>
 </clothing>
 <clothing>
  <id>
   268651258
  </id>
  <name>
   Lacoste Hat I-9813
  </name>
  <category>
   Hat
  </category>
  <size>
   S
  </size>
  <color>
   Красный
  </color>
  <material>
   Хлопок
  </material>
  <price>
   853257
  </price>
  <rating>
   2.69
  </rating>
  <reviews>
   799291
  </reviews>
  <new>
   -
  </new>
  <exclusive>
   no
  </exclusive>
  <sporty>
   no
  </sporty>
 </clothing>
 <clothing>
  <id>
   897465029
  </id>
  <name>
   Fila Shoes Q-3329
  </name>
  <category>
   Shoes
  </category>
  <size>
   XXL
  </size>
  <color>
   Голубой
  </color>
  <material>
   Шерсть
  </material>
  <price>
   542603
  </price>
  <rating>
   1.05
  </rating>
  <reviews>
   214072
  </reviews>
  <new>
   -
  </new>
  <sporty>
   no
  </sporty>
 </clothing>
</clothing-items>
