<?xml version="1.0" encoding="utf-8"?>
<clothing-items>
 <clothing>
  <id>
   147788554
  </id>
  <name>
   Nike Handbags L-9885
  </name>
  <category>
   Handbags
  </category>
  <size>
   S
  </size>
  <color>
   Желтый
  </color>
  <material>
   Вискоза
  </material>
  <price>
   810681
  </price>
  <rating>
   2.66
  </rating>
  <reviews>
   371212
  </reviews>
  <new>
   -
  </new>
  <sporty>
   yes
  </sporty>
 </clothing>
 <clothing>
  <id>
   925541457
  </id>
  <name>
   Puma Umbrellas I-2208
  </name>
  <category>
   Umbrellas
  </category>
  <size>
   XXL
  </size>
  <color>
   Синий
  </color>
  <material>
   Вискоза
  </material>
  <price>
   662249
  </price>
  <rating>
   3.08
  </rating>
  <reviews>
   326735
  </reviews>
  <exclusive>
   yes
  </exclusive>
  <sporty>
   yes
  </sporty>
 </clothing>
 <clothing>
  <id>
   985391351
  </id>
  <name>
   Fila Umbrellas P-1324
  </name>
  <category>
   Umbrellas
  </category>
  <size>
   M
  </size>
  <color>
   Синий
  </color>
  <material>
   Кожа
  </material>
  <price>
   164126
  </price>
  <rating>
   4.61
  </rating>
  <reviews>
   339712
  </reviews>
  <sporty>
   yes
  </sporty>
 </clothing>
 <clothing>
  <id>
   237765524
  </id>
  <name>
   Converse Jeans G-4901
  </name>
  <category>
   Jeans
  </category>
  <size>
   S
  </size>
  <color>
   Красный
  </color>
  <material>
   Шерсть
  </material>
  <price>
   121190
  </price>
  <rating>
   1.05
  </rating>
  <reviews>
   221263
  </reviews>
  <new>
   +
  </new>
 </clothing>
 <clothing>
  <id>
   232695323
  </id>
  <name>
   Vans Shirt D-5562
  </name>
  <category>
   Shirt
  </category>
  <size>
   XXL
  </size>
  <color>
   Желтый
  </color>
  <material>
   Лен
  </material>
  <price>
   781678
  </price>
  <rating>
   4.81
  </rating>
  <reviews>
   188049
  </reviews>
  <exclusive>
   yes
  </exclusive>
  <sporty>
   no
  </sporty>
 </clothing>
 <clothing>
  <id>
   685840883
  </id>
  <name>
   Ellesse Hat L-9616
  </name>
  <category>
   Hat
  </category>
  <size>
   XXL
  </size>
  <color>
   Оранжевый
  </color>
  <material>
   Шелк
  </material>
  <price>
   377294
  </price>
  <rating>
   1.0
  </rating>
  <reviews>
   488640
  </reviews>
  <new>
   +
  </new>
  <sporty>
   no
  </sporty>
 </clothing>
 <clothing>
  <id>
   213138933
  </id>
  <name>
   Asics Handbags Z-8214
  </name>
  <category>
   Handbags
  </category>
  <size>
   XXL
  </size>
  <color>
   Фиолетовый
  </color>
  <material>
   Шелк
  </material>
  <price>
   133665
  </price>
  <rating>
   1.32
  </rating>
  <reviews>
   596131
  </reviews>
 </clothing>
 <clothing>
  <id>
   235021536
  </id>
  <name>
   DC Belts D-1108
  </name>
  <category>
   Belts
  </category>
  <size>
   XXL
  </size>
  <color>
   Синий
  </color>
  <material>
   Вискоза
  </material>
  <price>
   997274
  </price>
  <rating>
   4.96
  </rating>
  <reviews>
   680456
  </reviews>
  <exclusive>
   no
  </exclusive>
 </clothing>
 <clothing>
  <id>
   539318553
  </id>
  <name>
   Addidas Belts Z-3836
  </name>
  <category>
   Belts
  </category>
  <size>
   L
  </size>
  <color>
   Зеленый
  </color>
  <material>
   Лен
  </material>
  <price>
   951014
  </price>
  <rating>
   1.87
  </rating>
  <reviews>
   44468
  </reviews>
  <sporty>
   yes
  </sporty>
 </clothing>
 <clothing>
  <id>
   159732339
  </id>
  <name>
   Reebok Jacket U-3552
  </name>
  <category>
   Jacket
  </category>
  <size>
   XXL
  </size>
  <color>
   Зеленый
  </color>
  <material>
   Хлопок
  </material>
  <price>
   902689
  </price>
  <rating>
   2.75
  </rating>
  <reviews>
   575179
  </reviews>
  <new>
   -
  </new>
 </clothing>
 <clothing>
  <id>
   112449249
  </id>
  <name>
   Adidas Umbrellas E-7378
  </name>
  <category>
   Umbrellas
  </category>
  <size>
   XXL
  </size>
  <color>
   Оранжевый
  </color>
  <material>
   Кожа
  </material>
  <price>
   797598
  </price>
  <rating>
   3.63
  </rating>
  <reviews>
   301707
  </reviews>
  <new>
   +
  </new>
  <exclusive>
   yes
  </exclusive>
  <sporty>
   no
  </sporty>
 </clothing>
 <clothing>
  <id>
   476554748
  </id>
  <name>
   Puma Shirt T-7892
  </name>
  <category>
   Shirt
  </category>
  <size>
   M
  </size>
  <color>
   Зеленый
  </color>
  <material>
   Нейлон
  </material>
  <price>
   722430
  </price>
  <rating>
   3.33
  </rating>
  <reviews>
   601821
  </reviews>
  <new>
   +
  </new>
  <sporty>
   yes
  </sporty>
 </clothing>
 <clothing>
  <id>
   161706877
  </id>
  <name>
   Asics Skirt V-7412
  </name>
  <category>
   Skirt
  </category>
  <size>
   M
  </size>
  <color>
   Оранжевый
  </color>
  <material>
   Хлопок
  </material>
  <price>
   515493
  </price>
  <rating>
   1.98
  </rating>
  <reviews>
   94676
  </reviews>
  <new>
   -
  </new>
  <sporty>
   no
  </sporty>
 </clothing>
 <clothing>
  <id>
   755605485
  </id>
  <name>
   Vans Sweater L-2191
  </name>
  <category>
   Sweater
  </category>
  <size>
   L
  </size>
  <color>
   Желтый
  </color>
  <material>
   Шерсть
  </material>
  <price>
   381950
  </price>
  <rating>
   4.41
  </rating>
  <reviews>
   800648
  </reviews>
  <new>
   -
  </new>
 </clothing>
 <clothing>
  <id>
   284887175
  </id>
  <name>
   Lacoste Umbrellas G-8449
  </name>
  <category>
   Umbrellas
  </category>
  <size>
   M
  </size>
  <color>
   Фиолетовый
  </color>
  <material>
   Шелк
  </material>
  <price>
   752463
  </price>
  <rating>
   4.42
  </rating>
  <reviews>
   737078
  </reviews>
  <new>
   +
  </new>
  <exclusive>
   no
  </exclusive>
  <sporty>
   yes
  </sporty>
 </clothing>
 <clothing>
  <id>
   671116437
  </id>
  <name>
   Reebok Skirt N-8901
  </name>
  <category>
   Skirt
  </category>
  <size>
   S
  </size>
  <color>
   Голубой
  </color>
  <material>
   Шелк
  </material>
  <price>
   807148
  </price>
  <rating>
   2.7
  </rating>
  <reviews>
   274933
  </reviews>
  <new>
   -
  </new>
  <exclusive>
   no
  </exclusive>
 </clothing>
 <clothing>
  <id>
   569679886
  </id>
  <name>
   Ellesse Gloves Y-7056
  </name>
  <category>
   Gloves
  </category>
  <size>
   XXL
  </size>
  <color>
   Оранжевый
  </color>
  <material>
   Вискоза
  </material>
  <price>
   821723
  </price>
  <rating>
   2.56
  </rating>
  <reviews>
   694815
  </reviews>
  <new>
   +
  </new>
  <sporty>
   no
  </sporty>
 </clothing>
 <clothing>
  <id>
   551848601
  </id>
  <name>
   Under Armour Shoes A-5207
  </name>
  <category>
   Shoes
  </category>
  <size>
   XXL
  </size>
  <color>
   Синий
  </color>
  <material>
   Кожа
  </material>
  <price>
   708165
  </price>
  <rating>
   4.01
  </rating>
  <reviews>
   172533
  </reviews>
 </clothing>
 <clothing>
  <id>
   210251872
  </id>
  <name>
   Lacoste Gloves I-6174
  </name>
  <category>
   Gloves
  </category>
  <size>
   XXL
  </size>
  <color>
   Желтый
  </color>
  <material>
   Шелк
  </material>
  <price>
   525679
  </price>
  <rating>
   4.65
  </rating>
  <reviews>
   459563
  </reviews>
  <sporty>
   no
  </sporty>
 </clothing>
 <clothing>
  <id>
   703002003
  </id>
  <name>
   Puma Shirt J-4234
  </name>
  <category>
   Shirt
  </category>
  <size>
   L
  </size>
  <color>
   Желтый
  </color>
  <material>
   Вискоза
  </material>
  <price>
   374742
  </price>
  <rating>
   2.11
  </rating>
  <reviews>
   879107
  </reviews>
  <new>
   -
  </new>
  <exclusive>
   no
  </exclusive>
  <sporty>
   no
  </sporty>
 </clothing>
 <clothing>
  <id>
   245887093
  </id>
  <name>
   Nike Handbags G-5747
  </name>
  <category>
   Handbags
  </category>
  <size>
   XXL
  </size>
  <color>
   Синий
  </color>
  <material>
   Нейлон
  </material>
  <price>
   163387
  </price>
  <rating>
   4.14
  </rating>
  <reviews>
   196811
  </reviews>
  <sporty>
   yes
  </sporty>
 </clothing>
 <clothing>
  <id>
   922649307
  </id>
  <name>
   Vans Blouse D-8908
  </name>
  <category>
   Blouse
  </category>
  <size>
   M
  </size>
  <color>
   Синий
  </color>
  <material>
   Шерсть
  </material>
  <price>
   804193
  </price>
  <rating>
   3.18
  </rating>
  <reviews>
   370082
  </reviews>
  <new>
   -
  </new>
  <sporty>
   no
  </sporty>
 </clothing>
 <clothing>
  <id>
   634599512
  </id>
  <name>
   Brooks Belts G-4723
  </name>
  <category>
   Belts
  </category>
  <size>
   XL
  </size>
  <color>
   Желтый
  </color>
  <material>
   Хлопок
  </material>
  <price>
   772318
  </price>
  <rating>
   1.6
  </rating>
  <reviews>
   273989
  </reviews>
  <new>
   -
  </new>
  <exclusive>
   yes
  </exclusive>
  <sporty>
   no
  </sporty>
 </clothing>
 <clothing>
  <id>
   551440056
  </id>
  <name>
   Lacoste Socks B-3843
  </name>
  <category>
   Socks
  </category>
  <size>
   XL
  </size>
  <color>
   Оранжевый
  </color>
  <material>
   Кожа
  </material>
  <price>
   525280
  </price>
  <rating>
   2.19
  </rating>
  <reviews>
   120092
  </reviews>
  <exclusive>
   no
  </exclusive>
 </clothing>
 <clothing>
  <id>
   279981964
  </id>
  <name>
   New Balance Sweater U-2644
  </name>
  <category>
   Sweater
  </category>
  <size>
   S
  </size>
  <color>
   Синий
  </color>
  <material>
   Вискоза
  </material>
  <price>
   365613
  </price>
  <rating>
   2.57
  </rating>
  <reviews>
   828948
  </reviews>
  <exclusive>
   no
  </exclusive>
  <sporty>
   yes
  </sporty>
 </clothing>
 <clothing>
  <id>
   113709331
  </id>
  <name>
   New Balance Blouse B-2349
  </name>
  <category>
   Blouse
  </category>
  <size>
   S
  </size>
  <color>
   Голубой
  </color>
  <material>
   Шерсть
  </material>
  <price>
   794068
  </price>
  <rating>
   1.6
  </rating>
  <reviews>
   676444
  </reviews>
 </clothing>
 <clothing>
  <id>
   848589914
  </id>
  <name>
   Lacoste Shirt V-1709
  </name>
  <category>
   Shirt
  </category>
  <size>
   XL
  </size>
  <color>
   Желтый
  </color>
  <material>
   Полиэстер
  </material>
  <price>
   942918
  </price>
  <rating>
   1.37
  </rating>
  <reviews>
   613638
  </reviews>
  <new>
   -
  </new>
  <exclusive>
   yes
  </exclusive>
  <sporty>
   yes
  </sporty>
 </clothing>
 <clothing>
  <id>
   172410491
  </id>
  <name>
   Nike Gloves E-2113
  </name>
  <category>
   Gloves
  </category>
  <size>
   L
  </size>
  <color>
   Желтый
  </color>
  <material>
   Хлопок
  </material>
  <price>
   917644
  </price>
  <rating>
   4.56
  </rating>
  <reviews>
   748527
  </reviews>
  <new>
   +
  </new>
  <exclusive>
   yes
  </exclusive>
  <sporty>
   no
  </sporty>
 </clothing>
 <clothing>
  <id>
   837143195
  </id>
  <name>
   Fila Sweater T-8157
  </name>
  <category>
   Sweater
  </category>
  <size>
   M
  </size>
  <color>
   Желтый
  </color>
  <material>
   Вискоза
  </material>
  <price>
   413061
  </price>
  <rating>
   4.25
  </rating>
  <reviews>
   898575
  </reviews>
  <new>
   -
  </new>
  <exclusive>
   yes
  </exclusive>
 </clothing>
 <clothing>
  <id>
   428423032
  </id>
  <name>
   Adidas T-shirt C-7573
  </name>
  <category>
   T-shirt
  </category>
  <size>
   S
  </size>
  <color>
   Желтый
  </color>
  <material>
   Хлопок
  </material>
  <price>
   332628
  </price>
  <rating>
   4.77
  </rating>
  <reviews>
   198824
  </reviews>
  <new>
   -
  </new>
  <exclusive>
   no
  </exclusive>
  <sporty>
   yes
  </sporty>
 </clothing>
 <clothing>
  <id>
   279480635
  </id>
  <name>
   New Balance T-shirt F-3307
  </name>
  <category>
   T-shirt
  </category>
  <size>
   S
  </size>
  <color>
   Синий
  </color>
  <material>
   Нейлон
  </material>
  <price>
   891441
  </price>
  <rating>
   1.57
  </rating>
  <reviews>
   924250
  </reviews>
  <new>
   -
  </new>
 </clothing>
 <clothing>
  <id>
   864251535
  </id>
  <name>
   Asics Skirt E-5000
  </name>
  <category>
   Skirt
  </category>
  <size>
   M
  </size>
  <color>
   Желтый
  </color>
  <material>
   Нейлон
  </material>
  <price>
   348665
  </price>
  <rating>
   4.41
  </rating>
  <reviews>
   798679
  </reviews>
  <new>
   +
  </new>
  <exclusive>
   no
  </exclusive>
  <sporty>
   yes
  </sporty>
 </clothing>
 <clothing>
  <id>
   862148633
  </id>
  <name>
   Lacoste Jacket W-8463
  </name>
  <category>
   Jacket
  </category>
  <size>
   M
  </size>
  <color>
   Желтый
  </color>
  <material>
   Шелк
  </material>
  <price>
   992864
  </price>
  <rating>
   2.88
  </rating>
  <reviews>
   797221
  </reviews>
  <exclusive>
   no
  </exclusive>
  <sporty>
   no
  </sporty>
 </clothing>
 <clothing>
  <id>
   655911001
  </id>
  <name>
   Reebok Jeans O-1853
  </name>
  <category>
   Jeans
  </category>
  <size>
   XL
  </size>
  <color>
   Зеленый
  </color>
  <material>
   Шерсть
  </material>
  <price>
   391315
  </price>
  <rating>
   2.35
  </rating>
  <reviews>
   187652
  </reviews>
  <new>
   -
  </new>
  <exclusive>
   no
  </exclusive>
 </clothing>
 <clothing>
  <id>
   418854996
  </id>
  <name>
   Addidas Dress L-5212
  </name>
  <category>
   Dress
  </category>
  <size>
   XL
  </size>
  <color>
   Фиолетовый
  </color>
  <material>
   Хлопок
  </material>
  <price>
   179528
  </price>
  <rating>
   1.53
  </rating>
  <reviews>
   171282
  </reviews>
 </clothing>
 <clothing>
  <id>
   102083162
  </id>
  <name>
   Under Armour Socks N-4535
  </name>
  <category>
   Socks
  </category>
  <size>
   XXL
  </size>
  <color>
   Красный
  </color>
  <material>
   Нейлон
  </material>
  <price>
   415539
  </price>
  <rating>
   3.92
  </rating>
  <reviews>
   246642
  </reviews>
  <exclusive>
   no
  </exclusive>
 </clothing>
 <clothing>
  <id>
   696296750
  </id>
  <name>
   Ellesse Shoes W-2375
  </name>
  <category>
   Shoes
  </category>
  <size>
   S
  </size>
  <color>
   Красный
  </color>
  <material>
   Шерсть
  </material>
  <price>
   448829
  </price>
  <rating>
   1.65
  </rating>
  <reviews>
   505320
  </reviews>
  <exclusive>
   yes
  </exclusive>
 </clothing>
 <clothing>
  <id>
   304753848
  </id>
  <name>
   Fila Hat S-7932
  </name>
  <category>
   Hat
  </category>
  <size>
   S
  </size>
  <color>
   Зеленый
  </color>
  <material>
   Лен
  </material>
  <price>
   659899
  </price>
  <rating>
   1.41
  </rating>
  <reviews>
   204156
  </reviews>
 </clothing>
 <clothing>
  <id>
   884386479
  </id>
  <name>
   Asics Gloves B-1885
  </name>
  <category>
   Gloves
  </category>
  <size>
   M
  </size>
  <color>
   Фиолетовый
  </color>
  <material>
   Вискоза
  </material>
  <price>
   760802
  </price>
  <rating>
   4.35
  </rating>
  <reviews>
   563182
  </reviews>
  <exclusive>
   no
  </exclusive>
  <sporty>
   no
  </sporty>
 </clothing>
 <clothing>
  <id>
   188734696
  </id>
  <name>
   Vans T-shirt Q-4891
  </name>
  <category>
   T-shirt
  </category>
  <size>
   S
  </size>
  <color>
   Красный
  </color>
  <material>
   Хлопок
  </material>
  <price>
   995512
  </price>
  <rating>
   3.1
  </rating>
  <reviews>
   124848
  </reviews>
  <exclusive>
   no
  </exclusive>
  <sporty>
   yes
  </sporty>
 </clothing>
 <clothing>
  <id>
   810562502
  </id>
  <name>
   DC Dress W-5693
  </name>
  <category>
   Dress
  </category>
  <size>
   M
  </size>
  <color>
   Синий
  </color>
  <material>
   Полиэстер
  </material>
  <price>
   317737
  </price>
  <rating>
   2.75
  </rating>
  <reviews>
   107191
  </reviews>
  <new>
   -
  </new>
  <sporty>
   no
  </sporty>
 </clothing>
 <clothing>
  <id>
   842493903
  </id>
  <name>
   Puma Blouse X-1031
  </name>
  <category>
   Blouse
  </category>
  <size>
   M
  </size>
  <color>
   Голубой
  </color>
  <material>
   Лен
  </material>
  <price>
   848008
  </price>
  <rating>
   3.23
  </rating>
  <reviews>
   555771
  </reviews>
  <new>
   -
  </new>
 </clothing>
 <clothing>
  <id>
   453872457
  </id>
  <name>
   Puma Handbags X-6700
  </name>
  <category>
   Handbags
  </category>
  <size>
   S
  </size>
  <color>
   Синий
  </color>
  <material>
   Вискоза
  </material>
  <price>
   914387
  </price>
  <rating>
   2.78
  </rating>
  <reviews>
   787484
  </reviews>
  <new>
   -
  </new>
  <exclusive>
   yes
  </exclusive>
 </clothing>
 <clothing>
  <id>
   629815516
  </id>
  <name>
   Addidas Gloves O-2826
  </name>
  <category>
   Gloves
  </category>
  <size>
   M
  </size>
  <color>
   Фиолетовый
  </color>
  <material>
   Лен
  </material>
  <price>
   809164
  </price>
  <rating>
   1.6
  </rating>
  <reviews>
   272763
  </reviews>
  <new>
   +
  </new>
  <sporty>
   no
  </sporty>
 </clothing>
 <clothing>
  <id>
   451929439
  </id>
  <name>
   PleinSport Shoes A-4600
  </name>
  <category>
   Shoes
  </category>
  <size>
   XL
  </size>
  <color>
   Зеленый
  </color>
  <material>
   Кожа
  </material>
  <price>
   428411
  </price>
  <rating>
   3.65
  </rating>
  <reviews>
   458520
  </reviews>
  <new>
   -
  </new>
  <exclusive>
   no
  </exclusive>
 </clothing>
 <clothing>
  <id>
   610585531
  </id>
  <name>
   Converse Gloves V-7905
  </name>
  <category>
   Gloves
  </category>
  <size>
   L
  </size>
  <color>
   Зеленый
  </color>
  <material>
   Полиэстер
  </material>
  <price>
   611479
  </price>
  <rating>
   3.15
  </rating>
  <reviews>
   450616
  </reviews>
  <exclusive>
   no
  </exclusive>
 </clothing>
 <clothing>
  <id>
   723579299
  </id>
  <name>
   Under Armour Socks F-8684
  </name>
  <category>
   Socks
  </category>
  <size>
   M
  </size>
  <color>
   Фиолетовый
  </color>
  <material>
   Кожа
  </material>
  <price>
   251581
  </price>
  <rating>
   3.23
  </rating>
  <reviews>
   360997
  </reviews>
  <new>
   -
  </new>
  <exclusive>
   no
  </exclusive>
  <sporty>
   no
  </sporty>
 </clothing>
 <clothing>
  <id>
   624351071
  </id>
  <name>
   Under Armour Umbrellas T-1865
  </name>
  <category>
   Umbrellas
  </category>
  <size>
   XXL
  </size>
  <color>
   Красный
  </color>
  <material>
   Кожа
  </material>
  <price>
   814367
  </price>
  <rating>
   1.82
  </rating>
  <reviews>
   135266
  </reviews>
  <exclusive>
   no
  </exclusive>
  <sporty>
   yes
  </sporty>
 </clothing>
</clothing-items>
