<?xml version="1.0" encoding="utf-8"?>
<clothing-items>
 <clothing>
  <id>
   827777293
  </id>
  <name>
   DC Handbags H-6293
  </name>
  <category>
   Handbags
  </category>
  <size>
   S
  </size>
  <color>
   Оранжевый
  </color>
  <material>
   Лен
  </material>
  <price>
   788827
  </price>
  <rating>
   3.96
  </rating>
  <reviews>
   161217
  </reviews>
  <new>
   -
  </new>
  <exclusive>
   no
  </exclusive>
 </clothing>
 <clothing>
  <id>
   568686286
  </id>
  <name>
   Asics Skirt N-2766
  </name>
  <category>
   Skirt
  </category>
  <size>
   L
  </size>
  <color>
   Оранжевый
  </color>
  <material>
   Вискоза
  </material>
  <price>
   241430
  </price>
  <rating>
   4.51
  </rating>
  <reviews>
   57681
  </reviews>
  <new>
   +
  </new>
 </clothing>
 <clothing>
  <id>
   233857628
  </id>
  <name>
   DC Skirt O-5183
  </name>
  <category>
   Skirt
  </category>
  <size>
   L
  </size>
  <color>
   Зеленый
  </color>
  <material>
   Шелк
  </material>
  <price>
   708682
  </price>
  <rating>
   1.62
  </rating>
  <reviews>
   724168
  </reviews>
  <new>
   +
  </new>
  <exclusive>
   no
  </exclusive>
 </clothing>
 <clothing>
  <id>
   621732943
  </id>
  <name>
   Puma Sweater J-6459
  </name>
  <category>
   Sweater
  </category>
  <size>
   XL
  </size>
  <color>
   Голубой
  </color>
  <material>
   Кожа
  </material>
  <price>
   841983
  </price>
  <rating>
   4.5
  </rating>
  <reviews>
   512530
  </reviews>
  <new>
   +
  </new>
  <sporty>
   no
  </sporty>
 </clothing>
 <clothing>
  <id>
   698368920
  </id>
  <name>
   Ellesse T-shirt A-8404
  </name>
  <category>
   T-shirt
  </category>
  <size>
   XL
  </size>
  <color>
   Красный
  </color>
  <material>
   Шерсть
  </material>
  <price>
   839437
  </price>
  <rating>
   4.58
  </rating>
  <reviews>
   680681
  </reviews>
  <new>
   +
  </new>
  <sporty>
   no
  </sporty>
 </clothing>
 <clothing>
  <id>
   162589548
  </id>
  <name>
   Under Armour Hat R-3571
  </name>
  <category>
   Hat
  </category>
  <size>
   L
  </size>
  <color>
   Красный
  </color>
  <material>
   Полиэстер
  </material>
  <price>
   737312
  </price>
  <rating>
   1.58
  </rating>
  <reviews>
   269027
  </reviews>
  <exclusive>
   yes
  </exclusive>
  <sporty>
   yes
  </sporty>
 </clothing>
 <clothing>
  <id>
   631814496
  </id>
  <name>
   DC Belts I-4256
  </name>
  <category>
   Belts
  </category>
  <size>
   L
  </size>
  <color>
   Голубой
  </color>
  <material>
   Полиэстер
  </material>
  <price>
   876785
  </price>
  <rating>
   3.31
  </rating>
  <reviews>
   981423
  </reviews>
  <new>
   -
  </new>
  <exclusive>
   yes
  </exclusive>
 </clothing>
 <clothing>
  <id>
   977370785
  </id>
  <name>
   Puma Jeans U-4897
  </name>
  <category>
   Jeans
  </category>
  <size>
   XL
  </size>
  <color>
   Оранжевый
  </color>
  <material>
   Хлопок
  </material>
  <price>
   716927
  </price>
  <rating>
   4.27
  </rating>
  <reviews>
   344817
  </reviews>
  <new>
   -
  </new>
  <exclusive>
   yes
  </exclusive>
  <sporty>
   yes
  </sporty>
 </clothing>
 <clothing>
  <id>
   695741082
  </id>
  <name>
   Reebok T-shirt K-5800
  </name>
  <category>
   T-shirt
  </category>
  <size>
   M
  </size>
  <color>
   Зеленый
  </color>
  <material>
   Шерсть
  </material>
  <price>
   117968
  </price>
  <rating>
   4.99
  </rating>
  <reviews>
   389110
  </reviews>
  <new>
   -
  </new>
  <exclusive>
   no
  </exclusive>
 </clothing>
 <clothing>
  <id>
   896726323
  </id>
  <name>
   Converse Shoes T-5269
  </name>
  <category>
   Shoes
  </category>
  <size>
   XL
  </size>
  <color>
   Желтый
  </color>
  <material>
   Шелк
  </material>
  <price>
   160050
  </price>
  <rating>
   3.22
  </rating>
  <reviews>
   644776
  </reviews>
  <exclusive>
   no
  </exclusive>
  <sporty>
   no
  </sporty>
 </clothing>
 <clothing>
  <id>
   769267061
  </id>
  <name>
   Lacoste Blouse T-6428
  </name>
  <category>
   Blouse
  </category>
  <size>
   S
  </size>
  <color>
   Оранжевый
  </color>
  <material>
   Кожа
  </material>
  <price>
   601920
  </price>
  <rating>
   1.63
  </rating>
  <reviews>
   340789
  </reviews>
  <exclusive>
   no
  </exclusive>
 </clothing>
 <clothing>
  <id>
   235728323
  </id>
  <name>
   New Balance Hat X-3775
  </name>
  <category>
   Hat
  </category>
  <size>
   XXL
  </size>
  <color>
   Оранжевый
  </color>
  <material>
   Кожа
  </material>
  <price>
   217239
  </price>
  <rating>
   4.9
  </rating>
  <reviews>
   913799
  </reviews>
  <exclusive>
   no
  </exclusive>
  <sporty>
   yes
  </sporty>
 </clothing>
 <clothing>
  <id>
   911694931
  </id>
  <name>
   Reebok Hat N-4721
  </name>
  <category>
   Hat
  </category>
  <size>
   S
  </size>
  <color>
   Оранжевый
  </color>
  <material>
   Шерсть
  </material>
  <price>
   335122
  </price>
  <rating>
   3.72
  </rating>
  <reviews>
   737809
  </reviews>
  <sporty>
   no
  </sporty>
 </clothing>
 <clothing>
  <id>
   523273549
  </id>
  <name>
   Brooks Hat O-5522
  </name>
  <category>
   Hat
  </category>
  <size>
   M
  </size>
  <color>
   Зеленый
  </color>
  <material>
   Полиэстер
  </material>
  <price>
   145460
  </price>
  <rating>
   1.85
  </rating>
  <reviews>
   41735
  </reviews>
  <new>
   +
  </new>
  <exclusive>
   no
  </exclusive>
  <sporty>
   no
  </sporty>
 </clothing>
 <clothing>
  <id>
   320584206
  </id>
  <name>
   Puma Skirt C-9757
  </name>
  <category>
   Skirt
  </category>
  <size>
   M
  </size>
  <color>
   Зеленый
  </color>
  <material>
   Лен
  </material>
  <price>
   611011
  </price>
  <rating>
   4.73
  </rating>
  <reviews>
   26622
  </reviews>
  <new>
   +
  </new>
  <sporty>
   yes
  </sporty>
 </clothing>
 <clothing>
  <id>
   343764246
  </id>
  <name>
   Under Armour Jacket A-3811
  </name>
  <category>
   Jacket
  </category>
  <size>
   S
  </size>
  <color>
   Оранжевый
  </color>
  <material>
   Шерсть
  </material>
  <price>
   909973
  </price>
  <rating>
   3.06
  </rating>
  <reviews>
   324964
  </reviews>
  <exclusive>
   no
  </exclusive>
  <sporty>
   yes
  </sporty>
 </clothing>
 <clothing>
  <id>
   477147775
  </id>
  <name>
   Under Armour Shirt V-5049
  </name>
  <category>
   Shirt
  </category>
  <size>
   XL
  </size>
  <color>
   Синий
  </color>
  <material>
   Лен
  </material>
  <price>
   129171
  </price>
  <rating>
   3.48
  </rating>
  <reviews>
   600257
  </reviews>
  <new>
   -
  </new>
  <sporty>
   yes
  </sporty>
 </clothing>
 <clothing>
  <id>
   712299698
  </id>
  <name>
   Asics Gloves V-9899
  </name>
  <category>
   Gloves
  </category>
  <size>
   XXL
  </size>
  <color>
   Желтый
  </color>
  <material>
   Кожа
  </material>
  <price>
   582862
  </price>
  <rating>
   3.67
  </rating>
  <reviews>
   126359
  </reviews>
  <new>
   +
  </new>
 </clothing>
 <clothing>
  <id>
   503548209
  </id>
  <name>
   New Balance Dress T-7324
  </name>
  <category>
   Dress
  </category>
  <size>
   XXL
  </size>
  <color>
   Фиолетовый
  </color>
  <material>
   Лен
  </material>
  <price>
   173764
  </price>
  <rating>
   4.48
  </rating>
  <reviews>
   700095
  </reviews>
  <new>
   -
  </new>
  <exclusive>
   yes
  </exclusive>
 </clothing>
 <clothing>
  <id>
   194099603
  </id>
  <name>
   Converse Jeans V-9558
  </name>
  <category>
   Jeans
  </category>
  <size>
   S
  </size>
  <color>
   Оранжевый
  </color>
  <material>
   Шелк
  </material>
  <price>
   102055
  </price>
  <rating>
   3.84
  </rating>
  <reviews>
   35658
  </reviews>
  <new>
   -
  </new>
  <exclusive>
   no
  </exclusive>
  <sporty>
   yes
  </sporty>
 </clothing>
 <clothing>
  <id>
   200045920
  </id>
  <name>
   Fila Jacket J-6673
  </name>
  <category>
   Jacket
  </category>
  <size>
   XL
  </size>
  <color>
   Красный
  </color>
  <material>
   Шелк
  </material>
  <price>
   895166
  </price>
  <rating>
   4.35
  </rating>
  <reviews>
   890763
  </reviews>
  <new>
   +
  </new>
  <sporty>
   yes
  </sporty>
 </clothing>
 <clothing>
  <id>
   508182304
  </id>
  <name>
   Puma Skirt V-3670
  </name>
  <category>
   Skirt
  </category>
  <size>
   L
  </size>
  <color>
   Голубой
  </color>
  <material>
   Полиэстер
  </material>
  <price>
   458496
  </price>
  <rating>
   1.35
  </rating>
  <reviews>
   241903
  </reviews>
  <new>
   -
  </new>
  <exclusive>
   no
  </exclusive>
 </clothing>
 <clothing>
  <id>
   688855936
  </id>
  <name>
   New Balance Gloves U-1952
  </name>
  <category>
   Gloves
  </category>
  <size>
   L
  </size>
  <color>
   Оранжевый
  </color>
  <material>
   Кожа
  </material>
  <price>
   836639
  </price>
  <rating>
   2.02
  </rating>
  <reviews>
   81689
  </reviews>
  <sporty>
   yes
  </sporty>
 </clothing>
 <clothing>
  <id>
   597464065
  </id>
  <name>
   Vans Sweater Q-8746
  </name>
  <category>
   Sweater
  </category>
  <size>
   M
  </size>
  <color>
   Зеленый
  </color>
  <material>
   Шерсть
  </material>
  <price>
   415535
  </price>
  <rating>
   3.01
  </rating>
  <reviews>
   744954
  </reviews>
  <new>
   -
  </new>
  <exclusive>
   yes
  </exclusive>
 </clothing>
 <clothing>
  <id>
   345359595
  </id>
  <name>
   PleinSport Umbrellas P-4558
  </name>
  <category>
   Umbrellas
  </category>
  <size>
   S
  </size>
  <color>
   Голубой
  </color>
  <material>
   Полиэстер
  </material>
  <price>
   173251
  </price>
  <rating>
   2.68
  </rating>
  <reviews>
   670877
  </reviews>
  <new>
   -
  </new>
 </clothing>
</clothing-items>
