<?xml version="1.0" encoding="utf-8"?>
<clothing-items>
 <clothing>
  <id>
   224513240
  </id>
  <name>
   Addidas Socks G-6962
  </name>
  <category>
   Socks
  </category>
  <size>
   S
  </size>
  <color>
   Красный
  </color>
  <material>
   Полиэстер
  </material>
  <price>
   312920
  </price>
  <rating>
   1.31
  </rating>
  <reviews>
   13419
  </reviews>
 </clothing>
 <clothing>
  <id>
   205906190
  </id>
  <name>
   Adidas Jacket T-9495
  </name>
  <category>
   Jacket
  </category>
  <size>
   M
  </size>
  <color>
   Синий
  </color>
  <material>
   Нейлон
  </material>
  <price>
   969970
  </price>
  <rating>
   4.36
  </rating>
  <reviews>
   545699
  </reviews>
  <exclusive>
   no
  </exclusive>
  <sporty>
   no
  </sporty>
 </clothing>
 <clothing>
  <id>
   928889073
  </id>
  <name>
   Puma Skirt Y-3936
  </name>
  <category>
   Skirt
  </category>
  <size>
   XL
  </size>
  <color>
   Синий
  </color>
  <material>
   Хлопок
  </material>
  <price>
   876755
  </price>
  <rating>
   2.79
  </rating>
  <reviews>
   338227
  </reviews>
  <new>
   -
  </new>
  <exclusive>
   no
  </exclusive>
  <sporty>
   no
  </sporty>
 </clothing>
 <clothing>
  <id>
   643461082
  </id>
  <name>
   PleinSport Belts V-8510
  </name>
  <category>
   Belts
  </category>
  <size>
   L
  </size>
  <color>
   Красный
  </color>
  <material>
   Нейлон
  </material>
  <price>
   381239
  </price>
  <rating>
   2.76
  </rating>
  <reviews>
   840169
  </reviews>
  <sporty>
   no
  </sporty>
 </clothing>
 <clothing>
  <id>
   652118876
  </id>
  <name>
   Converse Handbags R-8789
  </name>
  <category>
   Handbags
  </category>
  <size>
   L
  </size>
  <color>
   Зеленый
  </color>
  <material>
   Нейлон
  </material>
  <price>
   656004
  </price>
  <rating>
   2.38
  </rating>
  <reviews>
   481919
  </reviews>
  <exclusive>
   yes
  </exclusive>
 </clothing>
 <clothing>
  <id>
   109449690
  </id>
  <name>
   Puma Shoes N-6330
  </name>
  <category>
   Shoes
  </category>
  <size>
   L
  </size>
  <color>
   Оранжевый
  </color>
  <material>
   Полиэстер
  </material>
  <price>
   628645
  </price>
  <rating>
   4.0
  </rating>
  <reviews>
   734209
  </reviews>
  <new>
   +
  </new>
  <exclusive>
   yes
  </exclusive>
  <sporty>
   yes
  </sporty>
 </clothing>
 <clothing>
  <id>
   187758655
  </id>
  <name>
   Nike Belts E-8610
  </name>
  <category>
   Belts
  </category>
  <size>
   S
  </size>
  <color>
   Оранжевый
  </color>
  <material>
   Шерсть
  </material>
  <price>
   372064
  </price>
  <rating>
   3.64
  </rating>
  <reviews>
   533657
  </reviews>
  <new>
   +
  </new>
  <exclusive>
   no
  </exclusive>
  <sporty>
   yes
  </sporty>
 </clothing>
 <clothing>
  <id>
   548553944
  </id>
  <name>
   Puma Skirt V-9696
  </name>
  <category>
   Skirt
  </category>
  <size>
   L
  </size>
  <color>
   Голубой
  </color>
  <material>
   Лен
  </material>
  <price>
   759642
  </price>
  <rating>
   2.62
  </rating>
  <reviews>
   16345
  </reviews>
  <new>
   +
  </new>
  <sporty>
   no
  </sporty>
 </clothing>
 <clothing>
  <id>
   737274294
  </id>
  <name>
   Vans Socks M-7430
  </name>
  <category>
   Socks
  </category>
  <size>
   L
  </size>
  <color>
   Оранжевый
  </color>
  <material>
   Шерсть
  </material>
  <price>
   178701
  </price>
  <rating>
   2.22
  </rating>
  <reviews>
   149140
  </reviews>
  <new>
   -
  </new>
 </clothing>
 <clothing>
  <id>
   217888050
  </id>
  <name>
   New Balance Jacket E-3961
  </name>
  <category>
   Jacket
  </category>
  <size>
   M
  </size>
  <color>
   Желтый
  </color>
  <material>
   Лен
  </material>
  <price>
   112612
  </price>
  <rating>
   1.24
  </rating>
  <reviews>
   697242
  </reviews>
  <exclusive>
   yes
  </exclusive>
  <sporty>
   yes
  </sporty>
 </clothing>
 <clothing>
  <id>
   971654464
  </id>
  <name>
   Vans Shoes A-5423
  </name>
  <category>
   Shoes
  </category>
  <size>
   L
  </size>
  <color>
   Желтый
  </color>
  <material>
   Лен
  </material>
  <price>
   848572
  </price>
  <rating>
   4.26
  </rating>
  <reviews>
   419845
  </reviews>
  <exclusive>
   no
  </exclusive>
 </clothing>
 <clothing>
  <id>
   701292065
  </id>
  <name>
   Reebok Handbags U-6516
  </name>
  <category>
   Handbags
  </category>
  <size>
   L
  </size>
  <color>
   Красный
  </color>
  <material>
   Кожа
  </material>
  <price>
   619156
  </price>
  <rating>
   2.18
  </rating>
  <reviews>
   80067
  </reviews>
  <new>
   -
  </new>
  <sporty>
   no
  </sporty>
 </clothing>
 <clothing>
  <id>
   837393192
  </id>
  <name>
   PleinSport Handbags D-7453
  </name>
  <category>
   Handbags
  </category>
  <size>
   L
  </size>
  <color>
   Фиолетовый
  </color>
  <material>
   Шелк
  </material>
  <price>
   576571
  </price>
  <rating>
   1.98
  </rating>
  <reviews>
   290227
  </reviews>
  <new>
   -
  </new>
  <sporty>
   no
  </sporty>
 </clothing>
 <clothing>
  <id>
   114257992
  </id>
  <name>
   New Balance Pants E-8108
  </name>
  <category>
   Pants
  </category>
  <size>
   L
  </size>
  <color>
   Синий
  </color>
  <material>
   Кожа
  </material>
  <price>
   591537
  </price>
  <rating>
   3.4
  </rating>
  <reviews>
   978226
  </reviews>
  <new>
   -
  </new>
  <exclusive>
   no
  </exclusive>
  <sporty>
   no
  </sporty>
 </clothing>
 <clothing>
  <id>
   453827656
  </id>
  <name>
   PleinSport Shoes S-7414
  </name>
  <category>
   Shoes
  </category>
  <size>
   XL
  </size>
  <color>
   Зеленый
  </color>
  <material>
   Кожа
  </material>
  <price>
   876667
  </price>
  <rating>
   1.23
  </rating>
  <reviews>
   887061
  </reviews>
  <exclusive>
   yes
  </exclusive>
 </clothing>
 <clothing>
  <id>
   538385556
  </id>
  <name>
   Adidas Dress N-6389
  </name>
  <category>
   Dress
  </category>
  <size>
   XL
  </size>
  <color>
   Фиолетовый
  </color>
  <material>
   Лен
  </material>
  <price>
   996746
  </price>
  <rating>
   4.84
  </rating>
  <reviews>
   356854
  </reviews>
  <new>
   +
  </new>
 </clothing>
 <clothing>
  <id>
   441731880
  </id>
  <name>
   DC Pants G-7800
  </name>
  <category>
   Pants
  </category>
  <size>
   M
  </size>
  <color>
   Фиолетовый
  </color>
  <material>
   Нейлон
  </material>
  <price>
   220656
  </price>
  <rating>
   4.05
  </rating>
  <reviews>
   409013
  </reviews>
 </clothing>
 <clothing>
  <id>
   904774976
  </id>
  <name>
   Vans Belts A-5366
  </name>
  <category>
   Belts
  </category>
  <size>
   S
  </size>
  <color>
   Зеленый
  </color>
  <material>
   Нейлон
  </material>
  <price>
   508638
  </price>
  <rating>
   3.12
  </rating>
  <reviews>
   114601
  </reviews>
  <new>
   +
  </new>
 </clothing>
 <clothing>
  <id>
   348992406
  </id>
  <name>
   Adidas Shirt J-9712
  </name>
  <category>
   Shirt
  </category>
  <size>
   XXL
  </size>
  <color>
   Желтый
  </color>
  <material>
   Нейлон
  </material>
  <price>
   358756
  </price>
  <rating>
   1.15
  </rating>
  <reviews>
   612417
  </reviews>
  <new>
   -
  </new>
  <exclusive>
   no
  </exclusive>
 </clothing>
 <clothing>
  <id>
   248236365
  </id>
  <name>
   Brooks Hat N-7477
  </name>
  <category>
   Hat
  </category>
  <size>
   L
  </size>
  <color>
   Синий
  </color>
  <material>
   Шерсть
  </material>
  <price>
   367490
  </price>
  <rating>
   4.0
  </rating>
  <reviews>
   896645
  </reviews>
  <exclusive>
   no
  </exclusive>
  <sporty>
   no
  </sporty>
 </clothing>
 <clothing>
  <id>
   266233052
  </id>
  <name>
   Lacoste Handbags T-9753
  </name>
  <category>
   Handbags
  </category>
  <size>
   XL
  </size>
  <color>
   Фиолетовый
  </color>
  <material>
   Полиэстер
  </material>
  <price>
   279588
  </price>
  <rating>
   3.76
  </rating>
  <reviews>
   512096
  </reviews>
  <exclusive>
   no
  </exclusive>
  <sporty>
   yes
  </sporty>
 </clothing>
 <clothing>
  <id>
   711339715
  </id>
  <name>
   Asics Dress Q-7285
  </name>
  <category>
   Dress
  </category>
  <size>
   M
  </size>
  <color>
   Голубой
  </color>
  <material>
   Шелк
  </material>
  <price>
   554568
  </price>
  <rating>
   4.97
  </rating>
  <reviews>
   264919
  </reviews>
  <sporty>
   no
  </sporty>
 </clothing>
 <clothing>
  <id>
   148000565
  </id>
  <name>
   Brooks Jacket B-5139
  </name>
  <category>
   Jacket
  </category>
  <size>
   L
  </size>
  <color>
   Зеленый
  </color>
  <material>
   Лен
  </material>
  <price>
   438039
  </price>
  <rating>
   3.78
  </rating>
  <reviews>
   498699
  </reviews>
  <new>
   -
  </new>
  <exclusive>
   no
  </exclusive>
  <sporty>
   no
  </sporty>
 </clothing>
 <clothing>
  <id>
   176167599
  </id>
  <name>
   Vans Shirt I-9623
  </name>
  <category>
   Shirt
  </category>
  <size>
   S
  </size>
  <color>
   Зеленый
  </color>
  <material>
   Лен
  </material>
  <price>
   478590
  </price>
  <rating>
   1.53
  </rating>
  <reviews>
   147332
  </reviews>
  <sporty>
   no
  </sporty>
 </clothing>
 <clothing>
  <id>
   490389389
  </id>
  <name>
   Vans Belts H-5530
  </name>
  <category>
   Belts
  </category>
  <size>
   L
  </size>
  <color>
   Красный
  </color>
  <material>
   Нейлон
  </material>
  <price>
   333673
  </price>
  <rating>
   2.2
  </rating>
  <reviews>
   858317
  </reviews>
  <new>
   +
  </new>
  <exclusive>
   no
  </exclusive>
 </clothing>
 <clothing>
  <id>
   667942417
  </id>
  <name>
   Adidas Pants R-6478
  </name>
  <category>
   Pants
  </category>
  <size>
   L
  </size>
  <color>
   Зеленый
  </color>
  <material>
   Нейлон
  </material>
  <price>
   435815
  </price>
  <rating>
   2.92
  </rating>
  <reviews>
   783028
  </reviews>
 </clothing>
 <clothing>
  <id>
   433113548
  </id>
  <name>
   PleinSport Belts Q-9516
  </name>
  <category>
   Belts
  </category>
  <size>
   XL
  </size>
  <color>
   Оранжевый
  </color>
  <material>
   Лен
  </material>
  <price>
   679261
  </price>
  <rating>
   2.54
  </rating>
  <reviews>
   596856
  </reviews>
  <new>
   -
  </new>
  <exclusive>
   no
  </exclusive>
  <sporty>
   yes
  </sporty>
 </clothing>
 <clothing>
  <id>
   685994033
  </id>
  <name>
   Ellesse Shirt G-9233
  </name>
  <category>
   Shirt
  </category>
  <size>
   XXL
  </size>
  <color>
   Фиолетовый
  </color>
  <material>
   Шелк
  </material>
  <price>
   426353
  </price>
  <rating>
   4.78
  </rating>
  <reviews>
   667593
  </reviews>
  <exclusive>
   no
  </exclusive>
 </clothing>
 <clothing>
  <id>
   113535728
  </id>
  <name>
   Asics Handbags G-9246
  </name>
  <category>
   Handbags
  </category>
  <size>
   XXL
  </size>
  <color>
   Желтый
  </color>
  <material>
   Лен
  </material>
  <price>
   683617
  </price>
  <rating>
   3.4
  </rating>
  <reviews>
   282646
  </reviews>
  <new>
   -
  </new>
  <exclusive>
   yes
  </exclusive>
 </clothing>
 <clothing>
  <id>
   909784910
  </id>
  <name>
   New Balance Skirt L-5405
  </name>
  <category>
   Skirt
  </category>
  <size>
   M
  </size>
  <color>
   Зеленый
  </color>
  <material>
   Полиэстер
  </material>
  <price>
   155129
  </price>
  <rating>
   3.24
  </rating>
  <reviews>
   459629
  </reviews>
  <exclusive>
   no
  </exclusive>
  <sporty>
   no
  </sporty>
 </clothing>
 <clothing>
  <id>
   810893880
  </id>
  <name>
   Asics Belts H-4544
  </name>
  <category>
   Belts
  </category>
  <size>
   S
  </size>
  <color>
   Синий
  </color>
  <material>
   Полиэстер
  </material>
  <price>
   353995
  </price>
  <rating>
   3.83
  </rating>
  <reviews>
   159727
  </reviews>
  <exclusive>
   no
  </exclusive>
  <sporty>
   no
  </sporty>
 </clothing>
 <clothing>
  <id>
   307997451
  </id>
  <name>
   Addidas Dress D-1485
  </name>
  <category>
   Dress
  </category>
  <size>
   S
  </size>
  <color>
   Красный
  </color>
  <material>
   Полиэстер
  </material>
  <price>
   498509
  </price>
  <rating>
   3.81
  </rating>
  <reviews>
   55239
  </reviews>
  <new>
   -
  </new>
 </clothing>
 <clothing>
  <id>
   605779284
  </id>
  <name>
   Brooks Jacket Q-8018
  </name>
  <category>
   Jacket
  </category>
  <size>
   XXL
  </size>
  <color>
   Фиолетовый
  </color>
  <material>
   Лен
  </material>
  <price>
   262569
  </price>
  <rating>
   4.71
  </rating>
  <reviews>
   991807
  </reviews>
  <sporty>
   yes
  </sporty>
 </clothing>
 <clothing>
  <id>
   469466083
  </id>
  <name>
   DC Jacket O-6515
  </name>
  <category>
   Jacket
  </category>
  <size>
   XXL
  </size>
  <color>
   Желтый
  </color>
  <material>
   Хлопок
  </material>
  <price>
   919948
  </price>
  <rating>
   3.97
  </rating>
  <reviews>
   552564
  </reviews>
  <sporty>
   no
  </sporty>
 </clothing>
 <clothing>
  <id>
   268322580
  </id>
  <name>
   Vans Socks O-9550
  </name>
  <category>
   Socks
  </category>
  <size>
   M
  </size>
  <color>
   Оранжевый
  </color>
  <material>
   Хлопок
  </material>
  <price>
   801054
  </price>
  <rating>
   4.37
  </rating>
  <reviews>
   978312
  </reviews>
  <new>
   -
  </new>
 </clothing>
 <clothing>
  <id>
   162550092
  </id>
  <name>
   Addidas Socks U-8794
  </name>
  <category>
   Socks
  </category>
  <size>
   S
  </size>
  <color>
   Фиолетовый
  </color>
  <material>
   Полиэстер
  </material>
  <price>
   924310
  </price>
  <rating>
   3.44
  </rating>
  <reviews>
   433087
  </reviews>
  <exclusive>
   no
  </exclusive>
 </clothing>
 <clothing>
  <id>
   302749614
  </id>
  <name>
   Lacoste Gloves D-2483
  </name>
  <category>
   Gloves
  </category>
  <size>
   XXL
  </size>
  <color>
   Красный
  </color>
  <material>
   Хлопок
  </material>
  <price>
   666138
  </price>
  <rating>
   1.08
  </rating>
  <reviews>
   55987
  </reviews>
  <new>
   -
  </new>
  <exclusive>
   no
  </exclusive>
 </clothing>
 <clothing>
  <id>
   130906142
  </id>
  <name>
   New Balance Dress J-5766
  </name>
  <category>
   Dress
  </category>
  <size>
   S
  </size>
  <color>
   Желтый
  </color>
  <material>
   Полиэстер
  </material>
  <price>
   617691
  </price>
  <rating>
   4.34
  </rating>
  <reviews>
   516076
  </reviews>
  <exclusive>
   yes
  </exclusive>
  <sporty>
   no
  </sporty>
 </clothing>
 <clothing>
  <id>
   813738168
  </id>
  <name>
   Addidas Shoes R-4597
  </name>
  <category>
   Shoes
  </category>
  <size>
   XXL
  </size>
  <color>
   Голубой
  </color>
  <material>
   Нейлон
  </material>
  <price>
   204976
  </price>
  <rating>
   3.94
  </rating>
  <reviews>
   985965
  </reviews>
  <exclusive>
   no
  </exclusive>
  <sporty>
   yes
  </sporty>
 </clothing>
 <clothing>
  <id>
   340069372
  </id>
  <name>
   Converse Hat F-1459
  </name>
  <category>
   Hat
  </category>
  <size>
   L
  </size>
  <color>
   Фиолетовый
  </color>
  <material>
   Хлопок
  </material>
  <price>
   395391
  </price>
  <rating>
   3.03
  </rating>
  <reviews>
   340357
  </reviews>
  <sporty>
   yes
  </sporty>
 </clothing>
 <clothing>
  <id>
   745629656
  </id>
  <name>
   New Balance Sweater N-8516
  </name>
  <category>
   Sweater
  </category>
  <size>
   XL
  </size>
  <color>
   Фиолетовый
  </color>
  <material>
   Кожа
  </material>
  <price>
   325821
  </price>
  <rating>
   2.94
  </rating>
  <reviews>
   374051
  </reviews>
  <new>
   -
  </new>
  <exclusive>
   yes
  </exclusive>
  <sporty>
   no
  </sporty>
 </clothing>
 <clothing>
  <id>
   305024218
  </id>
  <name>
   Lacoste T-shirt Z-5863
  </name>
  <category>
   T-shirt
  </category>
  <size>
   XXL
  </size>
  <color>
   Зеленый
  </color>
  <material>
   Полиэстер
  </material>
  <price>
   807661
  </price>
  <rating>
   1.96
  </rating>
  <reviews>
   517026
  </reviews>
  <sporty>
   no
  </sporty>
 </clothing>
 <clothing>
  <id>
   269446927
  </id>
  <name>
   Vans Socks U-5084
  </name>
  <category>
   Socks
  </category>
  <size>
   L
  </size>
  <color>
   Голубой
  </color>
  <material>
   Полиэстер
  </material>
  <price>
   482881
  </price>
  <rating>
   1.65
  </rating>
  <reviews>
   579263
  </reviews>
  <exclusive>
   no
  </exclusive>
 </clothing>
</clothing-items>
