<?xml version="1.0" encoding="utf-8"?>
<clothing-items>
 <clothing>
  <id>
   741734060
  </id>
  <name>
   Lacoste Sweater F-7115
  </name>
  <category>
   Sweater
  </category>
  <size>
   XL
  </size>
  <color>
   Красный
  </color>
  <material>
   Шелк
  </material>
  <price>
   564926
  </price>
  <rating>
   3.33
  </rating>
  <reviews>
   153782
  </reviews>
  <exclusive>
   no
  </exclusive>
 </clothing>
 <clothing>
  <id>
   234464522
  </id>
  <name>
   Lacoste Jacket C-6163
  </name>
  <category>
   Jacket
  </category>
  <size>
   S
  </size>
  <color>
   Красный
  </color>
  <material>
   Кожа
  </material>
  <price>
   776539
  </price>
  <rating>
   1.21
  </rating>
  <reviews>
   574821
  </reviews>
  <new>
   -
  </new>
  <exclusive>
   yes
  </exclusive>
  <sporty>
   yes
  </sporty>
 </clothing>
 <clothing>
  <id>
   663098084
  </id>
  <name>
   Asics Shoes V-5954
  </name>
  <category>
   Shoes
  </category>
  <size>
   L
  </size>
  <color>
   Голубой
  </color>
  <material>
   Полиэстер
  </material>
  <price>
   942968
  </price>
  <rating>
   3.52
  </rating>
  <reviews>
   207528
  </reviews>
  <exclusive>
   no
  </exclusive>
  <sporty>
   yes
  </sporty>
 </clothing>
 <clothing>
  <id>
   627483796
  </id>
  <name>
   Brooks Shirt L-6949
  </name>
  <category>
   Shirt
  </category>
  <size>
   XXL
  </size>
  <color>
   Оранжевый
  </color>
  <material>
   Хлопок
  </material>
  <price>
   683716
  </price>
  <rating>
   2.48
  </rating>
  <reviews>
   974303
  </reviews>
  <new>
   -
  </new>
  <exclusive>
   yes
  </exclusive>
  <sporty>
   no
  </sporty>
 </clothing>
 <clothing>
  <id>
   975915169
  </id>
  <name>
   Adidas Shoes T-4322
  </name>
  <category>
   Shoes
  </category>
  <size>
   M
  </size>
  <color>
   Фиолетовый
  </color>
  <material>
   Кожа
  </material>
  <price>
   889855
  </price>
  <rating>
   2.26
  </rating>
  <reviews>
   507964
  </reviews>
  <new>
   -
  </new>
  <exclusive>
   no
  </exclusive>
 </clothing>
 <clothing>
  <id>
   253969386
  </id>
  <name>
   New Balance Gloves L-4437
  </name>
  <category>
   Gloves
  </category>
  <size>
   L
  </size>
  <color>
   Фиолетовый
  </color>
  <material>
   Хлопок
  </material>
  <price>
   187993
  </price>
  <rating>
   1.57
  </rating>
  <reviews>
   58025
  </reviews>
  <new>
   +
  </new>
 </clothing>
 <clothing>
  <id>
   804434334
  </id>
  <name>
   Fila Socks U-5104
  </name>
  <category>
   Socks
  </category>
  <size>
   XL
  </size>
  <color>
   Красный
  </color>
  <material>
   Шерсть
  </material>
  <price>
   884658
  </price>
  <rating>
   1.65
  </rating>
  <reviews>
   323073
  </reviews>
  <new>
   +
  </new>
  <sporty>
   no
  </sporty>
 </clothing>
 <clothing>
  <id>
   469247029
  </id>
  <name>
   DC Jacket X-8459
  </name>
  <category>
   Jacket
  </category>
  <size>
   S
  </size>
  <color>
   Фиолетовый
  </color>
  <material>
   Полиэстер
  </material>
  <price>
   879744
  </price>
  <rating>
   4.48
  </rating>
  <reviews>
   981120
  </reviews>
  <new>
   +
  </new>
  <exclusive>
   yes
  </exclusive>
  <sporty>
   no
  </sporty>
 </clothing>
 <clothing>
  <id>
   333238550
  </id>
  <name>
   Vans Handbags J-7945
  </name>
  <category>
   Handbags
  </category>
  <size>
   XL
  </size>
  <color>
   Красный
  </color>
  <material>
   Вискоза
  </material>
  <price>
   174885
  </price>
  <rating>
   2.98
  </rating>
  <reviews>
   872331
  </reviews>
  <new>
   -
  </new>
  <exclusive>
   yes
  </exclusive>
 </clothing>
 <clothing>
  <id>
   415473864
  </id>
  <name>
   Reebok Belts J-6544
  </name>
  <category>
   Belts
  </category>
  <size>
   S
  </size>
  <color>
   Красный
  </color>
  <material>
   Шелк
  </material>
  <price>
   209591
  </price>
  <rating>
   2.94
  </rating>
  <reviews>
   787740
  </reviews>
  <exclusive>
   yes
  </exclusive>
 </clothing>
 <clothing>
  <id>
   169468249
  </id>
  <name>
   DC Shirt V-2810
  </name>
  <category>
   Shirt
  </category>
  <size>
   M
  </size>
  <color>
   Зеленый
  </color>
  <material>
   Вискоза
  </material>
  <price>
   132525
  </price>
  <rating>
   1.22
  </rating>
  <reviews>
   474006
  </reviews>
  <sporty>
   yes
  </sporty>
 </clothing>
 <clothing>
  <id>
   728349706
  </id>
  <name>
   Under Armour Shoes X-8376
  </name>
  <category>
   Shoes
  </category>
  <size>
   XXL
  </size>
  <color>
   Синий
  </color>
  <material>
   Шелк
  </material>
  <price>
   678939
  </price>
  <rating>
   1.54
  </rating>
  <reviews>
   989774
  </reviews>
  <exclusive>
   no
  </exclusive>
 </clothing>
 <clothing>
  <id>
   230260461
  </id>
  <name>
   New Balance Dress R-8102
  </name>
  <category>
   Dress
  </category>
  <size>
   M
  </size>
  <color>
   Фиолетовый
  </color>
  <material>
   Кожа
  </material>
  <price>
   257705
  </price>
  <rating>
   1.4
  </rating>
  <reviews>
   569576
  </reviews>
  <new>
   +
  </new>
  <exclusive>
   yes
  </exclusive>
 </clothing>
 <clothing>
  <id>
   740048453
  </id>
  <name>
   Addidas Shirt I-8187
  </name>
  <category>
   Shirt
  </category>
  <size>
   XL
  </size>
  <color>
   Оранжевый
  </color>
  <material>
   Шелк
  </material>
  <price>
   466590
  </price>
  <rating>
   3.67
  </rating>
  <reviews>
   482864
  </reviews>
  <new>
   +
  </new>
  <exclusive>
   no
  </exclusive>
  <sporty>
   no
  </sporty>
 </clothing>
 <clothing>
  <id>
   195494921
  </id>
  <name>
   Brooks Shirt W-4366
  </name>
  <category>
   Shirt
  </category>
  <size>
   L
  </size>
  <color>
   Оранжевый
  </color>
  <material>
   Шелк
  </material>
  <price>
   246978
  </price>
  <rating>
   3.03
  </rating>
  <reviews>
   324391
  </reviews>
  <new>
   +
  </new>
 </clothing>
 <clothing>
  <id>
   832321183
  </id>
  <name>
   Converse T-shirt S-2881
  </name>
  <category>
   T-shirt
  </category>
  <size>
   XXL
  </size>
  <color>
   Красный
  </color>
  <material>
   Шерсть
  </material>
  <price>
   194012
  </price>
  <rating>
   2.55
  </rating>
  <reviews>
   843587
  </reviews>
  <sporty>
   no
  </sporty>
 </clothing>
 <clothing>
  <id>
   816742406
  </id>
  <name>
   Under Armour Sweater Y-9705
  </name>
  <category>
   Sweater
  </category>
  <size>
   L
  </size>
  <color>
   Зеленый
  </color>
  <material>
   Кожа
  </material>
  <price>
   872939
  </price>
  <rating>
   1.67
  </rating>
  <reviews>
   546195
  </reviews>
  <exclusive>
   yes
  </exclusive>
 </clothing>
 <clothing>
  <id>
   910835225
  </id>
  <name>
   Vans T-shirt D-8764
  </name>
  <category>
   T-shirt
  </category>
  <size>
   S
  </size>
  <color>
   Зеленый
  </color>
  <material>
   Нейлон
  </material>
  <price>
   869208
  </price>
  <rating>
   1.55
  </rating>
  <reviews>
   178557
  </reviews>
  <new>
   -
  </new>
  <exclusive>
   no
  </exclusive>
 </clothing>
 <clothing>
  <id>
   450313592
  </id>
  <name>
   Addidas Pants G-7768
  </name>
  <category>
   Pants
  </category>
  <size>
   L
  </size>
  <color>
   Красный
  </color>
  <material>
   Лен
  </material>
  <price>
   346869
  </price>
  <rating>
   2.18
  </rating>
  <reviews>
   833135
  </reviews>
  <sporty>
   no
  </sporty>
 </clothing>
 <clothing>
  <id>
   546225396
  </id>
  <name>
   Asics Pants S-4578
  </name>
  <category>
   Pants
  </category>
  <size>
   S
  </size>
  <color>
   Голубой
  </color>
  <material>
   Лен
  </material>
  <price>
   688288
  </price>
  <rating>
   2.72
  </rating>
  <reviews>
   893479
  </reviews>
  <new>
   -
  </new>
 </clothing>
 <clothing>
  <id>
   747850189
  </id>
  <name>
   DC Socks T-1864
  </name>
  <category>
   Socks
  </category>
  <size>
   XL
  </size>
  <color>
   Оранжевый
  </color>
  <material>
   Кожа
  </material>
  <price>
   396223
  </price>
  <rating>
   4.41
  </rating>
  <reviews>
   985183
  </reviews>
  <new>
   -
  </new>
  <exclusive>
   no
  </exclusive>
  <sporty>
   no
  </sporty>
 </clothing>
 <clothing>
  <id>
   519314725
  </id>
  <name>
   Under Armour Shirt B-9013
  </name>
  <category>
   Shirt
  </category>
  <size>
   M
  </size>
  <color>
   Красный
  </color>
  <material>
   Хлопок
  </material>
  <price>
   814287
  </price>
  <rating>
   1.42
  </rating>
  <reviews>
   934369
  </reviews>
  <new>
   +
  </new>
  <exclusive>
   yes
  </exclusive>
  <sporty>
   yes
  </sporty>
 </clothing>
 <clothing>
  <id>
   572196848
  </id>
  <name>
   Asics Umbrellas E-3970
  </name>
  <category>
   Umbrellas
  </category>
  <size>
   XXL
  </size>
  <color>
   Синий
  </color>
  <material>
   Хлопок
  </material>
  <price>
   471534
  </price>
  <rating>
   2.11
  </rating>
  <reviews>
   186332
  </reviews>
  <new>
   +
  </new>
  <sporty>
   yes
  </sporty>
 </clothing>
 <clothing>
  <id>
   492117054
  </id>
  <name>
   Brooks Hat M-4138
  </name>
  <category>
   Hat
  </category>
  <size>
   XXL
  </size>
  <color>
   Красный
  </color>
  <material>
   Нейлон
  </material>
  <price>
   322480
  </price>
  <rating>
   2.34
  </rating>
  <reviews>
   321949
  </reviews>
  <exclusive>
   yes
  </exclusive>
 </clothing>
 <clothing>
  <id>
   428484898
  </id>
  <name>
   Adidas Shirt T-4915
  </name>
  <category>
   Shirt
  </category>
  <size>
   XL
  </size>
  <color>
   Синий
  </color>
  <material>
   Лен
  </material>
  <price>
   625563
  </price>
  <rating>
   4.9
  </rating>
  <reviews>
   664772
  </reviews>
  <new>
   +
  </new>
  <exclusive>
   yes
  </exclusive>
 </clothing>
 <clothing>
  <id>
   827967049
  </id>
  <name>
   DC Handbags S-1214
  </name>
  <category>
   Handbags
  </category>
  <size>
   L
  </size>
  <color>
   Желтый
  </color>
  <material>
   Полиэстер
  </material>
  <price>
   295807
  </price>
  <rating>
   1.75
  </rating>
  <reviews>
   211383
  </reviews>
  <exclusive>
   yes
  </exclusive>
  <sporty>
   no
  </sporty>
 </clothing>
 <clothing>
  <id>
   449412745
  </id>
  <name>
   Nike Gloves G-7207
  </name>
  <category>
   Gloves
  </category>
  <size>
   L
  </size>
  <color>
   Голубой
  </color>
  <material>
   Шелк
  </material>
  <price>
   906184
  </price>
  <rating>
   3.84
  </rating>
  <reviews>
   133950
  </reviews>
  <exclusive>
   yes
  </exclusive>
  <sporty>
   no
  </sporty>
 </clothing>
 <clothing>
  <id>
   736654976
  </id>
  <name>
   PleinSport Dress S-6539
  </name>
  <category>
   Dress
  </category>
  <size>
   XL
  </size>
  <color>
   Красный
  </color>
  <material>
   Нейлон
  </material>
  <price>
   698241
  </price>
  <rating>
   1.0
  </rating>
  <reviews>
   599026
  </reviews>
  <new>
   -
  </new>
  <exclusive>
   yes
  </exclusive>
  <sporty>
   no
  </sporty>
 </clothing>
 <clothing>
  <id>
   231689842
  </id>
  <name>
   New Balance Blouse I-6871
  </name>
  <category>
   Blouse
  </category>
  <size>
   S
  </size>
  <color>
   Синий
  </color>
  <material>
   Кожа
  </material>
  <price>
   570274
  </price>
  <rating>
   2.05
  </rating>
  <reviews>
   890185
  </reviews>
  <new>
   -
  </new>
  <exclusive>
   yes
  </exclusive>
  <sporty>
   no
  </sporty>
 </clothing>
</clothing-items>
