<?xml version="1.0" encoding="utf-8"?>
<clothing-items>
 <clothing>
  <id>
   150335354
  </id>
  <name>
   Asics Sweater H-6558
  </name>
  <category>
   Sweater
  </category>
  <size>
   XL
  </size>
  <color>
   Желтый
  </color>
  <material>
   Хлопок
  </material>
  <price>
   904475
  </price>
  <rating>
   1.62
  </rating>
  <reviews>
   314241
  </reviews>
  <exclusive>
   no
  </exclusive>
 </clothing>
 <clothing>
  <id>
   388161103
  </id>
  <name>
   Converse Gloves Z-5747
  </name>
  <category>
   Gloves
  </category>
  <size>
   XXL
  </size>
  <color>
   Фиолетовый
  </color>
  <material>
   Вискоза
  </material>
  <price>
   393115
  </price>
  <rating>
   4.47
  </rating>
  <reviews>
   4958
  </reviews>
  <exclusive>
   no
  </exclusive>
  <sporty>
   no
  </sporty>
 </clothing>
 <clothing>
  <id>
   129265189
  </id>
  <name>
   Brooks Umbrellas V-6269
  </name>
  <category>
   Umbrellas
  </category>
  <size>
   XXL
  </size>
  <color>
   Зеленый
  </color>
  <material>
   Вискоза
  </material>
  <price>
   942514
  </price>
  <rating>
   1.25
  </rating>
  <reviews>
   514272
  </reviews>
  <new>
   -
  </new>
  <exclusive>
   no
  </exclusive>
  <sporty>
   yes
  </sporty>
 </clothing>
 <clothing>
  <id>
   313496263
  </id>
  <name>
   Puma Dress V-6911
  </name>
  <category>
   Dress
  </category>
  <size>
   L
  </size>
  <color>
   Оранжевый
  </color>
  <material>
   Нейлон
  </material>
  <price>
   148304
  </price>
  <rating>
   1.68
  </rating>
  <reviews>
   704915
  </reviews>
  <exclusive>
   no
  </exclusive>
  <sporty>
   no
  </sporty>
 </clothing>
 <clothing>
  <id>
   783762260
  </id>
  <name>
   Ellesse Socks W-3805
  </name>
  <category>
   Socks
  </category>
  <size>
   L
  </size>
  <color>
   Фиолетовый
  </color>
  <material>
   Нейлон
  </material>
  <price>
   946920
  </price>
  <rating>
   3.4
  </rating>
  <reviews>
   521664
  </reviews>
 </clothing>
 <clothing>
  <id>
   455800105
  </id>
  <name>
   Ellesse T-shirt G-1229
  </name>
  <category>
   T-shirt
  </category>
  <size>
   XL
  </size>
  <color>
   Голубой
  </color>
  <material>
   Хлопок
  </material>
  <price>
   483491
  </price>
  <rating>
   2.66
  </rating>
  <reviews>
   845841
  </reviews>
  <new>
   -
  </new>
  <exclusive>
   yes
  </exclusive>
  <sporty>
   no
  </sporty>
 </clothing>
 <clothing>
  <id>
   537598397
  </id>
  <name>
   Fila Jacket O-5114
  </name>
  <category>
   Jacket
  </category>
  <size>
   M
  </size>
  <color>
   Оранжевый
  </color>
  <material>
   Лен
  </material>
  <price>
   493040
  </price>
  <rating>
   3.19
  </rating>
  <reviews>
   71514
  </reviews>
  <new>
   +
  </new>
  <sporty>
   no
  </sporty>
 </clothing>
 <clothing>
  <id>
   995819231
  </id>
  <name>
   Nike Belts N-1696
  </name>
  <category>
   Belts
  </category>
  <size>
   XL
  </size>
  <color>
   Оранжевый
  </color>
  <material>
   Хлопок
  </material>
  <price>
   979185
  </price>
  <rating>
   3.37
  </rating>
  <reviews>
   159052
  </reviews>
  <new>
   +
  </new>
  <exclusive>
   yes
  </exclusive>
  <sporty>
   no
  </sporty>
 </clothing>
 <clothing>
  <id>
   133433587
  </id>
  <name>
   New Balance Socks P-5405
  </name>
  <category>
   Socks
  </category>
  <size>
   XL
  </size>
  <color>
   Оранжевый
  </color>
  <material>
   Шелк
  </material>
  <price>
   246001
  </price>
  <rating>
   1.6
  </rating>
  <reviews>
   979522
  </reviews>
  <new>
   -
  </new>
  <exclusive>
   no
  </exclusive>
  <sporty>
   no
  </sporty>
 </clothing>
 <clothing>
  <id>
   863353762
  </id>
  <name>
   Reebok Belts W-9767
  </name>
  <category>
   Belts
  </category>
  <size>
   M
  </size>
  <color>
   Зеленый
  </color>
  <material>
   Кожа
  </material>
  <price>
   123647
  </price>
  <rating>
   4.27
  </rating>
  <reviews>
   476876
  </reviews>
  <exclusive>
   no
  </exclusive>
 </clothing>
 <clothing>
  <id>
   954849852
  </id>
  <name>
   Converse Umbrellas J-4254
  </name>
  <category>
   Umbrellas
  </category>
  <size>
   S
  </size>
  <color>
   Желтый
  </color>
  <material>
   Кожа
  </material>
  <price>
   650110
  </price>
  <rating>
   2.71
  </rating>
  <reviews>
   528370
  </reviews>
  <new>
   +
  </new>
  <exclusive>
   yes
  </exclusive>
  <sporty>
   no
  </sporty>
 </clothing>
 <clothing>
  <id>
   175898631
  </id>
  <name>
   Puma Socks N-6017
  </name>
  <category>
   Socks
  </category>
  <size>
   XL
  </size>
  <color>
   Фиолетовый
  </color>
  <material>
   Полиэстер
  </material>
  <price>
   449416
  </price>
  <rating>
   2.77
  </rating>
  <reviews>
   747096
  </reviews>
  <new>
   -
  </new>
  <sporty>
   no
  </sporty>
 </clothing>
 <clothing>
  <id>
   355277834
  </id>
  <name>
   Addidas Skirt O-3099
  </name>
  <category>
   Skirt
  </category>
  <size>
   M
  </size>
  <color>
   Голубой
  </color>
  <material>
   Хлопок
  </material>
  <price>
   115037
  </price>
  <rating>
   4.15
  </rating>
  <reviews>
   708718
  </reviews>
  <sporty>
   yes
  </sporty>
 </clothing>
 <clothing>
  <id>
   412084111
  </id>
  <name>
   Fila Dress H-4752
  </name>
  <category>
   Dress
  </category>
  <size>
   L
  </size>
  <color>
   Фиолетовый
  </color>
  <material>
   Хлопок
  </material>
  <price>
   123849
  </price>
  <rating>
   1.89
  </rating>
  <reviews>
   528798
  </reviews>
 </clothing>
 <clothing>
  <id>
   286021335
  </id>
  <name>
   Vans Shoes J-1727
  </name>
  <category>
   Shoes
  </category>
  <size>
   S
  </size>
  <color>
   Зеленый
  </color>
  <material>
   Хлопок
  </material>
  <price>
   994744
  </price>
  <rating>
   2.51
  </rating>
  <reviews>
   368594
  </reviews>
  <new>
   +
  </new>
  <exclusive>
   no
  </exclusive>
  <sporty>
   no
  </sporty>
 </clothing>
 <clothing>
  <id>
   719966916
  </id>
  <name>
   Nike Gloves U-3377
  </name>
  <category>
   Gloves
  </category>
  <size>
   XL
  </size>
  <color>
   Фиолетовый
  </color>
  <material>
   Лен
  </material>
  <price>
   132597
  </price>
  <rating>
   3.6
  </rating>
  <reviews>
   791922
  </reviews>
  <exclusive>
   yes
  </exclusive>
 </clothing>
 <clothing>
  <id>
   916782270
  </id>
  <name>
   Reebok Dress W-3657
  </name>
  <category>
   Dress
  </category>
  <size>
   M
  </size>
  <color>
   Оранжевый
  </color>
  <material>
   Лен
  </material>
  <price>
   574749
  </price>
  <rating>
   1.0
  </rating>
  <reviews>
   349542
  </reviews>
  <new>
   +
  </new>
  <exclusive>
   yes
  </exclusive>
  <sporty>
   yes
  </sporty>
 </clothing>
 <clothing>
  <id>
   335062130
  </id>
  <name>
   Lacoste Pants I-7867
  </name>
  <category>
   Pants
  </category>
  <size>
   S
  </size>
  <color>
   Фиолетовый
  </color>
  <material>
   Лен
  </material>
  <price>
   443968
  </price>
  <rating>
   4.4
  </rating>
  <reviews>
   455754
  </reviews>
  <exclusive>
   no
  </exclusive>
  <sporty>
   no
  </sporty>
 </clothing>
 <clothing>
  <id>
   183008915
  </id>
  <name>
   Reebok Pants J-2694
  </name>
  <category>
   Pants
  </category>
  <size>
   S
  </size>
  <color>
   Синий
  </color>
  <material>
   Лен
  </material>
  <price>
   857470
  </price>
  <rating>
   4.87
  </rating>
  <reviews>
   255285
  </reviews>
  <new>
   +
  </new>
  <exclusive>
   yes
  </exclusive>
 </clothing>
 <clothing>
  <id>
   654351015
  </id>
  <name>
   Reebok Dress F-8343
  </name>
  <category>
   Dress
  </category>
  <size>
   XXL
  </size>
  <color>
   Желтый
  </color>
  <material>
   Шерсть
  </material>
  <price>
   109263
  </price>
  <rating>
   2.72
  </rating>
  <reviews>
   305218
  </reviews>
  <new>
   -
  </new>
  <exclusive>
   yes
  </exclusive>
 </clothing>
 <clothing>
  <id>
   125078229
  </id>
  <name>
   Fila Pants E-3809
  </name>
  <category>
   Pants
  </category>
  <size>
   L
  </size>
  <color>
   Желтый
  </color>
  <material>
   Шерсть
  </material>
  <price>
   935675
  </price>
  <rating>
   1.64
  </rating>
  <reviews>
   139275
  </reviews>
  <exclusive>
   yes
  </exclusive>
 </clothing>
 <clothing>
  <id>
   706763947
  </id>
  <name>
   Ellesse Pants L-8513
  </name>
  <category>
   Pants
  </category>
  <size>
   S
  </size>
  <color>
   Оранжевый
  </color>
  <material>
   Кожа
  </material>
  <price>
   287816
  </price>
  <rating>
   3.94
  </rating>
  <reviews>
   802715
  </reviews>
  <new>
   +
  </new>
  <sporty>
   no
  </sporty>
 </clothing>
 <clothing>
  <id>
   998509065
  </id>
  <name>
   Asics Jacket Y-9337
  </name>
  <category>
   Jacket
  </category>
  <size>
   XL
  </size>
  <color>
   Зеленый
  </color>
  <material>
   Шерсть
  </material>
  <price>
   953339
  </price>
  <rating>
   3.0
  </rating>
  <reviews>
   241571
  </reviews>
  <new>
   -
  </new>
  <exclusive>
   no
  </exclusive>
  <sporty>
   no
  </sporty>
 </clothing>
 <clothing>
  <id>
   699755681
  </id>
  <name>
   DC Sweater I-7049
  </name>
  <category>
   Sweater
  </category>
  <size>
   S
  </size>
  <color>
   Синий
  </color>
  <material>
   Вискоза
  </material>
  <price>
   690781
  </price>
  <rating>
   2.31
  </rating>
  <reviews>
   239366
  </reviews>
  <exclusive>
   yes
  </exclusive>
  <sporty>
   yes
  </sporty>
 </clothing>
 <clothing>
  <id>
   507687971
  </id>
  <name>
   Converse Dress J-3430
  </name>
  <category>
   Dress
  </category>
  <size>
   M
  </size>
  <color>
   Зеленый
  </color>
  <material>
   Нейлон
  </material>
  <price>
   976235
  </price>
  <rating>
   4.79
  </rating>
  <reviews>
   674307
  </reviews>
  <new>
   -
  </new>
  <exclusive>
   yes
  </exclusive>
  <sporty>
   no
  </sporty>
 </clothing>
 <clothing>
  <id>
   206872523
  </id>
  <name>
   Fila Sweater O-7302
  </name>
  <category>
   Sweater
  </category>
  <size>
   XXL
  </size>
  <color>
   Красный
  </color>
  <material>
   Вискоза
  </material>
  <price>
   897297
  </price>
  <rating>
   4.91
  </rating>
  <reviews>
   819197
  </reviews>
  <new>
   +
  </new>
  <sporty>
   no
  </sporty>
 </clothing>
 <clothing>
  <id>
   499347475
  </id>
  <name>
   Puma Blouse O-6368
  </name>
  <category>
   Blouse
  </category>
  <size>
   L
  </size>
  <color>
   Оранжевый
  </color>
  <material>
   Вискоза
  </material>
  <price>
   207093
  </price>
  <rating>
   2.84
  </rating>
  <reviews>
   308183
  </reviews>
  <sporty>
   no
  </sporty>
 </clothing>
 <clothing>
  <id>
   582488652
  </id>
  <name>
   Fila Pants Y-8686
  </name>
  <category>
   Pants
  </category>
  <size>
   XXL
  </size>
  <color>
   Фиолетовый
  </color>
  <material>
   Полиэстер
  </material>
  <price>
   354915
  </price>
  <rating>
   4.2
  </rating>
  <reviews>
   713451
  </reviews>
  <sporty>
   yes
  </sporty>
 </clothing>
 <clothing>
  <id>
   191341324
  </id>
  <name>
   PleinSport Sweater Z-8979
  </name>
  <category>
   Sweater
  </category>
  <size>
   XXL
  </size>
  <color>
   Желтый
  </color>
  <material>
   Шерсть
  </material>
  <price>
   693266
  </price>
  <rating>
   2.05
  </rating>
  <reviews>
   903763
  </reviews>
  <new>
   +
  </new>
  <exclusive>
   no
  </exclusive>
 </clothing>
 <clothing>
  <id>
   779474757
  </id>
  <name>
   Converse Sweater R-9017
  </name>
  <category>
   Sweater
  </category>
  <size>
   L
  </size>
  <color>
   Голубой
  </color>
  <material>
   Хлопок
  </material>
  <price>
   818108
  </price>
  <rating>
   4.61
  </rating>
  <reviews>
   380944
  </reviews>
  <new>
   -
  </new>
  <exclusive>
   no
  </exclusive>
  <sporty>
   yes
  </sporty>
 </clothing>
 <clothing>
  <id>
   919409927
  </id>
  <name>
   PleinSport Hat A-7198
  </name>
  <category>
   Hat
  </category>
  <size>
   M
  </size>
  <color>
   Оранжевый
  </color>
  <material>
   Кожа
  </material>
  <price>
   302330
  </price>
  <rating>
   3.8
  </rating>
  <reviews>
   475747
  </reviews>
  <new>
   +
  </new>
  <sporty>
   no
  </sporty>
 </clothing>
 <clothing>
  <id>
   806850086
  </id>
  <name>
   Vans Pants N-7805
  </name>
  <category>
   Pants
  </category>
  <size>
   L
  </size>
  <color>
   Синий
  </color>
  <material>
   Вискоза
  </material>
  <price>
   382651
  </price>
  <rating>
   1.78
  </rating>
  <reviews>
   565266
  </reviews>
 </clothing>
 <clothing>
  <id>
   823923100
  </id>
  <name>
   Fila Shirt G-2569
  </name>
  <category>
   Shirt
  </category>
  <size>
   S
  </size>
  <color>
   Голубой
  </color>
  <material>
   Нейлон
  </material>
  <price>
   802116
  </price>
  <rating>
   4.04
  </rating>
  <reviews>
   574314
  </reviews>
  <new>
   -
  </new>
 </clothing>
 <clothing>
  <id>
   748381222
  </id>
  <name>
   Under Armour Umbrellas L-7163
  </name>
  <category>
   Umbrellas
  </category>
  <size>
   L
  </size>
  <color>
   Голубой
  </color>
  <material>
   Шелк
  </material>
  <price>
   718571
  </price>
  <rating>
   4.71
  </rating>
  <reviews>
   355468
  </reviews>
  <sporty>
   no
  </sporty>
 </clothing>
 <clothing>
  <id>
   102824370
  </id>
  <name>
   Ellesse Hat W-4255
  </name>
  <category>
   Hat
  </category>
  <size>
   XXL
  </size>
  <color>
   Голубой
  </color>
  <material>
   Лен
  </material>
  <price>
   448669
  </price>
  <rating>
   3.94
  </rating>
  <reviews>
   729566
  </reviews>
  <new>
   +
  </new>
  <exclusive>
   yes
  </exclusive>
  <sporty>
   no
  </sporty>
 </clothing>
</clothing-items>
