<?xml version="1.0" encoding="utf-8"?>
<clothing-items>
 <clothing>
  <id>
   438045727
  </id>
  <name>
   Brooks Umbrellas K-9834
  </name>
  <category>
   Umbrellas
  </category>
  <size>
   M
  </size>
  <color>
   Голубой
  </color>
  <material>
   Полиэстер
  </material>
  <price>
   432227
  </price>
  <rating>
   3.58
  </rating>
  <reviews>
   823899
  </reviews>
  <new>
   -
  </new>
  <exclusive>
   no
  </exclusive>
 </clothing>
 <clothing>
  <id>
   489315060
  </id>
  <name>
   Addidas Jeans M-1309
  </name>
  <category>
   Jeans
  </category>
  <size>
   XXL
  </size>
  <color>
   Желтый
  </color>
  <material>
   Шелк
  </material>
  <price>
   814697
  </price>
  <rating>
   3.1
  </rating>
  <reviews>
   662369
  </reviews>
  <new>
   -
  </new>
  <sporty>
   no
  </sporty>
 </clothing>
 <clothing>
  <id>
   695096871
  </id>
  <name>
   PleinSport Dress J-3260
  </name>
  <category>
   Dress
  </category>
  <size>
   L
  </size>
  <color>
   Красный
  </color>
  <material>
   Вискоза
  </material>
  <price>
   189070
  </price>
  <rating>
   1.79
  </rating>
  <reviews>
   919009
  </reviews>
  <exclusive>
   no
  </exclusive>
 </clothing>
 <clothing>
  <id>
   157545574
  </id>
  <name>
   PleinSport Hat L-2793
  </name>
  <category>
   Hat
  </category>
  <size>
   L
  </size>
  <color>
   Синий
  </color>
  <material>
   Хлопок
  </material>
  <price>
   666690
  </price>
  <rating>
   1.2
  </rating>
  <reviews>
   89010
  </reviews>
  <new>
   +
  </new>
  <exclusive>
   no
  </exclusive>
  <sporty>
   yes
  </sporty>
 </clothing>
 <clothing>
  <id>
   186292459
  </id>
  <name>
   Puma T-shirt G-8387
  </name>
  <category>
   T-shirt
  </category>
  <size>
   L
  </size>
  <color>
   Голубой
  </color>
  <material>
   Хлопок
  </material>
  <price>
   102207
  </price>
  <rating>
   1.45
  </rating>
  <reviews>
   838782
  </reviews>
  <new>
   -
  </new>
  <exclusive>
   no
  </exclusive>
  <sporty>
   no
  </sporty>
 </clothing>
 <clothing>
  <id>
   976983948
  </id>
  <name>
   Asics Blouse I-8827
  </name>
  <category>
   Blouse
  </category>
  <size>
   M
  </size>
  <color>
   Оранжевый
  </color>
  <material>
   Хлопок
  </material>
  <price>
   204630
  </price>
  <rating>
   2.61
  </rating>
  <reviews>
   664290
  </reviews>
  <exclusive>
   yes
  </exclusive>
  <sporty>
   no
  </sporty>
 </clothing>
 <clothing>
  <id>
   231749550
  </id>
  <name>
   Ellesse T-shirt R-4815
  </name>
  <category>
   T-shirt
  </category>
  <size>
   XXL
  </size>
  <color>
   Фиолетовый
  </color>
  <material>
   Полиэстер
  </material>
  <price>
   159688
  </price>
  <rating>
   2.3
  </rating>
  <reviews>
   697966
  </reviews>
  <sporty>
   yes
  </sporty>
 </clothing>
 <clothing>
  <id>
   974301218
  </id>
  <name>
   PleinSport Hat Y-2535
  </name>
  <category>
   Hat
  </category>
  <size>
   XXL
  </size>
  <color>
   Желтый
  </color>
  <material>
   Нейлон
  </material>
  <price>
   199802
  </price>
  <rating>
   3.51
  </rating>
  <reviews>
   968670
  </reviews>
  <new>
   -
  </new>
  <exclusive>
   yes
  </exclusive>
 </clothing>
 <clothing>
  <id>
   916227859
  </id>
  <name>
   Reebok Hat X-1227
  </name>
  <category>
   Hat
  </category>
  <size>
   XXL
  </size>
  <color>
   Голубой
  </color>
  <material>
   Шерсть
  </material>
  <price>
   484436
  </price>
  <rating>
   4.96
  </rating>
  <reviews>
   476584
  </reviews>
  <exclusive>
   no
  </exclusive>
 </clothing>
 <clothing>
  <id>
   278479097
  </id>
  <name>
   New Balance T-shirt E-3184
  </name>
  <category>
   T-shirt
  </category>
  <size>
   XXL
  </size>
  <color>
   Фиолетовый
  </color>
  <material>
   Нейлон
  </material>
  <price>
   346437
  </price>
  <rating>
   1.42
  </rating>
  <reviews>
   31416
  </reviews>
  <new>
   -
  </new>
  <exclusive>
   no
  </exclusive>
  <sporty>
   no
  </sporty>
 </clothing>
 <clothing>
  <id>
   633070700
  </id>
  <name>
   Adidas Shoes J-4470
  </name>
  <category>
   Shoes
  </category>
  <size>
   XL
  </size>
  <color>
   Зеленый
  </color>
  <material>
   Хлопок
  </material>
  <price>
   294970
  </price>
  <rating>
   3.2
  </rating>
  <reviews>
   180404
  </reviews>
  <new>
   +
  </new>
  <sporty>
   no
  </sporty>
 </clothing>
 <clothing>
  <id>
   209687362
  </id>
  <name>
   Lacoste Gloves U-9320
  </name>
  <category>
   Gloves
  </category>
  <size>
   M
  </size>
  <color>
   Голубой
  </color>
  <material>
   Кожа
  </material>
  <price>
   823756
  </price>
  <rating>
   3.26
  </rating>
  <reviews>
   568017
  </reviews>
  <exclusive>
   no
  </exclusive>
 </clothing>
 <clothing>
  <id>
   167415794
  </id>
  <name>
   Vans T-shirt J-5746
  </name>
  <category>
   T-shirt
  </category>
  <size>
   S
  </size>
  <color>
   Голубой
  </color>
  <material>
   Вискоза
  </material>
  <price>
   461405
  </price>
  <rating>
   2.89
  </rating>
  <reviews>
   396374
  </reviews>
  <new>
   +
  </new>
  <exclusive>
   no
  </exclusive>
 </clothing>
 <clothing>
  <id>
   939823609
  </id>
  <name>
   Brooks Jacket I-5861
  </name>
  <category>
   Jacket
  </category>
  <size>
   M
  </size>
  <color>
   Оранжевый
  </color>
  <material>
   Вискоза
  </material>
  <price>
   469845
  </price>
  <rating>
   4.21
  </rating>
  <reviews>
   935884
  </reviews>
  <new>
   -
  </new>
  <sporty>
   no
  </sporty>
 </clothing>
 <clothing>
  <id>
   380371542
  </id>
  <name>
   Ellesse Skirt C-3842
  </name>
  <category>
   Skirt
  </category>
  <size>
   XL
  </size>
  <color>
   Фиолетовый
  </color>
  <material>
   Полиэстер
  </material>
  <price>
   829807
  </price>
  <rating>
   2.43
  </rating>
  <reviews>
   250530
  </reviews>
 </clothing>
 <clothing>
  <id>
   267873829
  </id>
  <name>
   Brooks Shoes F-1785
  </name>
  <category>
   Shoes
  </category>
  <size>
   XL
  </size>
  <color>
   Желтый
  </color>
  <material>
   Лен
  </material>
  <price>
   620104
  </price>
  <rating>
   2.73
  </rating>
  <reviews>
   567688
  </reviews>
  <new>
   -
  </new>
  <exclusive>
   no
  </exclusive>
  <sporty>
   no
  </sporty>
 </clothing>
 <clothing>
  <id>
   333504900
  </id>
  <name>
   Ellesse Gloves G-4713
  </name>
  <category>
   Gloves
  </category>
  <size>
   XL
  </size>
  <color>
   Синий
  </color>
  <material>
   Лен
  </material>
  <price>
   269370
  </price>
  <rating>
   3.87
  </rating>
  <reviews>
   230875
  </reviews>
  <new>
   +
  </new>
  <exclusive>
   no
  </exclusive>
 </clothing>
 <clothing>
  <id>
   771587489
  </id>
  <name>
   Lacoste Shoes D-8398
  </name>
  <category>
   Shoes
  </category>
  <size>
   L
  </size>
  <color>
   Желтый
  </color>
  <material>
   Полиэстер
  </material>
  <price>
   710140
  </price>
  <rating>
   1.2
  </rating>
  <reviews>
   156960
  </reviews>
  <new>
   -
  </new>
  <exclusive>
   yes
  </exclusive>
 </clothing>
 <clothing>
  <id>
   598423252
  </id>
  <name>
   Converse Socks S-1029
  </name>
  <category>
   Socks
  </category>
  <size>
   S
  </size>
  <color>
   Оранжевый
  </color>
  <material>
   Вискоза
  </material>
  <price>
   560963
  </price>
  <rating>
   1.99
  </rating>
  <reviews>
   801813
  </reviews>
  <new>
   -
  </new>
  <exclusive>
   no
  </exclusive>
  <sporty>
   no
  </sporty>
 </clothing>
 <clothing>
  <id>
   774159063
  </id>
  <name>
   Converse Sweater S-4517
  </name>
  <category>
   Sweater
  </category>
  <size>
   S
  </size>
  <color>
   Желтый
  </color>
  <material>
   Вискоза
  </material>
  <price>
   103534
  </price>
  <rating>
   4.9
  </rating>
  <reviews>
   832492
  </reviews>
  <new>
   +
  </new>
  <exclusive>
   no
  </exclusive>
 </clothing>
 <clothing>
  <id>
   924358445
  </id>
  <name>
   Reebok Gloves S-5741
  </name>
  <category>
   Gloves
  </category>
  <size>
   M
  </size>
  <color>
   Синий
  </color>
  <material>
   Лен
  </material>
  <price>
   669470
  </price>
  <rating>
   1.48
  </rating>
  <reviews>
   136417
  </reviews>
  <new>
   -
  </new>
 </clothing>
 <clothing>
  <id>
   781423367
  </id>
  <name>
   Asics Blouse W-8236
  </name>
  <category>
   Blouse
  </category>
  <size>
   XL
  </size>
  <color>
   Красный
  </color>
  <material>
   Нейлон
  </material>
  <price>
   379054
  </price>
  <rating>
   3.55
  </rating>
  <reviews>
   410849
  </reviews>
  <new>
   +
  </new>
  <exclusive>
   no
  </exclusive>
 </clothing>
 <clothing>
  <id>
   616662839
  </id>
  <name>
   Puma Socks L-3665
  </name>
  <category>
   Socks
  </category>
  <size>
   XXL
  </size>
  <color>
   Фиолетовый
  </color>
  <material>
   Нейлон
  </material>
  <price>
   603119
  </price>
  <rating>
   2.99
  </rating>
  <reviews>
   494269
  </reviews>
  <exclusive>
   no
  </exclusive>
  <sporty>
   yes
  </sporty>
 </clothing>
 <clothing>
  <id>
   610223356
  </id>
  <name>
   Under Armour Gloves V-2588
  </name>
  <category>
   Gloves
  </category>
  <size>
   XXL
  </size>
  <color>
   Зеленый
  </color>
  <material>
   Кожа
  </material>
  <price>
   990905
  </price>
  <rating>
   2.32
  </rating>
  <reviews>
   571715
  </reviews>
  <new>
   +
  </new>
  <sporty>
   no
  </sporty>
 </clothing>
 <clothing>
  <id>
   438740132
  </id>
  <name>
   Asics Jeans B-1167
  </name>
  <category>
   Jeans
  </category>
  <size>
   L
  </size>
  <color>
   Красный
  </color>
  <material>
   Хлопок
  </material>
  <price>
   138413
  </price>
  <rating>
   4.35
  </rating>
  <reviews>
   495430
  </reviews>
  <new>
   -
  </new>
  <exclusive>
   no
  </exclusive>
 </clothing>
 <clothing>
  <id>
   858908109
  </id>
  <name>
   Converse Belts T-3409
  </name>
  <category>
   Belts
  </category>
  <size>
   XXL
  </size>
  <color>
   Голубой
  </color>
  <material>
   Нейлон
  </material>
  <price>
   409295
  </price>
  <rating>
   1.61
  </rating>
  <reviews>
   846353
  </reviews>
  <new>
   +
  </new>
  <exclusive>
   no
  </exclusive>
  <sporty>
   no
  </sporty>
 </clothing>
 <clothing>
  <id>
   980826336
  </id>
  <name>
   Asics Socks Q-6514
  </name>
  <category>
   Socks
  </category>
  <size>
   XXL
  </size>
  <color>
   Оранжевый
  </color>
  <material>
   Лен
  </material>
  <price>
   586010
  </price>
  <rating>
   3.8
  </rating>
  <reviews>
   284208
  </reviews>
  <new>
   +
  </new>
  <exclusive>
   yes
  </exclusive>
  <sporty>
   no
  </sporty>
 </clothing>
 <clothing>
  <id>
   498020825
  </id>
  <name>
   Under Armour Skirt S-6441
  </name>
  <category>
   Skirt
  </category>
  <size>
   L
  </size>
  <color>
   Синий
  </color>
  <material>
   Полиэстер
  </material>
  <price>
   891828
  </price>
  <rating>
   2.33
  </rating>
  <reviews>
   142420
  </reviews>
  <new>
   -
  </new>
  <sporty>
   yes
  </sporty>
 </clothing>
 <clothing>
  <id>
   638406467
  </id>
  <name>
   Asics Handbags Z-3954
  </name>
  <category>
   Handbags
  </category>
  <size>
   S
  </size>
  <color>
   Желтый
  </color>
  <material>
   Кожа
  </material>
  <price>
   493248
  </price>
  <rating>
   3.77
  </rating>
  <reviews>
   603692
  </reviews>
  <exclusive>
   no
  </exclusive>
  <sporty>
   no
  </sporty>
 </clothing>
 <clothing>
  <id>
   452359017
  </id>
  <name>
   Ellesse Handbags T-8667
  </name>
  <category>
   Handbags
  </category>
  <size>
   L
  </size>
  <color>
   Оранжевый
  </color>
  <material>
   Полиэстер
  </material>
  <price>
   745230
  </price>
  <rating>
   4.87
  </rating>
  <reviews>
   490092
  </reviews>
 </clothing>
 <clothing>
  <id>
   365737227
  </id>
  <name>
   New Balance Jeans P-2176
  </name>
  <category>
   Jeans
  </category>
  <size>
   L
  </size>
  <color>
   Голубой
  </color>
  <material>
   Вискоза
  </material>
  <price>
   885501
  </price>
  <rating>
   4.31
  </rating>
  <reviews>
   108839
  </reviews>
  <new>
   -
  </new>
  <exclusive>
   yes
  </exclusive>
  <sporty>
   no
  </sporty>
 </clothing>
 <clothing>
  <id>
   786727024
  </id>
  <name>
   DC Dress U-3143
  </name>
  <category>
   Dress
  </category>
  <size>
   XXL
  </size>
  <color>
   Зеленый
  </color>
  <material>
   Нейлон
  </material>
  <price>
   210882
  </price>
  <rating>
   2.05
  </rating>
  <reviews>
   522228
  </reviews>
 </clothing>
 <clothing>
  <id>
   984729993
  </id>
  <name>
   Vans Socks K-2261
  </name>
  <category>
   Socks
  </category>
  <size>
   S
  </size>
  <color>
   Синий
  </color>
  <material>
   Хлопок
  </material>
  <price>
   695245
  </price>
  <rating>
   3.77
  </rating>
  <reviews>
   788864
  </reviews>
  <new>
   +
  </new>
  <exclusive>
   yes
  </exclusive>
 </clothing>
 <clothing>
  <id>
   591393860
  </id>
  <name>
   Nike Jacket Z-9829
  </name>
  <category>
   Jacket
  </category>
  <size>
   XXL
  </size>
  <color>
   Синий
  </color>
  <material>
   Шерсть
  </material>
  <price>
   879913
  </price>
  <rating>
   2.66
  </rating>
  <reviews>
   477327
  </reviews>
  <new>
   -
  </new>
  <sporty>
   no
  </sporty>
 </clothing>
 <clothing>
  <id>
   876727146
  </id>
  <name>
   Brooks Gloves K-8627
  </name>
  <category>
   Gloves
  </category>
  <size>
   XL
  </size>
  <color>
   Зеленый
  </color>
  <material>
   Шелк
  </material>
  <price>
   998494
  </price>
  <rating>
   3.01
  </rating>
  <reviews>
   109323
  </reviews>
  <new>
   +
  </new>
 </clothing>
 <clothing>
  <id>
   252846081
  </id>
  <name>
   Adidas Hat K-3567
  </name>
  <category>
   Hat
  </category>
  <size>
   XXL
  </size>
  <color>
   Красный
  </color>
  <material>
   Нейлон
  </material>
  <price>
   423262
  </price>
  <rating>
   1.96
  </rating>
  <reviews>
   94209
  </reviews>
  <exclusive>
   yes
  </exclusive>
  <sporty>
   no
  </sporty>
 </clothing>
 <clothing>
  <id>
   165119703
  </id>
  <name>
   New Balance Umbrellas E-4351
  </name>
  <category>
   Umbrellas
  </category>
  <size>
   M
  </size>
  <color>
   Желтый
  </color>
  <material>
   Лен
  </material>
  <price>
   869075
  </price>
  <rating>
   4.23
  </rating>
  <reviews>
   697189
  </reviews>
  <new>
   -
  </new>
  <exclusive>
   no
  </exclusive>
 </clothing>
</clothing-items>
