<?xml version="1.0" encoding="utf-8"?>
<clothing-items>
 <clothing>
  <id>
   870975120
  </id>
  <name>
   Converse Pants H-1833
  </name>
  <category>
   Pants
  </category>
  <size>
   M
  </size>
  <color>
   Оранжевый
  </color>
  <material>
   Полиэстер
  </material>
  <price>
   834933
  </price>
  <rating>
   4.98
  </rating>
  <reviews>
   105665
  </reviews>
  <new>
   -
  </new>
  <exclusive>
   yes
  </exclusive>
 </clothing>
 <clothing>
  <id>
   594437913
  </id>
  <name>
   Lacoste Skirt A-7825
  </name>
  <category>
   Skirt
  </category>
  <size>
   M
  </size>
  <color>
   Оранжевый
  </color>
  <material>
   Лен
  </material>
  <price>
   854097
  </price>
  <rating>
   3.03
  </rating>
  <reviews>
   636122
  </reviews>
  <exclusive>
   no
  </exclusive>
  <sporty>
   no
  </sporty>
 </clothing>
 <clothing>
  <id>
   925474572
  </id>
  <name>
   Puma Skirt P-1518
  </name>
  <category>
   Skirt
  </category>
  <size>
   M
  </size>
  <color>
   Желтый
  </color>
  <material>
   Шерсть
  </material>
  <price>
   671142
  </price>
  <rating>
   4.17
  </rating>
  <reviews>
   730514
  </reviews>
  <exclusive>
   no
  </exclusive>
  <sporty>
   no
  </sporty>
 </clothing>
 <clothing>
  <id>
   574281194
  </id>
  <name>
   Nike Socks C-2915
  </name>
  <category>
   Socks
  </category>
  <size>
   L
  </size>
  <color>
   Желтый
  </color>
  <material>
   Шелк
  </material>
  <price>
   570853
  </price>
  <rating>
   2.74
  </rating>
  <reviews>
   722653
  </reviews>
  <exclusive>
   no
  </exclusive>
 </clothing>
 <clothing>
  <id>
   363645035
  </id>
  <name>
   PleinSport Socks J-8951
  </name>
  <category>
   Socks
  </category>
  <size>
   XL
  </size>
  <color>
   Зеленый
  </color>
  <material>
   Лен
  </material>
  <price>
   976453
  </price>
  <rating>
   2.71
  </rating>
  <reviews>
   277085
  </reviews>
  <new>
   -
  </new>
  <exclusive>
   no
  </exclusive>
  <sporty>
   yes
  </sporty>
 </clothing>
 <clothing>
  <id>
   258434475
  </id>
  <name>
   New Balance Socks Q-6995
  </name>
  <category>
   Socks
  </category>
  <size>
   XL
  </size>
  <color>
   Зеленый
  </color>
  <material>
   Хлопок
  </material>
  <price>
   455088
  </price>
  <rating>
   4.68
  </rating>
  <reviews>
   216863
  </reviews>
  <new>
   +
  </new>
 </clothing>
 <clothing>
  <id>
   228914452
  </id>
  <name>
   Fila Blouse H-8052
  </name>
  <category>
   Blouse
  </category>
  <size>
   L
  </size>
  <color>
   Желтый
  </color>
  <material>
   Хлопок
  </material>
  <price>
   451044
  </price>
  <rating>
   1.37
  </rating>
  <reviews>
   709128
  </reviews>
  <exclusive>
   yes
  </exclusive>
  <sporty>
   yes
  </sporty>
 </clothing>
 <clothing>
  <id>
   374500334
  </id>
  <name>
   Adidas Skirt K-4789
  </name>
  <category>
   Skirt
  </category>
  <size>
   S
  </size>
  <color>
   Голубой
  </color>
  <material>
   Кожа
  </material>
  <price>
   275671
  </price>
  <rating>
   3.1
  </rating>
  <reviews>
   782744
  </reviews>
  <new>
   -
  </new>
  <exclusive>
   no
  </exclusive>
  <sporty>
   no
  </sporty>
 </clothing>
 <clothing>
  <id>
   647424475
  </id>
  <name>
   Reebok Sweater Z-9247
  </name>
  <category>
   Sweater
  </category>
  <size>
   S
  </size>
  <color>
   Фиолетовый
  </color>
  <material>
   Кожа
  </material>
  <price>
   550100
  </price>
  <rating>
   1.45
  </rating>
  <reviews>
   374176
  </reviews>
  <new>
   -
  </new>
  <exclusive>
   no
  </exclusive>
  <sporty>
   no
  </sporty>
 </clothing>
 <clothing>
  <id>
   975203969
  </id>
  <name>
   Nike Jeans F-7251
  </name>
  <category>
   Jeans
  </category>
  <size>
   M
  </size>
  <color>
   Красный
  </color>
  <material>
   Нейлон
  </material>
  <price>
   336893
  </price>
  <rating>
   2.55
  </rating>
  <reviews>
   44974
  </reviews>
  <new>
   +
  </new>
  <sporty>
   no
  </sporty>
 </clothing>
 <clothing>
  <id>
   573903832
  </id>
  <name>
   PleinSport Socks H-2389
  </name>
  <category>
   Socks
  </category>
  <size>
   M
  </size>
  <color>
   Желтый
  </color>
  <material>
   Хлопок
  </material>
  <price>
   612889
  </price>
  <rating>
   4.31
  </rating>
  <reviews>
   968064
  </reviews>
 </clothing>
 <clothing>
  <id>
   183948687
  </id>
  <name>
   Puma Belts B-9279
  </name>
  <category>
   Belts
  </category>
  <size>
   S
  </size>
  <color>
   Синий
  </color>
  <material>
   Вискоза
  </material>
  <price>
   615388
  </price>
  <rating>
   2.32
  </rating>
  <reviews>
   671349
  </reviews>
  <new>
   -
  </new>
 </clothing>
 <clothing>
  <id>
   300053900
  </id>
  <name>
   Adidas Dress T-3767
  </name>
  <category>
   Dress
  </category>
  <size>
   XL
  </size>
  <color>
   Желтый
  </color>
  <material>
   Вискоза
  </material>
  <price>
   798303
  </price>
  <rating>
   2.22
  </rating>
  <reviews>
   192830
  </reviews>
  <new>
   +
  </new>
  <exclusive>
   no
  </exclusive>
  <sporty>
   yes
  </sporty>
 </clothing>
 <clothing>
  <id>
   405946115
  </id>
  <name>
   New Balance Pants H-6353
  </name>
  <category>
   Pants
  </category>
  <size>
   XL
  </size>
  <color>
   Оранжевый
  </color>
  <material>
   Лен
  </material>
  <price>
   677522
  </price>
  <rating>
   2.84
  </rating>
  <reviews>
   516023
  </reviews>
  <sporty>
   no
  </sporty>
 </clothing>
 <clothing>
  <id>
   280632155
  </id>
  <name>
   Ellesse Hat Z-7773
  </name>
  <category>
   Hat
  </category>
  <size>
   M
  </size>
  <color>
   Зеленый
  </color>
  <material>
   Хлопок
  </material>
  <price>
   226302
  </price>
  <rating>
   3.55
  </rating>
  <reviews>
   10755
  </reviews>
  <new>
   -
  </new>
 </clothing>
 <clothing>
  <id>
   260604186
  </id>
  <name>
   Brooks Hat A-7046
  </name>
  <category>
   Hat
  </category>
  <size>
   L
  </size>
  <color>
   Голубой
  </color>
  <material>
   Полиэстер
  </material>
  <price>
   808644
  </price>
  <rating>
   3.39
  </rating>
  <reviews>
   5182
  </reviews>
  <exclusive>
   no
  </exclusive>
  <sporty>
   yes
  </sporty>
 </clothing>
 <clothing>
  <id>
   327521265
  </id>
  <name>
   Addidas Dress E-5180
  </name>
  <category>
   Dress
  </category>
  <size>
   XL
  </size>
  <color>
   Красный
  </color>
  <material>
   Шелк
  </material>
  <price>
   972196
  </price>
  <rating>
   2.6
  </rating>
  <reviews>
   347742
  </reviews>
  <new>
   -
  </new>
  <exclusive>
   yes
  </exclusive>
  <sporty>
   yes
  </sporty>
 </clothing>
 <clothing>
  <id>
   500203766
  </id>
  <name>
   Addidas T-shirt H-6417
  </name>
  <category>
   T-shirt
  </category>
  <size>
   S
  </size>
  <color>
   Фиолетовый
  </color>
  <material>
   Полиэстер
  </material>
  <price>
   233502
  </price>
  <rating>
   3.95
  </rating>
  <reviews>
   796029
  </reviews>
  <sporty>
   no
  </sporty>
 </clothing>
 <clothing>
  <id>
   548542220
  </id>
  <name>
   Adidas Handbags T-8264
  </name>
  <category>
   Handbags
  </category>
  <size>
   S
  </size>
  <color>
   Синий
  </color>
  <material>
   Шерсть
  </material>
  <price>
   256481
  </price>
  <rating>
   4.78
  </rating>
  <reviews>
   681263
  </reviews>
  <new>
   -
  </new>
  <exclusive>
   no
  </exclusive>
  <sporty>
   no
  </sporty>
 </clothing>
 <clothing>
  <id>
   486705828
  </id>
  <name>
   Vans Pants J-9873
  </name>
  <category>
   Pants
  </category>
  <size>
   L
  </size>
  <color>
   Красный
  </color>
  <material>
   Полиэстер
  </material>
  <price>
   872952
  </price>
  <rating>
   4.13
  </rating>
  <reviews>
   951802
  </reviews>
  <new>
   -
  </new>
  <exclusive>
   no
  </exclusive>
  <sporty>
   no
  </sporty>
 </clothing>
 <clothing>
  <id>
   466518206
  </id>
  <name>
   Lacoste T-shirt Y-5701
  </name>
  <category>
   T-shirt
  </category>
  <size>
   S
  </size>
  <color>
   Зеленый
  </color>
  <material>
   Кожа
  </material>
  <price>
   310169
  </price>
  <rating>
   3.45
  </rating>
  <reviews>
   329715
  </reviews>
  <new>
   -
  </new>
  <exclusive>
   no
  </exclusive>
 </clothing>
 <clothing>
  <id>
   859491249
  </id>
  <name>
   Lacoste Jacket Q-2740
  </name>
  <category>
   Jacket
  </category>
  <size>
   S
  </size>
  <color>
   Желтый
  </color>
  <material>
   Шелк
  </material>
  <price>
   469958
  </price>
  <rating>
   3.97
  </rating>
  <reviews>
   966867
  </reviews>
 </clothing>
 <clothing>
  <id>
   835733305
  </id>
  <name>
   Brooks Jeans L-9677
  </name>
  <category>
   Jeans
  </category>
  <size>
   S
  </size>
  <color>
   Желтый
  </color>
  <material>
   Шелк
  </material>
  <price>
   186951
  </price>
  <rating>
   1.09
  </rating>
  <reviews>
   861242
  </reviews>
  <exclusive>
   yes
  </exclusive>
  <sporty>
   no
  </sporty>
 </clothing>
 <clothing>
  <id>
   991983042
  </id>
  <name>
   PleinSport Gloves D-4193
  </name>
  <category>
   Gloves
  </category>
  <size>
   L
  </size>
  <color>
   Зеленый
  </color>
  <material>
   Вискоза
  </material>
  <price>
   968797
  </price>
  <rating>
   4.96
  </rating>
  <reviews>
   792366
  </reviews>
  <new>
   -
  </new>
  <exclusive>
   no
  </exclusive>
  <sporty>
   yes
  </sporty>
 </clothing>
 <clothing>
  <id>
   938909099
  </id>
  <name>
   Reebok Umbrellas E-4094
  </name>
  <category>
   Umbrellas
  </category>
  <size>
   L
  </size>
  <color>
   Фиолетовый
  </color>
  <material>
   Лен
  </material>
  <price>
   812615
  </price>
  <rating>
   1.4
  </rating>
  <reviews>
   424938
  </reviews>
  <exclusive>
   yes
  </exclusive>
  <sporty>
   yes
  </sporty>
 </clothing>
 <clothing>
  <id>
   213050090
  </id>
  <name>
   Puma Jeans K-4952
  </name>
  <category>
   Jeans
  </category>
  <size>
   XL
  </size>
  <color>
   Желтый
  </color>
  <material>
   Кожа
  </material>
  <price>
   154116
  </price>
  <rating>
   4.26
  </rating>
  <reviews>
   676296
  </reviews>
  <new>
   -
  </new>
 </clothing>
 <clothing>
  <id>
   660285883
  </id>
  <name>
   Reebok Pants P-7926
  </name>
  <category>
   Pants
  </category>
  <size>
   XXL
  </size>
  <color>
   Оранжевый
  </color>
  <material>
   Вискоза
  </material>
  <price>
   664299
  </price>
  <rating>
   2.91
  </rating>
  <reviews>
   290537
  </reviews>
  <new>
   -
  </new>
  <exclusive>
   no
  </exclusive>
 </clothing>
 <clothing>
  <id>
   773648589
  </id>
  <name>
   Puma Sweater X-6003
  </name>
  <category>
   Sweater
  </category>
  <size>
   L
  </size>
  <color>
   Желтый
  </color>
  <material>
   Хлопок
  </material>
  <price>
   193330
  </price>
  <rating>
   4.27
  </rating>
  <reviews>
   344487
  </reviews>
  <new>
   -
  </new>
  <exclusive>
   no
  </exclusive>
 </clothing>
 <clothing>
  <id>
   582264837
  </id>
  <name>
   New Balance Dress V-4776
  </name>
  <category>
   Dress
  </category>
  <size>
   XXL
  </size>
  <color>
   Красный
  </color>
  <material>
   Кожа
  </material>
  <price>
   142802
  </price>
  <rating>
   2.74
  </rating>
  <reviews>
   969923
  </reviews>
  <new>
   -
  </new>
  <exclusive>
   yes
  </exclusive>
 </clothing>
</clothing-items>
