<?xml version="1.0" encoding="utf-8"?>
<clothing-items>
 <clothing>
  <id>
   287628805
  </id>
  <name>
   New Balance T-shirt M-7821
  </name>
  <category>
   T-shirt
  </category>
  <size>
   XL
  </size>
  <color>
   Синий
  </color>
  <material>
   Шерсть
  </material>
  <price>
   896473
  </price>
  <rating>
   3.05
  </rating>
  <reviews>
   84467
  </reviews>
  <sporty>
   yes
  </sporty>
 </clothing>
 <clothing>
  <id>
   140335543
  </id>
  <name>
   Adidas Socks J-2320
  </name>
  <category>
   Socks
  </category>
  <size>
   M
  </size>
  <color>
   Голубой
  </color>
  <material>
   Шелк
  </material>
  <price>
   807662
  </price>
  <rating>
   1.92
  </rating>
  <reviews>
   854042
  </reviews>
 </clothing>
 <clothing>
  <id>
   546478213
  </id>
  <name>
   Fila Handbags G-9531
  </name>
  <category>
   Handbags
  </category>
  <size>
   XXL
  </size>
  <color>
   Красный
  </color>
  <material>
   Хлопок
  </material>
  <price>
   521706
  </price>
  <rating>
   3.94
  </rating>
  <reviews>
   634141
  </reviews>
  <exclusive>
   no
  </exclusive>
 </clothing>
 <clothing>
  <id>
   903184316
  </id>
  <name>
   Asics Socks K-4147
  </name>
  <category>
   Socks
  </category>
  <size>
   S
  </size>
  <color>
   Желтый
  </color>
  <material>
   Полиэстер
  </material>
  <price>
   253305
  </price>
  <rating>
   4.79
  </rating>
  <reviews>
   256943
  </reviews>
 </clothing>
 <clothing>
  <id>
   465113489
  </id>
  <name>
   PleinSport Gloves F-6625
  </name>
  <category>
   Gloves
  </category>
  <size>
   S
  </size>
  <color>
   Фиолетовый
  </color>
  <material>
   Лен
  </material>
  <price>
   302972
  </price>
  <rating>
   4.53
  </rating>
  <reviews>
   291259
  </reviews>
  <new>
   -
  </new>
  <exclusive>
   yes
  </exclusive>
  <sporty>
   no
  </sporty>
 </clothing>
 <clothing>
  <id>
   203194121
  </id>
  <name>
   Converse Hat R-4142
  </name>
  <category>
   Hat
  </category>
  <size>
   S
  </size>
  <color>
   Голубой
  </color>
  <material>
   Хлопок
  </material>
  <price>
   893411
  </price>
  <rating>
   1.72
  </rating>
  <reviews>
   236728
  </reviews>
  <new>
   -
  </new>
  <exclusive>
   no
  </exclusive>
 </clothing>
 <clothing>
  <id>
   471565621
  </id>
  <name>
   Reebok Hat K-6088
  </name>
  <category>
   Hat
  </category>
  <size>
   L
  </size>
  <color>
   Оранжевый
  </color>
  <material>
   Лен
  </material>
  <price>
   537137
  </price>
  <rating>
   4.78
  </rating>
  <reviews>
   280492
  </reviews>
  <exclusive>
   no
  </exclusive>
  <sporty>
   no
  </sporty>
 </clothing>
 <clothing>
  <id>
   659955183
  </id>
  <name>
   PleinSport Belts I-1938
  </name>
  <category>
   Belts
  </category>
  <size>
   XXL
  </size>
  <color>
   Оранжевый
  </color>
  <material>
   Шерсть
  </material>
  <price>
   894908
  </price>
  <rating>
   4.41
  </rating>
  <reviews>
   875242
  </reviews>
  <new>
   -
  </new>
  <exclusive>
   no
  </exclusive>
 </clothing>
 <clothing>
  <id>
   737318435
  </id>
  <name>
   New Balance Belts H-6322
  </name>
  <category>
   Belts
  </category>
  <size>
   M
  </size>
  <color>
   Оранжевый
  </color>
  <material>
   Хлопок
  </material>
  <price>
   527283
  </price>
  <rating>
   3.88
  </rating>
  <reviews>
   443200
  </reviews>
  <new>
   +
  </new>
  <exclusive>
   no
  </exclusive>
  <sporty>
   yes
  </sporty>
 </clothing>
 <clothing>
  <id>
   671783819
  </id>
  <name>
   Nike Jacket T-1318
  </name>
  <category>
   Jacket
  </category>
  <size>
   XXL
  </size>
  <color>
   Красный
  </color>
  <material>
   Нейлон
  </material>
  <price>
   256813
  </price>
  <rating>
   3.48
  </rating>
  <reviews>
   378070
  </reviews>
  <new>
   -
  </new>
  <exclusive>
   no
  </exclusive>
 </clothing>
 <clothing>
  <id>
   718296010
  </id>
  <name>
   DC Belts D-8850
  </name>
  <category>
   Belts
  </category>
  <size>
   S
  </size>
  <color>
   Синий
  </color>
  <material>
   Лен
  </material>
  <price>
   828035
  </price>
  <rating>
   4.64
  </rating>
  <reviews>
   875127
  </reviews>
  <new>
   +
  </new>
 </clothing>
 <clothing>
  <id>
   642257397
  </id>
  <name>
   Asics Dress P-2037
  </name>
  <category>
   Dress
  </category>
  <size>
   M
  </size>
  <color>
   Зеленый
  </color>
  <material>
   Полиэстер
  </material>
  <price>
   911284
  </price>
  <rating>
   1.72
  </rating>
  <reviews>
   197902
  </reviews>
  <new>
   -
  </new>
  <exclusive>
   yes
  </exclusive>
 </clothing>
</clothing-items>
