<?xml version="1.0" encoding="utf-8"?>
<clothing-items>
 <clothing>
  <id>
   742297803
  </id>
  <name>
   DC Socks J-9669
  </name>
  <category>
   Socks
  </category>
  <size>
   M
  </size>
  <color>
   Оранжевый
  </color>
  <material>
   Полиэстер
  </material>
  <price>
   474588
  </price>
  <rating>
   1.77
  </rating>
  <reviews>
   848499
  </reviews>
  <new>
   +
  </new>
  <exclusive>
   yes
  </exclusive>
  <sporty>
   no
  </sporty>
 </clothing>
 <clothing>
  <id>
   667275452
  </id>
  <name>
   Lacoste Umbrellas D-8964
  </name>
  <category>
   Umbrellas
  </category>
  <size>
   S
  </size>
  <color>
   Голубой
  </color>
  <material>
   Хлопок
  </material>
  <price>
   732277
  </price>
  <rating>
   2.22
  </rating>
  <reviews>
   587498
  </reviews>
  <sporty>
   no
  </sporty>
 </clothing>
 <clothing>
  <id>
   375723347
  </id>
  <name>
   PleinSport Shoes N-6573
  </name>
  <category>
   Shoes
  </category>
  <size>
   XXL
  </size>
  <color>
   Синий
  </color>
  <material>
   Лен
  </material>
  <price>
   484585
  </price>
  <rating>
   4.95
  </rating>
  <reviews>
   739585
  </reviews>
  <new>
   -
  </new>
  <sporty>
   no
  </sporty>
 </clothing>
 <clothing>
  <id>
   636787158
  </id>
  <name>
   Adidas Umbrellas R-9897
  </name>
  <category>
   Umbrellas
  </category>
  <size>
   M
  </size>
  <color>
   Фиолетовый
  </color>
  <material>
   Полиэстер
  </material>
  <price>
   547565
  </price>
  <rating>
   1.93
  </rating>
  <reviews>
   114740
  </reviews>
  <sporty>
   no
  </sporty>
 </clothing>
 <clothing>
  <id>
   429554641
  </id>
  <name>
   Reebok Shoes O-1111
  </name>
  <category>
   Shoes
  </category>
  <size>
   S
  </size>
  <color>
   Зеленый
  </color>
  <material>
   Шелк
  </material>
  <price>
   627926
  </price>
  <rating>
   1.56
  </rating>
  <reviews>
   984674
  </reviews>
  <new>
   -
  </new>
  <exclusive>
   yes
  </exclusive>
  <sporty>
   yes
  </sporty>
 </clothing>
 <clothing>
  <id>
   415731806
  </id>
  <name>
   Lacoste Pants X-9639
  </name>
  <category>
   Pants
  </category>
  <size>
   L
  </size>
  <color>
   Желтый
  </color>
  <material>
   Лен
  </material>
  <price>
   298940
  </price>
  <rating>
   1.04
  </rating>
  <reviews>
   390739
  </reviews>
  <new>
   -
  </new>
  <exclusive>
   yes
  </exclusive>
  <sporty>
   no
  </sporty>
 </clothing>
 <clothing>
  <id>
   576411021
  </id>
  <name>
   Nike Shoes B-2307
  </name>
  <category>
   Shoes
  </category>
  <size>
   S
  </size>
  <color>
   Голубой
  </color>
  <material>
   Лен
  </material>
  <price>
   414234
  </price>
  <rating>
   2.23
  </rating>
  <reviews>
   190866
  </reviews>
  <new>
   -
  </new>
  <exclusive>
   no
  </exclusive>
  <sporty>
   no
  </sporty>
 </clothing>
 <clothing>
  <id>
   558960878
  </id>
  <name>
   Adidas Socks F-7105
  </name>
  <category>
   Socks
  </category>
  <size>
   XXL
  </size>
  <color>
   Голубой
  </color>
  <material>
   Нейлон
  </material>
  <price>
   284116
  </price>
  <rating>
   2.33
  </rating>
  <reviews>
   845102
  </reviews>
  <new>
   +
  </new>
  <exclusive>
   no
  </exclusive>
 </clothing>
 <clothing>
  <id>
   754933916
  </id>
  <name>
   Converse Gloves S-5592
  </name>
  <category>
   Gloves
  </category>
  <size>
   XXL
  </size>
  <color>
   Синий
  </color>
  <material>
   Шелк
  </material>
  <price>
   493117
  </price>
  <rating>
   3.57
  </rating>
  <reviews>
   62112
  </reviews>
  <new>
   -
  </new>
  <sporty>
   no
  </sporty>
 </clothing>
 <clothing>
  <id>
   960447625
  </id>
  <name>
   Puma Pants X-7382
  </name>
  <category>
   Pants
  </category>
  <size>
   L
  </size>
  <color>
   Оранжевый
  </color>
  <material>
   Кожа
  </material>
  <price>
   858028
  </price>
  <rating>
   2.44
  </rating>
  <reviews>
   651060
  </reviews>
  <new>
   -
  </new>
  <exclusive>
   yes
  </exclusive>
 </clothing>
 <clothing>
  <id>
   754188210
  </id>
  <name>
   Vans Socks H-8460
  </name>
  <category>
   Socks
  </category>
  <size>
   L
  </size>
  <color>
   Фиолетовый
  </color>
  <material>
   Лен
  </material>
  <price>
   283721
  </price>
  <rating>
   4.2
  </rating>
  <reviews>
   424739
  </reviews>
  <sporty>
   yes
  </sporty>
 </clothing>
 <clothing>
  <id>
   439073105
  </id>
  <name>
   Brooks Sweater D-6690
  </name>
  <category>
   Sweater
  </category>
  <size>
   S
  </size>
  <color>
   Желтый
  </color>
  <material>
   Кожа
  </material>
  <price>
   471524
  </price>
  <rating>
   1.07
  </rating>
  <reviews>
   696075
  </reviews>
  <exclusive>
   no
  </exclusive>
  <sporty>
   yes
  </sporty>
 </clothing>
 <clothing>
  <id>
   526274574
  </id>
  <name>
   Lacoste Jacket E-1525
  </name>
  <category>
   Jacket
  </category>
  <size>
   L
  </size>
  <color>
   Красный
  </color>
  <material>
   Шерсть
  </material>
  <price>
   381658
  </price>
  <rating>
   1.91
  </rating>
  <reviews>
   94401
  </reviews>
  <new>
   -
  </new>
  <exclusive>
   no
  </exclusive>
  <sporty>
   yes
  </sporty>
 </clothing>
 <clothing>
  <id>
   642954353
  </id>
  <name>
   Adidas Belts W-4760
  </name>
  <category>
   Belts
  </category>
  <size>
   S
  </size>
  <color>
   Красный
  </color>
  <material>
   Шелк
  </material>
  <price>
   154546
  </price>
  <rating>
   1.85
  </rating>
  <reviews>
   825845
  </reviews>
  <exclusive>
   no
  </exclusive>
  <sporty>
   yes
  </sporty>
 </clothing>
 <clothing>
  <id>
   676516620
  </id>
  <name>
   Addidas Jacket V-3112
  </name>
  <category>
   Jacket
  </category>
  <size>
   M
  </size>
  <color>
   Красный
  </color>
  <material>
   Шелк
  </material>
  <price>
   784647
  </price>
  <rating>
   4.8
  </rating>
  <reviews>
   586661
  </reviews>
  <sporty>
   no
  </sporty>
 </clothing>
 <clothing>
  <id>
   647537310
  </id>
  <name>
   Addidas Handbags E-8447
  </name>
  <category>
   Handbags
  </category>
  <size>
   M
  </size>
  <color>
   Синий
  </color>
  <material>
   Шелк
  </material>
  <price>
   449707
  </price>
  <rating>
   4.61
  </rating>
  <reviews>
   495965
  </reviews>
  <exclusive>
   no
  </exclusive>
 </clothing>
 <clothing>
  <id>
   993257810
  </id>
  <name>
   Nike Sweater F-2675
  </name>
  <category>
   Sweater
  </category>
  <size>
   XL
  </size>
  <color>
   Голубой
  </color>
  <material>
   Полиэстер
  </material>
  <price>
   371742
  </price>
  <rating>
   3.34
  </rating>
  <reviews>
   965741
  </reviews>
  <exclusive>
   yes
  </exclusive>
  <sporty>
   yes
  </sporty>
 </clothing>
 <clothing>
  <id>
   645399701
  </id>
  <name>
   Ellesse Socks N-9424
  </name>
  <category>
   Socks
  </category>
  <size>
   S
  </size>
  <color>
   Зеленый
  </color>
  <material>
   Полиэстер
  </material>
  <price>
   345427
  </price>
  <rating>
   2.85
  </rating>
  <reviews>
   91443
  </reviews>
  <new>
   -
  </new>
  <sporty>
   no
  </sporty>
 </clothing>
 <clothing>
  <id>
   454782094
  </id>
  <name>
   Reebok T-shirt P-2485
  </name>
  <category>
   T-shirt
  </category>
  <size>
   XXL
  </size>
  <color>
   Желтый
  </color>
  <material>
   Полиэстер
  </material>
  <price>
   735118
  </price>
  <rating>
   2.69
  </rating>
  <reviews>
   352815
  </reviews>
  <new>
   +
  </new>
  <exclusive>
   no
  </exclusive>
 </clothing>
 <clothing>
  <id>
   580848499
  </id>
  <name>
   Brooks Dress K-8080
  </name>
  <category>
   Dress
  </category>
  <size>
   L
  </size>
  <color>
   Зеленый
  </color>
  <material>
   Вискоза
  </material>
  <price>
   165517
  </price>
  <rating>
   3.47
  </rating>
  <reviews>
   453738
  </reviews>
  <new>
   -
  </new>
 </clothing>
 <clothing>
  <id>
   734971631
  </id>
  <name>
   Puma Umbrellas I-7312
  </name>
  <category>
   Umbrellas
  </category>
  <size>
   XL
  </size>
  <color>
   Синий
  </color>
  <material>
   Вискоза
  </material>
  <price>
   687574
  </price>
  <rating>
   3.03
  </rating>
  <reviews>
   289577
  </reviews>
  <new>
   -
  </new>
  <exclusive>
   no
  </exclusive>
 </clothing>
</clothing-items>
