<?xml version="1.0" encoding="utf-8"?>
<clothing-items>
 <clothing>
  <id>
   729561111
  </id>
  <name>
   Converse T-shirt C-9929
  </name>
  <category>
   T-shirt
  </category>
  <size>
   XXL
  </size>
  <color>
   Фиолетовый
  </color>
  <material>
   Шерсть
  </material>
  <price>
   631339
  </price>
  <rating>
   3.36
  </rating>
  <reviews>
   746047
  </reviews>
  <new>
   +
  </new>
  <exclusive>
   no
  </exclusive>
  <sporty>
   no
  </sporty>
 </clothing>
 <clothing>
  <id>
   547785027
  </id>
  <name>
   Asics Dress K-6346
  </name>
  <category>
   Dress
  </category>
  <size>
   XL
  </size>
  <color>
   Синий
  </color>
  <material>
   Вискоза
  </material>
  <price>
   405964
  </price>
  <rating>
   4.31
  </rating>
  <reviews>
   883552
  </reviews>
  <exclusive>
   yes
  </exclusive>
  <sporty>
   yes
  </sporty>
 </clothing>
 <clothing>
  <id>
   270733254
  </id>
  <name>
   Under Armour Pants D-9556
  </name>
  <category>
   Pants
  </category>
  <size>
   XXL
  </size>
  <color>
   Синий
  </color>
  <material>
   Лен
  </material>
  <price>
   286683
  </price>
  <rating>
   4.0
  </rating>
  <reviews>
   825535
  </reviews>
  <new>
   +
  </new>
  <sporty>
   yes
  </sporty>
 </clothing>
 <clothing>
  <id>
   404835313
  </id>
  <name>
   Ellesse Pants H-5123
  </name>
  <category>
   Pants
  </category>
  <size>
   L
  </size>
  <color>
   Зеленый
  </color>
  <material>
   Нейлон
  </material>
  <price>
   564679
  </price>
  <rating>
   3.73
  </rating>
  <reviews>
   524416
  </reviews>
  <exclusive>
   no
  </exclusive>
  <sporty>
   no
  </sporty>
 </clothing>
 <clothing>
  <id>
   776018231
  </id>
  <name>
   DC Pants M-2209
  </name>
  <category>
   Pants
  </category>
  <size>
   XXL
  </size>
  <color>
   Желтый
  </color>
  <material>
   Вискоза
  </material>
  <price>
   923577
  </price>
  <rating>
   1.4
  </rating>
  <reviews>
   8346
  </reviews>
  <new>
   -
  </new>
 </clothing>
 <clothing>
  <id>
   255680956
  </id>
  <name>
   Brooks Shoes J-6484
  </name>
  <category>
   Shoes
  </category>
  <size>
   L
  </size>
  <color>
   Зеленый
  </color>
  <material>
   Кожа
  </material>
  <price>
   377708
  </price>
  <rating>
   4.94
  </rating>
  <reviews>
   136212
  </reviews>
  <new>
   -
  </new>
  <exclusive>
   no
  </exclusive>
  <sporty>
   no
  </sporty>
 </clothing>
 <clothing>
  <id>
   284008908
  </id>
  <name>
   Fila Hat X-2314
  </name>
  <category>
   Hat
  </category>
  <size>
   S
  </size>
  <color>
   Голубой
  </color>
  <material>
   Нейлон
  </material>
  <price>
   264185
  </price>
  <rating>
   3.28
  </rating>
  <reviews>
   392690
  </reviews>
  <new>
   -
  </new>
  <exclusive>
   yes
  </exclusive>
  <sporty>
   yes
  </sporty>
 </clothing>
 <clothing>
  <id>
   494169023
  </id>
  <name>
   DC Gloves R-2057
  </name>
  <category>
   Gloves
  </category>
  <size>
   S
  </size>
  <color>
   Зеленый
  </color>
  <material>
   Кожа
  </material>
  <price>
   743371
  </price>
  <rating>
   4.41
  </rating>
  <reviews>
   534962
  </reviews>
  <exclusive>
   yes
  </exclusive>
  <sporty>
   no
  </sporty>
 </clothing>
 <clothing>
  <id>
   868261020
  </id>
  <name>
   Converse Jeans K-4645
  </name>
  <category>
   Jeans
  </category>
  <size>
   XXL
  </size>
  <color>
   Красный
  </color>
  <material>
   Хлопок
  </material>
  <price>
   614075
  </price>
  <rating>
   1.74
  </rating>
  <reviews>
   998295
  </reviews>
  <new>
   -
  </new>
  <exclusive>
   yes
  </exclusive>
 </clothing>
 <clothing>
  <id>
   171553669
  </id>
  <name>
   Addidas Skirt X-1957
  </name>
  <category>
   Skirt
  </category>
  <size>
   XL
  </size>
  <color>
   Желтый
  </color>
  <material>
   Вискоза
  </material>
  <price>
   596625
  </price>
  <rating>
   4.31
  </rating>
  <reviews>
   548517
  </reviews>
  <new>
   -
  </new>
  <exclusive>
   no
  </exclusive>
 </clothing>
 <clothing>
  <id>
   239193372
  </id>
  <name>
   Converse Gloves J-3421
  </name>
  <category>
   Gloves
  </category>
  <size>
   S
  </size>
  <color>
   Оранжевый
  </color>
  <material>
   Полиэстер
  </material>
  <price>
   377025
  </price>
  <rating>
   1.21
  </rating>
  <reviews>
   127445
  </reviews>
  <new>
   -
  </new>
  <sporty>
   no
  </sporty>
 </clothing>
 <clothing>
  <id>
   823481947
  </id>
  <name>
   Asics Socks W-5912
  </name>
  <category>
   Socks
  </category>
  <size>
   L
  </size>
  <color>
   Желтый
  </color>
  <material>
   Нейлон
  </material>
  <price>
   683161
  </price>
  <rating>
   1.83
  </rating>
  <reviews>
   559857
  </reviews>
  <sporty>
   no
  </sporty>
 </clothing>
 <clothing>
  <id>
   500243158
  </id>
  <name>
   Lacoste Socks F-6747
  </name>
  <category>
   Socks
  </category>
  <size>
   M
  </size>
  <color>
   Голубой
  </color>
  <material>
   Нейлон
  </material>
  <price>
   555580
  </price>
  <rating>
   3.7
  </rating>
  <reviews>
   156183
  </reviews>
  <exclusive>
   yes
  </exclusive>
  <sporty>
   no
  </sporty>
 </clothing>
 <clothing>
  <id>
   772019511
  </id>
  <name>
   Fila Shirt X-5892
  </name>
  <category>
   Shirt
  </category>
  <size>
   XL
  </size>
  <color>
   Синий
  </color>
  <material>
   Кожа
  </material>
  <price>
   808768
  </price>
  <rating>
   2.25
  </rating>
  <reviews>
   667114
  </reviews>
  <new>
   -
  </new>
  <exclusive>
   yes
  </exclusive>
 </clothing>
 <clothing>
  <id>
   178759219
  </id>
  <name>
   PleinSport Shoes N-8568
  </name>
  <category>
   Shoes
  </category>
  <size>
   XXL
  </size>
  <color>
   Красный
  </color>
  <material>
   Полиэстер
  </material>
  <price>
   126988
  </price>
  <rating>
   3.29
  </rating>
  <reviews>
   973149
  </reviews>
  <exclusive>
   yes
  </exclusive>
  <sporty>
   yes
  </sporty>
 </clothing>
 <clothing>
  <id>
   143789704
  </id>
  <name>
   Vans Dress H-4558
  </name>
  <category>
   Dress
  </category>
  <size>
   M
  </size>
  <color>
   Синий
  </color>
  <material>
   Кожа
  </material>
  <price>
   182557
  </price>
  <rating>
   4.56
  </rating>
  <reviews>
   263664
  </reviews>
  <new>
   +
  </new>
  <exclusive>
   yes
  </exclusive>
  <sporty>
   no
  </sporty>
 </clothing>
 <clothing>
  <id>
   951532002
  </id>
  <name>
   Brooks Dress W-5299
  </name>
  <category>
   Dress
  </category>
  <size>
   S
  </size>
  <color>
   Голубой
  </color>
  <material>
   Кожа
  </material>
  <price>
   361298
  </price>
  <rating>
   4.04
  </rating>
  <reviews>
   46424
  </reviews>
  <exclusive>
   no
  </exclusive>
 </clothing>
 <clothing>
  <id>
   930535667
  </id>
  <name>
   Brooks Skirt R-5903
  </name>
  <category>
   Skirt
  </category>
  <size>
   M
  </size>
  <color>
   Желтый
  </color>
  <material>
   Шелк
  </material>
  <price>
   193331
  </price>
  <rating>
   3.79
  </rating>
  <reviews>
   718162
  </reviews>
  <new>
   +
  </new>
  <exclusive>
   no
  </exclusive>
  <sporty>
   yes
  </sporty>
 </clothing>
 <clothing>
  <id>
   222762118
  </id>
  <name>
   New Balance Shoes O-2547
  </name>
  <category>
   Shoes
  </category>
  <size>
   S
  </size>
  <color>
   Фиолетовый
  </color>
  <material>
   Шерсть
  </material>
  <price>
   911231
  </price>
  <rating>
   2.59
  </rating>
  <reviews>
   304538
  </reviews>
  <new>
   +
  </new>
  <exclusive>
   no
  </exclusive>
  <sporty>
   yes
  </sporty>
 </clothing>
 <clothing>
  <id>
   108130801
  </id>
  <name>
   Ellesse T-shirt V-3473
  </name>
  <category>
   T-shirt
  </category>
  <size>
   XL
  </size>
  <color>
   Фиолетовый
  </color>
  <material>
   Лен
  </material>
  <price>
   831614
  </price>
  <rating>
   2.89
  </rating>
  <reviews>
   7260
  </reviews>
  <new>
   -
  </new>
  <exclusive>
   yes
  </exclusive>
 </clothing>
 <clothing>
  <id>
   180629366
  </id>
  <name>
   Fila Shoes S-1030
  </name>
  <category>
   Shoes
  </category>
  <size>
   XL
  </size>
  <color>
   Красный
  </color>
  <material>
   Кожа
  </material>
  <price>
   844297
  </price>
  <rating>
   1.35
  </rating>
  <reviews>
   807496
  </reviews>
  <new>
   -
  </new>
  <exclusive>
   no
  </exclusive>
  <sporty>
   yes
  </sporty>
 </clothing>
 <clothing>
  <id>
   446902076
  </id>
  <name>
   Puma Sweater V-6335
  </name>
  <category>
   Sweater
  </category>
  <size>
   M
  </size>
  <color>
   Фиолетовый
  </color>
  <material>
   Кожа
  </material>
  <price>
   237906
  </price>
  <rating>
   3.85
  </rating>
  <reviews>
   471458
  </reviews>
  <new>
   -
  </new>
  <exclusive>
   no
  </exclusive>
  <sporty>
   no
  </sporty>
 </clothing>
 <clothing>
  <id>
   565405423
  </id>
  <name>
   Addidas Shoes R-2769
  </name>
  <category>
   Shoes
  </category>
  <size>
   XL
  </size>
  <color>
   Голубой
  </color>
  <material>
   Лен
  </material>
  <price>
   554163
  </price>
  <rating>
   1.64
  </rating>
  <reviews>
   291058
  </reviews>
  <new>
   +
  </new>
 </clothing>
 <clothing>
  <id>
   190288282
  </id>
  <name>
   Addidas Jeans U-2374
  </name>
  <category>
   Jeans
  </category>
  <size>
   M
  </size>
  <color>
   Фиолетовый
  </color>
  <material>
   Шелк
  </material>
  <price>
   720683
  </price>
  <rating>
   1.57
  </rating>
  <reviews>
   744630
  </reviews>
  <exclusive>
   no
  </exclusive>
  <sporty>
   no
  </sporty>
 </clothing>
 <clothing>
  <id>
   252917585
  </id>
  <name>
   Lacoste Gloves W-6038
  </name>
  <category>
   Gloves
  </category>
  <size>
   XXL
  </size>
  <color>
   Зеленый
  </color>
  <material>
   Лен
  </material>
  <price>
   193565
  </price>
  <rating>
   4.19
  </rating>
  <reviews>
   268123
  </reviews>
  <new>
   -
  </new>
  <sporty>
   yes
  </sporty>
 </clothing>
 <clothing>
  <id>
   812506618
  </id>
  <name>
   Asics Pants V-7420
  </name>
  <category>
   Pants
  </category>
  <size>
   XL
  </size>
  <color>
   Зеленый
  </color>
  <material>
   Шерсть
  </material>
  <price>
   358638
  </price>
  <rating>
   2.78
  </rating>
  <reviews>
   337465
  </reviews>
 </clothing>
 <clothing>
  <id>
   611298131
  </id>
  <name>
   Lacoste Jeans S-6881
  </name>
  <category>
   Jeans
  </category>
  <size>
   XXL
  </size>
  <color>
   Красный
  </color>
  <material>
   Шелк
  </material>
  <price>
   270823
  </price>
  <rating>
   3.23
  </rating>
  <reviews>
   468439
  </reviews>
  <sporty>
   no
  </sporty>
 </clothing>
 <clothing>
  <id>
   556082130
  </id>
  <name>
   Lacoste Pants D-8764
  </name>
  <category>
   Pants
  </category>
  <size>
   M
  </size>
  <color>
   Синий
  </color>
  <material>
   Полиэстер
  </material>
  <price>
   864469
  </price>
  <rating>
   4.83
  </rating>
  <reviews>
   904173
  </reviews>
  <exclusive>
   no
  </exclusive>
  <sporty>
   no
  </sporty>
 </clothing>
 <clothing>
  <id>
   187140571
  </id>
  <name>
   Vans Handbags G-8930
  </name>
  <category>
   Handbags
  </category>
  <size>
   L
  </size>
  <color>
   Желтый
  </color>
  <material>
   Полиэстер
  </material>
  <price>
   617951
  </price>
  <rating>
   1.47
  </rating>
  <reviews>
   260511
  </reviews>
  <exclusive>
   yes
  </exclusive>
  <sporty>
   yes
  </sporty>
 </clothing>
 <clothing>
  <id>
   259977558
  </id>
  <name>
   New Balance Blouse F-1180
  </name>
  <category>
   Blouse
  </category>
  <size>
   XXL
  </size>
  <color>
   Голубой
  </color>
  <material>
   Кожа
  </material>
  <price>
   648790
  </price>
  <rating>
   1.12
  </rating>
  <reviews>
   968342
  </reviews>
  <new>
   +
  </new>
  <exclusive>
   no
  </exclusive>
 </clothing>
 <clothing>
  <id>
   893120132
  </id>
  <name>
   Puma Skirt L-3898
  </name>
  <category>
   Skirt
  </category>
  <size>
   XL
  </size>
  <color>
   Красный
  </color>
  <material>
   Нейлон
  </material>
  <price>
   790028
  </price>
  <rating>
   3.64
  </rating>
  <reviews>
   988048
  </reviews>
  <new>
   -
  </new>
  <exclusive>
   no
  </exclusive>
 </clothing>
 <clothing>
  <id>
   443920602
  </id>
  <name>
   Vans Umbrellas Q-8442
  </name>
  <category>
   Umbrellas
  </category>
  <size>
   XL
  </size>
  <color>
   Голубой
  </color>
  <material>
   Шерсть
  </material>
  <price>
   637788
  </price>
  <rating>
   1.6
  </rating>
  <reviews>
   63054
  </reviews>
  <sporty>
   no
  </sporty>
 </clothing>
 <clothing>
  <id>
   481991214
  </id>
  <name>
   Adidas Gloves M-6157
  </name>
  <category>
   Gloves
  </category>
  <size>
   XL
  </size>
  <color>
   Красный
  </color>
  <material>
   Кожа
  </material>
  <price>
   445645
  </price>
  <rating>
   4.78
  </rating>
  <reviews>
   271334
  </reviews>
  <new>
   -
  </new>
  <exclusive>
   no
  </exclusive>
  <sporty>
   no
  </sporty>
 </clothing>
 <clothing>
  <id>
   650791600
  </id>
  <name>
   Lacoste Blouse Y-7241
  </name>
  <category>
   Blouse
  </category>
  <size>
   M
  </size>
  <color>
   Красный
  </color>
  <material>
   Нейлон
  </material>
  <price>
   659356
  </price>
  <rating>
   1.02
  </rating>
  <reviews>
   445408
  </reviews>
  <sporty>
   yes
  </sporty>
 </clothing>
 <clothing>
  <id>
   166324350
  </id>
  <name>
   Fila Shirt B-9649
  </name>
  <category>
   Shirt
  </category>
  <size>
   L
  </size>
  <color>
   Фиолетовый
  </color>
  <material>
   Шерсть
  </material>
  <price>
   125496
  </price>
  <rating>
   1.67
  </rating>
  <reviews>
   560303
  </reviews>
  <new>
   -
  </new>
  <exclusive>
   yes
  </exclusive>
  <sporty>
   yes
  </sporty>
 </clothing>
 <clothing>
  <id>
   114607117
  </id>
  <name>
   Asics Jacket C-6209
  </name>
  <category>
   Jacket
  </category>
  <size>
   S
  </size>
  <color>
   Желтый
  </color>
  <material>
   Полиэстер
  </material>
  <price>
   605244
  </price>
  <rating>
   1.1
  </rating>
  <reviews>
   392232
  </reviews>
  <new>
   -
  </new>
  <exclusive>
   yes
  </exclusive>
 </clothing>
 <clothing>
  <id>
   391546522
  </id>
  <name>
   Lacoste Skirt L-1497
  </name>
  <category>
   Skirt
  </category>
  <size>
   L
  </size>
  <color>
   Фиолетовый
  </color>
  <material>
   Вискоза
  </material>
  <price>
   594317
  </price>
  <rating>
   3.72
  </rating>
  <reviews>
   518575
  </reviews>
  <new>
   +
  </new>
  <exclusive>
   no
  </exclusive>
 </clothing>
</clothing-items>
