<?xml version="1.0" encoding="utf-8"?>
<clothing-items>
 <clothing>
  <id>
   452387516
  </id>
  <name>
   Addidas T-shirt T-1061
  </name>
  <category>
   T-shirt
  </category>
  <size>
   XL
  </size>
  <color>
   Красный
  </color>
  <material>
   Хлопок
  </material>
  <price>
   300083
  </price>
  <rating>
   1.07
  </rating>
  <reviews>
   753099
  </reviews>
  <new>
   -
  </new>
  <exclusive>
   no
  </exclusive>
  <sporty>
   no
  </sporty>
 </clothing>
 <clothing>
  <id>
   600493186
  </id>
  <name>
   Fila Gloves P-7218
  </name>
  <category>
   Gloves
  </category>
  <size>
   M
  </size>
  <color>
   Зеленый
  </color>
  <material>
   Шерсть
  </material>
  <price>
   556182
  </price>
  <rating>
   2.3
  </rating>
  <reviews>
   19564
  </reviews>
 </clothing>
 <clothing>
  <id>
   429786033
  </id>
  <name>
   Under Armour Hat W-6964
  </name>
  <category>
   Hat
  </category>
  <size>
   M
  </size>
  <color>
   Зеленый
  </color>
  <material>
   Вискоза
  </material>
  <price>
   996774
  </price>
  <rating>
   3.48
  </rating>
  <reviews>
   371361
  </reviews>
  <exclusive>
   no
  </exclusive>
 </clothing>
 <clothing>
  <id>
   129278051
  </id>
  <name>
   Under Armour Shirt N-3345
  </name>
  <category>
   Shirt
  </category>
  <size>
   XXL
  </size>
  <color>
   Голубой
  </color>
  <material>
   Шерсть
  </material>
  <price>
   936471
  </price>
  <rating>
   2.45
  </rating>
  <reviews>
   308719
  </reviews>
 </clothing>
 <clothing>
  <id>
   763689923
  </id>
  <name>
   Vans Blouse M-5249
  </name>
  <category>
   Blouse
  </category>
  <size>
   M
  </size>
  <color>
   Синий
  </color>
  <material>
   Шерсть
  </material>
  <price>
   164472
  </price>
  <rating>
   2.67
  </rating>
  <reviews>
   204657
  </reviews>
  <exclusive>
   no
  </exclusive>
  <sporty>
   yes
  </sporty>
 </clothing>
 <clothing>
  <id>
   645920058
  </id>
  <name>
   Fila Handbags H-5941
  </name>
  <category>
   Handbags
  </category>
  <size>
   S
  </size>
  <color>
   Оранжевый
  </color>
  <material>
   Шелк
  </material>
  <price>
   472544
  </price>
  <rating>
   1.72
  </rating>
  <reviews>
   505902
  </reviews>
  <new>
   -
  </new>
  <exclusive>
   no
  </exclusive>
  <sporty>
   no
  </sporty>
 </clothing>
 <clothing>
  <id>
   468676750
  </id>
  <name>
   Nike Umbrellas Z-9026
  </name>
  <category>
   Umbrellas
  </category>
  <size>
   XXL
  </size>
  <color>
   Желтый
  </color>
  <material>
   Вискоза
  </material>
  <price>
   938862
  </price>
  <rating>
   1.1
  </rating>
  <reviews>
   499482
  </reviews>
  <exclusive>
   yes
  </exclusive>
  <sporty>
   no
  </sporty>
 </clothing>
 <clothing>
  <id>
   260283549
  </id>
  <name>
   DC Shoes D-2331
  </name>
  <category>
   Shoes
  </category>
  <size>
   L
  </size>
  <color>
   Синий
  </color>
  <material>
   Хлопок
  </material>
  <price>
   301800
  </price>
  <rating>
   3.78
  </rating>
  <reviews>
   619494
  </reviews>
  <exclusive>
   yes
  </exclusive>
 </clothing>
 <clothing>
  <id>
   106676896
  </id>
  <name>
   Ellesse Handbags K-9861
  </name>
  <category>
   Handbags
  </category>
  <size>
   M
  </size>
  <color>
   Желтый
  </color>
  <material>
   Лен
  </material>
  <price>
   518859
  </price>
  <rating>
   1.96
  </rating>
  <reviews>
   223191
  </reviews>
  <new>
   -
  </new>
 </clothing>
 <clothing>
  <id>
   224368959
  </id>
  <name>
   Reebok Dress R-5382
  </name>
  <category>
   Dress
  </category>
  <size>
   XL
  </size>
  <color>
   Красный
  </color>
  <material>
   Нейлон
  </material>
  <price>
   491668
  </price>
  <rating>
   2.54
  </rating>
  <reviews>
   510406
  </reviews>
  <exclusive>
   no
  </exclusive>
  <sporty>
   no
  </sporty>
 </clothing>
 <clothing>
  <id>
   693676810
  </id>
  <name>
   Fila Jacket E-3556
  </name>
  <category>
   Jacket
  </category>
  <size>
   L
  </size>
  <color>
   Зеленый
  </color>
  <material>
   Нейлон
  </material>
  <price>
   218943
  </price>
  <rating>
   4.68
  </rating>
  <reviews>
   703682
  </reviews>
  <exclusive>
   no
  </exclusive>
 </clothing>
 <clothing>
  <id>
   210365760
  </id>
  <name>
   Converse Pants Q-9802
  </name>
  <category>
   Pants
  </category>
  <size>
   L
  </size>
  <color>
   Желтый
  </color>
  <material>
   Шерсть
  </material>
  <price>
   319338
  </price>
  <rating>
   2.22
  </rating>
  <reviews>
   323529
  </reviews>
  <new>
   -
  </new>
  <exclusive>
   yes
  </exclusive>
 </clothing>
 <clothing>
  <id>
   679045432
  </id>
  <name>
   PleinSport Umbrellas K-3776
  </name>
  <category>
   Umbrellas
  </category>
  <size>
   M
  </size>
  <color>
   Оранжевый
  </color>
  <material>
   Вискоза
  </material>
  <price>
   316263
  </price>
  <rating>
   1.5
  </rating>
  <reviews>
   439368
  </reviews>
 </clothing>
 <clothing>
  <id>
   618330660
  </id>
  <name>
   Under Armour Sweater H-6029
  </name>
  <category>
   Sweater
  </category>
  <size>
   S
  </size>
  <color>
   Зеленый
  </color>
  <material>
   Полиэстер
  </material>
  <price>
   326017
  </price>
  <rating>
   1.0
  </rating>
  <reviews>
   529646
  </reviews>
  <new>
   -
  </new>
  <exclusive>
   no
  </exclusive>
 </clothing>
 <clothing>
  <id>
   468260408
  </id>
  <name>
   New Balance T-shirt B-9596
  </name>
  <category>
   T-shirt
  </category>
  <size>
   M
  </size>
  <color>
   Фиолетовый
  </color>
  <material>
   Полиэстер
  </material>
  <price>
   517568
  </price>
  <rating>
   5.0
  </rating>
  <reviews>
   202259
  </reviews>
  <new>
   -
  </new>
  <exclusive>
   yes
  </exclusive>
  <sporty>
   no
  </sporty>
 </clothing>
 <clothing>
  <id>
   740899917
  </id>
  <name>
   Under Armour Dress D-9303
  </name>
  <category>
   Dress
  </category>
  <size>
   XXL
  </size>
  <color>
   Оранжевый
  </color>
  <material>
   Шелк
  </material>
  <price>
   884252
  </price>
  <rating>
   2.5
  </rating>
  <reviews>
   316266
  </reviews>
 </clothing>
 <clothing>
  <id>
   114051448
  </id>
  <name>
   Fila Skirt J-7304
  </name>
  <category>
   Skirt
  </category>
  <size>
   M
  </size>
  <color>
   Синий
  </color>
  <material>
   Шерсть
  </material>
  <price>
   900707
  </price>
  <rating>
   1.45
  </rating>
  <reviews>
   889911
  </reviews>
  <new>
   -
  </new>
 </clothing>
 <clothing>
  <id>
   924423669
  </id>
  <name>
   Ellesse Umbrellas D-5575
  </name>
  <category>
   Umbrellas
  </category>
  <size>
   XL
  </size>
  <color>
   Оранжевый
  </color>
  <material>
   Нейлон
  </material>
  <price>
   477306
  </price>
  <rating>
   4.14
  </rating>
  <reviews>
   857505
  </reviews>
 </clothing>
 <clothing>
  <id>
   614790145
  </id>
  <name>
   Nike Jeans Z-5958
  </name>
  <category>
   Jeans
  </category>
  <size>
   L
  </size>
  <color>
   Фиолетовый
  </color>
  <material>
   Шерсть
  </material>
  <price>
   341956
  </price>
  <rating>
   3.67
  </rating>
  <reviews>
   338322
  </reviews>
 </clothing>
 <clothing>
  <id>
   530398258
  </id>
  <name>
   Converse Pants W-1889
  </name>
  <category>
   Pants
  </category>
  <size>
   XL
  </size>
  <color>
   Синий
  </color>
  <material>
   Полиэстер
  </material>
  <price>
   335484
  </price>
  <rating>
   3.49
  </rating>
  <reviews>
   955198
  </reviews>
  <exclusive>
   no
  </exclusive>
  <sporty>
   no
  </sporty>
 </clothing>
 <clothing>
  <id>
   944102642
  </id>
  <name>
   Addidas Pants H-7757
  </name>
  <category>
   Pants
  </category>
  <size>
   M
  </size>
  <color>
   Фиолетовый
  </color>
  <material>
   Вискоза
  </material>
  <price>
   949816
  </price>
  <rating>
   4.97
  </rating>
  <reviews>
   676835
  </reviews>
 </clothing>
 <clothing>
  <id>
   578258383
  </id>
  <name>
   Fila Sweater U-6284
  </name>
  <category>
   Sweater
  </category>
  <size>
   L
  </size>
  <color>
   Голубой
  </color>
  <material>
   Нейлон
  </material>
  <price>
   766574
  </price>
  <rating>
   1.79
  </rating>
  <reviews>
   16775
  </reviews>
  <new>
   -
  </new>
  <exclusive>
   yes
  </exclusive>
 </clothing>
 <clothing>
  <id>
   740774313
  </id>
  <name>
   New Balance Jacket R-7660
  </name>
  <category>
   Jacket
  </category>
  <size>
   S
  </size>
  <color>
   Оранжевый
  </color>
  <material>
   Полиэстер
  </material>
  <price>
   236278
  </price>
  <rating>
   4.32
  </rating>
  <reviews>
   570401
  </reviews>
  <new>
   +
  </new>
  <exclusive>
   no
  </exclusive>
  <sporty>
   no
  </sporty>
 </clothing>
 <clothing>
  <id>
   407577017
  </id>
  <name>
   Converse Socks W-2612
  </name>
  <category>
   Socks
  </category>
  <size>
   M
  </size>
  <color>
   Фиолетовый
  </color>
  <material>
   Шелк
  </material>
  <price>
   587068
  </price>
  <rating>
   1.76
  </rating>
  <reviews>
   939846
  </reviews>
  <new>
   -
  </new>
  <exclusive>
   no
  </exclusive>
 </clothing>
 <clothing>
  <id>
   293417856
  </id>
  <name>
   Converse Blouse Z-1052
  </name>
  <category>
   Blouse
  </category>
  <size>
   XXL
  </size>
  <color>
   Фиолетовый
  </color>
  <material>
   Хлопок
  </material>
  <price>
   964576
  </price>
  <rating>
   3.5
  </rating>
  <reviews>
   669203
  </reviews>
  <new>
   -
  </new>
 </clothing>
 <clothing>
  <id>
   635372196
  </id>
  <name>
   Nike Jacket D-3727
  </name>
  <category>
   Jacket
  </category>
  <size>
   XXL
  </size>
  <color>
   Голубой
  </color>
  <material>
   Шерсть
  </material>
  <price>
   833779
  </price>
  <rating>
   1.9
  </rating>
  <reviews>
   374198
  </reviews>
  <new>
   +
  </new>
  <sporty>
   yes
  </sporty>
 </clothing>
 <clothing>
  <id>
   111641061
  </id>
  <name>
   PleinSport Hat I-2979
  </name>
  <category>
   Hat
  </category>
  <size>
   L
  </size>
  <color>
   Оранжевый
  </color>
  <material>
   Шерсть
  </material>
  <price>
   759919
  </price>
  <rating>
   1.64
  </rating>
  <reviews>
   990819
  </reviews>
  <new>
   +
  </new>
  <exclusive>
   yes
  </exclusive>
  <sporty>
   yes
  </sporty>
 </clothing>
 <clothing>
  <id>
   527795973
  </id>
  <name>
   Puma Blouse C-1204
  </name>
  <category>
   Blouse
  </category>
  <size>
   XXL
  </size>
  <color>
   Оранжевый
  </color>
  <material>
   Шелк
  </material>
  <price>
   615465
  </price>
  <rating>
   3.1
  </rating>
  <reviews>
   249591
  </reviews>
  <exclusive>
   yes
  </exclusive>
  <sporty>
   no
  </sporty>
 </clothing>
 <clothing>
  <id>
   104693127
  </id>
  <name>
   Fila Jacket D-7723
  </name>
  <category>
   Jacket
  </category>
  <size>
   L
  </size>
  <color>
   Синий
  </color>
  <material>
   Хлопок
  </material>
  <price>
   439625
  </price>
  <rating>
   2.68
  </rating>
  <reviews>
   453853
  </reviews>
  <new>
   -
  </new>
 </clothing>
 <clothing>
  <id>
   519805312
  </id>
  <name>
   Reebok Dress A-6857
  </name>
  <category>
   Dress
  </category>
  <size>
   L
  </size>
  <color>
   Фиолетовый
  </color>
  <material>
   Нейлон
  </material>
  <price>
   118994
  </price>
  <rating>
   2.68
  </rating>
  <reviews>
   603354
  </reviews>
  <new>
   -
  </new>
  <exclusive>
   no
  </exclusive>
  <sporty>
   no
  </sporty>
 </clothing>
 <clothing>
  <id>
   185654136
  </id>
  <name>
   Lacoste Socks T-8189
  </name>
  <category>
   Socks
  </category>
  <size>
   XL
  </size>
  <color>
   Оранжевый
  </color>
  <material>
   Вискоза
  </material>
  <price>
   855707
  </price>
  <rating>
   1.2
  </rating>
  <reviews>
   321246
  </reviews>
  <exclusive>
   no
  </exclusive>
 </clothing>
 <clothing>
  <id>
   561091703
  </id>
  <name>
   Vans Handbags M-9527
  </name>
  <category>
   Handbags
  </category>
  <size>
   XL
  </size>
  <color>
   Красный
  </color>
  <material>
   Лен
  </material>
  <price>
   697678
  </price>
  <rating>
   2.0
  </rating>
  <reviews>
   681032
  </reviews>
  <new>
   -
  </new>
  <sporty>
   no
  </sporty>
 </clothing>
 <clothing>
  <id>
   702545783
  </id>
  <name>
   Converse Belts I-5910
  </name>
  <category>
   Belts
  </category>
  <size>
   L
  </size>
  <color>
   Голубой
  </color>
  <material>
   Полиэстер
  </material>
  <price>
   898099
  </price>
  <rating>
   2.2
  </rating>
  <reviews>
   695603
  </reviews>
  <new>
   -
  </new>
  <exclusive>
   no
  </exclusive>
  <sporty>
   yes
  </sporty>
 </clothing>
 <clothing>
  <id>
   442376888
  </id>
  <name>
   Asics Pants Q-1095
  </name>
  <category>
   Pants
  </category>
  <size>
   XXL
  </size>
  <color>
   Желтый
  </color>
  <material>
   Нейлон
  </material>
  <price>
   342073
  </price>
  <rating>
   3.11
  </rating>
  <reviews>
   569724
  </reviews>
  <sporty>
   no
  </sporty>
 </clothing>
 <clothing>
  <id>
   712381256
  </id>
  <name>
   Lacoste Socks A-4485
  </name>
  <category>
   Socks
  </category>
  <size>
   M
  </size>
  <color>
   Желтый
  </color>
  <material>
   Полиэстер
  </material>
  <price>
   722073
  </price>
  <rating>
   1.36
  </rating>
  <reviews>
   674135
  </reviews>
  <new>
   -
  </new>
 </clothing>
 <clothing>
  <id>
   410166134
  </id>
  <name>
   Ellesse Socks K-9882
  </name>
  <category>
   Socks
  </category>
  <size>
   M
  </size>
  <color>
   Фиолетовый
  </color>
  <material>
   Кожа
  </material>
  <price>
   618253
  </price>
  <rating>
   4.17
  </rating>
  <reviews>
   569286
  </reviews>
  <exclusive>
   no
  </exclusive>
 </clothing>
 <clothing>
  <id>
   718304484
  </id>
  <name>
   Brooks Blouse D-6269
  </name>
  <category>
   Blouse
  </category>
  <size>
   L
  </size>
  <color>
   Синий
  </color>
  <material>
   Лен
  </material>
  <price>
   449875
  </price>
  <rating>
   3.47
  </rating>
  <reviews>
   97311
  </reviews>
  <new>
   -
  </new>
 </clothing>
 <clothing>
  <id>
   143825798
  </id>
  <name>
   Asics Dress C-6763
  </name>
  <category>
   Dress
  </category>
  <size>
   M
  </size>
  <color>
   Зеленый
  </color>
  <material>
   Кожа
  </material>
  <price>
   786396
  </price>
  <rating>
   3.51
  </rating>
  <reviews>
   177128
  </reviews>
  <exclusive>
   yes
  </exclusive>
  <sporty>
   yes
  </sporty>
 </clothing>
 <clothing>
  <id>
   485473042
  </id>
  <name>
   DC Dress Y-5156
  </name>
  <category>
   Dress
  </category>
  <size>
   XL
  </size>
  <color>
   Красный
  </color>
  <material>
   Нейлон
  </material>
  <price>
   488857
  </price>
  <rating>
   2.53
  </rating>
  <reviews>
   826725
  </reviews>
  <new>
   -
  </new>
  <exclusive>
   yes
  </exclusive>
 </clothing>
 <clothing>
  <id>
   966875502
  </id>
  <name>
   Converse Dress W-6567
  </name>
  <category>
   Dress
  </category>
  <size>
   M
  </size>
  <color>
   Голубой
  </color>
  <material>
   Кожа
  </material>
  <price>
   235607
  </price>
  <rating>
   3.9
  </rating>
  <reviews>
   789674
  </reviews>
  <sporty>
   yes
  </sporty>
 </clothing>
 <clothing>
  <id>
   506922996
  </id>
  <name>
   Under Armour T-shirt M-4593
  </name>
  <category>
   T-shirt
  </category>
  <size>
   XL
  </size>
  <color>
   Желтый
  </color>
  <material>
   Полиэстер
  </material>
  <price>
   395741
  </price>
  <rating>
   3.05
  </rating>
  <reviews>
   522059
  </reviews>
  <new>
   +
  </new>
  <exclusive>
   yes
  </exclusive>
  <sporty>
   yes
  </sporty>
 </clothing>
 <clothing>
  <id>
   183013712
  </id>
  <name>
   Reebok Hat B-7244
  </name>
  <category>
   Hat
  </category>
  <size>
   XL
  </size>
  <color>
   Красный
  </color>
  <material>
   Шерсть
  </material>
  <price>
   585003
  </price>
  <rating>
   3.56
  </rating>
  <reviews>
   574707
  </reviews>
  <new>
   -
  </new>
  <exclusive>
   no
  </exclusive>
  <sporty>
   no
  </sporty>
 </clothing>
 <clothing>
  <id>
   147675040
  </id>
  <name>
   Adidas Dress V-5893
  </name>
  <category>
   Dress
  </category>
  <size>
   XL
  </size>
  <color>
   Зеленый
  </color>
  <material>
   Шерсть
  </material>
  <price>
   799733
  </price>
  <rating>
   2.76
  </rating>
  <reviews>
   719187
  </reviews>
  <exclusive>
   no
  </exclusive>
 </clothing>
 <clothing>
  <id>
   759872989
  </id>
  <name>
   Fila T-shirt Z-5661
  </name>
  <category>
   T-shirt
  </category>
  <size>
   M
  </size>
  <color>
   Синий
  </color>
  <material>
   Кожа
  </material>
  <price>
   381538
  </price>
  <rating>
   1.5
  </rating>
  <reviews>
   324747
  </reviews>
  <exclusive>
   no
  </exclusive>
  <sporty>
   no
  </sporty>
 </clothing>
 <clothing>
  <id>
   135250835
  </id>
  <name>
   Asics Hat R-3929
  </name>
  <category>
   Hat
  </category>
  <size>
   L
  </size>
  <color>
   Зеленый
  </color>
  <material>
   Лен
  </material>
  <price>
   686054
  </price>
  <rating>
   1.95
  </rating>
  <reviews>
   957436
  </reviews>
  <new>
   +
  </new>
 </clothing>
 <clothing>
  <id>
   374486737
  </id>
  <name>
   DC Jeans P-6359
  </name>
  <category>
   Jeans
  </category>
  <size>
   S
  </size>
  <color>
   Желтый
  </color>
  <material>
   Кожа
  </material>
  <price>
   309964
  </price>
  <rating>
   1.7
  </rating>
  <reviews>
   742992
  </reviews>
  <new>
   -
  </new>
  <exclusive>
   yes
  </exclusive>
  <sporty>
   no
  </sporty>
 </clothing>
 <clothing>
  <id>
   398154135
  </id>
  <name>
   Under Armour Skirt D-5509
  </name>
  <category>
   Skirt
  </category>
  <size>
   XXL
  </size>
  <color>
   Фиолетовый
  </color>
  <material>
   Шелк
  </material>
  <price>
   732513
  </price>
  <rating>
   1.36
  </rating>
  <reviews>
   724783
  </reviews>
  <new>
   -
  </new>
  <exclusive>
   yes
  </exclusive>
 </clothing>
 <clothing>
  <id>
   204309183
  </id>
  <name>
   Converse T-shirt O-4867
  </name>
  <category>
   T-shirt
  </category>
  <size>
   XXL
  </size>
  <color>
   Оранжевый
  </color>
  <material>
   Нейлон
  </material>
  <price>
   776917
  </price>
  <rating>
   3.5
  </rating>
  <reviews>
   140185
  </reviews>
  <new>
   -
  </new>
  <sporty>
   yes
  </sporty>
 </clothing>
</clothing-items>
