<?xml version="1.0" encoding="utf-8"?>
<clothing-items>
 <clothing>
  <id>
   216651137
  </id>
  <name>
   Converse Sweater I-7541
  </name>
  <category>
   Sweater
  </category>
  <size>
   S
  </size>
  <color>
   Оранжевый
  </color>
  <material>
   Лен
  </material>
  <price>
   851875
  </price>
  <rating>
   2.95
  </rating>
  <reviews>
   620863
  </reviews>
  <exclusive>
   yes
  </exclusive>
  <sporty>
   yes
  </sporty>
 </clothing>
 <clothing>
  <id>
   932930772
  </id>
  <name>
   Puma Belts B-7945
  </name>
  <category>
   Belts
  </category>
  <size>
   XL
  </size>
  <color>
   Оранжевый
  </color>
  <material>
   Лен
  </material>
  <price>
   336402
  </price>
  <rating>
   3.52
  </rating>
  <reviews>
   694489
  </reviews>
  <exclusive>
   no
  </exclusive>
  <sporty>
   no
  </sporty>
 </clothing>
 <clothing>
  <id>
   596953967
  </id>
  <name>
   Ellesse Blouse Q-2743
  </name>
  <category>
   Blouse
  </category>
  <size>
   S
  </size>
  <color>
   Желтый
  </color>
  <material>
   Нейлон
  </material>
  <price>
   693435
  </price>
  <rating>
   2.03
  </rating>
  <reviews>
   100036
  </reviews>
  <new>
   -
  </new>
  <exclusive>
   no
  </exclusive>
  <sporty>
   no
  </sporty>
 </clothing>
 <clothing>
  <id>
   273907206
  </id>
  <name>
   Fila Belts X-7056
  </name>
  <category>
   Belts
  </category>
  <size>
   L
  </size>
  <color>
   Оранжевый
  </color>
  <material>
   Шелк
  </material>
  <price>
   496120
  </price>
  <rating>
   2.61
  </rating>
  <reviews>
   200849
  </reviews>
  <new>
   +
  </new>
  <exclusive>
   no
  </exclusive>
  <sporty>
   no
  </sporty>
 </clothing>
 <clothing>
  <id>
   772961509
  </id>
  <name>
   Brooks Blouse B-2515
  </name>
  <category>
   Blouse
  </category>
  <size>
   S
  </size>
  <color>
   Желтый
  </color>
  <material>
   Шерсть
  </material>
  <price>
   705612
  </price>
  <rating>
   3.08
  </rating>
  <reviews>
   476863
  </reviews>
  <new>
   +
  </new>
  <exclusive>
   yes
  </exclusive>
 </clothing>
 <clothing>
  <id>
   683236873
  </id>
  <name>
   Brooks T-shirt G-4751
  </name>
  <category>
   T-shirt
  </category>
  <size>
   XXL
  </size>
  <color>
   Красный
  </color>
  <material>
   Шерсть
  </material>
  <price>
   272997
  </price>
  <rating>
   1.11
  </rating>
  <reviews>
   427210
  </reviews>
  <sporty>
   no
  </sporty>
 </clothing>
 <clothing>
  <id>
   477533255
  </id>
  <name>
   Addidas Skirt S-7459
  </name>
  <category>
   Skirt
  </category>
  <size>
   XXL
  </size>
  <color>
   Желтый
  </color>
  <material>
   Шерсть
  </material>
  <price>
   332283
  </price>
  <rating>
   4.52
  </rating>
  <reviews>
   472754
  </reviews>
  <sporty>
   yes
  </sporty>
 </clothing>
 <clothing>
  <id>
   150637411
  </id>
  <name>
   Adidas Shoes E-3083
  </name>
  <category>
   Shoes
  </category>
  <size>
   XXL
  </size>
  <color>
   Красный
  </color>
  <material>
   Лен
  </material>
  <price>
   920726
  </price>
  <rating>
   1.93
  </rating>
  <reviews>
   395245
  </reviews>
  <exclusive>
   yes
  </exclusive>
  <sporty>
   no
  </sporty>
 </clothing>
 <clothing>
  <id>
   303042576
  </id>
  <name>
   PleinSport Hat I-4643
  </name>
  <category>
   Hat
  </category>
  <size>
   XL
  </size>
  <color>
   Красный
  </color>
  <material>
   Полиэстер
  </material>
  <price>
   680482
  </price>
  <rating>
   1.89
  </rating>
  <reviews>
   479776
  </reviews>
  <sporty>
   no
  </sporty>
 </clothing>
 <clothing>
  <id>
   619133401
  </id>
  <name>
   Lacoste Jacket M-2686
  </name>
  <category>
   Jacket
  </category>
  <size>
   L
  </size>
  <color>
   Голубой
  </color>
  <material>
   Лен
  </material>
  <price>
   484813
  </price>
  <rating>
   4.69
  </rating>
  <reviews>
   855021
  </reviews>
  <new>
   -
  </new>
  <exclusive>
   no
  </exclusive>
  <sporty>
   yes
  </sporty>
 </clothing>
 <clothing>
  <id>
   959625345
  </id>
  <name>
   Puma T-shirt A-6074
  </name>
  <category>
   T-shirt
  </category>
  <size>
   M
  </size>
  <color>
   Оранжевый
  </color>
  <material>
   Полиэстер
  </material>
  <price>
   197626
  </price>
  <rating>
   1.7
  </rating>
  <reviews>
   591622
  </reviews>
  <new>
   +
  </new>
  <exclusive>
   no
  </exclusive>
  <sporty>
   yes
  </sporty>
 </clothing>
 <clothing>
  <id>
   464634373
  </id>
  <name>
   Lacoste Socks E-6669
  </name>
  <category>
   Socks
  </category>
  <size>
   XL
  </size>
  <color>
   Красный
  </color>
  <material>
   Хлопок
  </material>
  <price>
   583142
  </price>
  <rating>
   1.38
  </rating>
  <reviews>
   285386
  </reviews>
  <new>
   -
  </new>
  <exclusive>
   no
  </exclusive>
  <sporty>
   no
  </sporty>
 </clothing>
 <clothing>
  <id>
   680553265
  </id>
  <name>
   Fila Umbrellas S-4934
  </name>
  <category>
   Umbrellas
  </category>
  <size>
   XXL
  </size>
  <color>
   Зеленый
  </color>
  <material>
   Полиэстер
  </material>
  <price>
   358421
  </price>
  <rating>
   4.08
  </rating>
  <reviews>
   714150
  </reviews>
  <sporty>
   yes
  </sporty>
 </clothing>
 <clothing>
  <id>
   898196320
  </id>
  <name>
   Reebok Pants I-3466
  </name>
  <category>
   Pants
  </category>
  <size>
   XL
  </size>
  <color>
   Голубой
  </color>
  <material>
   Хлопок
  </material>
  <price>
   397762
  </price>
  <rating>
   2.42
  </rating>
  <reviews>
   632383
  </reviews>
  <new>
   -
  </new>
  <exclusive>
   yes
  </exclusive>
  <sporty>
   no
  </sporty>
 </clothing>
 <clothing>
  <id>
   446952084
  </id>
  <name>
   New Balance Sweater P-6339
  </name>
  <category>
   Sweater
  </category>
  <size>
   L
  </size>
  <color>
   Синий
  </color>
  <material>
   Полиэстер
  </material>
  <price>
   876656
  </price>
  <rating>
   1.12
  </rating>
  <reviews>
   484278
  </reviews>
  <new>
   -
  </new>
  <exclusive>
   yes
  </exclusive>
 </clothing>
 <clothing>
  <id>
   286969212
  </id>
  <name>
   Vans Socks X-7517
  </name>
  <category>
   Socks
  </category>
  <size>
   S
  </size>
  <color>
   Оранжевый
  </color>
  <material>
   Шелк
  </material>
  <price>
   105413
  </price>
  <rating>
   2.71
  </rating>
  <reviews>
   629564
  </reviews>
  <new>
   +
  </new>
  <sporty>
   no
  </sporty>
 </clothing>
 <clothing>
  <id>
   307141273
  </id>
  <name>
   Vans Gloves E-2414
  </name>
  <category>
   Gloves
  </category>
  <size>
   S
  </size>
  <color>
   Красный
  </color>
  <material>
   Лен
  </material>
  <price>
   720031
  </price>
  <rating>
   2.9
  </rating>
  <reviews>
   232748
  </reviews>
  <new>
   -
  </new>
  <sporty>
   no
  </sporty>
 </clothing>
 <clothing>
  <id>
   228661336
  </id>
  <name>
   Reebok Jacket A-7064
  </name>
  <category>
   Jacket
  </category>
  <size>
   XL
  </size>
  <color>
   Голубой
  </color>
  <material>
   Нейлон
  </material>
  <price>
   119714
  </price>
  <rating>
   1.6
  </rating>
  <reviews>
   522356
  </reviews>
  <new>
   -
  </new>
  <exclusive>
   no
  </exclusive>
  <sporty>
   yes
  </sporty>
 </clothing>
 <clothing>
  <id>
   467450516
  </id>
  <name>
   DC Pants X-2390
  </name>
  <category>
   Pants
  </category>
  <size>
   XXL
  </size>
  <color>
   Голубой
  </color>
  <material>
   Нейлон
  </material>
  <price>
   682567
  </price>
  <rating>
   3.16
  </rating>
  <reviews>
   278791
  </reviews>
  <new>
   -
  </new>
  <exclusive>
   no
  </exclusive>
  <sporty>
   yes
  </sporty>
 </clothing>
 <clothing>
  <id>
   877973801
  </id>
  <name>
   Ellesse Shirt K-9556
  </name>
  <category>
   Shirt
  </category>
  <size>
   S
  </size>
  <color>
   Зеленый
  </color>
  <material>
   Лен
  </material>
  <price>
   165986
  </price>
  <rating>
   4.69
  </rating>
  <reviews>
   742122
  </reviews>
  <exclusive>
   no
  </exclusive>
  <sporty>
   no
  </sporty>
 </clothing>
 <clothing>
  <id>
   567067636
  </id>
  <name>
   Brooks Sweater B-9301
  </name>
  <category>
   Sweater
  </category>
  <size>
   XL
  </size>
  <color>
   Оранжевый
  </color>
  <material>
   Вискоза
  </material>
  <price>
   342867
  </price>
  <rating>
   1.05
  </rating>
  <reviews>
   44113
  </reviews>
  <new>
   +
  </new>
  <sporty>
   no
  </sporty>
 </clothing>
 <clothing>
  <id>
   606791216
  </id>
  <name>
   Adidas Gloves G-2587
  </name>
  <category>
   Gloves
  </category>
  <size>
   L
  </size>
  <color>
   Желтый
  </color>
  <material>
   Полиэстер
  </material>
  <price>
   873965
  </price>
  <rating>
   2.64
  </rating>
  <reviews>
   921708
  </reviews>
  <new>
   -
  </new>
 </clothing>
 <clothing>
  <id>
   427392109
  </id>
  <name>
   Nike Shirt Y-7774
  </name>
  <category>
   Shirt
  </category>
  <size>
   M
  </size>
  <color>
   Зеленый
  </color>
  <material>
   Лен
  </material>
  <price>
   342739
  </price>
  <rating>
   4.47
  </rating>
  <reviews>
   405405
  </reviews>
  <new>
   +
  </new>
  <sporty>
   no
  </sporty>
 </clothing>
 <clothing>
  <id>
   722039441
  </id>
  <name>
   Nike Socks E-7330
  </name>
  <category>
   Socks
  </category>
  <size>
   XXL
  </size>
  <color>
   Фиолетовый
  </color>
  <material>
   Хлопок
  </material>
  <price>
   775372
  </price>
  <rating>
   2.82
  </rating>
  <reviews>
   150344
  </reviews>
  <exclusive>
   yes
  </exclusive>
 </clothing>
 <clothing>
  <id>
   747786785
  </id>
  <name>
   PleinSport Gloves C-1040
  </name>
  <category>
   Gloves
  </category>
  <size>
   S
  </size>
  <color>
   Красный
  </color>
  <material>
   Шерсть
  </material>
  <price>
   404754
  </price>
  <rating>
   3.14
  </rating>
  <reviews>
   868308
  </reviews>
  <new>
   -
  </new>
  <sporty>
   no
  </sporty>
 </clothing>
 <clothing>
  <id>
   363300146
  </id>
  <name>
   Brooks Sweater U-2848
  </name>
  <category>
   Sweater
  </category>
  <size>
   L
  </size>
  <color>
   Зеленый
  </color>
  <material>
   Шерсть
  </material>
  <price>
   362517
  </price>
  <rating>
   1.77
  </rating>
  <reviews>
   962956
  </reviews>
  <sporty>
   yes
  </sporty>
 </clothing>
 <clothing>
  <id>
   550946654
  </id>
  <name>
   Fila Handbags M-8191
  </name>
  <category>
   Handbags
  </category>
  <size>
   XL
  </size>
  <color>
   Оранжевый
  </color>
  <material>
   Лен
  </material>
  <price>
   160222
  </price>
  <rating>
   3.08
  </rating>
  <reviews>
   506154
  </reviews>
 </clothing>
 <clothing>
  <id>
   537762633
  </id>
  <name>
   Addidas Sweater Z-8861
  </name>
  <category>
   Sweater
  </category>
  <size>
   L
  </size>
  <color>
   Красный
  </color>
  <material>
   Шелк
  </material>
  <price>
   812964
  </price>
  <rating>
   4.71
  </rating>
  <reviews>
   635507
  </reviews>
  <sporty>
   no
  </sporty>
 </clothing>
 <clothing>
  <id>
   655692431
  </id>
  <name>
   Fila Dress G-1343
  </name>
  <category>
   Dress
  </category>
  <size>
   M
  </size>
  <color>
   Оранжевый
  </color>
  <material>
   Шелк
  </material>
  <price>
   316446
  </price>
  <rating>
   3.26
  </rating>
  <reviews>
   582728
  </reviews>
  <exclusive>
   no
  </exclusive>
  <sporty>
   yes
  </sporty>
 </clothing>
 <clothing>
  <id>
   644075581
  </id>
  <name>
   Brooks Jacket R-7169
  </name>
  <category>
   Jacket
  </category>
  <size>
   XL
  </size>
  <color>
   Фиолетовый
  </color>
  <material>
   Шелк
  </material>
  <price>
   527275
  </price>
  <rating>
   4.9
  </rating>
  <reviews>
   190235
  </reviews>
  <exclusive>
   no
  </exclusive>
 </clothing>
 <clothing>
  <id>
   998688729
  </id>
  <name>
   Addidas Skirt K-7965
  </name>
  <category>
   Skirt
  </category>
  <size>
   L
  </size>
  <color>
   Голубой
  </color>
  <material>
   Нейлон
  </material>
  <price>
   649549
  </price>
  <rating>
   3.38
  </rating>
  <reviews>
   431292
  </reviews>
  <new>
   -
  </new>
  <exclusive>
   no
  </exclusive>
 </clothing>
 <clothing>
  <id>
   966312168
  </id>
  <name>
   Lacoste Pants B-9826
  </name>
  <category>
   Pants
  </category>
  <size>
   L
  </size>
  <color>
   Зеленый
  </color>
  <material>
   Нейлон
  </material>
  <price>
   733773
  </price>
  <rating>
   3.01
  </rating>
  <reviews>
   589626
  </reviews>
  <new>
   +
  </new>
  <sporty>
   yes
  </sporty>
 </clothing>
</clothing-items>
