<?xml version="1.0" encoding="utf-8"?>
<clothing-items>
 <clothing>
  <id>
   761593380
  </id>
  <name>
   Under Armour Jeans O-5175
  </name>
  <category>
   Jeans
  </category>
  <size>
   XL
  </size>
  <color>
   Красный
  </color>
  <material>
   Шерсть
  </material>
  <price>
   705565
  </price>
  <rating>
   3.54
  </rating>
  <reviews>
   114959
  </reviews>
  <exclusive>
   yes
  </exclusive>
  <sporty>
   no
  </sporty>
 </clothing>
 <clothing>
  <id>
   403235315
  </id>
  <name>
   Vans Socks N-7848
  </name>
  <category>
   Socks
  </category>
  <size>
   L
  </size>
  <color>
   Желтый
  </color>
  <material>
   Лен
  </material>
  <price>
   911708
  </price>
  <rating>
   3.59
  </rating>
  <reviews>
   680599
  </reviews>
  <new>
   +
  </new>
  <sporty>
   yes
  </sporty>
 </clothing>
 <clothing>
  <id>
   812141214
  </id>
  <name>
   Ellesse Pants Q-8165
  </name>
  <category>
   Pants
  </category>
  <size>
   L
  </size>
  <color>
   Красный
  </color>
  <material>
   Полиэстер
  </material>
  <price>
   996061
  </price>
  <rating>
   2.45
  </rating>
  <reviews>
   284949
  </reviews>
  <exclusive>
   no
  </exclusive>
 </clothing>
 <clothing>
  <id>
   622858496
  </id>
  <name>
   Addidas T-shirt A-3715
  </name>
  <category>
   T-shirt
  </category>
  <size>
   XL
  </size>
  <color>
   Красный
  </color>
  <material>
   Лен
  </material>
  <price>
   831428
  </price>
  <rating>
   3.51
  </rating>
  <reviews>
   783704
  </reviews>
  <new>
   +
  </new>
  <exclusive>
   yes
  </exclusive>
  <sporty>
   yes
  </sporty>
 </clothing>
 <clothing>
  <id>
   783112616
  </id>
  <name>
   Vans Skirt X-7558
  </name>
  <category>
   Skirt
  </category>
  <size>
   S
  </size>
  <color>
   Зеленый
  </color>
  <material>
   Кожа
  </material>
  <price>
   659619
  </price>
  <rating>
   1.17
  </rating>
  <reviews>
   652824
  </reviews>
  <new>
   -
  </new>
  <exclusive>
   yes
  </exclusive>
 </clothing>
 <clothing>
  <id>
   534605389
  </id>
  <name>
   Brooks Umbrellas H-5471
  </name>
  <category>
   Umbrellas
  </category>
  <size>
   XXL
  </size>
  <color>
   Желтый
  </color>
  <material>
   Хлопок
  </material>
  <price>
   498109
  </price>
  <rating>
   1.53
  </rating>
  <reviews>
   100913
  </reviews>
 </clothing>
 <clothing>
  <id>
   188612634
  </id>
  <name>
   Converse Hat X-2263
  </name>
  <category>
   Hat
  </category>
  <size>
   S
  </size>
  <color>
   Фиолетовый
  </color>
  <material>
   Вискоза
  </material>
  <price>
   602494
  </price>
  <rating>
   2.18
  </rating>
  <reviews>
   12974
  </reviews>
  <new>
   -
  </new>
  <exclusive>
   no
  </exclusive>
 </clothing>
 <clothing>
  <id>
   174381521
  </id>
  <name>
   Addidas Sweater X-3433
  </name>
  <category>
   Sweater
  </category>
  <size>
   M
  </size>
  <color>
   Фиолетовый
  </color>
  <material>
   Полиэстер
  </material>
  <price>
   832811
  </price>
  <rating>
   1.35
  </rating>
  <reviews>
   424596
  </reviews>
  <new>
   -
  </new>
  <exclusive>
   yes
  </exclusive>
  <sporty>
   yes
  </sporty>
 </clothing>
 <clothing>
  <id>
   625847487
  </id>
  <name>
   Asics Belts Z-9499
  </name>
  <category>
   Belts
  </category>
  <size>
   S
  </size>
  <color>
   Синий
  </color>
  <material>
   Нейлон
  </material>
  <price>
   783539
  </price>
  <rating>
   4.85
  </rating>
  <reviews>
   925728
  </reviews>
 </clothing>
 <clothing>
  <id>
   237801219
  </id>
  <name>
   Addidas Umbrellas X-7857
  </name>
  <category>
   Umbrellas
  </category>
  <size>
   XXL
  </size>
  <color>
   Оранжевый
  </color>
  <material>
   Шелк
  </material>
  <price>
   387327
  </price>
  <rating>
   4.4
  </rating>
  <reviews>
   59472
  </reviews>
  <new>
   +
  </new>
  <sporty>
   yes
  </sporty>
 </clothing>
 <clothing>
  <id>
   385626758
  </id>
  <name>
   PleinSport Shirt B-4589
  </name>
  <category>
   Shirt
  </category>
  <size>
   XXL
  </size>
  <color>
   Оранжевый
  </color>
  <material>
   Полиэстер
  </material>
  <price>
   614896
  </price>
  <rating>
   3.79
  </rating>
  <reviews>
   988573
  </reviews>
  <exclusive>
   no
  </exclusive>
  <sporty>
   no
  </sporty>
 </clothing>
 <clothing>
  <id>
   872827446
  </id>
  <name>
   Addidas Jacket V-8197
  </name>
  <category>
   Jacket
  </category>
  <size>
   M
  </size>
  <color>
   Желтый
  </color>
  <material>
   Шелк
  </material>
  <price>
   698858
  </price>
  <rating>
   2.69
  </rating>
  <reviews>
   656527
  </reviews>
  <exclusive>
   no
  </exclusive>
  <sporty>
   yes
  </sporty>
 </clothing>
 <clothing>
  <id>
   702895132
  </id>
  <name>
   Lacoste T-shirt Y-4070
  </name>
  <category>
   T-shirt
  </category>
  <size>
   S
  </size>
  <color>
   Зеленый
  </color>
  <material>
   Шелк
  </material>
  <price>
   101175
  </price>
  <rating>
   4.87
  </rating>
  <reviews>
   645830
  </reviews>
  <new>
   -
  </new>
  <exclusive>
   yes
  </exclusive>
  <sporty>
   no
  </sporty>
 </clothing>
 <clothing>
  <id>
   663803553
  </id>
  <name>
   Addidas Belts C-2232
  </name>
  <category>
   Belts
  </category>
  <size>
   XL
  </size>
  <color>
   Голубой
  </color>
  <material>
   Шелк
  </material>
  <price>
   437236
  </price>
  <rating>
   1.79
  </rating>
  <reviews>
   356871
  </reviews>
  <new>
   -
  </new>
 </clothing>
 <clothing>
  <id>
   480615393
  </id>
  <name>
   Puma Sweater U-6209
  </name>
  <category>
   Sweater
  </category>
  <size>
   XXL
  </size>
  <color>
   Фиолетовый
  </color>
  <material>
   Шелк
  </material>
  <price>
   523481
  </price>
  <rating>
   3.37
  </rating>
  <reviews>
   717368
  </reviews>
  <new>
   -
  </new>
  <exclusive>
   yes
  </exclusive>
  <sporty>
   no
  </sporty>
 </clothing>
 <clothing>
  <id>
   270051357
  </id>
  <name>
   Fila Hat P-8755
  </name>
  <category>
   Hat
  </category>
  <size>
   XL
  </size>
  <color>
   Желтый
  </color>
  <material>
   Шелк
  </material>
  <price>
   924185
  </price>
  <rating>
   2.47
  </rating>
  <reviews>
   377347
  </reviews>
  <new>
   +
  </new>
  <exclusive>
   no
  </exclusive>
  <sporty>
   no
  </sporty>
 </clothing>
 <clothing>
  <id>
   731104853
  </id>
  <name>
   Under Armour Sweater R-7699
  </name>
  <category>
   Sweater
  </category>
  <size>
   L
  </size>
  <color>
   Оранжевый
  </color>
  <material>
   Нейлон
  </material>
  <price>
   266797
  </price>
  <rating>
   1.68
  </rating>
  <reviews>
   735290
  </reviews>
  <new>
   +
  </new>
  <exclusive>
   no
  </exclusive>
  <sporty>
   no
  </sporty>
 </clothing>
 <clothing>
  <id>
   129182773
  </id>
  <name>
   Addidas Umbrellas H-1402
  </name>
  <category>
   Umbrellas
  </category>
  <size>
   M
  </size>
  <color>
   Голубой
  </color>
  <material>
   Хлопок
  </material>
  <price>
   448831
  </price>
  <rating>
   3.86
  </rating>
  <reviews>
   155846
  </reviews>
  <new>
   +
  </new>
  <sporty>
   no
  </sporty>
 </clothing>
 <clothing>
  <id>
   934148399
  </id>
  <name>
   Nike Gloves I-9136
  </name>
  <category>
   Gloves
  </category>
  <size>
   XL
  </size>
  <color>
   Фиолетовый
  </color>
  <material>
   Лен
  </material>
  <price>
   405672
  </price>
  <rating>
   2.65
  </rating>
  <reviews>
   865536
  </reviews>
  <new>
   +
  </new>
 </clothing>
 <clothing>
  <id>
   157826324
  </id>
  <name>
   Nike Shoes N-4767
  </name>
  <category>
   Shoes
  </category>
  <size>
   XXL
  </size>
  <color>
   Оранжевый
  </color>
  <material>
   Шерсть
  </material>
  <price>
   469084
  </price>
  <rating>
   1.04
  </rating>
  <reviews>
   951919
  </reviews>
  <new>
   -
  </new>
  <exclusive>
   yes
  </exclusive>
  <sporty>
   no
  </sporty>
 </clothing>
 <clothing>
  <id>
   871337758
  </id>
  <name>
   Addidas Pants V-5947
  </name>
  <category>
   Pants
  </category>
  <size>
   S
  </size>
  <color>
   Зеленый
  </color>
  <material>
   Шерсть
  </material>
  <price>
   900622
  </price>
  <rating>
   1.11
  </rating>
  <reviews>
   48886
  </reviews>
 </clothing>
 <clothing>
  <id>
   639823326
  </id>
  <name>
   Puma Belts B-5500
  </name>
  <category>
   Belts
  </category>
  <size>
   XXL
  </size>
  <color>
   Голубой
  </color>
  <material>
   Нейлон
  </material>
  <price>
   591820
  </price>
  <rating>
   1.72
  </rating>
  <reviews>
   821666
  </reviews>
  <exclusive>
   no
  </exclusive>
 </clothing>
 <clothing>
  <id>
   903090014
  </id>
  <name>
   Puma Jacket B-6366
  </name>
  <category>
   Jacket
  </category>
  <size>
   S
  </size>
  <color>
   Голубой
  </color>
  <material>
   Хлопок
  </material>
  <price>
   472333
  </price>
  <rating>
   2.2
  </rating>
  <reviews>
   906012
  </reviews>
  <exclusive>
   no
  </exclusive>
  <sporty>
   no
  </sporty>
 </clothing>
 <clothing>
  <id>
   673181634
  </id>
  <name>
   Ellesse Shoes B-6293
  </name>
  <category>
   Shoes
  </category>
  <size>
   S
  </size>
  <color>
   Синий
  </color>
  <material>
   Кожа
  </material>
  <price>
   591970
  </price>
  <rating>
   3.66
  </rating>
  <reviews>
   798509
  </reviews>
  <new>
   -
  </new>
 </clothing>
 <clothing>
  <id>
   130620290
  </id>
  <name>
   Vans Blouse X-6895
  </name>
  <category>
   Blouse
  </category>
  <size>
   XL
  </size>
  <color>
   Красный
  </color>
  <material>
   Вискоза
  </material>
  <price>
   332624
  </price>
  <rating>
   2.85
  </rating>
  <reviews>
   261300
  </reviews>
  <new>
   +
  </new>
  <sporty>
   no
  </sporty>
 </clothing>
 <clothing>
  <id>
   604995272
  </id>
  <name>
   Asics Umbrellas L-7614
  </name>
  <category>
   Umbrellas
  </category>
  <size>
   L
  </size>
  <color>
   Голубой
  </color>
  <material>
   Хлопок
  </material>
  <price>
   328513
  </price>
  <rating>
   3.33
  </rating>
  <reviews>
   51168
  </reviews>
  <exclusive>
   no
  </exclusive>
  <sporty>
   yes
  </sporty>
 </clothing>
 <clothing>
  <id>
   169135275
  </id>
  <name>
   Puma Sweater N-8433
  </name>
  <category>
   Sweater
  </category>
  <size>
   L
  </size>
  <color>
   Красный
  </color>
  <material>
   Шелк
  </material>
  <price>
   849132
  </price>
  <rating>
   4.59
  </rating>
  <reviews>
   982878
  </reviews>
  <new>
   +
  </new>
  <sporty>
   yes
  </sporty>
 </clothing>
 <clothing>
  <id>
   722217310
  </id>
  <name>
   Under Armour Hat U-8088
  </name>
  <category>
   Hat
  </category>
  <size>
   M
  </size>
  <color>
   Оранжевый
  </color>
  <material>
   Кожа
  </material>
  <price>
   185183
  </price>
  <rating>
   3.06
  </rating>
  <reviews>
   419491
  </reviews>
  <exclusive>
   no
  </exclusive>
 </clothing>
 <clothing>
  <id>
   994463828
  </id>
  <name>
   DC Umbrellas I-1372
  </name>
  <category>
   Umbrellas
  </category>
  <size>
   L
  </size>
  <color>
   Желтый
  </color>
  <material>
   Лен
  </material>
  <price>
   262742
  </price>
  <rating>
   2.27
  </rating>
  <reviews>
   437329
  </reviews>
  <exclusive>
   yes
  </exclusive>
  <sporty>
   no
  </sporty>
 </clothing>
 <clothing>
  <id>
   802474943
  </id>
  <name>
   Addidas Shirt G-3747
  </name>
  <category>
   Shirt
  </category>
  <size>
   XXL
  </size>
  <color>
   Фиолетовый
  </color>
  <material>
   Кожа
  </material>
  <price>
   910897
  </price>
  <rating>
   1.69
  </rating>
  <reviews>
   822564
  </reviews>
  <new>
   -
  </new>
  <sporty>
   yes
  </sporty>
 </clothing>
 <clothing>
  <id>
   822004957
  </id>
  <name>
   Ellesse Blouse D-4684
  </name>
  <category>
   Blouse
  </category>
  <size>
   XXL
  </size>
  <color>
   Синий
  </color>
  <material>
   Шерсть
  </material>
  <price>
   449279
  </price>
  <rating>
   3.28
  </rating>
  <reviews>
   660579
  </reviews>
  <new>
   -
  </new>
  <exclusive>
   no
  </exclusive>
  <sporty>
   no
  </sporty>
 </clothing>
 <clothing>
  <id>
   421741712
  </id>
  <name>
   Asics Dress S-9729
  </name>
  <category>
   Dress
  </category>
  <size>
   L
  </size>
  <color>
   Оранжевый
  </color>
  <material>
   Нейлон
  </material>
  <price>
   277570
  </price>
  <rating>
   4.05
  </rating>
  <reviews>
   374231
  </reviews>
  <new>
   -
  </new>
  <exclusive>
   no
  </exclusive>
 </clothing>
 <clothing>
  <id>
   742960229
  </id>
  <name>
   DC T-shirt P-6794
  </name>
  <category>
   T-shirt
  </category>
  <size>
   XXL
  </size>
  <color>
   Красный
  </color>
  <material>
   Вискоза
  </material>
  <price>
   960074
  </price>
  <rating>
   2.22
  </rating>
  <reviews>
   869611
  </reviews>
 </clothing>
 <clothing>
  <id>
   479551532
  </id>
  <name>
   Vans Handbags O-7006
  </name>
  <category>
   Handbags
  </category>
  <size>
   M
  </size>
  <color>
   Оранжевый
  </color>
  <material>
   Шелк
  </material>
  <price>
   755060
  </price>
  <rating>
   3.09
  </rating>
  <reviews>
   748411
  </reviews>
  <exclusive>
   no
  </exclusive>
  <sporty>
   no
  </sporty>
 </clothing>
 <clothing>
  <id>
   267023974
  </id>
  <name>
   Converse Jacket P-2001
  </name>
  <category>
   Jacket
  </category>
  <size>
   M
  </size>
  <color>
   Фиолетовый
  </color>
  <material>
   Хлопок
  </material>
  <price>
   474818
  </price>
  <rating>
   4.66
  </rating>
  <reviews>
   615577
  </reviews>
  <sporty>
   yes
  </sporty>
 </clothing>
 <clothing>
  <id>
   305757829
  </id>
  <name>
   Adidas Shoes H-6833
  </name>
  <category>
   Shoes
  </category>
  <size>
   XL
  </size>
  <color>
   Желтый
  </color>
  <material>
   Вискоза
  </material>
  <price>
   320412
  </price>
  <rating>
   1.34
  </rating>
  <reviews>
   533321
  </reviews>
 </clothing>
 <clothing>
  <id>
   479890940
  </id>
  <name>
   Reebok T-shirt R-3728
  </name>
  <category>
   T-shirt
  </category>
  <size>
   M
  </size>
  <color>
   Голубой
  </color>
  <material>
   Нейлон
  </material>
  <price>
   279105
  </price>
  <rating>
   4.89
  </rating>
  <reviews>
   360028
  </reviews>
  <sporty>
   no
  </sporty>
 </clothing>
 <clothing>
  <id>
   286518875
  </id>
  <name>
   Nike Gloves J-8847
  </name>
  <category>
   Gloves
  </category>
  <size>
   S
  </size>
  <color>
   Голубой
  </color>
  <material>
   Шерсть
  </material>
  <price>
   908549
  </price>
  <rating>
   3.22
  </rating>
  <reviews>
   414353
  </reviews>
  <new>
   -
  </new>
 </clothing>
 <clothing>
  <id>
   389846614
  </id>
  <name>
   DC Belts G-1122
  </name>
  <category>
   Belts
  </category>
  <size>
   S
  </size>
  <color>
   Синий
  </color>
  <material>
   Нейлон
  </material>
  <price>
   215816
  </price>
  <rating>
   3.15
  </rating>
  <reviews>
   193995
  </reviews>
  <exclusive>
   yes
  </exclusive>
  <sporty>
   no
  </sporty>
 </clothing>
 <clothing>
  <id>
   840805496
  </id>
  <name>
   Ellesse Pants U-2160
  </name>
  <category>
   Pants
  </category>
  <size>
   S
  </size>
  <color>
   Красный
  </color>
  <material>
   Хлопок
  </material>
  <price>
   168842
  </price>
  <rating>
   3.9
  </rating>
  <reviews>
   723866
  </reviews>
  <new>
   +
  </new>
 </clothing>
 <clothing>
  <id>
   954589543
  </id>
  <name>
   Nike Jacket N-3663
  </name>
  <category>
   Jacket
  </category>
  <size>
   XXL
  </size>
  <color>
   Оранжевый
  </color>
  <material>
   Кожа
  </material>
  <price>
   539335
  </price>
  <rating>
   1.66
  </rating>
  <reviews>
   678048
  </reviews>
 </clothing>
 <clothing>
  <id>
   952586013
  </id>
  <name>
   Asics Belts T-5155
  </name>
  <category>
   Belts
  </category>
  <size>
   XL
  </size>
  <color>
   Красный
  </color>
  <material>
   Нейлон
  </material>
  <price>
   208762
  </price>
  <rating>
   1.66
  </rating>
  <reviews>
   827758
  </reviews>
  <exclusive>
   yes
  </exclusive>
 </clothing>
 <clothing>
  <id>
   813886566
  </id>
  <name>
   Under Armour Shoes D-8208
  </name>
  <category>
   Shoes
  </category>
  <size>
   M
  </size>
  <color>
   Фиолетовый
  </color>
  <material>
   Шерсть
  </material>
  <price>
   301394
  </price>
  <rating>
   1.94
  </rating>
  <reviews>
   567811
  </reviews>
  <new>
   +
  </new>
  <exclusive>
   no
  </exclusive>
 </clothing>
 <clothing>
  <id>
   149140194
  </id>
  <name>
   Under Armour T-shirt S-2544
  </name>
  <category>
   T-shirt
  </category>
  <size>
   XL
  </size>
  <color>
   Желтый
  </color>
  <material>
   Кожа
  </material>
  <price>
   912317
  </price>
  <rating>
   2.41
  </rating>
  <reviews>
   436392
  </reviews>
  <new>
   +
  </new>
  <sporty>
   no
  </sporty>
 </clothing>
 <clothing>
  <id>
   618380377
  </id>
  <name>
   Nike Jeans W-8564
  </name>
  <category>
   Jeans
  </category>
  <size>
   XXL
  </size>
  <color>
   Оранжевый
  </color>
  <material>
   Вискоза
  </material>
  <price>
   834417
  </price>
  <rating>
   4.72
  </rating>
  <reviews>
   9786
  </reviews>
  <sporty>
   yes
  </sporty>
 </clothing>
</clothing-items>
