<?xml version="1.0" encoding="utf-8"?>
<clothing-items>
 <clothing>
  <id>
   188153667
  </id>
  <name>
   Vans Handbags Q-3769
  </name>
  <category>
   Handbags
  </category>
  <size>
   L
  </size>
  <color>
   Желтый
  </color>
  <material>
   Кожа
  </material>
  <price>
   989754
  </price>
  <rating>
   1.58
  </rating>
  <reviews>
   707750
  </reviews>
  <exclusive>
   no
  </exclusive>
  <sporty>
   yes
  </sporty>
 </clothing>
 <clothing>
  <id>
   559115142
  </id>
  <name>
   Nike Hat R-6376
  </name>
  <category>
   Hat
  </category>
  <size>
   S
  </size>
  <color>
   Красный
  </color>
  <material>
   Кожа
  </material>
  <price>
   617132
  </price>
  <rating>
   4.09
  </rating>
  <reviews>
   496192
  </reviews>
  <exclusive>
   yes
  </exclusive>
  <sporty>
   no
  </sporty>
 </clothing>
 <clothing>
  <id>
   476652183
  </id>
  <name>
   Vans Shirt W-9041
  </name>
  <category>
   Shirt
  </category>
  <size>
   S
  </size>
  <color>
   Синий
  </color>
  <material>
   Шелк
  </material>
  <price>
   740808
  </price>
  <rating>
   4.95
  </rating>
  <reviews>
   893512
  </reviews>
  <sporty>
   yes
  </sporty>
 </clothing>
 <clothing>
  <id>
   840591317
  </id>
  <name>
   Nike Gloves K-9144
  </name>
  <category>
   Gloves
  </category>
  <size>
   S
  </size>
  <color>
   Голубой
  </color>
  <material>
   Нейлон
  </material>
  <price>
   664845
  </price>
  <rating>
   2.58
  </rating>
  <reviews>
   421490
  </reviews>
  <new>
   +
  </new>
  <exclusive>
   no
  </exclusive>
  <sporty>
   yes
  </sporty>
 </clothing>
 <clothing>
  <id>
   364736645
  </id>
  <name>
   Asics Blouse Y-7031
  </name>
  <category>
   Blouse
  </category>
  <size>
   XXL
  </size>
  <color>
   Голубой
  </color>
  <material>
   Шерсть
  </material>
  <price>
   490558
  </price>
  <rating>
   3.83
  </rating>
  <reviews>
   761529
  </reviews>
  <exclusive>
   no
  </exclusive>
  <sporty>
   no
  </sporty>
 </clothing>
 <clothing>
  <id>
   396854175
  </id>
  <name>
   Vans Sweater N-7739
  </name>
  <category>
   Sweater
  </category>
  <size>
   L
  </size>
  <color>
   Голубой
  </color>
  <material>
   Шерсть
  </material>
  <price>
   913663
  </price>
  <rating>
   2.54
  </rating>
  <reviews>
   685412
  </reviews>
  <exclusive>
   no
  </exclusive>
 </clothing>
 <clothing>
  <id>
   636615099
  </id>
  <name>
   Adidas Shoes N-9403
  </name>
  <category>
   Shoes
  </category>
  <size>
   XXL
  </size>
  <color>
   Синий
  </color>
  <material>
   Шерсть
  </material>
  <price>
   482293
  </price>
  <rating>
   4.58
  </rating>
  <reviews>
   533362
  </reviews>
  <new>
   +
  </new>
  <exclusive>
   yes
  </exclusive>
 </clothing>
 <clothing>
  <id>
   744755840
  </id>
  <name>
   Under Armour Belts I-1185
  </name>
  <category>
   Belts
  </category>
  <size>
   XL
  </size>
  <color>
   Красный
  </color>
  <material>
   Кожа
  </material>
  <price>
   790687
  </price>
  <rating>
   1.95
  </rating>
  <reviews>
   44444
  </reviews>
  <exclusive>
   no
  </exclusive>
 </clothing>
 <clothing>
  <id>
   654375616
  </id>
  <name>
   Adidas Handbags S-1858
  </name>
  <category>
   Handbags
  </category>
  <size>
   L
  </size>
  <color>
   Красный
  </color>
  <material>
   Нейлон
  </material>
  <price>
   547188
  </price>
  <rating>
   1.35
  </rating>
  <reviews>
   297659
  </reviews>
  <sporty>
   no
  </sporty>
 </clothing>
 <clothing>
  <id>
   960379005
  </id>
  <name>
   Reebok Skirt I-2868
  </name>
  <category>
   Skirt
  </category>
  <size>
   S
  </size>
  <color>
   Синий
  </color>
  <material>
   Кожа
  </material>
  <price>
   901011
  </price>
  <rating>
   4.58
  </rating>
  <reviews>
   810239
  </reviews>
  <new>
   -
  </new>
 </clothing>
 <clothing>
  <id>
   723564441
  </id>
  <name>
   Brooks Umbrellas C-1583
  </name>
  <category>
   Umbrellas
  </category>
  <size>
   S
  </size>
  <color>
   Зеленый
  </color>
  <material>
   Вискоза
  </material>
  <price>
   759985
  </price>
  <rating>
   4.83
  </rating>
  <reviews>
   106139
  </reviews>
  <new>
   -
  </new>
  <exclusive>
   no
  </exclusive>
  <sporty>
   no
  </sporty>
 </clothing>
 <clothing>
  <id>
   119706916
  </id>
  <name>
   Lacoste Handbags I-6060
  </name>
  <category>
   Handbags
  </category>
  <size>
   M
  </size>
  <color>
   Фиолетовый
  </color>
  <material>
   Вискоза
  </material>
  <price>
   141086
  </price>
  <rating>
   2.97
  </rating>
  <reviews>
   692764
  </reviews>
  <exclusive>
   yes
  </exclusive>
  <sporty>
   yes
  </sporty>
 </clothing>
 <clothing>
  <id>
   517451620
  </id>
  <name>
   Under Armour Jeans X-3286
  </name>
  <category>
   Jeans
  </category>
  <size>
   S
  </size>
  <color>
   Синий
  </color>
  <material>
   Шелк
  </material>
  <price>
   293231
  </price>
  <rating>
   3.76
  </rating>
  <reviews>
   105873
  </reviews>
  <new>
   +
  </new>
  <exclusive>
   no
  </exclusive>
  <sporty>
   no
  </sporty>
 </clothing>
 <clothing>
  <id>
   672788161
  </id>
  <name>
   Converse Umbrellas A-5376
  </name>
  <category>
   Umbrellas
  </category>
  <size>
   M
  </size>
  <color>
   Оранжевый
  </color>
  <material>
   Вискоза
  </material>
  <price>
   568989
  </price>
  <rating>
   3.65
  </rating>
  <reviews>
   762273
  </reviews>
  <new>
   -
  </new>
  <sporty>
   yes
  </sporty>
 </clothing>
 <clothing>
  <id>
   513350862
  </id>
  <name>
   Nike Jeans Z-6216
  </name>
  <category>
   Jeans
  </category>
  <size>
   XXL
  </size>
  <color>
   Зеленый
  </color>
  <material>
   Лен
  </material>
  <price>
   789258
  </price>
  <rating>
   3.43
  </rating>
  <reviews>
   942391
  </reviews>
  <new>
   -
  </new>
  <exclusive>
   no
  </exclusive>
 </clothing>
 <clothing>
  <id>
   862070812
  </id>
  <name>
   Ellesse Umbrellas Q-6829
  </name>
  <category>
   Umbrellas
  </category>
  <size>
   S
  </size>
  <color>
   Фиолетовый
  </color>
  <material>
   Нейлон
  </material>
  <price>
   544629
  </price>
  <rating>
   1.21
  </rating>
  <reviews>
   276500
  </reviews>
  <new>
   -
  </new>
 </clothing>
 <clothing>
  <id>
   107434656
  </id>
  <name>
   Nike Dress H-1133
  </name>
  <category>
   Dress
  </category>
  <size>
   L
  </size>
  <color>
   Оранжевый
  </color>
  <material>
   Нейлон
  </material>
  <price>
   475848
  </price>
  <rating>
   3.31
  </rating>
  <reviews>
   804737
  </reviews>
  <exclusive>
   no
  </exclusive>
  <sporty>
   no
  </sporty>
 </clothing>
 <clothing>
  <id>
   331874600
  </id>
  <name>
   Reebok Jeans K-8954
  </name>
  <category>
   Jeans
  </category>
  <size>
   S
  </size>
  <color>
   Оранжевый
  </color>
  <material>
   Вискоза
  </material>
  <price>
   744919
  </price>
  <rating>
   2.82
  </rating>
  <reviews>
   61095
  </reviews>
 </clothing>
 <clothing>
  <id>
   586379936
  </id>
  <name>
   Nike Shoes T-9886
  </name>
  <category>
   Shoes
  </category>
  <size>
   XL
  </size>
  <color>
   Синий
  </color>
  <material>
   Полиэстер
  </material>
  <price>
   179587
  </price>
  <rating>
   1.08
  </rating>
  <reviews>
   341857
  </reviews>
  <exclusive>
   no
  </exclusive>
  <sporty>
   yes
  </sporty>
 </clothing>
 <clothing>
  <id>
   511928644
  </id>
  <name>
   Adidas T-shirt M-3436
  </name>
  <category>
   T-shirt
  </category>
  <size>
   XL
  </size>
  <color>
   Оранжевый
  </color>
  <material>
   Шелк
  </material>
  <price>
   445429
  </price>
  <rating>
   2.38
  </rating>
  <reviews>
   68627
  </reviews>
 </clothing>
 <clothing>
  <id>
   916056274
  </id>
  <name>
   Brooks Sweater C-1405
  </name>
  <category>
   Sweater
  </category>
  <size>
   S
  </size>
  <color>
   Оранжевый
  </color>
  <material>
   Нейлон
  </material>
  <price>
   868375
  </price>
  <rating>
   1.6
  </rating>
  <reviews>
   137749
  </reviews>
  <new>
   -
  </new>
  <sporty>
   no
  </sporty>
 </clothing>
 <clothing>
  <id>
   842560747
  </id>
  <name>
   Ellesse Socks G-5716
  </name>
  <category>
   Socks
  </category>
  <size>
   M
  </size>
  <color>
   Голубой
  </color>
  <material>
   Хлопок
  </material>
  <price>
   746780
  </price>
  <rating>
   3.6
  </rating>
  <reviews>
   25918
  </reviews>
  <exclusive>
   no
  </exclusive>
  <sporty>
   no
  </sporty>
 </clothing>
 <clothing>
  <id>
   204123389
  </id>
  <name>
   PleinSport Sweater O-6772
  </name>
  <category>
   Sweater
  </category>
  <size>
   S
  </size>
  <color>
   Желтый
  </color>
  <material>
   Полиэстер
  </material>
  <price>
   784029
  </price>
  <rating>
   1.86
  </rating>
  <reviews>
   907436
  </reviews>
  <exclusive>
   yes
  </exclusive>
  <sporty>
   no
  </sporty>
 </clothing>
 <clothing>
  <id>
   115812624
  </id>
  <name>
   Addidas Umbrellas K-5113
  </name>
  <category>
   Umbrellas
  </category>
  <size>
   M
  </size>
  <color>
   Фиолетовый
  </color>
  <material>
   Шерсть
  </material>
  <price>
   253619
  </price>
  <rating>
   4.17
  </rating>
  <reviews>
   608826
  </reviews>
  <new>
   -
  </new>
  <sporty>
   no
  </sporty>
 </clothing>
 <clothing>
  <id>
   255229074
  </id>
  <name>
   Asics Jacket B-3731
  </name>
  <category>
   Jacket
  </category>
  <size>
   XXL
  </size>
  <color>
   Желтый
  </color>
  <material>
   Нейлон
  </material>
  <price>
   950769
  </price>
  <rating>
   3.65
  </rating>
  <reviews>
   16358
  </reviews>
  <new>
   -
  </new>
  <exclusive>
   no
  </exclusive>
 </clothing>
 <clothing>
  <id>
   684449734
  </id>
  <name>
   Converse Socks S-6431
  </name>
  <category>
   Socks
  </category>
  <size>
   XXL
  </size>
  <color>
   Красный
  </color>
  <material>
   Хлопок
  </material>
  <price>
   655710
  </price>
  <rating>
   4.44
  </rating>
  <reviews>
   380475
  </reviews>
  <new>
   -
  </new>
  <sporty>
   yes
  </sporty>
 </clothing>
 <clothing>
  <id>
   373480538
  </id>
  <name>
   Fila Handbags K-5807
  </name>
  <category>
   Handbags
  </category>
  <size>
   L
  </size>
  <color>
   Красный
  </color>
  <material>
   Полиэстер
  </material>
  <price>
   735270
  </price>
  <rating>
   1.03
  </rating>
  <reviews>
   158266
  </reviews>
  <new>
   +
  </new>
  <sporty>
   no
  </sporty>
 </clothing>
 <clothing>
  <id>
   575268184
  </id>
  <name>
   Reebok Sweater M-6657
  </name>
  <category>
   Sweater
  </category>
  <size>
   XXL
  </size>
  <color>
   Оранжевый
  </color>
  <material>
   Шерсть
  </material>
  <price>
   514112
  </price>
  <rating>
   4.04
  </rating>
  <reviews>
   801998
  </reviews>
  <new>
   -
  </new>
  <exclusive>
   no
  </exclusive>
 </clothing>
 <clothing>
  <id>
   785308547
  </id>
  <name>
   Asics Socks C-5959
  </name>
  <category>
   Socks
  </category>
  <size>
   XL
  </size>
  <color>
   Оранжевый
  </color>
  <material>
   Шерсть
  </material>
  <price>
   779119
  </price>
  <rating>
   3.95
  </rating>
  <reviews>
   631019
  </reviews>
  <new>
   +
  </new>
  <sporty>
   no
  </sporty>
 </clothing>
 <clothing>
  <id>
   169093194
  </id>
  <name>
   DC Socks O-3284
  </name>
  <category>
   Socks
  </category>
  <size>
   L
  </size>
  <color>
   Зеленый
  </color>
  <material>
   Полиэстер
  </material>
  <price>
   690405
  </price>
  <rating>
   2.75
  </rating>
  <reviews>
   513558
  </reviews>
  <new>
   -
  </new>
  <exclusive>
   no
  </exclusive>
  <sporty>
   yes
  </sporty>
 </clothing>
 <clothing>
  <id>
   265727297
  </id>
  <name>
   Nike Pants O-6910
  </name>
  <category>
   Pants
  </category>
  <size>
   S
  </size>
  <color>
   Желтый
  </color>
  <material>
   Шерсть
  </material>
  <price>
   137306
  </price>
  <rating>
   1.61
  </rating>
  <reviews>
   174823
  </reviews>
  <exclusive>
   no
  </exclusive>
  <sporty>
   no
  </sporty>
 </clothing>
 <clothing>
  <id>
   723512022
  </id>
  <name>
   Reebok Dress I-1761
  </name>
  <category>
   Dress
  </category>
  <size>
   XL
  </size>
  <color>
   Синий
  </color>
  <material>
   Вискоза
  </material>
  <price>
   641162
  </price>
  <rating>
   3.79
  </rating>
  <reviews>
   268306
  </reviews>
 </clothing>
 <clothing>
  <id>
   575647793
  </id>
  <name>
   Converse Dress O-5010
  </name>
  <category>
   Dress
  </category>
  <size>
   M
  </size>
  <color>
   Синий
  </color>
  <material>
   Хлопок
  </material>
  <price>
   325491
  </price>
  <rating>
   2.22
  </rating>
  <reviews>
   688617
  </reviews>
  <new>
   -
  </new>
  <exclusive>
   no
  </exclusive>
 </clothing>
 <clothing>
  <id>
   278415317
  </id>
  <name>
   Asics Jacket G-2865
  </name>
  <category>
   Jacket
  </category>
  <size>
   L
  </size>
  <color>
   Красный
  </color>
  <material>
   Хлопок
  </material>
  <price>
   506552
  </price>
  <rating>
   2.32
  </rating>
  <reviews>
   454791
  </reviews>
  <new>
   +
  </new>
 </clothing>
 <clothing>
  <id>
   210765453
  </id>
  <name>
   Lacoste Hat L-7436
  </name>
  <category>
   Hat
  </category>
  <size>
   XXL
  </size>
  <color>
   Синий
  </color>
  <material>
   Вискоза
  </material>
  <price>
   643811
  </price>
  <rating>
   1.73
  </rating>
  <reviews>
   210812
  </reviews>
  <exclusive>
   no
  </exclusive>
 </clothing>
 <clothing>
  <id>
   456327823
  </id>
  <name>
   Ellesse Umbrellas K-2057
  </name>
  <category>
   Umbrellas
  </category>
  <size>
   M
  </size>
  <color>
   Голубой
  </color>
  <material>
   Полиэстер
  </material>
  <price>
   436192
  </price>
  <rating>
   2.51
  </rating>
  <reviews>
   922387
  </reviews>
  <new>
   -
  </new>
  <sporty>
   yes
  </sporty>
 </clothing>
 <clothing>
  <id>
   399426223
  </id>
  <name>
   Fila Blouse H-6120
  </name>
  <category>
   Blouse
  </category>
  <size>
   XXL
  </size>
  <color>
   Синий
  </color>
  <material>
   Лен
  </material>
  <price>
   329719
  </price>
  <rating>
   3.95
  </rating>
  <reviews>
   866984
  </reviews>
  <new>
   -
  </new>
  <exclusive>
   no
  </exclusive>
  <sporty>
   no
  </sporty>
 </clothing>
</clothing-items>
