<?xml version="1.0" encoding="utf-8"?>
<clothing-items>
 <clothing>
  <id>
   703282661
  </id>
  <name>
   Asics Dress A-6932
  </name>
  <category>
   Dress
  </category>
  <size>
   M
  </size>
  <color>
   Фиолетовый
  </color>
  <material>
   Лен
  </material>
  <price>
   648778
  </price>
  <rating>
   2.0
  </rating>
  <reviews>
   489136
  </reviews>
  <new>
   +
  </new>
  <sporty>
   no
  </sporty>
 </clothing>
 <clothing>
  <id>
   789693980
  </id>
  <name>
   New Balance Skirt K-8189
  </name>
  <category>
   Skirt
  </category>
  <size>
   L
  </size>
  <color>
   Голубой
  </color>
  <material>
   Вискоза
  </material>
  <price>
   964527
  </price>
  <rating>
   2.48
  </rating>
  <reviews>
   794661
  </reviews>
  <exclusive>
   no
  </exclusive>
 </clothing>
 <clothing>
  <id>
   137097735
  </id>
  <name>
   Ellesse Socks J-3453
  </name>
  <category>
   Socks
  </category>
  <size>
   M
  </size>
  <color>
   Фиолетовый
  </color>
  <material>
   Хлопок
  </material>
  <price>
   180640
  </price>
  <rating>
   3.03
  </rating>
  <reviews>
   970148
  </reviews>
  <new>
   +
  </new>
  <sporty>
   no
  </sporty>
 </clothing>
 <clothing>
  <id>
   919170942
  </id>
  <name>
   Converse Umbrellas Y-6329
  </name>
  <category>
   Umbrellas
  </category>
  <size>
   L
  </size>
  <color>
   Фиолетовый
  </color>
  <material>
   Нейлон
  </material>
  <price>
   709688
  </price>
  <rating>
   1.92
  </rating>
  <reviews>
   259731
  </reviews>
  <new>
   -
  </new>
  <exclusive>
   no
  </exclusive>
 </clothing>
 <clothing>
  <id>
   965067573
  </id>
  <name>
   New Balance Jeans X-3915
  </name>
  <category>
   Jeans
  </category>
  <size>
   XL
  </size>
  <color>
   Оранжевый
  </color>
  <material>
   Кожа
  </material>
  <price>
   384067
  </price>
  <rating>
   1.92
  </rating>
  <reviews>
   907691
  </reviews>
  <new>
   -
  </new>
 </clothing>
 <clothing>
  <id>
   787555737
  </id>
  <name>
   Ellesse Jacket Y-7957
  </name>
  <category>
   Jacket
  </category>
  <size>
   M
  </size>
  <color>
   Голубой
  </color>
  <material>
   Кожа
  </material>
  <price>
   871877
  </price>
  <rating>
   1.52
  </rating>
  <reviews>
   71894
  </reviews>
  <exclusive>
   no
  </exclusive>
 </clothing>
 <clothing>
  <id>
   239582108
  </id>
  <name>
   Adidas Hat E-9303
  </name>
  <category>
   Hat
  </category>
  <size>
   M
  </size>
  <color>
   Зеленый
  </color>
  <material>
   Шерсть
  </material>
  <price>
   733144
  </price>
  <rating>
   4.82
  </rating>
  <reviews>
   874215
  </reviews>
  <sporty>
   yes
  </sporty>
 </clothing>
 <clothing>
  <id>
   516289480
  </id>
  <name>
   Nike Shoes A-3599
  </name>
  <category>
   Shoes
  </category>
  <size>
   M
  </size>
  <color>
   Зеленый
  </color>
  <material>
   Кожа
  </material>
  <price>
   171099
  </price>
  <rating>
   3.26
  </rating>
  <reviews>
   294207
  </reviews>
  <exclusive>
   no
  </exclusive>
 </clothing>
 <clothing>
  <id>
   109305504
  </id>
  <name>
   Vans Shoes O-8564
  </name>
  <category>
   Shoes
  </category>
  <size>
   S
  </size>
  <color>
   Красный
  </color>
  <material>
   Лен
  </material>
  <price>
   187596
  </price>
  <rating>
   2.36
  </rating>
  <reviews>
   860047
  </reviews>
  <new>
   -
  </new>
  <exclusive>
   yes
  </exclusive>
  <sporty>
   yes
  </sporty>
 </clothing>
 <clothing>
  <id>
   806618670
  </id>
  <name>
   Ellesse Gloves W-1753
  </name>
  <category>
   Gloves
  </category>
  <size>
   L
  </size>
  <color>
   Желтый
  </color>
  <material>
   Хлопок
  </material>
  <price>
   595562
  </price>
  <rating>
   2.54
  </rating>
  <reviews>
   557252
  </reviews>
  <new>
   -
  </new>
 </clothing>
 <clothing>
  <id>
   496054644
  </id>
  <name>
   Reebok Handbags E-1119
  </name>
  <category>
   Handbags
  </category>
  <size>
   M
  </size>
  <color>
   Красный
  </color>
  <material>
   Хлопок
  </material>
  <price>
   964544
  </price>
  <rating>
   4.52
  </rating>
  <reviews>
   744965
  </reviews>
  <new>
   +
  </new>
  <exclusive>
   no
  </exclusive>
 </clothing>
 <clothing>
  <id>
   176385097
  </id>
  <name>
   DC Pants G-3631
  </name>
  <category>
   Pants
  </category>
  <size>
   S
  </size>
  <color>
   Фиолетовый
  </color>
  <material>
   Хлопок
  </material>
  <price>
   326135
  </price>
  <rating>
   2.13
  </rating>
  <reviews>
   744547
  </reviews>
  <exclusive>
   yes
  </exclusive>
  <sporty>
   no
  </sporty>
 </clothing>
 <clothing>
  <id>
   547233102
  </id>
  <name>
   Adidas Shoes G-2053
  </name>
  <category>
   Shoes
  </category>
  <size>
   M
  </size>
  <color>
   Красный
  </color>
  <material>
   Нейлон
  </material>
  <price>
   630071
  </price>
  <rating>
   3.32
  </rating>
  <reviews>
   116823
  </reviews>
  <new>
   -
  </new>
  <sporty>
   no
  </sporty>
 </clothing>
 <clothing>
  <id>
   597397819
  </id>
  <name>
   New Balance Dress D-6150
  </name>
  <category>
   Dress
  </category>
  <size>
   L
  </size>
  <color>
   Голубой
  </color>
  <material>
   Вискоза
  </material>
  <price>
   228484
  </price>
  <rating>
   1.82
  </rating>
  <reviews>
   81582
  </reviews>
  <exclusive>
   yes
  </exclusive>
 </clothing>
 <clothing>
  <id>
   911438863
  </id>
  <name>
   Brooks Jacket S-6948
  </name>
  <category>
   Jacket
  </category>
  <size>
   S
  </size>
  <color>
   Зеленый
  </color>
  <material>
   Хлопок
  </material>
  <price>
   190316
  </price>
  <rating>
   2.44
  </rating>
  <reviews>
   10056
  </reviews>
  <exclusive>
   no
  </exclusive>
  <sporty>
   yes
  </sporty>
 </clothing>
 <clothing>
  <id>
   659671283
  </id>
  <name>
   Converse Blouse R-3132
  </name>
  <category>
   Blouse
  </category>
  <size>
   XL
  </size>
  <color>
   Оранжевый
  </color>
  <material>
   Полиэстер
  </material>
  <price>
   333071
  </price>
  <rating>
   4.52
  </rating>
  <reviews>
   959903
  </reviews>
 </clothing>
</clothing-items>
