<?xml version="1.0" encoding="utf-8"?>
<clothing-items>
 <clothing>
  <id>
   195219917
  </id>
  <name>
   DC Shirt F-7048
  </name>
  <category>
   Shirt
  </category>
  <size>
   S
  </size>
  <color>
   Синий
  </color>
  <material>
   Полиэстер
  </material>
  <price>
   604756
  </price>
  <rating>
   1.54
  </rating>
  <reviews>
   926053
  </reviews>
  <exclusive>
   yes
  </exclusive>
 </clothing>
 <clothing>
  <id>
   238833551
  </id>
  <name>
   PleinSport Jeans G-5134
  </name>
  <category>
   Jeans
  </category>
  <size>
   L
  </size>
  <color>
   Фиолетовый
  </color>
  <material>
   Кожа
  </material>
  <price>
   981918
  </price>
  <rating>
   2.05
  </rating>
  <reviews>
   511981
  </reviews>
  <new>
   -
  </new>
  <sporty>
   yes
  </sporty>
 </clothing>
 <clothing>
  <id>
   676312113
  </id>
  <name>
   Brooks Shoes R-1344
  </name>
  <category>
   Shoes
  </category>
  <size>
   M
  </size>
  <color>
   Фиолетовый
  </color>
  <material>
   Вискоза
  </material>
  <price>
   421247
  </price>
  <rating>
   2.34
  </rating>
  <reviews>
   533519
  </reviews>
  <new>
   +
  </new>
  <exclusive>
   yes
  </exclusive>
  <sporty>
   yes
  </sporty>
 </clothing>
 <clothing>
  <id>
   700506459
  </id>
  <name>
   Reebok Belts P-1836
  </name>
  <category>
   Belts
  </category>
  <size>
   XL
  </size>
  <color>
   Синий
  </color>
  <material>
   Полиэстер
  </material>
  <price>
   201934
  </price>
  <rating>
   4.8
  </rating>
  <reviews>
   965814
  </reviews>
  <new>
   -
  </new>
  <sporty>
   yes
  </sporty>
 </clothing>
 <clothing>
  <id>
   115918297
  </id>
  <name>
   Asics Jeans D-2979
  </name>
  <category>
   Jeans
  </category>
  <size>
   XXL
  </size>
  <color>
   Зеленый
  </color>
  <material>
   Нейлон
  </material>
  <price>
   437318
  </price>
  <rating>
   1.06
  </rating>
  <reviews>
   753787
  </reviews>
  <exclusive>
   no
  </exclusive>
  <sporty>
   yes
  </sporty>
 </clothing>
 <clothing>
  <id>
   193697207
  </id>
  <name>
   New Balance Pants X-6553
  </name>
  <category>
   Pants
  </category>
  <size>
   M
  </size>
  <color>
   Фиолетовый
  </color>
  <material>
   Шелк
  </material>
  <price>
   198736
  </price>
  <rating>
   4.41
  </rating>
  <reviews>
   144247
  </reviews>
  <new>
   -
  </new>
  <exclusive>
   no
  </exclusive>
  <sporty>
   yes
  </sporty>
 </clothing>
 <clothing>
  <id>
   118823219
  </id>
  <name>
   PleinSport Jacket K-8949
  </name>
  <category>
   Jacket
  </category>
  <size>
   M
  </size>
  <color>
   Синий
  </color>
  <material>
   Полиэстер
  </material>
  <price>
   277314
  </price>
  <rating>
   3.15
  </rating>
  <reviews>
   553261
  </reviews>
  <new>
   -
  </new>
  <sporty>
   no
  </sporty>
 </clothing>
 <clothing>
  <id>
   146594605
  </id>
  <name>
   Lacoste Shoes Z-4395
  </name>
  <category>
   Shoes
  </category>
  <size>
   XL
  </size>
  <color>
   Зеленый
  </color>
  <material>
   Полиэстер
  </material>
  <price>
   726685
  </price>
  <rating>
   1.25
  </rating>
  <reviews>
   260506
  </reviews>
  <new>
   -
  </new>
  <exclusive>
   yes
  </exclusive>
  <sporty>
   no
  </sporty>
 </clothing>
 <clothing>
  <id>
   236307449
  </id>
  <name>
   Asics Sweater X-7734
  </name>
  <category>
   Sweater
  </category>
  <size>
   XL
  </size>
  <color>
   Зеленый
  </color>
  <material>
   Хлопок
  </material>
  <price>
   980645
  </price>
  <rating>
   1.18
  </rating>
  <reviews>
   658994
  </reviews>
 </clothing>
 <clothing>
  <id>
   860434492
  </id>
  <name>
   Brooks Socks O-9432
  </name>
  <category>
   Socks
  </category>
  <size>
   M
  </size>
  <color>
   Зеленый
  </color>
  <material>
   Лен
  </material>
  <price>
   913095
  </price>
  <rating>
   4.99
  </rating>
  <reviews>
   419619
  </reviews>
 </clothing>
 <clothing>
  <id>
   834337174
  </id>
  <name>
   DC Blouse T-4824
  </name>
  <category>
   Blouse
  </category>
  <size>
   M
  </size>
  <color>
   Оранжевый
  </color>
  <material>
   Шелк
  </material>
  <price>
   674773
  </price>
  <rating>
   2.07
  </rating>
  <reviews>
   313452
  </reviews>
  <new>
   +
  </new>
  <exclusive>
   no
  </exclusive>
  <sporty>
   yes
  </sporty>
 </clothing>
 <clothing>
  <id>
   149287414
  </id>
  <name>
   Adidas Belts T-9353
  </name>
  <category>
   Belts
  </category>
  <size>
   XL
  </size>
  <color>
   Голубой
  </color>
  <material>
   Вискоза
  </material>
  <price>
   508938
  </price>
  <rating>
   2.34
  </rating>
  <reviews>
   299531
  </reviews>
  <new>
   +
  </new>
  <sporty>
   no
  </sporty>
 </clothing>
 <clothing>
  <id>
   632327939
  </id>
  <name>
   Asics Gloves Q-6572
  </name>
  <category>
   Gloves
  </category>
  <size>
   XL
  </size>
  <color>
   Желтый
  </color>
  <material>
   Полиэстер
  </material>
  <price>
   666228
  </price>
  <rating>
   4.88
  </rating>
  <reviews>
   513529
  </reviews>
  <exclusive>
   yes
  </exclusive>
 </clothing>
 <clothing>
  <id>
   355796896
  </id>
  <name>
   Vans Skirt G-5355
  </name>
  <category>
   Skirt
  </category>
  <size>
   L
  </size>
  <color>
   Фиолетовый
  </color>
  <material>
   Лен
  </material>
  <price>
   992861
  </price>
  <rating>
   2.99
  </rating>
  <reviews>
   931357
  </reviews>
  <new>
   -
  </new>
  <exclusive>
   yes
  </exclusive>
  <sporty>
   no
  </sporty>
 </clothing>
 <clothing>
  <id>
   479522208
  </id>
  <name>
   Adidas Pants Z-6163
  </name>
  <category>
   Pants
  </category>
  <size>
   XXL
  </size>
  <color>
   Желтый
  </color>
  <material>
   Полиэстер
  </material>
  <price>
   423393
  </price>
  <rating>
   4.16
  </rating>
  <reviews>
   355841
  </reviews>
  <new>
   -
  </new>
  <exclusive>
   no
  </exclusive>
 </clothing>
 <clothing>
  <id>
   306692424
  </id>
  <name>
   Fila Gloves G-9396
  </name>
  <category>
   Gloves
  </category>
  <size>
   L
  </size>
  <color>
   Красный
  </color>
  <material>
   Шелк
  </material>
  <price>
   186161
  </price>
  <rating>
   2.87
  </rating>
  <reviews>
   4189
  </reviews>
  <new>
   +
  </new>
 </clothing>
 <clothing>
  <id>
   896471293
  </id>
  <name>
   Asics Shirt S-4925
  </name>
  <category>
   Shirt
  </category>
  <size>
   L
  </size>
  <color>
   Синий
  </color>
  <material>
   Кожа
  </material>
  <price>
   611131
  </price>
  <rating>
   2.44
  </rating>
  <reviews>
   601581
  </reviews>
  <new>
   -
  </new>
  <exclusive>
   no
  </exclusive>
  <sporty>
   yes
  </sporty>
 </clothing>
 <clothing>
  <id>
   779803795
  </id>
  <name>
   DC Shoes N-1502
  </name>
  <category>
   Shoes
  </category>
  <size>
   M
  </size>
  <color>
   Желтый
  </color>
  <material>
   Хлопок
  </material>
  <price>
   871597
  </price>
  <rating>
   4.11
  </rating>
  <reviews>
   987547
  </reviews>
  <new>
   -
  </new>
  <sporty>
   yes
  </sporty>
 </clothing>
 <clothing>
  <id>
   965341717
  </id>
  <name>
   Asics T-shirt X-3062
  </name>
  <category>
   T-shirt
  </category>
  <size>
   S
  </size>
  <color>
   Оранжевый
  </color>
  <material>
   Шерсть
  </material>
  <price>
   826806
  </price>
  <rating>
   1.12
  </rating>
  <reviews>
   966822
  </reviews>
  <exclusive>
   yes
  </exclusive>
 </clothing>
 <clothing>
  <id>
   294118598
  </id>
  <name>
   Puma Pants B-1076
  </name>
  <category>
   Pants
  </category>
  <size>
   L
  </size>
  <color>
   Желтый
  </color>
  <material>
   Шерсть
  </material>
  <price>
   648392
  </price>
  <rating>
   3.89
  </rating>
  <reviews>
   388312
  </reviews>
  <new>
   +
  </new>
 </clothing>
 <clothing>
  <id>
   196831595
  </id>
  <name>
   Lacoste Pants G-7994
  </name>
  <category>
   Pants
  </category>
  <size>
   XL
  </size>
  <color>
   Голубой
  </color>
  <material>
   Кожа
  </material>
  <price>
   365330
  </price>
  <rating>
   2.94
  </rating>
  <reviews>
   337773
  </reviews>
  <new>
   -
  </new>
  <exclusive>
   no
  </exclusive>
  <sporty>
   no
  </sporty>
 </clothing>
 <clothing>
  <id>
   508962479
  </id>
  <name>
   Lacoste Gloves X-7419
  </name>
  <category>
   Gloves
  </category>
  <size>
   M
  </size>
  <color>
   Зеленый
  </color>
  <material>
   Шелк
  </material>
  <price>
   162542
  </price>
  <rating>
   1.74
  </rating>
  <reviews>
   359861
  </reviews>
  <exclusive>
   no
  </exclusive>
  <sporty>
   yes
  </sporty>
 </clothing>
 <clothing>
  <id>
   505080031
  </id>
  <name>
   Converse Pants V-1928
  </name>
  <category>
   Pants
  </category>
  <size>
   S
  </size>
  <color>
   Красный
  </color>
  <material>
   Полиэстер
  </material>
  <price>
   793501
  </price>
  <rating>
   4.8
  </rating>
  <reviews>
   972087
  </reviews>
  <exclusive>
   yes
  </exclusive>
 </clothing>
 <clothing>
  <id>
   262429913
  </id>
  <name>
   New Balance Belts W-5315
  </name>
  <category>
   Belts
  </category>
  <size>
   XL
  </size>
  <color>
   Желтый
  </color>
  <material>
   Хлопок
  </material>
  <price>
   906686
  </price>
  <rating>
   4.99
  </rating>
  <reviews>
   220552
  </reviews>
  <new>
   -
  </new>
  <exclusive>
   no
  </exclusive>
  <sporty>
   no
  </sporty>
 </clothing>
 <clothing>
  <id>
   248991173
  </id>
  <name>
   Adidas Shirt T-8142
  </name>
  <category>
   Shirt
  </category>
  <size>
   XXL
  </size>
  <color>
   Голубой
  </color>
  <material>
   Нейлон
  </material>
  <price>
   724264
  </price>
  <rating>
   1.82
  </rating>
  <reviews>
   907837
  </reviews>
  <new>
   -
  </new>
  <sporty>
   yes
  </sporty>
 </clothing>
 <clothing>
  <id>
   685005276
  </id>
  <name>
   Ellesse Handbags I-1854
  </name>
  <category>
   Handbags
  </category>
  <size>
   XXL
  </size>
  <color>
   Синий
  </color>
  <material>
   Вискоза
  </material>
  <price>
   295172
  </price>
  <rating>
   4.64
  </rating>
  <reviews>
   632914
  </reviews>
  <new>
   -
  </new>
  <exclusive>
   no
  </exclusive>
 </clothing>
 <clothing>
  <id>
   607850734
  </id>
  <name>
   Puma Jacket D-2086
  </name>
  <category>
   Jacket
  </category>
  <size>
   S
  </size>
  <color>
   Зеленый
  </color>
  <material>
   Нейлон
  </material>
  <price>
   245832
  </price>
  <rating>
   2.58
  </rating>
  <reviews>
   119614
  </reviews>
  <new>
   -
  </new>
  <exclusive>
   no
  </exclusive>
  <sporty>
   no
  </sporty>
 </clothing>
 <clothing>
  <id>
   436978568
  </id>
  <name>
   Asics Sweater U-2547
  </name>
  <category>
   Sweater
  </category>
  <size>
   XXL
  </size>
  <color>
   Синий
  </color>
  <material>
   Шерсть
  </material>
  <price>
   890189
  </price>
  <rating>
   2.31
  </rating>
  <reviews>
   704829
  </reviews>
  <new>
   +
  </new>
  <sporty>
   yes
  </sporty>
 </clothing>
 <clothing>
  <id>
   947485757
  </id>
  <name>
   Lacoste Sweater M-7838
  </name>
  <category>
   Sweater
  </category>
  <size>
   M
  </size>
  <color>
   Голубой
  </color>
  <material>
   Лен
  </material>
  <price>
   509576
  </price>
  <rating>
   2.88
  </rating>
  <reviews>
   346118
  </reviews>
  <new>
   -
  </new>
  <exclusive>
   no
  </exclusive>
 </clothing>
 <clothing>
  <id>
   868378440
  </id>
  <name>
   Converse Jacket E-2166
  </name>
  <category>
   Jacket
  </category>
  <size>
   M
  </size>
  <color>
   Красный
  </color>
  <material>
   Шерсть
  </material>
  <price>
   385115
  </price>
  <rating>
   4.53
  </rating>
  <reviews>
   991231
  </reviews>
  <sporty>
   yes
  </sporty>
 </clothing>
 <clothing>
  <id>
   431700875
  </id>
  <name>
   Addidas Blouse Q-7736
  </name>
  <category>
   Blouse
  </category>
  <size>
   M
  </size>
  <color>
   Фиолетовый
  </color>
  <material>
   Шелк
  </material>
  <price>
   838144
  </price>
  <rating>
   3.31
  </rating>
  <reviews>
   64723
  </reviews>
  <exclusive>
   yes
  </exclusive>
 </clothing>
 <clothing>
  <id>
   666797866
  </id>
  <name>
   Vans Umbrellas V-9084
  </name>
  <category>
   Umbrellas
  </category>
  <size>
   M
  </size>
  <color>
   Зеленый
  </color>
  <material>
   Полиэстер
  </material>
  <price>
   409742
  </price>
  <rating>
   4.79
  </rating>
  <reviews>
   819791
  </reviews>
  <new>
   -
  </new>
  <exclusive>
   no
  </exclusive>
 </clothing>
 <clothing>
  <id>
   727224418
  </id>
  <name>
   Lacoste Belts L-8169
  </name>
  <category>
   Belts
  </category>
  <size>
   XXL
  </size>
  <color>
   Красный
  </color>
  <material>
   Хлопок
  </material>
  <price>
   704379
  </price>
  <rating>
   4.23
  </rating>
  <reviews>
   845055
  </reviews>
  <exclusive>
   no
  </exclusive>
  <sporty>
   no
  </sporty>
 </clothing>
 <clothing>
  <id>
   128189756
  </id>
  <name>
   PleinSport Umbrellas C-3709
  </name>
  <category>
   Umbrellas
  </category>
  <size>
   XL
  </size>
  <color>
   Оранжевый
  </color>
  <material>
   Нейлон
  </material>
  <price>
   376117
  </price>
  <rating>
   2.13
  </rating>
  <reviews>
   819852
  </reviews>
  <exclusive>
   yes
  </exclusive>
  <sporty>
   no
  </sporty>
 </clothing>
 <clothing>
  <id>
   509161959
  </id>
  <name>
   Under Armour Sweater M-1840
  </name>
  <category>
   Sweater
  </category>
  <size>
   XL
  </size>
  <color>
   Голубой
  </color>
  <material>
   Хлопок
  </material>
  <price>
   495167
  </price>
  <rating>
   4.76
  </rating>
  <reviews>
   810222
  </reviews>
 </clothing>
 <clothing>
  <id>
   813796825
  </id>
  <name>
   DC Shirt R-5028
  </name>
  <category>
   Shirt
  </category>
  <size>
   XXL
  </size>
  <color>
   Зеленый
  </color>
  <material>
   Хлопок
  </material>
  <price>
   526326
  </price>
  <rating>
   2.7
  </rating>
  <reviews>
   778729
  </reviews>
  <new>
   -
  </new>
  <exclusive>
   yes
  </exclusive>
  <sporty>
   no
  </sporty>
 </clothing>
 <clothing>
  <id>
   443180962
  </id>
  <name>
   DC Shoes F-9824
  </name>
  <category>
   Shoes
  </category>
  <size>
   XL
  </size>
  <color>
   Голубой
  </color>
  <material>
   Полиэстер
  </material>
  <price>
   949716
  </price>
  <rating>
   1.37
  </rating>
  <reviews>
   452942
  </reviews>
  <new>
   +
  </new>
  <exclusive>
   no
  </exclusive>
 </clothing>
 <clothing>
  <id>
   423784838
  </id>
  <name>
   Asics Belts P-2379
  </name>
  <category>
   Belts
  </category>
  <size>
   XL
  </size>
  <color>
   Фиолетовый
  </color>
  <material>
   Хлопок
  </material>
  <price>
   919838
  </price>
  <rating>
   3.56
  </rating>
  <reviews>
   366508
  </reviews>
  <exclusive>
   yes
  </exclusive>
  <sporty>
   no
  </sporty>
 </clothing>
 <clothing>
  <id>
   652835758
  </id>
  <name>
   Vans Pants T-3631
  </name>
  <category>
   Pants
  </category>
  <size>
   XL
  </size>
  <color>
   Голубой
  </color>
  <material>
   Шелк
  </material>
  <price>
   611016
  </price>
  <rating>
   1.13
  </rating>
  <reviews>
   922257
  </reviews>
  <new>
   +
  </new>
  <sporty>
   no
  </sporty>
 </clothing>
 <clothing>
  <id>
   233909488
  </id>
  <name>
   DC Pants N-3162
  </name>
  <category>
   Pants
  </category>
  <size>
   XXL
  </size>
  <color>
   Красный
  </color>
  <material>
   Полиэстер
  </material>
  <price>
   709876
  </price>
  <rating>
   1.4
  </rating>
  <reviews>
   93078
  </reviews>
  <exclusive>
   no
  </exclusive>
 </clothing>
 <clothing>
  <id>
   502929773
  </id>
  <name>
   Fila Handbags T-8136
  </name>
  <category>
   Handbags
  </category>
  <size>
   M
  </size>
  <color>
   Зеленый
  </color>
  <material>
   Хлопок
  </material>
  <price>
   769029
  </price>
  <rating>
   4.59
  </rating>
  <reviews>
   719780
  </reviews>
 </clothing>
 <clothing>
  <id>
   218787661
  </id>
  <name>
   Reebok Jacket Y-6724
  </name>
  <category>
   Jacket
  </category>
  <size>
   L
  </size>
  <color>
   Синий
  </color>
  <material>
   Нейлон
  </material>
  <price>
   392389
  </price>
  <rating>
   2.5
  </rating>
  <reviews>
   729975
  </reviews>
  <sporty>
   no
  </sporty>
 </clothing>
 <clothing>
  <id>
   682846446
  </id>
  <name>
   Ellesse Belts R-7831
  </name>
  <category>
   Belts
  </category>
  <size>
   L
  </size>
  <color>
   Красный
  </color>
  <material>
   Вискоза
  </material>
  <price>
   782376
  </price>
  <rating>
   1.89
  </rating>
  <reviews>
   713300
  </reviews>
  <new>
   +
  </new>
  <sporty>
   no
  </sporty>
 </clothing>
 <clothing>
  <id>
   583857402
  </id>
  <name>
   Ellesse Handbags V-3933
  </name>
  <category>
   Handbags
  </category>
  <size>
   L
  </size>
  <color>
   Синий
  </color>
  <material>
   Шелк
  </material>
  <price>
   984919
  </price>
  <rating>
   1.31
  </rating>
  <reviews>
   811511
  </reviews>
  <exclusive>
   yes
  </exclusive>
  <sporty>
   no
  </sporty>
 </clothing>
</clothing-items>
