<?xml version="1.0" encoding="utf-8"?>
<clothing-items>
 <clothing>
  <id>
   689009811
  </id>
  <name>
   Nike Gloves I-7132
  </name>
  <category>
   Gloves
  </category>
  <size>
   L
  </size>
  <color>
   Желтый
  </color>
  <material>
   Шелк
  </material>
  <price>
   414768
  </price>
  <rating>
   3.6
  </rating>
  <reviews>
   346831
  </reviews>
  <sporty>
   no
  </sporty>
 </clothing>
 <clothing>
  <id>
   960261719
  </id>
  <name>
   DC Shoes L-7302
  </name>
  <category>
   Shoes
  </category>
  <size>
   L
  </size>
  <color>
   Синий
  </color>
  <material>
   Вискоза
  </material>
  <price>
   188950
  </price>
  <rating>
   3.43
  </rating>
  <reviews>
   3755
  </reviews>
  <new>
   -
  </new>
  <exclusive>
   yes
  </exclusive>
  <sporty>
   no
  </sporty>
 </clothing>
 <clothing>
  <id>
   938482601
  </id>
  <name>
   Reebok Jacket I-4191
  </name>
  <category>
   Jacket
  </category>
  <size>
   S
  </size>
  <color>
   Зеленый
  </color>
  <material>
   Вискоза
  </material>
  <price>
   252586
  </price>
  <rating>
   2.2
  </rating>
  <reviews>
   742307
  </reviews>
  <new>
   -
  </new>
  <exclusive>
   no
  </exclusive>
  <sporty>
   no
  </sporty>
 </clothing>
 <clothing>
  <id>
   305909740
  </id>
  <name>
   Puma Hat A-6195
  </name>
  <category>
   Hat
  </category>
  <size>
   XL
  </size>
  <color>
   Оранжевый
  </color>
  <material>
   Шелк
  </material>
  <price>
   185653
  </price>
  <rating>
   1.36
  </rating>
  <reviews>
   442577
  </reviews>
  <exclusive>
   yes
  </exclusive>
 </clothing>
 <clothing>
  <id>
   158864805
  </id>
  <name>
   New Balance Belts H-2724
  </name>
  <category>
   Belts
  </category>
  <size>
   M
  </size>
  <color>
   Синий
  </color>
  <material>
   Вискоза
  </material>
  <price>
   873422
  </price>
  <rating>
   4.12
  </rating>
  <reviews>
   307241
  </reviews>
  <exclusive>
   yes
  </exclusive>
  <sporty>
   yes
  </sporty>
 </clothing>
 <clothing>
  <id>
   256436565
  </id>
  <name>
   Ellesse Shirt H-5051
  </name>
  <category>
   Shirt
  </category>
  <size>
   XL
  </size>
  <color>
   Фиолетовый
  </color>
  <material>
   Шерсть
  </material>
  <price>
   601006
  </price>
  <rating>
   2.16
  </rating>
  <reviews>
   450962
  </reviews>
  <new>
   -
  </new>
  <exclusive>
   yes
  </exclusive>
  <sporty>
   no
  </sporty>
 </clothing>
 <clothing>
  <id>
   657396844
  </id>
  <name>
   Fila Jeans J-4297
  </name>
  <category>
   Jeans
  </category>
  <size>
   XL
  </size>
  <color>
   Красный
  </color>
  <material>
   Вискоза
  </material>
  <price>
   728414
  </price>
  <rating>
   3.18
  </rating>
  <reviews>
   243917
  </reviews>
  <exclusive>
   no
  </exclusive>
  <sporty>
   no
  </sporty>
 </clothing>
 <clothing>
  <id>
   233225294
  </id>
  <name>
   Brooks Jeans O-3299
  </name>
  <category>
   Jeans
  </category>
  <size>
   S
  </size>
  <color>
   Зеленый
  </color>
  <material>
   Нейлон
  </material>
  <price>
   348610
  </price>
  <rating>
   4.5
  </rating>
  <reviews>
   272881
  </reviews>
  <exclusive>
   no
  </exclusive>
 </clothing>
 <clothing>
  <id>
   589408059
  </id>
  <name>
   Converse Socks O-7634
  </name>
  <category>
   Socks
  </category>
  <size>
   S
  </size>
  <color>
   Оранжевый
  </color>
  <material>
   Шелк
  </material>
  <price>
   285968
  </price>
  <rating>
   3.62
  </rating>
  <reviews>
   335909
  </reviews>
  <new>
   -
  </new>
 </clothing>
 <clothing>
  <id>
   474371130
  </id>
  <name>
   Adidas Pants A-1477
  </name>
  <category>
   Pants
  </category>
  <size>
   XL
  </size>
  <color>
   Желтый
  </color>
  <material>
   Кожа
  </material>
  <price>
   755643
  </price>
  <rating>
   3.0
  </rating>
  <reviews>
   255901
  </reviews>
  <new>
   -
  </new>
  <exclusive>
   no
  </exclusive>
  <sporty>
   no
  </sporty>
 </clothing>
 <clothing>
  <id>
   596029087
  </id>
  <name>
   Brooks Sweater N-3819
  </name>
  <category>
   Sweater
  </category>
  <size>
   XXL
  </size>
  <color>
   Желтый
  </color>
  <material>
   Лен
  </material>
  <price>
   119726
  </price>
  <rating>
   4.55
  </rating>
  <reviews>
   486341
  </reviews>
 </clothing>
 <clothing>
  <id>
   654904233
  </id>
  <name>
   Vans T-shirt D-7445
  </name>
  <category>
   T-shirt
  </category>
  <size>
   S
  </size>
  <color>
   Зеленый
  </color>
  <material>
   Лен
  </material>
  <price>
   901353
  </price>
  <rating>
   2.64
  </rating>
  <reviews>
   600186
  </reviews>
  <exclusive>
   no
  </exclusive>
 </clothing>
 <clothing>
  <id>
   567206629
  </id>
  <name>
   Nike Shirt T-1734
  </name>
  <category>
   Shirt
  </category>
  <size>
   M
  </size>
  <color>
   Желтый
  </color>
  <material>
   Шерсть
  </material>
  <price>
   399584
  </price>
  <rating>
   4.39
  </rating>
  <reviews>
   822225
  </reviews>
  <sporty>
   no
  </sporty>
 </clothing>
 <clothing>
  <id>
   139692225
  </id>
  <name>
   DC Skirt W-3907
  </name>
  <category>
   Skirt
  </category>
  <size>
   XXL
  </size>
  <color>
   Зеленый
  </color>
  <material>
   Лен
  </material>
  <price>
   619259
  </price>
  <rating>
   3.1
  </rating>
  <reviews>
   946702
  </reviews>
  <exclusive>
   no
  </exclusive>
 </clothing>
 <clothing>
  <id>
   344994296
  </id>
  <name>
   Addidas Hat O-5005
  </name>
  <category>
   Hat
  </category>
  <size>
   M
  </size>
  <color>
   Зеленый
  </color>
  <material>
   Хлопок
  </material>
  <price>
   559703
  </price>
  <rating>
   1.05
  </rating>
  <reviews>
   565713
  </reviews>
  <new>
   -
  </new>
  <sporty>
   yes
  </sporty>
 </clothing>
 <clothing>
  <id>
   476774813
  </id>
  <name>
   Addidas Shirt J-9653
  </name>
  <category>
   Shirt
  </category>
  <size>
   L
  </size>
  <color>
   Синий
  </color>
  <material>
   Полиэстер
  </material>
  <price>
   877716
  </price>
  <rating>
   4.87
  </rating>
  <reviews>
   885407
  </reviews>
  <new>
   -
  </new>
  <exclusive>
   yes
  </exclusive>
 </clothing>
 <clothing>
  <id>
   762840362
  </id>
  <name>
   PleinSport Blouse Z-2086
  </name>
  <category>
   Blouse
  </category>
  <size>
   S
  </size>
  <color>
   Красный
  </color>
  <material>
   Вискоза
  </material>
  <price>
   614669
  </price>
  <rating>
   2.81
  </rating>
  <reviews>
   235224
  </reviews>
  <new>
   +
  </new>
  <sporty>
   no
  </sporty>
 </clothing>
 <clothing>
  <id>
   987233624
  </id>
  <name>
   Asics Belts W-5134
  </name>
  <category>
   Belts
  </category>
  <size>
   M
  </size>
  <color>
   Голубой
  </color>
  <material>
   Шерсть
  </material>
  <price>
   496746
  </price>
  <rating>
   1.24
  </rating>
  <reviews>
   939689
  </reviews>
  <sporty>
   yes
  </sporty>
 </clothing>
 <clothing>
  <id>
   824263046
  </id>
  <name>
   DC Belts D-8065
  </name>
  <category>
   Belts
  </category>
  <size>
   XXL
  </size>
  <color>
   Голубой
  </color>
  <material>
   Полиэстер
  </material>
  <price>
   105471
  </price>
  <rating>
   4.68
  </rating>
  <reviews>
   366034
  </reviews>
  <exclusive>
   yes
  </exclusive>
  <sporty>
   no
  </sporty>
 </clothing>
 <clothing>
  <id>
   618773237
  </id>
  <name>
   Ellesse Dress L-8758
  </name>
  <category>
   Dress
  </category>
  <size>
   XL
  </size>
  <color>
   Фиолетовый
  </color>
  <material>
   Вискоза
  </material>
  <price>
   436220
  </price>
  <rating>
   3.26
  </rating>
  <reviews>
   382685
  </reviews>
  <sporty>
   no
  </sporty>
 </clothing>
</clothing-items>
