<?xml version="1.0" encoding="utf-8"?>
<clothing-items>
 <clothing>
  <id>
   673438704
  </id>
  <name>
   Fila Gloves J-6263
  </name>
  <category>
   Gloves
  </category>
  <size>
   XL
  </size>
  <color>
   Синий
  </color>
  <material>
   Лен
  </material>
  <price>
   724701
  </price>
  <rating>
   4.56
  </rating>
  <reviews>
   566804
  </reviews>
  <exclusive>
   yes
  </exclusive>
  <sporty>
   no
  </sporty>
 </clothing>
 <clothing>
  <id>
   367767133
  </id>
  <name>
   Asics Blouse S-4330
  </name>
  <category>
   Blouse
  </category>
  <size>
   XL
  </size>
  <color>
   Оранжевый
  </color>
  <material>
   Кожа
  </material>
  <price>
   808853
  </price>
  <rating>
   3.31
  </rating>
  <reviews>
   384635
  </reviews>
  <new>
   +
  </new>
  <exclusive>
   yes
  </exclusive>
  <sporty>
   yes
  </sporty>
 </clothing>
 <clothing>
  <id>
   775973890
  </id>
  <name>
   Puma Umbrellas K-1627
  </name>
  <category>
   Umbrellas
  </category>
  <size>
   L
  </size>
  <color>
   Синий
  </color>
  <material>
   Нейлон
  </material>
  <price>
   984062
  </price>
  <rating>
   3.54
  </rating>
  <reviews>
   214580
  </reviews>
  <exclusive>
   no
  </exclusive>
  <sporty>
   no
  </sporty>
 </clothing>
 <clothing>
  <id>
   464910194
  </id>
  <name>
   Nike Dress D-2709
  </name>
  <category>
   Dress
  </category>
  <size>
   L
  </size>
  <color>
   Красный
  </color>
  <material>
   Лен
  </material>
  <price>
   556648
  </price>
  <rating>
   1.67
  </rating>
  <reviews>
   580530
  </reviews>
  <new>
   +
  </new>
  <exclusive>
   no
  </exclusive>
  <sporty>
   no
  </sporty>
 </clothing>
 <clothing>
  <id>
   394310113
  </id>
  <name>
   Vans Blouse Y-1588
  </name>
  <category>
   Blouse
  </category>
  <size>
   XXL
  </size>
  <color>
   Голубой
  </color>
  <material>
   Шелк
  </material>
  <price>
   460936
  </price>
  <rating>
   2.92
  </rating>
  <reviews>
   859445
  </reviews>
  <exclusive>
   yes
  </exclusive>
  <sporty>
   no
  </sporty>
 </clothing>
 <clothing>
  <id>
   882588094
  </id>
  <name>
   Fila Blouse R-1514
  </name>
  <category>
   Blouse
  </category>
  <size>
   M
  </size>
  <color>
   Желтый
  </color>
  <material>
   Шелк
  </material>
  <price>
   237483
  </price>
  <rating>
   1.09
  </rating>
  <reviews>
   845021
  </reviews>
  <new>
   -
  </new>
  <sporty>
   no
  </sporty>
 </clothing>
 <clothing>
  <id>
   857061080
  </id>
  <name>
   Lacoste Handbags M-3259
  </name>
  <category>
   Handbags
  </category>
  <size>
   XXL
  </size>
  <color>
   Желтый
  </color>
  <material>
   Кожа
  </material>
  <price>
   346124
  </price>
  <rating>
   4.81
  </rating>
  <reviews>
   76514
  </reviews>
  <new>
   -
  </new>
 </clothing>
 <clothing>
  <id>
   183252814
  </id>
  <name>
   Nike Shirt A-7152
  </name>
  <category>
   Shirt
  </category>
  <size>
   L
  </size>
  <color>
   Желтый
  </color>
  <material>
   Кожа
  </material>
  <price>
   904046
  </price>
  <rating>
   2.8
  </rating>
  <reviews>
   230260
  </reviews>
  <exclusive>
   yes
  </exclusive>
  <sporty>
   no
  </sporty>
 </clothing>
 <clothing>
  <id>
   231198821
  </id>
  <name>
   Addidas Socks F-2736
  </name>
  <category>
   Socks
  </category>
  <size>
   S
  </size>
  <color>
   Оранжевый
  </color>
  <material>
   Нейлон
  </material>
  <price>
   370550
  </price>
  <rating>
   2.17
  </rating>
  <reviews>
   897623
  </reviews>
  <exclusive>
   no
  </exclusive>
 </clothing>
 <clothing>
  <id>
   184901351
  </id>
  <name>
   Addidas Sweater G-9912
  </name>
  <category>
   Sweater
  </category>
  <size>
   S
  </size>
  <color>
   Голубой
  </color>
  <material>
   Лен
  </material>
  <price>
   111154
  </price>
  <rating>
   3.53
  </rating>
  <reviews>
   935460
  </reviews>
  <exclusive>
   no
  </exclusive>
 </clothing>
 <clothing>
  <id>
   680986830
  </id>
  <name>
   DC Handbags N-6553
  </name>
  <category>
   Handbags
  </category>
  <size>
   L
  </size>
  <color>
   Голубой
  </color>
  <material>
   Полиэстер
  </material>
  <price>
   139430
  </price>
  <rating>
   1.73
  </rating>
  <reviews>
   139693
  </reviews>
  <new>
   +
  </new>
  <exclusive>
   yes
  </exclusive>
  <sporty>
   yes
  </sporty>
 </clothing>
 <clothing>
  <id>
   648988262
  </id>
  <name>
   Lacoste Shirt W-6933
  </name>
  <category>
   Shirt
  </category>
  <size>
   M
  </size>
  <color>
   Синий
  </color>
  <material>
   Хлопок
  </material>
  <price>
   965391
  </price>
  <rating>
   2.08
  </rating>
  <reviews>
   902557
  </reviews>
  <new>
   +
  </new>
  <exclusive>
   no
  </exclusive>
 </clothing>
 <clothing>
  <id>
   491695250
  </id>
  <name>
   Asics Shoes V-3430
  </name>
  <category>
   Shoes
  </category>
  <size>
   L
  </size>
  <color>
   Зеленый
  </color>
  <material>
   Шелк
  </material>
  <price>
   347062
  </price>
  <rating>
   4.25
  </rating>
  <reviews>
   714503
  </reviews>
  <new>
   +
  </new>
  <exclusive>
   no
  </exclusive>
  <sporty>
   no
  </sporty>
 </clothing>
 <clothing>
  <id>
   911654497
  </id>
  <name>
   Ellesse Sweater X-8506
  </name>
  <category>
   Sweater
  </category>
  <size>
   XXL
  </size>
  <color>
   Голубой
  </color>
  <material>
   Хлопок
  </material>
  <price>
   911272
  </price>
  <rating>
   2.44
  </rating>
  <reviews>
   733934
  </reviews>
  <new>
   +
  </new>
  <sporty>
   no
  </sporty>
 </clothing>
 <clothing>
  <id>
   676478577
  </id>
  <name>
   Asics Pants Q-9995
  </name>
  <category>
   Pants
  </category>
  <size>
   XL
  </size>
  <color>
   Оранжевый
  </color>
  <material>
   Хлопок
  </material>
  <price>
   508478
  </price>
  <rating>
   3.77
  </rating>
  <reviews>
   533478
  </reviews>
  <new>
   -
  </new>
 </clothing>
 <clothing>
  <id>
   509950560
  </id>
  <name>
   Converse T-shirt D-3559
  </name>
  <category>
   T-shirt
  </category>
  <size>
   L
  </size>
  <color>
   Зеленый
  </color>
  <material>
   Нейлон
  </material>
  <price>
   165247
  </price>
  <rating>
   3.16
  </rating>
  <reviews>
   112385
  </reviews>
  <new>
   +
  </new>
  <sporty>
   no
  </sporty>
 </clothing>
 <clothing>
  <id>
   840624447
  </id>
  <name>
   Addidas Skirt W-6813
  </name>
  <category>
   Skirt
  </category>
  <size>
   XXL
  </size>
  <color>
   Красный
  </color>
  <material>
   Вискоза
  </material>
  <price>
   411301
  </price>
  <rating>
   2.08
  </rating>
  <reviews>
   896498
  </reviews>
 </clothing>
 <clothing>
  <id>
   305607446
  </id>
  <name>
   Vans Skirt U-1672
  </name>
  <category>
   Skirt
  </category>
  <size>
   L
  </size>
  <color>
   Фиолетовый
  </color>
  <material>
   Вискоза
  </material>
  <price>
   472812
  </price>
  <rating>
   2.64
  </rating>
  <reviews>
   182989
  </reviews>
  <exclusive>
   yes
  </exclusive>
  <sporty>
   no
  </sporty>
 </clothing>
 <clothing>
  <id>
   600156634
  </id>
  <name>
   Lacoste Socks X-3425
  </name>
  <category>
   Socks
  </category>
  <size>
   XL
  </size>
  <color>
   Желтый
  </color>
  <material>
   Хлопок
  </material>
  <price>
   887011
  </price>
  <rating>
   3.65
  </rating>
  <reviews>
   683399
  </reviews>
  <exclusive>
   yes
  </exclusive>
 </clothing>
 <clothing>
  <id>
   613179161
  </id>
  <name>
   PleinSport Shirt J-1400
  </name>
  <category>
   Shirt
  </category>
  <size>
   XXL
  </size>
  <color>
   Зеленый
  </color>
  <material>
   Лен
  </material>
  <price>
   813241
  </price>
  <rating>
   1.07
  </rating>
  <reviews>
   497923
  </reviews>
  <sporty>
   no
  </sporty>
 </clothing>
 <clothing>
  <id>
   571154273
  </id>
  <name>
   Adidas Sweater F-3543
  </name>
  <category>
   Sweater
  </category>
  <size>
   L
  </size>
  <color>
   Оранжевый
  </color>
  <material>
   Нейлон
  </material>
  <price>
   547501
  </price>
  <rating>
   2.26
  </rating>
  <reviews>
   366655
  </reviews>
  <exclusive>
   yes
  </exclusive>
  <sporty>
   no
  </sporty>
 </clothing>
 <clothing>
  <id>
   933977539
  </id>
  <name>
   Ellesse Skirt N-4135
  </name>
  <category>
   Skirt
  </category>
  <size>
   S
  </size>
  <color>
   Синий
  </color>
  <material>
   Нейлон
  </material>
  <price>
   486920
  </price>
  <rating>
   2.27
  </rating>
  <reviews>
   450425
  </reviews>
  <new>
   +
  </new>
  <exclusive>
   yes
  </exclusive>
  <sporty>
   no
  </sporty>
 </clothing>
 <clothing>
  <id>
   788976106
  </id>
  <name>
   Lacoste Jeans J-8450
  </name>
  <category>
   Jeans
  </category>
  <size>
   XL
  </size>
  <color>
   Красный
  </color>
  <material>
   Нейлон
  </material>
  <price>
   535993
  </price>
  <rating>
   1.01
  </rating>
  <reviews>
   222097
  </reviews>
  <new>
   +
  </new>
  <exclusive>
   no
  </exclusive>
 </clothing>
 <clothing>
  <id>
   844135307
  </id>
  <name>
   Asics Shoes E-1383
  </name>
  <category>
   Shoes
  </category>
  <size>
   XXL
  </size>
  <color>
   Синий
  </color>
  <material>
   Кожа
  </material>
  <price>
   145200
  </price>
  <rating>
   1.76
  </rating>
  <reviews>
   44656
  </reviews>
  <exclusive>
   yes
  </exclusive>
  <sporty>
   yes
  </sporty>
 </clothing>
 <clothing>
  <id>
   920027702
  </id>
  <name>
   Vans T-shirt G-2184
  </name>
  <category>
   T-shirt
  </category>
  <size>
   S
  </size>
  <color>
   Оранжевый
  </color>
  <material>
   Кожа
  </material>
  <price>
   712627
  </price>
  <rating>
   1.41
  </rating>
  <reviews>
   783981
  </reviews>
  <new>
   -
  </new>
  <exclusive>
   no
  </exclusive>
 </clothing>
 <clothing>
  <id>
   715999022
  </id>
  <name>
   Under Armour Shirt A-5734
  </name>
  <category>
   Shirt
  </category>
  <size>
   L
  </size>
  <color>
   Зеленый
  </color>
  <material>
   Нейлон
  </material>
  <price>
   986658
  </price>
  <rating>
   4.9
  </rating>
  <reviews>
   185652
  </reviews>
 </clothing>
 <clothing>
  <id>
   803564410
  </id>
  <name>
   Fila Gloves G-9235
  </name>
  <category>
   Gloves
  </category>
  <size>
   L
  </size>
  <color>
   Красный
  </color>
  <material>
   Шелк
  </material>
  <price>
   480261
  </price>
  <rating>
   3.5
  </rating>
  <reviews>
   194910
  </reviews>
  <new>
   +
  </new>
  <exclusive>
   yes
  </exclusive>
  <sporty>
   no
  </sporty>
 </clothing>
 <clothing>
  <id>
   654740920
  </id>
  <name>
   DC Skirt V-1372
  </name>
  <category>
   Skirt
  </category>
  <size>
   S
  </size>
  <color>
   Оранжевый
  </color>
  <material>
   Нейлон
  </material>
  <price>
   147511
  </price>
  <rating>
   2.73
  </rating>
  <reviews>
   590427
  </reviews>
  <exclusive>
   yes
  </exclusive>
 </clothing>
 <clothing>
  <id>
   107298771
  </id>
  <name>
   Fila Hat Z-6783
  </name>
  <category>
   Hat
  </category>
  <size>
   S
  </size>
  <color>
   Зеленый
  </color>
  <material>
   Вискоза
  </material>
  <price>
   895545
  </price>
  <rating>
   2.77
  </rating>
  <reviews>
   290051
  </reviews>
  <new>
   -
  </new>
  <exclusive>
   yes
  </exclusive>
  <sporty>
   yes
  </sporty>
 </clothing>
 <clothing>
  <id>
   779667456
  </id>
  <name>
   Nike Sweater E-9147
  </name>
  <category>
   Sweater
  </category>
  <size>
   XL
  </size>
  <color>
   Красный
  </color>
  <material>
   Лен
  </material>
  <price>
   777366
  </price>
  <rating>
   3.1
  </rating>
  <reviews>
   380892
  </reviews>
  <new>
   +
  </new>
 </clothing>
 <clothing>
  <id>
   444444226
  </id>
  <name>
   Addidas Dress Y-6104
  </name>
  <category>
   Dress
  </category>
  <size>
   XL
  </size>
  <color>
   Желтый
  </color>
  <material>
   Нейлон
  </material>
  <price>
   561567
  </price>
  <rating>
   1.43
  </rating>
  <reviews>
   737991
  </reviews>
  <sporty>
   yes
  </sporty>
 </clothing>
 <clothing>
  <id>
   476335454
  </id>
  <name>
   Brooks Shirt J-6366
  </name>
  <category>
   Shirt
  </category>
  <size>
   XXL
  </size>
  <color>
   Желтый
  </color>
  <material>
   Шерсть
  </material>
  <price>
   787210
  </price>
  <rating>
   3.19
  </rating>
  <reviews>
   849012
  </reviews>
  <new>
   -
  </new>
  <sporty>
   yes
  </sporty>
 </clothing>
 <clothing>
  <id>
   816824467
  </id>
  <name>
   Adidas Gloves T-5849
  </name>
  <category>
   Gloves
  </category>
  <size>
   XL
  </size>
  <color>
   Синий
  </color>
  <material>
   Хлопок
  </material>
  <price>
   431957
  </price>
  <rating>
   4.23
  </rating>
  <reviews>
   381669
  </reviews>
  <new>
   +
  </new>
  <exclusive>
   yes
  </exclusive>
 </clothing>
 <clothing>
  <id>
   200318411
  </id>
  <name>
   Under Armour Hat S-8024
  </name>
  <category>
   Hat
  </category>
  <size>
   XL
  </size>
  <color>
   Фиолетовый
  </color>
  <material>
   Кожа
  </material>
  <price>
   125079
  </price>
  <rating>
   2.36
  </rating>
  <reviews>
   456704
  </reviews>
  <new>
   -
  </new>
 </clothing>
 <clothing>
  <id>
   148072254
  </id>
  <name>
   Addidas Skirt Q-9119
  </name>
  <category>
   Skirt
  </category>
  <size>
   L
  </size>
  <color>
   Желтый
  </color>
  <material>
   Шелк
  </material>
  <price>
   161206
  </price>
  <rating>
   4.89
  </rating>
  <reviews>
   446579
  </reviews>
  <exclusive>
   yes
  </exclusive>
  <sporty>
   no
  </sporty>
 </clothing>
 <clothing>
  <id>
   938793884
  </id>
  <name>
   Fila Gloves J-6826
  </name>
  <category>
   Gloves
  </category>
  <size>
   L
  </size>
  <color>
   Желтый
  </color>
  <material>
   Кожа
  </material>
  <price>
   792212
  </price>
  <rating>
   2.13
  </rating>
  <reviews>
   915217
  </reviews>
  <new>
   -
  </new>
  <sporty>
   yes
  </sporty>
 </clothing>
 <clothing>
  <id>
   740486118
  </id>
  <name>
   Addidas Jeans N-4756
  </name>
  <category>
   Jeans
  </category>
  <size>
   S
  </size>
  <color>
   Красный
  </color>
  <material>
   Шерсть
  </material>
  <price>
   702693
  </price>
  <rating>
   1.21
  </rating>
  <reviews>
   955923
  </reviews>
  <new>
   -
  </new>
  <exclusive>
   no
  </exclusive>
  <sporty>
   no
  </sporty>
 </clothing>
 <clothing>
  <id>
   487404283
  </id>
  <name>
   Brooks Handbags R-5337
  </name>
  <category>
   Handbags
  </category>
  <size>
   L
  </size>
  <color>
   Красный
  </color>
  <material>
   Вискоза
  </material>
  <price>
   304467
  </price>
  <rating>
   4.79
  </rating>
  <reviews>
   485770
  </reviews>
  <new>
   -
  </new>
  <exclusive>
   no
  </exclusive>
  <sporty>
   yes
  </sporty>
 </clothing>
 <clothing>
  <id>
   906092860
  </id>
  <name>
   Addidas Handbags T-9949
  </name>
  <category>
   Handbags
  </category>
  <size>
   XL
  </size>
  <color>
   Желтый
  </color>
  <material>
   Шерсть
  </material>
  <price>
   548187
  </price>
  <rating>
   4.52
  </rating>
  <reviews>
   132490
  </reviews>
  <exclusive>
   no
  </exclusive>
 </clothing>
 <clothing>
  <id>
   299000431
  </id>
  <name>
   DC Shoes J-6077
  </name>
  <category>
   Shoes
  </category>
  <size>
   S
  </size>
  <color>
   Оранжевый
  </color>
  <material>
   Кожа
  </material>
  <price>
   492072
  </price>
  <rating>
   2.2
  </rating>
  <reviews>
   68130
  </reviews>
  <new>
   +
  </new>
  <exclusive>
   yes
  </exclusive>
 </clothing>
 <clothing>
  <id>
   155707785
  </id>
  <name>
   Fila Belts Z-3431
  </name>
  <category>
   Belts
  </category>
  <size>
   M
  </size>
  <color>
   Фиолетовый
  </color>
  <material>
   Лен
  </material>
  <price>
   702533
  </price>
  <rating>
   1.62
  </rating>
  <reviews>
   951439
  </reviews>
  <sporty>
   yes
  </sporty>
 </clothing>
 <clothing>
  <id>
   233210342
  </id>
  <name>
   Ellesse Handbags I-4213
  </name>
  <category>
   Handbags
  </category>
  <size>
   M
  </size>
  <color>
   Красный
  </color>
  <material>
   Шерсть
  </material>
  <price>
   525030
  </price>
  <rating>
   3.58
  </rating>
  <reviews>
   576565
  </reviews>
  <new>
   -
  </new>
  <exclusive>
   no
  </exclusive>
 </clothing>
 <clothing>
  <id>
   604875109
  </id>
  <name>
   DC Jacket X-7790
  </name>
  <category>
   Jacket
  </category>
  <size>
   S
  </size>
  <color>
   Фиолетовый
  </color>
  <material>
   Лен
  </material>
  <price>
   340455
  </price>
  <rating>
   4.85
  </rating>
  <reviews>
   864496
  </reviews>
  <exclusive>
   no
  </exclusive>
  <sporty>
   no
  </sporty>
 </clothing>
 <clothing>
  <id>
   791339948
  </id>
  <name>
   Adidas T-shirt M-1819
  </name>
  <category>
   T-shirt
  </category>
  <size>
   S
  </size>
  <color>
   Голубой
  </color>
  <material>
   Лен
  </material>
  <price>
   298391
  </price>
  <rating>
   4.24
  </rating>
  <reviews>
   115108
  </reviews>
  <exclusive>
   no
  </exclusive>
  <sporty>
   yes
  </sporty>
 </clothing>
 <clothing>
  <id>
   348643785
  </id>
  <name>
   Under Armour Blouse J-1161
  </name>
  <category>
   Blouse
  </category>
  <size>
   XXL
  </size>
  <color>
   Оранжевый
  </color>
  <material>
   Шелк
  </material>
  <price>
   389372
  </price>
  <rating>
   1.97
  </rating>
  <reviews>
   79562
  </reviews>
  <sporty>
   no
  </sporty>
 </clothing>
 <clothing>
  <id>
   489950874
  </id>
  <name>
   DC Blouse E-7144
  </name>
  <category>
   Blouse
  </category>
  <size>
   M
  </size>
  <color>
   Синий
  </color>
  <material>
   Шерсть
  </material>
  <price>
   540139
  </price>
  <rating>
   3.28
  </rating>
  <reviews>
   205803
  </reviews>
  <exclusive>
   no
  </exclusive>
  <sporty>
   no
  </sporty>
 </clothing>
 <clothing>
  <id>
   479858765
  </id>
  <name>
   Vans Umbrellas N-6063
  </name>
  <category>
   Umbrellas
  </category>
  <size>
   XL
  </size>
  <color>
   Красный
  </color>
  <material>
   Полиэстер
  </material>
  <price>
   490996
  </price>
  <rating>
   3.59
  </rating>
  <reviews>
   588482
  </reviews>
  <exclusive>
   no
  </exclusive>
  <sporty>
   no
  </sporty>
 </clothing>
 <clothing>
  <id>
   573666317
  </id>
  <name>
   Vans Socks S-2732
  </name>
  <category>
   Socks
  </category>
  <size>
   L
  </size>
  <color>
   Синий
  </color>
  <material>
   Шелк
  </material>
  <price>
   697644
  </price>
  <rating>
   4.07
  </rating>
  <reviews>
   651434
  </reviews>
  <new>
   -
  </new>
  <exclusive>
   yes
  </exclusive>
  <sporty>
   no
  </sporty>
 </clothing>
</clothing-items>
