<?xml version="1.0" encoding="utf-8"?>
<clothing-items>
 <clothing>
  <id>
   376058171
  </id>
  <name>
   Brooks Blouse H-3067
  </name>
  <category>
   Blouse
  </category>
  <size>
   XL
  </size>
  <color>
   Голубой
  </color>
  <material>
   Хлопок
  </material>
  <price>
   149242
  </price>
  <rating>
   2.98
  </rating>
  <reviews>
   87043
  </reviews>
  <new>
   +
  </new>
  <sporty>
   yes
  </sporty>
 </clothing>
 <clothing>
  <id>
   932394516
  </id>
  <name>
   Ellesse Jacket J-2921
  </name>
  <category>
   Jacket
  </category>
  <size>
   XL
  </size>
  <color>
   Оранжевый
  </color>
  <material>
   Шелк
  </material>
  <price>
   813434
  </price>
  <rating>
   4.29
  </rating>
  <reviews>
   475592
  </reviews>
  <sporty>
   no
  </sporty>
 </clothing>
 <clothing>
  <id>
   995241818
  </id>
  <name>
   Ellesse Belts E-1747
  </name>
  <category>
   Belts
  </category>
  <size>
   XXL
  </size>
  <color>
   Оранжевый
  </color>
  <material>
   Хлопок
  </material>
  <price>
   491157
  </price>
  <rating>
   2.33
  </rating>
  <reviews>
   934015
  </reviews>
  <new>
   -
  </new>
 </clothing>
 <clothing>
  <id>
   226512129
  </id>
  <name>
   Adidas Socks Y-5222
  </name>
  <category>
   Socks
  </category>
  <size>
   XL
  </size>
  <color>
   Голубой
  </color>
  <material>
   Кожа
  </material>
  <price>
   793561
  </price>
  <rating>
   3.78
  </rating>
  <reviews>
   37434
  </reviews>
  <sporty>
   yes
  </sporty>
 </clothing>
 <clothing>
  <id>
   736779732
  </id>
  <name>
   Adidas Umbrellas R-6060
  </name>
  <category>
   Umbrellas
  </category>
  <size>
   M
  </size>
  <color>
   Красный
  </color>
  <material>
   Лен
  </material>
  <price>
   177802
  </price>
  <rating>
   1.44
  </rating>
  <reviews>
   432283
  </reviews>
  <new>
   -
  </new>
  <sporty>
   yes
  </sporty>
 </clothing>
 <clothing>
  <id>
   627794116
  </id>
  <name>
   Converse Sweater X-6793
  </name>
  <category>
   Sweater
  </category>
  <size>
   M
  </size>
  <color>
   Красный
  </color>
  <material>
   Полиэстер
  </material>
  <price>
   185880
  </price>
  <rating>
   1.17
  </rating>
  <reviews>
   97639
  </reviews>
  <exclusive>
   no
  </exclusive>
  <sporty>
   yes
  </sporty>
 </clothing>
 <clothing>
  <id>
   869211034
  </id>
  <name>
   New Balance Blouse W-3258
  </name>
  <category>
   Blouse
  </category>
  <size>
   L
  </size>
  <color>
   Красный
  </color>
  <material>
   Кожа
  </material>
  <price>
   375385
  </price>
  <rating>
   3.19
  </rating>
  <reviews>
   586295
  </reviews>
  <new>
   -
  </new>
  <exclusive>
   yes
  </exclusive>
  <sporty>
   yes
  </sporty>
 </clothing>
 <clothing>
  <id>
   611435362
  </id>
  <name>
   Adidas Handbags X-9772
  </name>
  <category>
   Handbags
  </category>
  <size>
   M
  </size>
  <color>
   Красный
  </color>
  <material>
   Вискоза
  </material>
  <price>
   132600
  </price>
  <rating>
   1.89
  </rating>
  <reviews>
   548307
  </reviews>
  <exclusive>
   yes
  </exclusive>
 </clothing>
 <clothing>
  <id>
   529280263
  </id>
  <name>
   DC Gloves C-8446
  </name>
  <category>
   Gloves
  </category>
  <size>
   XXL
  </size>
  <color>
   Фиолетовый
  </color>
  <material>
   Хлопок
  </material>
  <price>
   517534
  </price>
  <rating>
   4.01
  </rating>
  <reviews>
   286047
  </reviews>
  <sporty>
   yes
  </sporty>
 </clothing>
 <clothing>
  <id>
   770649419
  </id>
  <name>
   New Balance Sweater O-7346
  </name>
  <category>
   Sweater
  </category>
  <size>
   XL
  </size>
  <color>
   Синий
  </color>
  <material>
   Шерсть
  </material>
  <price>
   309060
  </price>
  <rating>
   4.67
  </rating>
  <reviews>
   280760
  </reviews>
  <new>
   +
  </new>
  <exclusive>
   no
  </exclusive>
 </clothing>
 <clothing>
  <id>
   127787879
  </id>
  <name>
   Brooks Blouse X-1386
  </name>
  <category>
   Blouse
  </category>
  <size>
   L
  </size>
  <color>
   Зеленый
  </color>
  <material>
   Кожа
  </material>
  <price>
   618538
  </price>
  <rating>
   3.07
  </rating>
  <reviews>
   9322
  </reviews>
  <new>
   -
  </new>
  <sporty>
   yes
  </sporty>
 </clothing>
 <clothing>
  <id>
   658763308
  </id>
  <name>
   Vans T-shirt T-9639
  </name>
  <category>
   T-shirt
  </category>
  <size>
   M
  </size>
  <color>
   Оранжевый
  </color>
  <material>
   Хлопок
  </material>
  <price>
   566593
  </price>
  <rating>
   1.2
  </rating>
  <reviews>
   720603
  </reviews>
  <new>
   -
  </new>
 </clothing>
</clothing-items>
