<?xml version="1.0" encoding="utf-8"?>
<clothing-items>
 <clothing>
  <id>
   973729833
  </id>
  <name>
   Nike Gloves Q-6372
  </name>
  <category>
   Gloves
  </category>
  <size>
   S
  </size>
  <color>
   Оранжевый
  </color>
  <material>
   Нейлон
  </material>
  <price>
   171762
  </price>
  <rating>
   2.98
  </rating>
  <reviews>
   195333
  </reviews>
  <new>
   -
  </new>
  <exclusive>
   no
  </exclusive>
  <sporty>
   no
  </sporty>
 </clothing>
 <clothing>
  <id>
   496705081
  </id>
  <name>
   Ellesse T-shirt G-9176
  </name>
  <category>
   T-shirt
  </category>
  <size>
   XL
  </size>
  <color>
   Голубой
  </color>
  <material>
   Шелк
  </material>
  <price>
   683947
  </price>
  <rating>
   3.75
  </rating>
  <reviews>
   85796
  </reviews>
 </clothing>
 <clothing>
  <id>
   177389352
  </id>
  <name>
   Ellesse T-shirt Q-2307
  </name>
  <category>
   T-shirt
  </category>
  <size>
   M
  </size>
  <color>
   Фиолетовый
  </color>
  <material>
   Хлопок
  </material>
  <price>
   496646
  </price>
  <rating>
   1.34
  </rating>
  <reviews>
   942379
  </reviews>
  <new>
   -
  </new>
  <exclusive>
   yes
  </exclusive>
 </clothing>
 <clothing>
  <id>
   420443581
  </id>
  <name>
   Fila Shoes D-7571
  </name>
  <category>
   Shoes
  </category>
  <size>
   L
  </size>
  <color>
   Синий
  </color>
  <material>
   Хлопок
  </material>
  <price>
   587275
  </price>
  <rating>
   4.19
  </rating>
  <reviews>
   289459
  </reviews>
  <sporty>
   yes
  </sporty>
 </clothing>
 <clothing>
  <id>
   779828809
  </id>
  <name>
   Vans Umbrellas X-4635
  </name>
  <category>
   Umbrellas
  </category>
  <size>
   S
  </size>
  <color>
   Красный
  </color>
  <material>
   Шелк
  </material>
  <price>
   379347
  </price>
  <rating>
   4.36
  </rating>
  <reviews>
   522946
  </reviews>
 </clothing>
 <clothing>
  <id>
   227129132
  </id>
  <name>
   Under Armour Skirt L-7280
  </name>
  <category>
   Skirt
  </category>
  <size>
   L
  </size>
  <color>
   Голубой
  </color>
  <material>
   Нейлон
  </material>
  <price>
   557346
  </price>
  <rating>
   2.18
  </rating>
  <reviews>
   897866
  </reviews>
  <new>
   -
  </new>
  <exclusive>
   no
  </exclusive>
 </clothing>
 <clothing>
  <id>
   279931652
  </id>
  <name>
   Ellesse Blouse B-1056
  </name>
  <category>
   Blouse
  </category>
  <size>
   XL
  </size>
  <color>
   Зеленый
  </color>
  <material>
   Лен
  </material>
  <price>
   296718
  </price>
  <rating>
   3.04
  </rating>
  <reviews>
   229388
  </reviews>
  <new>
   +
  </new>
  <sporty>
   no
  </sporty>
 </clothing>
 <clothing>
  <id>
   937381814
  </id>
  <name>
   Nike T-shirt E-1494
  </name>
  <category>
   T-shirt
  </category>
  <size>
   S
  </size>
  <color>
   Фиолетовый
  </color>
  <material>
   Шелк
  </material>
  <price>
   269887
  </price>
  <rating>
   3.52
  </rating>
  <reviews>
   773297
  </reviews>
  <new>
   +
  </new>
  <exclusive>
   no
  </exclusive>
  <sporty>
   no
  </sporty>
 </clothing>
 <clothing>
  <id>
   546494416
  </id>
  <name>
   New Balance Pants X-2409
  </name>
  <category>
   Pants
  </category>
  <size>
   M
  </size>
  <color>
   Зеленый
  </color>
  <material>
   Шелк
  </material>
  <price>
   554679
  </price>
  <rating>
   1.56
  </rating>
  <reviews>
   285318
  </reviews>
  <exclusive>
   no
  </exclusive>
  <sporty>
   yes
  </sporty>
 </clothing>
 <clothing>
  <id>
   843884781
  </id>
  <name>
   Ellesse Skirt A-2106
  </name>
  <category>
   Skirt
  </category>
  <size>
   M
  </size>
  <color>
   Зеленый
  </color>
  <material>
   Шелк
  </material>
  <price>
   759297
  </price>
  <rating>
   3.59
  </rating>
  <reviews>
   95582
  </reviews>
  <exclusive>
   no
  </exclusive>
  <sporty>
   no
  </sporty>
 </clothing>
 <clothing>
  <id>
   505347691
  </id>
  <name>
   Brooks T-shirt E-4787
  </name>
  <category>
   T-shirt
  </category>
  <size>
   XL
  </size>
  <color>
   Голубой
  </color>
  <material>
   Полиэстер
  </material>
  <price>
   941473
  </price>
  <rating>
   1.42
  </rating>
  <reviews>
   709701
  </reviews>
  <exclusive>
   yes
  </exclusive>
  <sporty>
   no
  </sporty>
 </clothing>
 <clothing>
  <id>
   856989142
  </id>
  <name>
   Puma Shirt K-7563
  </name>
  <category>
   Shirt
  </category>
  <size>
   XXL
  </size>
  <color>
   Желтый
  </color>
  <material>
   Хлопок
  </material>
  <price>
   622747
  </price>
  <rating>
   3.98
  </rating>
  <reviews>
   98560
  </reviews>
  <new>
   -
  </new>
  <exclusive>
   yes
  </exclusive>
 </clothing>
 <clothing>
  <id>
   381217922
  </id>
  <name>
   DC Jeans H-7748
  </name>
  <category>
   Jeans
  </category>
  <size>
   L
  </size>
  <color>
   Желтый
  </color>
  <material>
   Хлопок
  </material>
  <price>
   972696
  </price>
  <rating>
   3.82
  </rating>
  <reviews>
   106914
  </reviews>
  <new>
   +
  </new>
  <exclusive>
   yes
  </exclusive>
 </clothing>
 <clothing>
  <id>
   222211297
  </id>
  <name>
   Puma Handbags Y-3559
  </name>
  <category>
   Handbags
  </category>
  <size>
   XXL
  </size>
  <color>
   Красный
  </color>
  <material>
   Хлопок
  </material>
  <price>
   831016
  </price>
  <rating>
   2.82
  </rating>
  <reviews>
   607735
  </reviews>
  <exclusive>
   no
  </exclusive>
  <sporty>
   yes
  </sporty>
 </clothing>
 <clothing>
  <id>
   777508708
  </id>
  <name>
   Puma Belts M-6297
  </name>
  <category>
   Belts
  </category>
  <size>
   XXL
  </size>
  <color>
   Фиолетовый
  </color>
  <material>
   Лен
  </material>
  <price>
   645579
  </price>
  <rating>
   3.86
  </rating>
  <reviews>
   82326
  </reviews>
  <new>
   +
  </new>
  <exclusive>
   no
  </exclusive>
 </clothing>
 <clothing>
  <id>
   337927303
  </id>
  <name>
   New Balance Sweater E-3294
  </name>
  <category>
   Sweater
  </category>
  <size>
   M
  </size>
  <color>
   Зеленый
  </color>
  <material>
   Хлопок
  </material>
  <price>
   881021
  </price>
  <rating>
   3.55
  </rating>
  <reviews>
   586863
  </reviews>
  <exclusive>
   no
  </exclusive>
 </clothing>
 <clothing>
  <id>
   203540177
  </id>
  <name>
   Converse Gloves K-4748
  </name>
  <category>
   Gloves
  </category>
  <size>
   L
  </size>
  <color>
   Зеленый
  </color>
  <material>
   Нейлон
  </material>
  <price>
   444389
  </price>
  <rating>
   2.16
  </rating>
  <reviews>
   397362
  </reviews>
  <exclusive>
   no
  </exclusive>
 </clothing>
 <clothing>
  <id>
   800696432
  </id>
  <name>
   New Balance Shirt G-5236
  </name>
  <category>
   Shirt
  </category>
  <size>
   M
  </size>
  <color>
   Голубой
  </color>
  <material>
   Хлопок
  </material>
  <price>
   661240
  </price>
  <rating>
   1.91
  </rating>
  <reviews>
   388813
  </reviews>
  <exclusive>
   no
  </exclusive>
 </clothing>
 <clothing>
  <id>
   246104532
  </id>
  <name>
   Ellesse Umbrellas C-2506
  </name>
  <category>
   Umbrellas
  </category>
  <size>
   XXL
  </size>
  <color>
   Голубой
  </color>
  <material>
   Полиэстер
  </material>
  <price>
   674295
  </price>
  <rating>
   2.43
  </rating>
  <reviews>
   912747
  </reviews>
  <new>
   +
  </new>
  <exclusive>
   no
  </exclusive>
 </clothing>
 <clothing>
  <id>
   745763374
  </id>
  <name>
   Reebok Skirt B-4881
  </name>
  <category>
   Skirt
  </category>
  <size>
   XL
  </size>
  <color>
   Желтый
  </color>
  <material>
   Шерсть
  </material>
  <price>
   315957
  </price>
  <rating>
   1.29
  </rating>
  <reviews>
   555947
  </reviews>
  <new>
   -
  </new>
  <exclusive>
   yes
  </exclusive>
 </clothing>
 <clothing>
  <id>
   458225415
  </id>
  <name>
   Fila Sweater N-9017
  </name>
  <category>
   Sweater
  </category>
  <size>
   L
  </size>
  <color>
   Синий
  </color>
  <material>
   Нейлон
  </material>
  <price>
   438704
  </price>
  <rating>
   4.7
  </rating>
  <reviews>
   980984
  </reviews>
 </clothing>
 <clothing>
  <id>
   739774929
  </id>
  <name>
   New Balance Dress N-7387
  </name>
  <category>
   Dress
  </category>
  <size>
   M
  </size>
  <color>
   Синий
  </color>
  <material>
   Полиэстер
  </material>
  <price>
   873286
  </price>
  <rating>
   2.33
  </rating>
  <reviews>
   823185
  </reviews>
  <new>
   +
  </new>
  <sporty>
   yes
  </sporty>
 </clothing>
 <clothing>
  <id>
   727372701
  </id>
  <name>
   Converse Gloves W-1118
  </name>
  <category>
   Gloves
  </category>
  <size>
   L
  </size>
  <color>
   Оранжевый
  </color>
  <material>
   Лен
  </material>
  <price>
   815142
  </price>
  <rating>
   2.9
  </rating>
  <reviews>
   480846
  </reviews>
  <new>
   -
  </new>
  <exclusive>
   no
  </exclusive>
  <sporty>
   no
  </sporty>
 </clothing>
 <clothing>
  <id>
   116164969
  </id>
  <name>
   PleinSport Blouse C-8620
  </name>
  <category>
   Blouse
  </category>
  <size>
   XL
  </size>
  <color>
   Желтый
  </color>
  <material>
   Нейлон
  </material>
  <price>
   729090
  </price>
  <rating>
   3.59
  </rating>
  <reviews>
   811809
  </reviews>
  <sporty>
   no
  </sporty>
 </clothing>
 <clothing>
  <id>
   545562009
  </id>
  <name>
   Asics Dress C-2041
  </name>
  <category>
   Dress
  </category>
  <size>
   M
  </size>
  <color>
   Зеленый
  </color>
  <material>
   Лен
  </material>
  <price>
   557301
  </price>
  <rating>
   3.11
  </rating>
  <reviews>
   279440
  </reviews>
  <new>
   -
  </new>
  <sporty>
   no
  </sporty>
 </clothing>
 <clothing>
  <id>
   908505555
  </id>
  <name>
   PleinSport Umbrellas Z-9374
  </name>
  <category>
   Umbrellas
  </category>
  <size>
   S
  </size>
  <color>
   Фиолетовый
  </color>
  <material>
   Лен
  </material>
  <price>
   881778
  </price>
  <rating>
   4.97
  </rating>
  <reviews>
   858827
  </reviews>
  <sporty>
   no
  </sporty>
 </clothing>
 <clothing>
  <id>
   875250588
  </id>
  <name>
   Addidas Shoes R-1199
  </name>
  <category>
   Shoes
  </category>
  <size>
   XL
  </size>
  <color>
   Оранжевый
  </color>
  <material>
   Хлопок
  </material>
  <price>
   616536
  </price>
  <rating>
   1.67
  </rating>
  <reviews>
   456033
  </reviews>
  <new>
   -
  </new>
  <exclusive>
   yes
  </exclusive>
  <sporty>
   no
  </sporty>
 </clothing>
 <clothing>
  <id>
   316501076
  </id>
  <name>
   PleinSport Belts K-1951
  </name>
  <category>
   Belts
  </category>
  <size>
   XL
  </size>
  <color>
   Синий
  </color>
  <material>
   Кожа
  </material>
  <price>
   650547
  </price>
  <rating>
   4.55
  </rating>
  <reviews>
   734036
  </reviews>
  <new>
   -
  </new>
  <exclusive>
   yes
  </exclusive>
  <sporty>
   yes
  </sporty>
 </clothing>
 <clothing>
  <id>
   544310255
  </id>
  <name>
   Puma Socks T-3162
  </name>
  <category>
   Socks
  </category>
  <size>
   S
  </size>
  <color>
   Голубой
  </color>
  <material>
   Лен
  </material>
  <price>
   288063
  </price>
  <rating>
   1.21
  </rating>
  <reviews>
   260648
  </reviews>
  <new>
   -
  </new>
  <exclusive>
   no
  </exclusive>
 </clothing>
 <clothing>
  <id>
   148257985
  </id>
  <name>
   Puma Belts M-9533
  </name>
  <category>
   Belts
  </category>
  <size>
   XXL
  </size>
  <color>
   Синий
  </color>
  <material>
   Шерсть
  </material>
  <price>
   137014
  </price>
  <rating>
   4.65
  </rating>
  <reviews>
   434576
  </reviews>
  <new>
   -
  </new>
  <exclusive>
   yes
  </exclusive>
 </clothing>
 <clothing>
  <id>
   596985145
  </id>
  <name>
   Fila Pants N-6202
  </name>
  <category>
   Pants
  </category>
  <size>
   L
  </size>
  <color>
   Зеленый
  </color>
  <material>
   Нейлон
  </material>
  <price>
   154374
  </price>
  <rating>
   3.58
  </rating>
  <reviews>
   340160
  </reviews>
  <new>
   +
  </new>
  <exclusive>
   no
  </exclusive>
 </clothing>
 <clothing>
  <id>
   662580339
  </id>
  <name>
   Ellesse Shirt R-2123
  </name>
  <category>
   Shirt
  </category>
  <size>
   XXL
  </size>
  <color>
   Оранжевый
  </color>
  <material>
   Нейлон
  </material>
  <price>
   927131
  </price>
  <rating>
   2.75
  </rating>
  <reviews>
   540678
  </reviews>
  <new>
   -
  </new>
 </clothing>
 <clothing>
  <id>
   784343321
  </id>
  <name>
   Fila Pants W-7671
  </name>
  <category>
   Pants
  </category>
  <size>
   S
  </size>
  <color>
   Голубой
  </color>
  <material>
   Полиэстер
  </material>
  <price>
   545160
  </price>
  <rating>
   3.37
  </rating>
  <reviews>
   458786
  </reviews>
  <sporty>
   yes
  </sporty>
 </clothing>
 <clothing>
  <id>
   552470693
  </id>
  <name>
   Nike Socks G-2350
  </name>
  <category>
   Socks
  </category>
  <size>
   XL
  </size>
  <color>
   Зеленый
  </color>
  <material>
   Нейлон
  </material>
  <price>
   835500
  </price>
  <rating>
   2.86
  </rating>
  <reviews>
   532129
  </reviews>
  <new>
   +
  </new>
  <exclusive>
   no
  </exclusive>
 </clothing>
 <clothing>
  <id>
   628236721
  </id>
  <name>
   Asics Jeans H-3580
  </name>
  <category>
   Jeans
  </category>
  <size>
   L
  </size>
  <color>
   Зеленый
  </color>
  <material>
   Шелк
  </material>
  <price>
   244360
  </price>
  <rating>
   2.78
  </rating>
  <reviews>
   680041
  </reviews>
  <new>
   -
  </new>
  <sporty>
   no
  </sporty>
 </clothing>
</clothing-items>
