<?xml version="1.0" encoding="utf-8"?>
<clothing-items>
 <clothing>
  <id>
   776367431
  </id>
  <name>
   Addidas Hat Q-1406
  </name>
  <category>
   Hat
  </category>
  <size>
   XL
  </size>
  <color>
   Желтый
  </color>
  <material>
   Лен
  </material>
  <price>
   142160
  </price>
  <rating>
   1.26
  </rating>
  <reviews>
   352809
  </reviews>
  <new>
   -
  </new>
  <exclusive>
   yes
  </exclusive>
 </clothing>
 <clothing>
  <id>
   307705634
  </id>
  <name>
   PleinSport Jeans I-2738
  </name>
  <category>
   Jeans
  </category>
  <size>
   M
  </size>
  <color>
   Синий
  </color>
  <material>
   Кожа
  </material>
  <price>
   915374
  </price>
  <rating>
   4.93
  </rating>
  <reviews>
   982228
  </reviews>
  <new>
   -
  </new>
  <sporty>
   no
  </sporty>
 </clothing>
 <clothing>
  <id>
   766302459
  </id>
  <name>
   Vans Socks R-2574
  </name>
  <category>
   Socks
  </category>
  <size>
   XL
  </size>
  <color>
   Голубой
  </color>
  <material>
   Шерсть
  </material>
  <price>
   953311
  </price>
  <rating>
   3.58
  </rating>
  <reviews>
   136868
  </reviews>
  <new>
   -
  </new>
  <exclusive>
   no
  </exclusive>
  <sporty>
   no
  </sporty>
 </clothing>
 <clothing>
  <id>
   789678340
  </id>
  <name>
   Brooks Umbrellas X-8710
  </name>
  <category>
   Umbrellas
  </category>
  <size>
   XL
  </size>
  <color>
   Фиолетовый
  </color>
  <material>
   Шерсть
  </material>
  <price>
   796504
  </price>
  <rating>
   3.55
  </rating>
  <reviews>
   929911
  </reviews>
  <new>
   +
  </new>
 </clothing>
 <clothing>
  <id>
   547437309
  </id>
  <name>
   Vans Belts O-2419
  </name>
  <category>
   Belts
  </category>
  <size>
   XXL
  </size>
  <color>
   Красный
  </color>
  <material>
   Шелк
  </material>
  <price>
   729689
  </price>
  <rating>
   1.67
  </rating>
  <reviews>
   545861
  </reviews>
  <new>
   +
  </new>
  <exclusive>
   no
  </exclusive>
  <sporty>
   no
  </sporty>
 </clothing>
 <clothing>
  <id>
   702765296
  </id>
  <name>
   Asics T-shirt M-7283
  </name>
  <category>
   T-shirt
  </category>
  <size>
   L
  </size>
  <color>
   Голубой
  </color>
  <material>
   Вискоза
  </material>
  <price>
   870939
  </price>
  <rating>
   2.21
  </rating>
  <reviews>
   326275
  </reviews>
  <new>
   +
  </new>
  <exclusive>
   yes
  </exclusive>
 </clothing>
 <clothing>
  <id>
   530720814
  </id>
  <name>
   Lacoste Jacket N-7258
  </name>
  <category>
   Jacket
  </category>
  <size>
   XL
  </size>
  <color>
   Красный
  </color>
  <material>
   Лен
  </material>
  <price>
   673937
  </price>
  <rating>
   1.47
  </rating>
  <reviews>
   805205
  </reviews>
  <exclusive>
   yes
  </exclusive>
  <sporty>
   no
  </sporty>
 </clothing>
 <clothing>
  <id>
   906434524
  </id>
  <name>
   Vans Gloves Q-3074
  </name>
  <category>
   Gloves
  </category>
  <size>
   S
  </size>
  <color>
   Фиолетовый
  </color>
  <material>
   Полиэстер
  </material>
  <price>
   608344
  </price>
  <rating>
   1.68
  </rating>
  <reviews>
   91975
  </reviews>
  <sporty>
   no
  </sporty>
 </clothing>
 <clothing>
  <id>
   970214636
  </id>
  <name>
   Ellesse Shoes K-3405
  </name>
  <category>
   Shoes
  </category>
  <size>
   S
  </size>
  <color>
   Зеленый
  </color>
  <material>
   Лен
  </material>
  <price>
   178610
  </price>
  <rating>
   4.07
  </rating>
  <reviews>
   870115
  </reviews>
  <new>
   -
  </new>
  <exclusive>
   no
  </exclusive>
 </clothing>
 <clothing>
  <id>
   330872045
  </id>
  <name>
   Lacoste Gloves D-9431
  </name>
  <category>
   Gloves
  </category>
  <size>
   XXL
  </size>
  <color>
   Красный
  </color>
  <material>
   Шелк
  </material>
  <price>
   491008
  </price>
  <rating>
   3.62
  </rating>
  <reviews>
   795092
  </reviews>
  <exclusive>
   no
  </exclusive>
  <sporty>
   no
  </sporty>
 </clothing>
 <clothing>
  <id>
   875922383
  </id>
  <name>
   Asics Handbags J-8748
  </name>
  <category>
   Handbags
  </category>
  <size>
   XXL
  </size>
  <color>
   Желтый
  </color>
  <material>
   Шерсть
  </material>
  <price>
   980944
  </price>
  <rating>
   3.4
  </rating>
  <reviews>
   640701
  </reviews>
  <exclusive>
   no
  </exclusive>
  <sporty>
   no
  </sporty>
 </clothing>
 <clothing>
  <id>
   190838021
  </id>
  <name>
   Puma Handbags I-8666
  </name>
  <category>
   Handbags
  </category>
  <size>
   XXL
  </size>
  <color>
   Синий
  </color>
  <material>
   Шерсть
  </material>
  <price>
   392599
  </price>
  <rating>
   1.38
  </rating>
  <reviews>
   284889
  </reviews>
  <sporty>
   yes
  </sporty>
 </clothing>
 <clothing>
  <id>
   533421310
  </id>
  <name>
   Lacoste Pants X-7947
  </name>
  <category>
   Pants
  </category>
  <size>
   L
  </size>
  <color>
   Красный
  </color>
  <material>
   Лен
  </material>
  <price>
   579943
  </price>
  <rating>
   1.78
  </rating>
  <reviews>
   146036
  </reviews>
  <new>
   -
  </new>
 </clothing>
 <clothing>
  <id>
   748266658
  </id>
  <name>
   Ellesse Jacket F-7583
  </name>
  <category>
   Jacket
  </category>
  <size>
   L
  </size>
  <color>
   Желтый
  </color>
  <material>
   Шелк
  </material>
  <price>
   137829
  </price>
  <rating>
   3.39
  </rating>
  <reviews>
   674902
  </reviews>
  <new>
   -
  </new>
  <exclusive>
   no
  </exclusive>
 </clothing>
 <clothing>
  <id>
   685112677
  </id>
  <name>
   Ellesse Blouse W-9804
  </name>
  <category>
   Blouse
  </category>
  <size>
   XL
  </size>
  <color>
   Фиолетовый
  </color>
  <material>
   Нейлон
  </material>
  <price>
   330327
  </price>
  <rating>
   1.65
  </rating>
  <reviews>
   597629
  </reviews>
  <new>
   +
  </new>
  <exclusive>
   yes
  </exclusive>
  <sporty>
   no
  </sporty>
 </clothing>
 <clothing>
  <id>
   792882277
  </id>
  <name>
   Converse Handbags Z-1176
  </name>
  <category>
   Handbags
  </category>
  <size>
   XXL
  </size>
  <color>
   Оранжевый
  </color>
  <material>
   Полиэстер
  </material>
  <price>
   876182
  </price>
  <rating>
   1.97
  </rating>
  <reviews>
   549629
  </reviews>
  <exclusive>
   yes
  </exclusive>
 </clothing>
 <clothing>
  <id>
   412557463
  </id>
  <name>
   Nike Hat X-8925
  </name>
  <category>
   Hat
  </category>
  <size>
   L
  </size>
  <color>
   Оранжевый
  </color>
  <material>
   Нейлон
  </material>
  <price>
   163334
  </price>
  <rating>
   4.83
  </rating>
  <reviews>
   76564
  </reviews>
  <new>
   +
  </new>
  <sporty>
   yes
  </sporty>
 </clothing>
 <clothing>
  <id>
   167238480
  </id>
  <name>
   Asics Socks Q-1621
  </name>
  <category>
   Socks
  </category>
  <size>
   L
  </size>
  <color>
   Фиолетовый
  </color>
  <material>
   Шелк
  </material>
  <price>
   132104
  </price>
  <rating>
   1.79
  </rating>
  <reviews>
   921421
  </reviews>
  <new>
   -
  </new>
 </clothing>
 <clothing>
  <id>
   830081869
  </id>
  <name>
   Lacoste T-shirt M-1340
  </name>
  <category>
   T-shirt
  </category>
  <size>
   XXL
  </size>
  <color>
   Голубой
  </color>
  <material>
   Шерсть
  </material>
  <price>
   901842
  </price>
  <rating>
   4.83
  </rating>
  <reviews>
   311552
  </reviews>
  <exclusive>
   no
  </exclusive>
 </clothing>
 <clothing>
  <id>
   137084116
  </id>
  <name>
   Ellesse Belts X-2111
  </name>
  <category>
   Belts
  </category>
  <size>
   XXL
  </size>
  <color>
   Желтый
  </color>
  <material>
   Кожа
  </material>
  <price>
   362819
  </price>
  <rating>
   1.93
  </rating>
  <reviews>
   926845
  </reviews>
  <new>
   -
  </new>
 </clothing>
 <clothing>
  <id>
   809104131
  </id>
  <name>
   Addidas Jacket V-2606
  </name>
  <category>
   Jacket
  </category>
  <size>
   S
  </size>
  <color>
   Голубой
  </color>
  <material>
   Нейлон
  </material>
  <price>
   711768
  </price>
  <rating>
   1.11
  </rating>
  <reviews>
   307934
  </reviews>
 </clothing>
 <clothing>
  <id>
   369776078
  </id>
  <name>
   PleinSport Gloves Z-6738
  </name>
  <category>
   Gloves
  </category>
  <size>
   L
  </size>
  <color>
   Фиолетовый
  </color>
  <material>
   Шелк
  </material>
  <price>
   591828
  </price>
  <rating>
   2.65
  </rating>
  <reviews>
   554761
  </reviews>
 </clothing>
 <clothing>
  <id>
   604414770
  </id>
  <name>
   Brooks Pants R-7573
  </name>
  <category>
   Pants
  </category>
  <size>
   XL
  </size>
  <color>
   Голубой
  </color>
  <material>
   Вискоза
  </material>
  <price>
   824366
  </price>
  <rating>
   2.89
  </rating>
  <reviews>
   130943
  </reviews>
  <new>
   -
  </new>
  <exclusive>
   no
  </exclusive>
  <sporty>
   yes
  </sporty>
 </clothing>
 <clothing>
  <id>
   745550944
  </id>
  <name>
   Lacoste Blouse K-6736
  </name>
  <category>
   Blouse
  </category>
  <size>
   XL
  </size>
  <color>
   Фиолетовый
  </color>
  <material>
   Лен
  </material>
  <price>
   985425
  </price>
  <rating>
   3.09
  </rating>
  <reviews>
   151094
  </reviews>
  <sporty>
   yes
  </sporty>
 </clothing>
 <clothing>
  <id>
   140638755
  </id>
  <name>
   PleinSport Handbags L-2610
  </name>
  <category>
   Handbags
  </category>
  <size>
   S
  </size>
  <color>
   Зеленый
  </color>
  <material>
   Полиэстер
  </material>
  <price>
   548166
  </price>
  <rating>
   3.83
  </rating>
  <reviews>
   368589
  </reviews>
 </clothing>
 <clothing>
  <id>
   532795231
  </id>
  <name>
   Lacoste Shoes G-3164
  </name>
  <category>
   Shoes
  </category>
  <size>
   M
  </size>
  <color>
   Красный
  </color>
  <material>
   Лен
  </material>
  <price>
   548129
  </price>
  <rating>
   4.55
  </rating>
  <reviews>
   705578
  </reviews>
  <exclusive>
   no
  </exclusive>
 </clothing>
 <clothing>
  <id>
   297625662
  </id>
  <name>
   Under Armour T-shirt B-9985
  </name>
  <category>
   T-shirt
  </category>
  <size>
   XXL
  </size>
  <color>
   Оранжевый
  </color>
  <material>
   Нейлон
  </material>
  <price>
   682727
  </price>
  <rating>
   3.61
  </rating>
  <reviews>
   950832
  </reviews>
  <exclusive>
   yes
  </exclusive>
  <sporty>
   yes
  </sporty>
 </clothing>
 <clothing>
  <id>
   955479061
  </id>
  <name>
   PleinSport Shoes K-4548
  </name>
  <category>
   Shoes
  </category>
  <size>
   L
  </size>
  <color>
   Голубой
  </color>
  <material>
   Лен
  </material>
  <price>
   774664
  </price>
  <rating>
   4.32
  </rating>
  <reviews>
   611059
  </reviews>
  <sporty>
   no
  </sporty>
 </clothing>
 <clothing>
  <id>
   385768990
  </id>
  <name>
   PleinSport Blouse Y-7317
  </name>
  <category>
   Blouse
  </category>
  <size>
   M
  </size>
  <color>
   Желтый
  </color>
  <material>
   Полиэстер
  </material>
  <price>
   657486
  </price>
  <rating>
   1.27
  </rating>
  <reviews>
   339656
  </reviews>
  <new>
   +
  </new>
  <exclusive>
   no
  </exclusive>
  <sporty>
   no
  </sporty>
 </clothing>
 <clothing>
  <id>
   343346499
  </id>
  <name>
   DC Skirt D-5399
  </name>
  <category>
   Skirt
  </category>
  <size>
   M
  </size>
  <color>
   Фиолетовый
  </color>
  <material>
   Лен
  </material>
  <price>
   362771
  </price>
  <rating>
   4.67
  </rating>
  <reviews>
   278025
  </reviews>
  <exclusive>
   yes
  </exclusive>
  <sporty>
   no
  </sporty>
 </clothing>
 <clothing>
  <id>
   644939438
  </id>
  <name>
   Brooks Sweater Z-2198
  </name>
  <category>
   Sweater
  </category>
  <size>
   XL
  </size>
  <color>
   Синий
  </color>
  <material>
   Нейлон
  </material>
  <price>
   908506
  </price>
  <rating>
   3.77
  </rating>
  <reviews>
   373257
  </reviews>
  <new>
   -
  </new>
  <sporty>
   no
  </sporty>
 </clothing>
 <clothing>
  <id>
   736397723
  </id>
  <name>
   Brooks Sweater W-6014
  </name>
  <category>
   Sweater
  </category>
  <size>
   M
  </size>
  <color>
   Желтый
  </color>
  <material>
   Полиэстер
  </material>
  <price>
   486566
  </price>
  <rating>
   4.66
  </rating>
  <reviews>
   24282
  </reviews>
  <new>
   +
  </new>
 </clothing>
 <clothing>
  <id>
   445267256
  </id>
  <name>
   Reebok Shirt V-5205
  </name>
  <category>
   Shirt
  </category>
  <size>
   S
  </size>
  <color>
   Желтый
  </color>
  <material>
   Шерсть
  </material>
  <price>
   228158
  </price>
  <rating>
   2.19
  </rating>
  <reviews>
   693122
  </reviews>
  <exclusive>
   yes
  </exclusive>
  <sporty>
   yes
  </sporty>
 </clothing>
 <clothing>
  <id>
   606690755
  </id>
  <name>
   Vans Jeans K-2403
  </name>
  <category>
   Jeans
  </category>
  <size>
   XL
  </size>
  <color>
   Зеленый
  </color>
  <material>
   Шерсть
  </material>
  <price>
   842013
  </price>
  <rating>
   1.21
  </rating>
  <reviews>
   939738
  </reviews>
  <exclusive>
   no
  </exclusive>
 </clothing>
 <clothing>
  <id>
   232333013
  </id>
  <name>
   Lacoste Blouse V-3561
  </name>
  <category>
   Blouse
  </category>
  <size>
   M
  </size>
  <color>
   Синий
  </color>
  <material>
   Полиэстер
  </material>
  <price>
   369964
  </price>
  <rating>
   2.43
  </rating>
  <reviews>
   983814
  </reviews>
  <sporty>
   no
  </sporty>
 </clothing>
 <clothing>
  <id>
   876843709
  </id>
  <name>
   Addidas Belts T-6198
  </name>
  <category>
   Belts
  </category>
  <size>
   S
  </size>
  <color>
   Желтый
  </color>
  <material>
   Полиэстер
  </material>
  <price>
   868008
  </price>
  <rating>
   1.91
  </rating>
  <reviews>
   762824
  </reviews>
  <new>
   -
  </new>
  <exclusive>
   no
  </exclusive>
 </clothing>
 <clothing>
  <id>
   264740954
  </id>
  <name>
   Addidas Sweater Z-3502
  </name>
  <category>
   Sweater
  </category>
  <size>
   L
  </size>
  <color>
   Синий
  </color>
  <material>
   Вискоза
  </material>
  <price>
   264771
  </price>
  <rating>
   3.85
  </rating>
  <reviews>
   373772
  </reviews>
  <new>
   +
  </new>
  <exclusive>
   no
  </exclusive>
  <sporty>
   no
  </sporty>
 </clothing>
 <clothing>
  <id>
   217462589
  </id>
  <name>
   DC Handbags Y-6863
  </name>
  <category>
   Handbags
  </category>
  <size>
   M
  </size>
  <color>
   Фиолетовый
  </color>
  <material>
   Шерсть
  </material>
  <price>
   588239
  </price>
  <rating>
   3.95
  </rating>
  <reviews>
   299518
  </reviews>
  <new>
   -
  </new>
  <exclusive>
   yes
  </exclusive>
  <sporty>
   yes
  </sporty>
 </clothing>
 <clothing>
  <id>
   939686831
  </id>
  <name>
   Addidas Dress E-7052
  </name>
  <category>
   Dress
  </category>
  <size>
   L
  </size>
  <color>
   Оранжевый
  </color>
  <material>
   Вискоза
  </material>
  <price>
   510013
  </price>
  <rating>
   3.57
  </rating>
  <reviews>
   817780
  </reviews>
  <new>
   -
  </new>
  <exclusive>
   no
  </exclusive>
  <sporty>
   yes
  </sporty>
 </clothing>
</clothing-items>
