<?xml version="1.0" encoding="utf-8"?>
<clothing-items>
 <clothing>
  <id>
   157549173
  </id>
  <name>
   Asics Pants S-2015
  </name>
  <category>
   Pants
  </category>
  <size>
   XXL
  </size>
  <color>
   Голубой
  </color>
  <material>
   Нейлон
  </material>
  <price>
   339691
  </price>
  <rating>
   3.01
  </rating>
  <reviews>
   303841
  </reviews>
  <new>
   -
  </new>
  <exclusive>
   no
  </exclusive>
  <sporty>
   no
  </sporty>
 </clothing>
 <clothing>
  <id>
   123843427
  </id>
  <name>
   PleinSport Hat O-3891
  </name>
  <category>
   Hat
  </category>
  <size>
   S
  </size>
  <color>
   Зеленый
  </color>
  <material>
   Лен
  </material>
  <price>
   882208
  </price>
  <rating>
   3.69
  </rating>
  <reviews>
   227503
  </reviews>
  <new>
   -
  </new>
  <sporty>
   no
  </sporty>
 </clothing>
 <clothing>
  <id>
   931314933
  </id>
  <name>
   Asics Shirt S-3449
  </name>
  <category>
   Shirt
  </category>
  <size>
   S
  </size>
  <color>
   Зеленый
  </color>
  <material>
   Кожа
  </material>
  <price>
   852471
  </price>
  <rating>
   1.91
  </rating>
  <reviews>
   817381
  </reviews>
  <new>
   -
  </new>
  <sporty>
   yes
  </sporty>
 </clothing>
 <clothing>
  <id>
   463827018
  </id>
  <name>
   Reebok Dress K-6352
  </name>
  <category>
   Dress
  </category>
  <size>
   M
  </size>
  <color>
   Зеленый
  </color>
  <material>
   Вискоза
  </material>
  <price>
   747467
  </price>
  <rating>
   4.21
  </rating>
  <reviews>
   81005
  </reviews>
  <new>
   -
  </new>
  <exclusive>
   no
  </exclusive>
  <sporty>
   yes
  </sporty>
 </clothing>
 <clothing>
  <id>
   291996424
  </id>
  <name>
   Ellesse Socks W-5820
  </name>
  <category>
   Socks
  </category>
  <size>
   M
  </size>
  <color>
   Синий
  </color>
  <material>
   Вискоза
  </material>
  <price>
   685869
  </price>
  <rating>
   3.18
  </rating>
  <reviews>
   292988
  </reviews>
  <sporty>
   no
  </sporty>
 </clothing>
 <clothing>
  <id>
   315760131
  </id>
  <name>
   Reebok Gloves P-5387
  </name>
  <category>
   Gloves
  </category>
  <size>
   XL
  </size>
  <color>
   Оранжевый
  </color>
  <material>
   Нейлон
  </material>
  <price>
   982029
  </price>
  <rating>
   2.39
  </rating>
  <reviews>
   371282
  </reviews>
  <new>
   +
  </new>
  <exclusive>
   no
  </exclusive>
  <sporty>
   yes
  </sporty>
 </clothing>
 <clothing>
  <id>
   149545863
  </id>
  <name>
   New Balance Jacket C-1373
  </name>
  <category>
   Jacket
  </category>
  <size>
   S
  </size>
  <color>
   Оранжевый
  </color>
  <material>
   Лен
  </material>
  <price>
   848033
  </price>
  <rating>
   1.48
  </rating>
  <reviews>
   500329
  </reviews>
  <new>
   -
  </new>
  <exclusive>
   yes
  </exclusive>
  <sporty>
   no
  </sporty>
 </clothing>
 <clothing>
  <id>
   874407246
  </id>
  <name>
   Brooks Pants N-6927
  </name>
  <category>
   Pants
  </category>
  <size>
   XXL
  </size>
  <color>
   Фиолетовый
  </color>
  <material>
   Шелк
  </material>
  <price>
   286387
  </price>
  <rating>
   4.52
  </rating>
  <reviews>
   947583
  </reviews>
  <new>
   -
  </new>
  <sporty>
   no
  </sporty>
 </clothing>
 <clothing>
  <id>
   438129185
  </id>
  <name>
   Brooks Jeans W-4651
  </name>
  <category>
   Jeans
  </category>
  <size>
   S
  </size>
  <color>
   Желтый
  </color>
  <material>
   Шерсть
  </material>
  <price>
   649275
  </price>
  <rating>
   2.36
  </rating>
  <reviews>
   220405
  </reviews>
  <new>
   +
  </new>
  <sporty>
   no
  </sporty>
 </clothing>
 <clothing>
  <id>
   959039344
  </id>
  <name>
   Converse Pants D-1211
  </name>
  <category>
   Pants
  </category>
  <size>
   L
  </size>
  <color>
   Оранжевый
  </color>
  <material>
   Хлопок
  </material>
  <price>
   185711
  </price>
  <rating>
   2.53
  </rating>
  <reviews>
   594839
  </reviews>
  <sporty>
   no
  </sporty>
 </clothing>
 <clothing>
  <id>
   515897355
  </id>
  <name>
   Fila Hat B-1745
  </name>
  <category>
   Hat
  </category>
  <size>
   XL
  </size>
  <color>
   Синий
  </color>
  <material>
   Полиэстер
  </material>
  <price>
   912467
  </price>
  <rating>
   1.99
  </rating>
  <reviews>
   727799
  </reviews>
  <new>
   +
  </new>
 </clothing>
 <clothing>
  <id>
   193070410
  </id>
  <name>
   Under Armour Jacket I-1806
  </name>
  <category>
   Jacket
  </category>
  <size>
   XXL
  </size>
  <color>
   Фиолетовый
  </color>
  <material>
   Шелк
  </material>
  <price>
   578579
  </price>
  <rating>
   2.69
  </rating>
  <reviews>
   14374
  </reviews>
  <new>
   -
  </new>
  <sporty>
   no
  </sporty>
 </clothing>
 <clothing>
  <id>
   372447276
  </id>
  <name>
   Asics Blouse U-8849
  </name>
  <category>
   Blouse
  </category>
  <size>
   M
  </size>
  <color>
   Синий
  </color>
  <material>
   Хлопок
  </material>
  <price>
   960610
  </price>
  <rating>
   2.17
  </rating>
  <reviews>
   531584
  </reviews>
  <new>
   -
  </new>
  <sporty>
   no
  </sporty>
 </clothing>
 <clothing>
  <id>
   482582463
  </id>
  <name>
   Lacoste Shirt J-5516
  </name>
  <category>
   Shirt
  </category>
  <size>
   S
  </size>
  <color>
   Зеленый
  </color>
  <material>
   Кожа
  </material>
  <price>
   103345
  </price>
  <rating>
   1.57
  </rating>
  <reviews>
   744179
  </reviews>
  <new>
   -
  </new>
  <sporty>
   yes
  </sporty>
 </clothing>
 <clothing>
  <id>
   527319409
  </id>
  <name>
   Reebok Hat C-3224
  </name>
  <category>
   Hat
  </category>
  <size>
   XXL
  </size>
  <color>
   Оранжевый
  </color>
  <material>
   Шелк
  </material>
  <price>
   866963
  </price>
  <rating>
   4.76
  </rating>
  <reviews>
   333554
  </reviews>
  <new>
   -
  </new>
  <exclusive>
   yes
  </exclusive>
  <sporty>
   no
  </sporty>
 </clothing>
 <clothing>
  <id>
   554951772
  </id>
  <name>
   New Balance Pants T-5884
  </name>
  <category>
   Pants
  </category>
  <size>
   M
  </size>
  <color>
   Желтый
  </color>
  <material>
   Лен
  </material>
  <price>
   216540
  </price>
  <rating>
   4.83
  </rating>
  <reviews>
   986772
  </reviews>
  <new>
   +
  </new>
  <exclusive>
   no
  </exclusive>
 </clothing>
 <clothing>
  <id>
   705868681
  </id>
  <name>
   Adidas Skirt N-1786
  </name>
  <category>
   Skirt
  </category>
  <size>
   M
  </size>
  <color>
   Желтый
  </color>
  <material>
   Полиэстер
  </material>
  <price>
   780377
  </price>
  <rating>
   3.98
  </rating>
  <reviews>
   873142
  </reviews>
  <new>
   -
  </new>
  <exclusive>
   yes
  </exclusive>
 </clothing>
 <clothing>
  <id>
   558151720
  </id>
  <name>
   Converse Hat S-7667
  </name>
  <category>
   Hat
  </category>
  <size>
   S
  </size>
  <color>
   Синий
  </color>
  <material>
   Полиэстер
  </material>
  <price>
   566742
  </price>
  <rating>
   3.97
  </rating>
  <reviews>
   418313
  </reviews>
  <new>
   -
  </new>
 </clothing>
 <clothing>
  <id>
   822775897
  </id>
  <name>
   Puma Jacket G-8287
  </name>
  <category>
   Jacket
  </category>
  <size>
   L
  </size>
  <color>
   Голубой
  </color>
  <material>
   Лен
  </material>
  <price>
   802756
  </price>
  <rating>
   1.8
  </rating>
  <reviews>
   1440
  </reviews>
  <exclusive>
   no
  </exclusive>
  <sporty>
   yes
  </sporty>
 </clothing>
 <clothing>
  <id>
   345037010
  </id>
  <name>
   Asics Gloves X-8146
  </name>
  <category>
   Gloves
  </category>
  <size>
   S
  </size>
  <color>
   Зеленый
  </color>
  <material>
   Шерсть
  </material>
  <price>
   290678
  </price>
  <rating>
   1.37
  </rating>
  <reviews>
   742435
  </reviews>
  <new>
   -
  </new>
  <exclusive>
   no
  </exclusive>
  <sporty>
   no
  </sporty>
 </clothing>
 <clothing>
  <id>
   764128408
  </id>
  <name>
   Vans Belts O-6713
  </name>
  <category>
   Belts
  </category>
  <size>
   L
  </size>
  <color>
   Синий
  </color>
  <material>
   Шерсть
  </material>
  <price>
   863286
  </price>
  <rating>
   2.27
  </rating>
  <reviews>
   120209
  </reviews>
  <new>
   +
  </new>
 </clothing>
 <clothing>
  <id>
   723416497
  </id>
  <name>
   Ellesse Pants T-3554
  </name>
  <category>
   Pants
  </category>
  <size>
   M
  </size>
  <color>
   Голубой
  </color>
  <material>
   Вискоза
  </material>
  <price>
   179270
  </price>
  <rating>
   1.9
  </rating>
  <reviews>
   5720
  </reviews>
  <new>
   +
  </new>
  <exclusive>
   yes
  </exclusive>
 </clothing>
 <clothing>
  <id>
   503637652
  </id>
  <name>
   Addidas Handbags R-6125
  </name>
  <category>
   Handbags
  </category>
  <size>
   L
  </size>
  <color>
   Желтый
  </color>
  <material>
   Хлопок
  </material>
  <price>
   845415
  </price>
  <rating>
   1.26
  </rating>
  <reviews>
   688629
  </reviews>
  <new>
   -
  </new>
  <exclusive>
   no
  </exclusive>
 </clothing>
 <clothing>
  <id>
   339587226
  </id>
  <name>
   Puma Sweater J-2142
  </name>
  <category>
   Sweater
  </category>
  <size>
   S
  </size>
  <color>
   Желтый
  </color>
  <material>
   Лен
  </material>
  <price>
   860240
  </price>
  <rating>
   2.14
  </rating>
  <reviews>
   960435
  </reviews>
  <new>
   -
  </new>
  <exclusive>
   no
  </exclusive>
 </clothing>
 <clothing>
  <id>
   751349901
  </id>
  <name>
   Ellesse Hat X-7395
  </name>
  <category>
   Hat
  </category>
  <size>
   S
  </size>
  <color>
   Желтый
  </color>
  <material>
   Кожа
  </material>
  <price>
   708771
  </price>
  <rating>
   2.04
  </rating>
  <reviews>
   239186
  </reviews>
  <new>
   -
  </new>
 </clothing>
 <clothing>
  <id>
   748163579
  </id>
  <name>
   Brooks Gloves K-6245
  </name>
  <category>
   Gloves
  </category>
  <size>
   M
  </size>
  <color>
   Голубой
  </color>
  <material>
   Вискоза
  </material>
  <price>
   430433
  </price>
  <rating>
   2.14
  </rating>
  <reviews>
   839680
  </reviews>
  <new>
   -
  </new>
  <exclusive>
   no
  </exclusive>
 </clothing>
 <clothing>
  <id>
   188029603
  </id>
  <name>
   Nike Umbrellas O-9002
  </name>
  <category>
   Umbrellas
  </category>
  <size>
   S
  </size>
  <color>
   Красный
  </color>
  <material>
   Шелк
  </material>
  <price>
   635368
  </price>
  <rating>
   2.0
  </rating>
  <reviews>
   334104
  </reviews>
  <new>
   +
  </new>
  <exclusive>
   no
  </exclusive>
  <sporty>
   no
  </sporty>
 </clothing>
 <clothing>
  <id>
   182844422
  </id>
  <name>
   Nike Handbags H-8586
  </name>
  <category>
   Handbags
  </category>
  <size>
   M
  </size>
  <color>
   Синий
  </color>
  <material>
   Лен
  </material>
  <price>
   883464
  </price>
  <rating>
   2.14
  </rating>
  <reviews>
   112903
  </reviews>
  <sporty>
   no
  </sporty>
 </clothing>
 <clothing>
  <id>
   520290386
  </id>
  <name>
   Adidas Socks A-1670
  </name>
  <category>
   Socks
  </category>
  <size>
   M
  </size>
  <color>
   Красный
  </color>
  <material>
   Лен
  </material>
  <price>
   397121
  </price>
  <rating>
   2.17
  </rating>
  <reviews>
   95413
  </reviews>
  <new>
   -
  </new>
  <sporty>
   yes
  </sporty>
 </clothing>
 <clothing>
  <id>
   131923939
  </id>
  <name>
   Vans Socks C-9266
  </name>
  <category>
   Socks
  </category>
  <size>
   XXL
  </size>
  <color>
   Голубой
  </color>
  <material>
   Шелк
  </material>
  <price>
   310441
  </price>
  <rating>
   2.68
  </rating>
  <reviews>
   943840
  </reviews>
  <new>
   -
  </new>
  <exclusive>
   yes
  </exclusive>
  <sporty>
   no
  </sporty>
 </clothing>
 <clothing>
  <id>
   192855514
  </id>
  <name>
   Nike Umbrellas Y-8557
  </name>
  <category>
   Umbrellas
  </category>
  <size>
   XL
  </size>
  <color>
   Желтый
  </color>
  <material>
   Полиэстер
  </material>
  <price>
   499368
  </price>
  <rating>
   1.64
  </rating>
  <reviews>
   38880
  </reviews>
  <new>
   -
  </new>
  <exclusive>
   no
  </exclusive>
 </clothing>
 <clothing>
  <id>
   908711288
  </id>
  <name>
   Under Armour Handbags K-6874
  </name>
  <category>
   Handbags
  </category>
  <size>
   XL
  </size>
  <color>
   Оранжевый
  </color>
  <material>
   Лен
  </material>
  <price>
   193064
  </price>
  <rating>
   3.11
  </rating>
  <reviews>
   708137
  </reviews>
  <exclusive>
   no
  </exclusive>
  <sporty>
   yes
  </sporty>
 </clothing>
 <clothing>
  <id>
   579816562
  </id>
  <name>
   Vans Sweater U-8713
  </name>
  <category>
   Sweater
  </category>
  <size>
   XL
  </size>
  <color>
   Фиолетовый
  </color>
  <material>
   Шерсть
  </material>
  <price>
   148614
  </price>
  <rating>
   1.53
  </rating>
  <reviews>
   77859
  </reviews>
  <new>
   +
  </new>
  <exclusive>
   yes
  </exclusive>
  <sporty>
   no
  </sporty>
 </clothing>
 <clothing>
  <id>
   422839730
  </id>
  <name>
   Under Armour T-shirt O-3989
  </name>
  <category>
   T-shirt
  </category>
  <size>
   XXL
  </size>
  <color>
   Синий
  </color>
  <material>
   Шерсть
  </material>
  <price>
   575796
  </price>
  <rating>
   3.74
  </rating>
  <reviews>
   445935
  </reviews>
  <new>
   +
  </new>
  <exclusive>
   no
  </exclusive>
 </clothing>
 <clothing>
  <id>
   975092310
  </id>
  <name>
   DC Socks A-8144
  </name>
  <category>
   Socks
  </category>
  <size>
   L
  </size>
  <color>
   Синий
  </color>
  <material>
   Вискоза
  </material>
  <price>
   472821
  </price>
  <rating>
   4.14
  </rating>
  <reviews>
   789095
  </reviews>
  <exclusive>
   yes
  </exclusive>
  <sporty>
   no
  </sporty>
 </clothing>
 <clothing>
  <id>
   423076525
  </id>
  <name>
   Fila Jeans J-9981
  </name>
  <category>
   Jeans
  </category>
  <size>
   L
  </size>
  <color>
   Голубой
  </color>
  <material>
   Нейлон
  </material>
  <price>
   374110
  </price>
  <rating>
   3.79
  </rating>
  <reviews>
   674346
  </reviews>
  <exclusive>
   no
  </exclusive>
  <sporty>
   no
  </sporty>
 </clothing>
 <clothing>
  <id>
   232707756
  </id>
  <name>
   Under Armour Jacket A-9947
  </name>
  <category>
   Jacket
  </category>
  <size>
   XL
  </size>
  <color>
   Синий
  </color>
  <material>
   Лен
  </material>
  <price>
   122162
  </price>
  <rating>
   3.34
  </rating>
  <reviews>
   554673
  </reviews>
  <new>
   -
  </new>
 </clothing>
 <clothing>
  <id>
   921914415
  </id>
  <name>
   Asics Dress H-6510
  </name>
  <category>
   Dress
  </category>
  <size>
   XL
  </size>
  <color>
   Красный
  </color>
  <material>
   Нейлон
  </material>
  <price>
   239368
  </price>
  <rating>
   1.35
  </rating>
  <reviews>
   489742
  </reviews>
  <new>
   -
  </new>
  <exclusive>
   no
  </exclusive>
 </clothing>
 <clothing>
  <id>
   994099094
  </id>
  <name>
   Reebok T-shirt M-3401
  </name>
  <category>
   T-shirt
  </category>
  <size>
   XXL
  </size>
  <color>
   Зеленый
  </color>
  <material>
   Шерсть
  </material>
  <price>
   871712
  </price>
  <rating>
   3.52
  </rating>
  <reviews>
   703973
  </reviews>
  <new>
   +
  </new>
 </clothing>
 <clothing>
  <id>
   936269172
  </id>
  <name>
   New Balance Belts Z-9432
  </name>
  <category>
   Belts
  </category>
  <size>
   XXL
  </size>
  <color>
   Оранжевый
  </color>
  <material>
   Лен
  </material>
  <price>
   388316
  </price>
  <rating>
   3.4
  </rating>
  <reviews>
   925916
  </reviews>
  <new>
   -
  </new>
  <exclusive>
   yes
  </exclusive>
 </clothing>
 <clothing>
  <id>
   211740159
  </id>
  <name>
   Asics Shoes Y-7495
  </name>
  <category>
   Shoes
  </category>
  <size>
   S
  </size>
  <color>
   Синий
  </color>
  <material>
   Нейлон
  </material>
  <price>
   748439
  </price>
  <rating>
   2.24
  </rating>
  <reviews>
   942084
  </reviews>
  <exclusive>
   no
  </exclusive>
  <sporty>
   yes
  </sporty>
 </clothing>
 <clothing>
  <id>
   625360250
  </id>
  <name>
   Reebok Shirt I-7024
  </name>
  <category>
   Shirt
  </category>
  <size>
   M
  </size>
  <color>
   Зеленый
  </color>
  <material>
   Вискоза
  </material>
  <price>
   485392
  </price>
  <rating>
   1.48
  </rating>
  <reviews>
   52932
  </reviews>
  <sporty>
   yes
  </sporty>
 </clothing>
 <clothing>
  <id>
   133161664
  </id>
  <name>
   Fila Umbrellas A-6107
  </name>
  <category>
   Umbrellas
  </category>
  <size>
   XL
  </size>
  <color>
   Голубой
  </color>
  <material>
   Лен
  </material>
  <price>
   919264
  </price>
  <rating>
   1.61
  </rating>
  <reviews>
   712122
  </reviews>
  <new>
   -
  </new>
  <sporty>
   no
  </sporty>
 </clothing>
 <clothing>
  <id>
   766129179
  </id>
  <name>
   Lacoste Blouse U-3866
  </name>
  <category>
   Blouse
  </category>
  <size>
   S
  </size>
  <color>
   Фиолетовый
  </color>
  <material>
   Лен
  </material>
  <price>
   942845
  </price>
  <rating>
   1.69
  </rating>
  <reviews>
   857664
  </reviews>
  <sporty>
   no
  </sporty>
 </clothing>
 <clothing>
  <id>
   280391110
  </id>
  <name>
   Adidas Hat N-2368
  </name>
  <category>
   Hat
  </category>
  <size>
   XL
  </size>
  <color>
   Фиолетовый
  </color>
  <material>
   Полиэстер
  </material>
  <price>
   439705
  </price>
  <rating>
   4.78
  </rating>
  <reviews>
   171145
  </reviews>
  <exclusive>
   no
  </exclusive>
 </clothing>
</clothing-items>
