<?xml version="1.0" encoding="utf-8"?>
<clothing-items>
 <clothing>
  <id>
   294099503
  </id>
  <name>
   Fila Umbrellas T-9949
  </name>
  <category>
   Umbrellas
  </category>
  <size>
   S
  </size>
  <color>
   Красный
  </color>
  <material>
   Нейлон
  </material>
  <price>
   842146
  </price>
  <rating>
   2.73
  </rating>
  <reviews>
   971885
  </reviews>
 </clothing>
 <clothing>
  <id>
   139790951
  </id>
  <name>
   Adidas T-shirt Z-4163
  </name>
  <category>
   T-shirt
  </category>
  <size>
   S
  </size>
  <color>
   Оранжевый
  </color>
  <material>
   Лен
  </material>
  <price>
   506807
  </price>
  <rating>
   2.26
  </rating>
  <reviews>
   621702
  </reviews>
  <sporty>
   no
  </sporty>
 </clothing>
 <clothing>
  <id>
   564860402
  </id>
  <name>
   Adidas Pants M-2523
  </name>
  <category>
   Pants
  </category>
  <size>
   XXL
  </size>
  <color>
   Желтый
  </color>
  <material>
   Полиэстер
  </material>
  <price>
   106659
  </price>
  <rating>
   2.78
  </rating>
  <reviews>
   855755
  </reviews>
  <exclusive>
   yes
  </exclusive>
  <sporty>
   no
  </sporty>
 </clothing>
 <clothing>
  <id>
   866583148
  </id>
  <name>
   Under Armour Belts Y-7439
  </name>
  <category>
   Belts
  </category>
  <size>
   L
  </size>
  <color>
   Красный
  </color>
  <material>
   Кожа
  </material>
  <price>
   435607
  </price>
  <rating>
   4.74
  </rating>
  <reviews>
   447362
  </reviews>
  <exclusive>
   no
  </exclusive>
 </clothing>
 <clothing>
  <id>
   374515358
  </id>
  <name>
   Fila Blouse F-7463
  </name>
  <category>
   Blouse
  </category>
  <size>
   L
  </size>
  <color>
   Синий
  </color>
  <material>
   Шелк
  </material>
  <price>
   393423
  </price>
  <rating>
   4.67
  </rating>
  <reviews>
   47808
  </reviews>
  <new>
   +
  </new>
  <exclusive>
   no
  </exclusive>
  <sporty>
   yes
  </sporty>
 </clothing>
 <clothing>
  <id>
   150126413
  </id>
  <name>
   Converse Skirt C-1293
  </name>
  <category>
   Skirt
  </category>
  <size>
   XL
  </size>
  <color>
   Красный
  </color>
  <material>
   Нейлон
  </material>
  <price>
   402278
  </price>
  <rating>
   4.52
  </rating>
  <reviews>
   411789
  </reviews>
 </clothing>
 <clothing>
  <id>
   925969145
  </id>
  <name>
   Fila Belts D-8403
  </name>
  <category>
   Belts
  </category>
  <size>
   L
  </size>
  <color>
   Зеленый
  </color>
  <material>
   Шелк
  </material>
  <price>
   431210
  </price>
  <rating>
   2.08
  </rating>
  <reviews>
   589594
  </reviews>
  <new>
   -
  </new>
  <exclusive>
   no
  </exclusive>
  <sporty>
   no
  </sporty>
 </clothing>
 <clothing>
  <id>
   286241612
  </id>
  <name>
   Nike Hat G-6702
  </name>
  <category>
   Hat
  </category>
  <size>
   XXL
  </size>
  <color>
   Фиолетовый
  </color>
  <material>
   Полиэстер
  </material>
  <price>
   544537
  </price>
  <rating>
   4.01
  </rating>
  <reviews>
   745260
  </reviews>
  <new>
   -
  </new>
  <exclusive>
   no
  </exclusive>
  <sporty>
   no
  </sporty>
 </clothing>
 <clothing>
  <id>
   459581979
  </id>
  <name>
   Ellesse Jeans A-2549
  </name>
  <category>
   Jeans
  </category>
  <size>
   M
  </size>
  <color>
   Голубой
  </color>
  <material>
   Кожа
  </material>
  <price>
   706972
  </price>
  <rating>
   2.39
  </rating>
  <reviews>
   830309
  </reviews>
  <new>
   +
  </new>
  <exclusive>
   no
  </exclusive>
  <sporty>
   no
  </sporty>
 </clothing>
 <clothing>
  <id>
   904963736
  </id>
  <name>
   PleinSport Dress I-8980
  </name>
  <category>
   Dress
  </category>
  <size>
   XL
  </size>
  <color>
   Голубой
  </color>
  <material>
   Шелк
  </material>
  <price>
   434727
  </price>
  <rating>
   4.66
  </rating>
  <reviews>
   637830
  </reviews>
  <new>
   -
  </new>
  <exclusive>
   no
  </exclusive>
  <sporty>
   no
  </sporty>
 </clothing>
 <clothing>
  <id>
   124390955
  </id>
  <name>
   Nike Pants P-4373
  </name>
  <category>
   Pants
  </category>
  <size>
   L
  </size>
  <color>
   Синий
  </color>
  <material>
   Лен
  </material>
  <price>
   883726
  </price>
  <rating>
   4.26
  </rating>
  <reviews>
   628019
  </reviews>
  <new>
   -
  </new>
  <exclusive>
   no
  </exclusive>
 </clothing>
 <clothing>
  <id>
   552411907
  </id>
  <name>
   Puma Shirt M-2818
  </name>
  <category>
   Shirt
  </category>
  <size>
   XL
  </size>
  <color>
   Желтый
  </color>
  <material>
   Лен
  </material>
  <price>
   418799
  </price>
  <rating>
   2.14
  </rating>
  <reviews>
   869321
  </reviews>
  <new>
   -
  </new>
  <exclusive>
   no
  </exclusive>
  <sporty>
   yes
  </sporty>
 </clothing>
 <clothing>
  <id>
   883137759
  </id>
  <name>
   Brooks Blouse X-8568
  </name>
  <category>
   Blouse
  </category>
  <size>
   L
  </size>
  <color>
   Оранжевый
  </color>
  <material>
   Шерсть
  </material>
  <price>
   336278
  </price>
  <rating>
   3.15
  </rating>
  <reviews>
   667998
  </reviews>
  <new>
   -
  </new>
  <exclusive>
   no
  </exclusive>
  <sporty>
   no
  </sporty>
 </clothing>
 <clothing>
  <id>
   957525698
  </id>
  <name>
   New Balance Belts Z-2717
  </name>
  <category>
   Belts
  </category>
  <size>
   XL
  </size>
  <color>
   Красный
  </color>
  <material>
   Нейлон
  </material>
  <price>
   757875
  </price>
  <rating>
   2.82
  </rating>
  <reviews>
   403965
  </reviews>
  <exclusive>
   no
  </exclusive>
 </clothing>
 <clothing>
  <id>
   199595822
  </id>
  <name>
   DC Handbags V-3627
  </name>
  <category>
   Handbags
  </category>
  <size>
   XL
  </size>
  <color>
   Желтый
  </color>
  <material>
   Лен
  </material>
  <price>
   793993
  </price>
  <rating>
   4.15
  </rating>
  <reviews>
   701673
  </reviews>
  <exclusive>
   no
  </exclusive>
  <sporty>
   yes
  </sporty>
 </clothing>
 <clothing>
  <id>
   400810624
  </id>
  <name>
   Brooks Dress G-7607
  </name>
  <category>
   Dress
  </category>
  <size>
   L
  </size>
  <color>
   Фиолетовый
  </color>
  <material>
   Кожа
  </material>
  <price>
   197749
  </price>
  <rating>
   4.62
  </rating>
  <reviews>
   194969
  </reviews>
  <new>
   -
  </new>
  <exclusive>
   no
  </exclusive>
 </clothing>
 <clothing>
  <id>
   268867218
  </id>
  <name>
   Converse T-shirt P-8820
  </name>
  <category>
   T-shirt
  </category>
  <size>
   L
  </size>
  <color>
   Фиолетовый
  </color>
  <material>
   Нейлон
  </material>
  <price>
   987331
  </price>
  <rating>
   1.52
  </rating>
  <reviews>
   614719
  </reviews>
  <new>
   -
  </new>
  <exclusive>
   yes
  </exclusive>
 </clothing>
 <clothing>
  <id>
   155719511
  </id>
  <name>
   Adidas Sweater Z-1651
  </name>
  <category>
   Sweater
  </category>
  <size>
   S
  </size>
  <color>
   Красный
  </color>
  <material>
   Шелк
  </material>
  <price>
   410687
  </price>
  <rating>
   2.6
  </rating>
  <reviews>
   625314
  </reviews>
  <exclusive>
   no
  </exclusive>
  <sporty>
   no
  </sporty>
 </clothing>
 <clothing>
  <id>
   657196192
  </id>
  <name>
   Adidas Socks R-7076
  </name>
  <category>
   Socks
  </category>
  <size>
   L
  </size>
  <color>
   Фиолетовый
  </color>
  <material>
   Лен
  </material>
  <price>
   919893
  </price>
  <rating>
   4.09
  </rating>
  <reviews>
   199884
  </reviews>
  <exclusive>
   no
  </exclusive>
 </clothing>
 <clothing>
  <id>
   739546236
  </id>
  <name>
   PleinSport Skirt T-2652
  </name>
  <category>
   Skirt
  </category>
  <size>
   XXL
  </size>
  <color>
   Голубой
  </color>
  <material>
   Шелк
  </material>
  <price>
   158341
  </price>
  <rating>
   4.26
  </rating>
  <reviews>
   831667
  </reviews>
  <new>
   +
  </new>
  <exclusive>
   no
  </exclusive>
 </clothing>
 <clothing>
  <id>
   311674481
  </id>
  <name>
   Lacoste T-shirt S-5217
  </name>
  <category>
   T-shirt
  </category>
  <size>
   XXL
  </size>
  <color>
   Синий
  </color>
  <material>
   Полиэстер
  </material>
  <price>
   363218
  </price>
  <rating>
   4.19
  </rating>
  <reviews>
   924160
  </reviews>
  <new>
   -
  </new>
  <sporty>
   yes
  </sporty>
 </clothing>
 <clothing>
  <id>
   382243733
  </id>
  <name>
   Brooks Shirt W-3681
  </name>
  <category>
   Shirt
  </category>
  <size>
   S
  </size>
  <color>
   Фиолетовый
  </color>
  <material>
   Шелк
  </material>
  <price>
   602739
  </price>
  <rating>
   1.78
  </rating>
  <reviews>
   979552
  </reviews>
  <new>
   -
  </new>
 </clothing>
 <clothing>
  <id>
   584605684
  </id>
  <name>
   Adidas Jacket Q-6010
  </name>
  <category>
   Jacket
  </category>
  <size>
   S
  </size>
  <color>
   Красный
  </color>
  <material>
   Лен
  </material>
  <price>
   252998
  </price>
  <rating>
   2.55
  </rating>
  <reviews>
   22301
  </reviews>
  <exclusive>
   no
  </exclusive>
  <sporty>
   no
  </sporty>
 </clothing>
 <clothing>
  <id>
   832393006
  </id>
  <name>
   Puma Shirt H-8859
  </name>
  <category>
   Shirt
  </category>
  <size>
   XXL
  </size>
  <color>
   Синий
  </color>
  <material>
   Шерсть
  </material>
  <price>
   252178
  </price>
  <rating>
   3.37
  </rating>
  <reviews>
   997113
  </reviews>
  <new>
   -
  </new>
  <exclusive>
   no
  </exclusive>
  <sporty>
   no
  </sporty>
 </clothing>
 <clothing>
  <id>
   329899295
  </id>
  <name>
   Reebok Sweater A-7790
  </name>
  <category>
   Sweater
  </category>
  <size>
   M
  </size>
  <color>
   Желтый
  </color>
  <material>
   Шелк
  </material>
  <price>
   992398
  </price>
  <rating>
   3.56
  </rating>
  <reviews>
   343497
  </reviews>
  <sporty>
   no
  </sporty>
 </clothing>
</clothing-items>
