<?xml version="1.0" encoding="utf-8"?>
<clothing-items>
 <clothing>
  <id>
   195163424
  </id>
  <name>
   DC Blouse X-3346
  </name>
  <category>
   Blouse
  </category>
  <size>
   XL
  </size>
  <color>
   Фиолетовый
  </color>
  <material>
   Вискоза
  </material>
  <price>
   262129
  </price>
  <rating>
   2.3
  </rating>
  <reviews>
   660394
  </reviews>
  <exclusive>
   no
  </exclusive>
  <sporty>
   no
  </sporty>
 </clothing>
 <clothing>
  <id>
   816291462
  </id>
  <name>
   Ellesse Umbrellas F-7157
  </name>
  <category>
   Umbrellas
  </category>
  <size>
   XXL
  </size>
  <color>
   Красный
  </color>
  <material>
   Полиэстер
  </material>
  <price>
   809065
  </price>
  <rating>
   3.57
  </rating>
  <reviews>
   292129
  </reviews>
  <new>
   +
  </new>
  <exclusive>
   no
  </exclusive>
  <sporty>
   no
  </sporty>
 </clothing>
 <clothing>
  <id>
   157181490
  </id>
  <name>
   Fila T-shirt L-1255
  </name>
  <category>
   T-shirt
  </category>
  <size>
   S
  </size>
  <color>
   Синий
  </color>
  <material>
   Хлопок
  </material>
  <price>
   987736
  </price>
  <rating>
   3.05
  </rating>
  <reviews>
   962081
  </reviews>
  <new>
   +
  </new>
 </clothing>
 <clothing>
  <id>
   387926912
  </id>
  <name>
   Under Armour T-shirt V-5981
  </name>
  <category>
   T-shirt
  </category>
  <size>
   M
  </size>
  <color>
   Красный
  </color>
  <material>
   Хлопок
  </material>
  <price>
   664725
  </price>
  <rating>
   3.6
  </rating>
  <reviews>
   614768
  </reviews>
  <exclusive>
   no
  </exclusive>
 </clothing>
 <clothing>
  <id>
   341006013
  </id>
  <name>
   Reebok Skirt V-8497
  </name>
  <category>
   Skirt
  </category>
  <size>
   S
  </size>
  <color>
   Желтый
  </color>
  <material>
   Лен
  </material>
  <price>
   504987
  </price>
  <rating>
   4.25
  </rating>
  <reviews>
   127276
  </reviews>
  <new>
   -
  </new>
  <sporty>
   no
  </sporty>
 </clothing>
 <clothing>
  <id>
   940525644
  </id>
  <name>
   PleinSport Belts S-9859
  </name>
  <category>
   Belts
  </category>
  <size>
   XL
  </size>
  <color>
   Зеленый
  </color>
  <material>
   Кожа
  </material>
  <price>
   786570
  </price>
  <rating>
   3.63
  </rating>
  <reviews>
   230439
  </reviews>
  <exclusive>
   yes
  </exclusive>
 </clothing>
 <clothing>
  <id>
   540239199
  </id>
  <name>
   Asics Umbrellas H-8229
  </name>
  <category>
   Umbrellas
  </category>
  <size>
   XXL
  </size>
  <color>
   Зеленый
  </color>
  <material>
   Шелк
  </material>
  <price>
   530056
  </price>
  <rating>
   3.53
  </rating>
  <reviews>
   585716
  </reviews>
 </clothing>
 <clothing>
  <id>
   237324275
  </id>
  <name>
   Puma Shoes F-7908
  </name>
  <category>
   Shoes
  </category>
  <size>
   XL
  </size>
  <color>
   Красный
  </color>
  <material>
   Вискоза
  </material>
  <price>
   454148
  </price>
  <rating>
   4.33
  </rating>
  <reviews>
   748347
  </reviews>
  <new>
   +
  </new>
  <exclusive>
   no
  </exclusive>
  <sporty>
   yes
  </sporty>
 </clothing>
 <clothing>
  <id>
   403677527
  </id>
  <name>
   Lacoste Shirt P-2934
  </name>
  <category>
   Shirt
  </category>
  <size>
   L
  </size>
  <color>
   Голубой
  </color>
  <material>
   Нейлон
  </material>
  <price>
   646848
  </price>
  <rating>
   1.23
  </rating>
  <reviews>
   309785
  </reviews>
  <exclusive>
   no
  </exclusive>
  <sporty>
   yes
  </sporty>
 </clothing>
 <clothing>
  <id>
   487684748
  </id>
  <name>
   Brooks Pants J-1214
  </name>
  <category>
   Pants
  </category>
  <size>
   XL
  </size>
  <color>
   Голубой
  </color>
  <material>
   Вискоза
  </material>
  <price>
   724560
  </price>
  <rating>
   1.23
  </rating>
  <reviews>
   834813
  </reviews>
  <exclusive>
   no
  </exclusive>
  <sporty>
   yes
  </sporty>
 </clothing>
 <clothing>
  <id>
   247564243
  </id>
  <name>
   Vans Umbrellas A-8722
  </name>
  <category>
   Umbrellas
  </category>
  <size>
   XL
  </size>
  <color>
   Голубой
  </color>
  <material>
   Нейлон
  </material>
  <price>
   722353
  </price>
  <rating>
   3.7
  </rating>
  <reviews>
   126367
  </reviews>
  <new>
   -
  </new>
  <exclusive>
   no
  </exclusive>
  <sporty>
   no
  </sporty>
 </clothing>
 <clothing>
  <id>
   794925931
  </id>
  <name>
   Converse Blouse G-7266
  </name>
  <category>
   Blouse
  </category>
  <size>
   XL
  </size>
  <color>
   Оранжевый
  </color>
  <material>
   Кожа
  </material>
  <price>
   830728
  </price>
  <rating>
   3.6
  </rating>
  <reviews>
   929000
  </reviews>
  <new>
   +
  </new>
 </clothing>
 <clothing>
  <id>
   460105350
  </id>
  <name>
   DC Shoes K-2614
  </name>
  <category>
   Shoes
  </category>
  <size>
   L
  </size>
  <color>
   Зеленый
  </color>
  <material>
   Шелк
  </material>
  <price>
   309945
  </price>
  <rating>
   4.05
  </rating>
  <reviews>
   652507
  </reviews>
  <new>
   +
  </new>
  <exclusive>
   no
  </exclusive>
 </clothing>
 <clothing>
  <id>
   633062538
  </id>
  <name>
   Asics Shoes O-6718
  </name>
  <category>
   Shoes
  </category>
  <size>
   XXL
  </size>
  <color>
   Зеленый
  </color>
  <material>
   Лен
  </material>
  <price>
   757454
  </price>
  <rating>
   4.13
  </rating>
  <reviews>
   189965
  </reviews>
  <new>
   +
  </new>
  <sporty>
   no
  </sporty>
 </clothing>
 <clothing>
  <id>
   532536564
  </id>
  <name>
   Addidas T-shirt F-1281
  </name>
  <category>
   T-shirt
  </category>
  <size>
   XL
  </size>
  <color>
   Красный
  </color>
  <material>
   Лен
  </material>
  <price>
   643838
  </price>
  <rating>
   4.96
  </rating>
  <reviews>
   37852
  </reviews>
  <new>
   +
  </new>
  <exclusive>
   no
  </exclusive>
  <sporty>
   no
  </sporty>
 </clothing>
 <clothing>
  <id>
   750946109
  </id>
  <name>
   Fila Jeans K-5728
  </name>
  <category>
   Jeans
  </category>
  <size>
   L
  </size>
  <color>
   Синий
  </color>
  <material>
   Полиэстер
  </material>
  <price>
   462625
  </price>
  <rating>
   2.34
  </rating>
  <reviews>
   955874
  </reviews>
  <new>
   -
  </new>
 </clothing>
 <clothing>
  <id>
   668673506
  </id>
  <name>
   Lacoste Blouse R-8013
  </name>
  <category>
   Blouse
  </category>
  <size>
   M
  </size>
  <color>
   Синий
  </color>
  <material>
   Вискоза
  </material>
  <price>
   650616
  </price>
  <rating>
   1.26
  </rating>
  <reviews>
   832545
  </reviews>
  <new>
   +
  </new>
  <sporty>
   yes
  </sporty>
 </clothing>
 <clothing>
  <id>
   858336750
  </id>
  <name>
   Converse Gloves W-8069
  </name>
  <category>
   Gloves
  </category>
  <size>
   XL
  </size>
  <color>
   Красный
  </color>
  <material>
   Шелк
  </material>
  <price>
   321516
  </price>
  <rating>
   1.3
  </rating>
  <reviews>
   510775
  </reviews>
  <new>
   +
  </new>
  <sporty>
   no
  </sporty>
 </clothing>
 <clothing>
  <id>
   903836711
  </id>
  <name>
   Adidas Dress Q-2806
  </name>
  <category>
   Dress
  </category>
  <size>
   XXL
  </size>
  <color>
   Зеленый
  </color>
  <material>
   Кожа
  </material>
  <price>
   926559
  </price>
  <rating>
   2.32
  </rating>
  <reviews>
   382225
  </reviews>
  <exclusive>
   yes
  </exclusive>
  <sporty>
   yes
  </sporty>
 </clothing>
 <clothing>
  <id>
   601426809
  </id>
  <name>
   Converse Shoes R-9587
  </name>
  <category>
   Shoes
  </category>
  <size>
   XXL
  </size>
  <color>
   Красный
  </color>
  <material>
   Шелк
  </material>
  <price>
   346677
  </price>
  <rating>
   3.44
  </rating>
  <reviews>
   957014
  </reviews>
  <new>
   -
  </new>
  <exclusive>
   yes
  </exclusive>
  <sporty>
   yes
  </sporty>
 </clothing>
 <clothing>
  <id>
   894548975
  </id>
  <name>
   Under Armour Gloves D-9530
  </name>
  <category>
   Gloves
  </category>
  <size>
   S
  </size>
  <color>
   Красный
  </color>
  <material>
   Лен
  </material>
  <price>
   611839
  </price>
  <rating>
   2.6
  </rating>
  <reviews>
   70273
  </reviews>
  <new>
   -
  </new>
  <sporty>
   no
  </sporty>
 </clothing>
 <clothing>
  <id>
   359974176
  </id>
  <name>
   Asics Umbrellas N-4286
  </name>
  <category>
   Umbrellas
  </category>
  <size>
   M
  </size>
  <color>
   Зеленый
  </color>
  <material>
   Шерсть
  </material>
  <price>
   118945
  </price>
  <rating>
   2.54
  </rating>
  <reviews>
   599837
  </reviews>
  <new>
   -
  </new>
  <exclusive>
   no
  </exclusive>
 </clothing>
 <clothing>
  <id>
   255339789
  </id>
  <name>
   Lacoste Umbrellas M-7896
  </name>
  <category>
   Umbrellas
  </category>
  <size>
   S
  </size>
  <color>
   Оранжевый
  </color>
  <material>
   Шерсть
  </material>
  <price>
   972073
  </price>
  <rating>
   3.78
  </rating>
  <reviews>
   594160
  </reviews>
  <exclusive>
   no
  </exclusive>
  <sporty>
   no
  </sporty>
 </clothing>
 <clothing>
  <id>
   555343817
  </id>
  <name>
   Adidas Shoes O-3845
  </name>
  <category>
   Shoes
  </category>
  <size>
   XL
  </size>
  <color>
   Голубой
  </color>
  <material>
   Кожа
  </material>
  <price>
   823531
  </price>
  <rating>
   4.11
  </rating>
  <reviews>
   431507
  </reviews>
  <new>
   -
  </new>
  <sporty>
   yes
  </sporty>
 </clothing>
 <clothing>
  <id>
   880398277
  </id>
  <name>
   DC Shoes E-5378
  </name>
  <category>
   Shoes
  </category>
  <size>
   S
  </size>
  <color>
   Желтый
  </color>
  <material>
   Полиэстер
  </material>
  <price>
   280017
  </price>
  <rating>
   4.34
  </rating>
  <reviews>
   580895
  </reviews>
  <new>
   -
  </new>
  <exclusive>
   yes
  </exclusive>
  <sporty>
   yes
  </sporty>
 </clothing>
 <clothing>
  <id>
   527174986
  </id>
  <name>
   PleinSport Shoes T-6143
  </name>
  <category>
   Shoes
  </category>
  <size>
   XL
  </size>
  <color>
   Фиолетовый
  </color>
  <material>
   Лен
  </material>
  <price>
   769787
  </price>
  <rating>
   4.26
  </rating>
  <reviews>
   557746
  </reviews>
  <new>
   +
  </new>
 </clothing>
 <clothing>
  <id>
   890677853
  </id>
  <name>
   Converse Socks M-6495
  </name>
  <category>
   Socks
  </category>
  <size>
   L
  </size>
  <color>
   Синий
  </color>
  <material>
   Вискоза
  </material>
  <price>
   995831
  </price>
  <rating>
   4.31
  </rating>
  <reviews>
   105511
  </reviews>
  <exclusive>
   no
  </exclusive>
  <sporty>
   yes
  </sporty>
 </clothing>
 <clothing>
  <id>
   186565076
  </id>
  <name>
   Ellesse Blouse S-1399
  </name>
  <category>
   Blouse
  </category>
  <size>
   L
  </size>
  <color>
   Синий
  </color>
  <material>
   Шелк
  </material>
  <price>
   657668
  </price>
  <rating>
   4.09
  </rating>
  <reviews>
   909527
  </reviews>
  <new>
   -
  </new>
  <sporty>
   yes
  </sporty>
 </clothing>
 <clothing>
  <id>
   926495994
  </id>
  <name>
   Vans Jacket O-1323
  </name>
  <category>
   Jacket
  </category>
  <size>
   S
  </size>
  <color>
   Оранжевый
  </color>
  <material>
   Кожа
  </material>
  <price>
   553133
  </price>
  <rating>
   3.93
  </rating>
  <reviews>
   518112
  </reviews>
  <new>
   -
  </new>
  <sporty>
   yes
  </sporty>
 </clothing>
 <clothing>
  <id>
   828270524
  </id>
  <name>
   Asics Sweater D-5428
  </name>
  <category>
   Sweater
  </category>
  <size>
   XXL
  </size>
  <color>
   Зеленый
  </color>
  <material>
   Шелк
  </material>
  <price>
   139237
  </price>
  <rating>
   4.31
  </rating>
  <reviews>
   16717
  </reviews>
  <new>
   -
  </new>
  <exclusive>
   yes
  </exclusive>
  <sporty>
   no
  </sporty>
 </clothing>
 <clothing>
  <id>
   361917865
  </id>
  <name>
   Addidas Socks K-7409
  </name>
  <category>
   Socks
  </category>
  <size>
   L
  </size>
  <color>
   Голубой
  </color>
  <material>
   Шелк
  </material>
  <price>
   710536
  </price>
  <rating>
   2.86
  </rating>
  <reviews>
   839318
  </reviews>
  <new>
   -
  </new>
  <exclusive>
   no
  </exclusive>
 </clothing>
 <clothing>
  <id>
   714744617
  </id>
  <name>
   Nike Hat K-5238
  </name>
  <category>
   Hat
  </category>
  <size>
   L
  </size>
  <color>
   Желтый
  </color>
  <material>
   Нейлон
  </material>
  <price>
   629641
  </price>
  <rating>
   1.25
  </rating>
  <reviews>
   5688
  </reviews>
  <new>
   +
  </new>
  <exclusive>
   no
  </exclusive>
 </clothing>
 <clothing>
  <id>
   548906365
  </id>
  <name>
   Converse Handbags H-1874
  </name>
  <category>
   Handbags
  </category>
  <size>
   L
  </size>
  <color>
   Синий
  </color>
  <material>
   Полиэстер
  </material>
  <price>
   310615
  </price>
  <rating>
   4.78
  </rating>
  <reviews>
   558759
  </reviews>
  <new>
   -
  </new>
  <exclusive>
   no
  </exclusive>
  <sporty>
   no
  </sporty>
 </clothing>
 <clothing>
  <id>
   765140322
  </id>
  <name>
   Nike Sweater D-9131
  </name>
  <category>
   Sweater
  </category>
  <size>
   XL
  </size>
  <color>
   Красный
  </color>
  <material>
   Шелк
  </material>
  <price>
   365888
  </price>
  <rating>
   1.99
  </rating>
  <reviews>
   42388
  </reviews>
  <new>
   -
  </new>
  <exclusive>
   no
  </exclusive>
  <sporty>
   yes
  </sporty>
 </clothing>
 <clothing>
  <id>
   246601989
  </id>
  <name>
   Vans Sweater G-7703
  </name>
  <category>
   Sweater
  </category>
  <size>
   S
  </size>
  <color>
   Синий
  </color>
  <material>
   Кожа
  </material>
  <price>
   384292
  </price>
  <rating>
   3.34
  </rating>
  <reviews>
   821606
  </reviews>
  <sporty>
   no
  </sporty>
 </clothing>
 <clothing>
  <id>
   433462769
  </id>
  <name>
   Puma Sweater Q-9626
  </name>
  <category>
   Sweater
  </category>
  <size>
   S
  </size>
  <color>
   Оранжевый
  </color>
  <material>
   Кожа
  </material>
  <price>
   772316
  </price>
  <rating>
   2.61
  </rating>
  <reviews>
   538581
  </reviews>
  <new>
   +
  </new>
  <exclusive>
   no
  </exclusive>
 </clothing>
 <clothing>
  <id>
   993264739
  </id>
  <name>
   Addidas Sweater C-2183
  </name>
  <category>
   Sweater
  </category>
  <size>
   L
  </size>
  <color>
   Зеленый
  </color>
  <material>
   Кожа
  </material>
  <price>
   724658
  </price>
  <rating>
   3.84
  </rating>
  <reviews>
   365442
  </reviews>
  <exclusive>
   yes
  </exclusive>
  <sporty>
   no
  </sporty>
 </clothing>
 <clothing>
  <id>
   808940308
  </id>
  <name>
   Nike Shirt D-8716
  </name>
  <category>
   Shirt
  </category>
  <size>
   XXL
  </size>
  <color>
   Голубой
  </color>
  <material>
   Нейлон
  </material>
  <price>
   829291
  </price>
  <rating>
   2.5
  </rating>
  <reviews>
   448666
  </reviews>
  <new>
   +
  </new>
  <exclusive>
   no
  </exclusive>
  <sporty>
   yes
  </sporty>
 </clothing>
 <clothing>
  <id>
   192505177
  </id>
  <name>
   Nike T-shirt S-2167
  </name>
  <category>
   T-shirt
  </category>
  <size>
   S
  </size>
  <color>
   Синий
  </color>
  <material>
   Хлопок
  </material>
  <price>
   763977
  </price>
  <rating>
   1.28
  </rating>
  <reviews>
   191108
  </reviews>
  <new>
   -
  </new>
  <exclusive>
   no
  </exclusive>
  <sporty>
   yes
  </sporty>
 </clothing>
 <clothing>
  <id>
   574116499
  </id>
  <name>
   Nike T-shirt W-3034
  </name>
  <category>
   T-shirt
  </category>
  <size>
   L
  </size>
  <color>
   Желтый
  </color>
  <material>
   Вискоза
  </material>
  <price>
   403129
  </price>
  <rating>
   2.14
  </rating>
  <reviews>
   391762
  </reviews>
  <new>
   -
  </new>
  <sporty>
   no
  </sporty>
 </clothing>
 <clothing>
  <id>
   826686752
  </id>
  <name>
   Asics Dress L-1836
  </name>
  <category>
   Dress
  </category>
  <size>
   S
  </size>
  <color>
   Зеленый
  </color>
  <material>
   Хлопок
  </material>
  <price>
   259377
  </price>
  <rating>
   2.66
  </rating>
  <reviews>
   320367
  </reviews>
  <sporty>
   no
  </sporty>
 </clothing>
 <clothing>
  <id>
   988811164
  </id>
  <name>
   Brooks Jeans Q-3176
  </name>
  <category>
   Jeans
  </category>
  <size>
   XL
  </size>
  <color>
   Голубой
  </color>
  <material>
   Вискоза
  </material>
  <price>
   963760
  </price>
  <rating>
   4.88
  </rating>
  <reviews>
   935499
  </reviews>
  <new>
   -
  </new>
  <sporty>
   no
  </sporty>
 </clothing>
 <clothing>
  <id>
   430336656
  </id>
  <name>
   Ellesse Belts W-1130
  </name>
  <category>
   Belts
  </category>
  <size>
   S
  </size>
  <color>
   Красный
  </color>
  <material>
   Кожа
  </material>
  <price>
   615410
  </price>
  <rating>
   3.53
  </rating>
  <reviews>
   739287
  </reviews>
  <new>
   +
  </new>
 </clothing>
 <clothing>
  <id>
   556740437
  </id>
  <name>
   New Balance Gloves Y-8815
  </name>
  <category>
   Gloves
  </category>
  <size>
   XXL
  </size>
  <color>
   Фиолетовый
  </color>
  <material>
   Полиэстер
  </material>
  <price>
   121070
  </price>
  <rating>
   1.55
  </rating>
  <reviews>
   396880
  </reviews>
  <new>
   +
  </new>
  <exclusive>
   yes
  </exclusive>
 </clothing>
 <clothing>
  <id>
   925006763
  </id>
  <name>
   Brooks Shirt Z-4772
  </name>
  <category>
   Shirt
  </category>
  <size>
   XL
  </size>
  <color>
   Синий
  </color>
  <material>
   Шелк
  </material>
  <price>
   193208
  </price>
  <rating>
   3.54
  </rating>
  <reviews>
   188535
  </reviews>
  <new>
   -
  </new>
  <sporty>
   yes
  </sporty>
 </clothing>
</clothing-items>
