<?xml version="1.0" encoding="utf-8"?>
<clothing-items>
 <clothing>
  <id>
   754046274
  </id>
  <name>
   Vans T-shirt G-9094
  </name>
  <category>
   T-shirt
  </category>
  <size>
   XXL
  </size>
  <color>
   Оранжевый
  </color>
  <material>
   Шелк
  </material>
  <price>
   103650
  </price>
  <rating>
   2.35
  </rating>
  <reviews>
   263216
  </reviews>
 </clothing>
 <clothing>
  <id>
   782326156
  </id>
  <name>
   Asics Handbags N-1436
  </name>
  <category>
   Handbags
  </category>
  <size>
   XXL
  </size>
  <color>
   Синий
  </color>
  <material>
   Лен
  </material>
  <price>
   143986
  </price>
  <rating>
   1.88
  </rating>
  <reviews>
   471720
  </reviews>
  <sporty>
   yes
  </sporty>
 </clothing>
 <clothing>
  <id>
   388192343
  </id>
  <name>
   PleinSport T-shirt U-8272
  </name>
  <category>
   T-shirt
  </category>
  <size>
   XXL
  </size>
  <color>
   Фиолетовый
  </color>
  <material>
   Шелк
  </material>
  <price>
   165437
  </price>
  <rating>
   3.52
  </rating>
  <reviews>
   798652
  </reviews>
  <new>
   -
  </new>
  <exclusive>
   no
  </exclusive>
  <sporty>
   yes
  </sporty>
 </clothing>
 <clothing>
  <id>
   388438117
  </id>
  <name>
   Puma Handbags I-9567
  </name>
  <category>
   Handbags
  </category>
  <size>
   S
  </size>
  <color>
   Синий
  </color>
  <material>
   Лен
  </material>
  <price>
   488911
  </price>
  <rating>
   2.31
  </rating>
  <reviews>
   520610
  </reviews>
  <sporty>
   yes
  </sporty>
 </clothing>
 <clothing>
  <id>
   110325631
  </id>
  <name>
   Addidas Jacket D-3945
  </name>
  <category>
   Jacket
  </category>
  <size>
   S
  </size>
  <color>
   Голубой
  </color>
  <material>
   Лен
  </material>
  <price>
   548924
  </price>
  <rating>
   4.37
  </rating>
  <reviews>
   102605
  </reviews>
  <exclusive>
   no
  </exclusive>
  <sporty>
   no
  </sporty>
 </clothing>
 <clothing>
  <id>
   475354623
  </id>
  <name>
   Lacoste Hat X-1827
  </name>
  <category>
   Hat
  </category>
  <size>
   XXL
  </size>
  <color>
   Желтый
  </color>
  <material>
   Полиэстер
  </material>
  <price>
   779792
  </price>
  <rating>
   2.56
  </rating>
  <reviews>
   750370
  </reviews>
  <sporty>
   no
  </sporty>
 </clothing>
 <clothing>
  <id>
   753931215
  </id>
  <name>
   Adidas Dress G-6434
  </name>
  <category>
   Dress
  </category>
  <size>
   S
  </size>
  <color>
   Голубой
  </color>
  <material>
   Кожа
  </material>
  <price>
   757764
  </price>
  <rating>
   4.52
  </rating>
  <reviews>
   639537
  </reviews>
  <new>
   -
  </new>
  <exclusive>
   no
  </exclusive>
  <sporty>
   yes
  </sporty>
 </clothing>
 <clothing>
  <id>
   102788080
  </id>
  <name>
   Ellesse Jeans J-1192
  </name>
  <category>
   Jeans
  </category>
  <size>
   XXL
  </size>
  <color>
   Зеленый
  </color>
  <material>
   Шелк
  </material>
  <price>
   800598
  </price>
  <rating>
   2.06
  </rating>
  <reviews>
   236540
  </reviews>
  <new>
   -
  </new>
  <sporty>
   yes
  </sporty>
 </clothing>
 <clothing>
  <id>
   778370390
  </id>
  <name>
   Fila Dress G-7943
  </name>
  <category>
   Dress
  </category>
  <size>
   XL
  </size>
  <color>
   Фиолетовый
  </color>
  <material>
   Шерсть
  </material>
  <price>
   721460
  </price>
  <rating>
   2.35
  </rating>
  <reviews>
   911824
  </reviews>
  <exclusive>
   no
  </exclusive>
 </clothing>
 <clothing>
  <id>
   229444366
  </id>
  <name>
   Adidas Dress E-9732
  </name>
  <category>
   Dress
  </category>
  <size>
   M
  </size>
  <color>
   Оранжевый
  </color>
  <material>
   Полиэстер
  </material>
  <price>
   235158
  </price>
  <rating>
   4.17
  </rating>
  <reviews>
   35559
  </reviews>
 </clothing>
 <clothing>
  <id>
   216053069
  </id>
  <name>
   Puma Gloves P-3964
  </name>
  <category>
   Gloves
  </category>
  <size>
   S
  </size>
  <color>
   Оранжевый
  </color>
  <material>
   Шерсть
  </material>
  <price>
   775781
  </price>
  <rating>
   2.97
  </rating>
  <reviews>
   534494
  </reviews>
  <new>
   -
  </new>
  <exclusive>
   yes
  </exclusive>
 </clothing>
 <clothing>
  <id>
   508162866
  </id>
  <name>
   DC Pants P-2429
  </name>
  <category>
   Pants
  </category>
  <size>
   L
  </size>
  <color>
   Оранжевый
  </color>
  <material>
   Лен
  </material>
  <price>
   472412
  </price>
  <rating>
   1.2
  </rating>
  <reviews>
   780466
  </reviews>
  <exclusive>
   no
  </exclusive>
  <sporty>
   yes
  </sporty>
 </clothing>
 <clothing>
  <id>
   179380376
  </id>
  <name>
   DC Shoes S-7770
  </name>
  <category>
   Shoes
  </category>
  <size>
   M
  </size>
  <color>
   Красный
  </color>
  <material>
   Полиэстер
  </material>
  <price>
   244823
  </price>
  <rating>
   4.29
  </rating>
  <reviews>
   309959
  </reviews>
 </clothing>
 <clothing>
  <id>
   874002936
  </id>
  <name>
   Nike Blouse P-8729
  </name>
  <category>
   Blouse
  </category>
  <size>
   M
  </size>
  <color>
   Желтый
  </color>
  <material>
   Лен
  </material>
  <price>
   447789
  </price>
  <rating>
   2.84
  </rating>
  <reviews>
   75854
  </reviews>
  <exclusive>
   no
  </exclusive>
  <sporty>
   no
  </sporty>
 </clothing>
 <clothing>
  <id>
   123754694
  </id>
  <name>
   Vans Skirt S-8998
  </name>
  <category>
   Skirt
  </category>
  <size>
   XXL
  </size>
  <color>
   Голубой
  </color>
  <material>
   Полиэстер
  </material>
  <price>
   241553
  </price>
  <rating>
   3.91
  </rating>
  <reviews>
   451027
  </reviews>
  <sporty>
   no
  </sporty>
 </clothing>
 <clothing>
  <id>
   609075335
  </id>
  <name>
   Asics Jeans I-2289
  </name>
  <category>
   Jeans
  </category>
  <size>
   XL
  </size>
  <color>
   Красный
  </color>
  <material>
   Лен
  </material>
  <price>
   436309
  </price>
  <rating>
   3.58
  </rating>
  <reviews>
   121633
  </reviews>
 </clothing>
 <clothing>
  <id>
   495321112
  </id>
  <name>
   Puma Socks D-7800
  </name>
  <category>
   Socks
  </category>
  <size>
   M
  </size>
  <color>
   Зеленый
  </color>
  <material>
   Полиэстер
  </material>
  <price>
   313366
  </price>
  <rating>
   3.56
  </rating>
  <reviews>
   395766
  </reviews>
  <exclusive>
   no
  </exclusive>
  <sporty>
   no
  </sporty>
 </clothing>
 <clothing>
  <id>
   731266333
  </id>
  <name>
   Ellesse Belts U-9359
  </name>
  <category>
   Belts
  </category>
  <size>
   S
  </size>
  <color>
   Желтый
  </color>
  <material>
   Нейлон
  </material>
  <price>
   913483
  </price>
  <rating>
   4.86
  </rating>
  <reviews>
   18235
  </reviews>
  <exclusive>
   no
  </exclusive>
 </clothing>
 <clothing>
  <id>
   781496870
  </id>
  <name>
   New Balance Gloves P-9232
  </name>
  <category>
   Gloves
  </category>
  <size>
   XXL
  </size>
  <color>
   Синий
  </color>
  <material>
   Шерсть
  </material>
  <price>
   781456
  </price>
  <rating>
   4.35
  </rating>
  <reviews>
   556299
  </reviews>
  <new>
   -
  </new>
  <exclusive>
   no
  </exclusive>
  <sporty>
   yes
  </sporty>
 </clothing>
 <clothing>
  <id>
   698411769
  </id>
  <name>
   Adidas Socks H-5495
  </name>
  <category>
   Socks
  </category>
  <size>
   M
  </size>
  <color>
   Оранжевый
  </color>
  <material>
   Лен
  </material>
  <price>
   659378
  </price>
  <rating>
   1.28
  </rating>
  <reviews>
   540739
  </reviews>
  <new>
   +
  </new>
  <sporty>
   no
  </sporty>
 </clothing>
 <clothing>
  <id>
   650481515
  </id>
  <name>
   Brooks Shirt Y-4873
  </name>
  <category>
   Shirt
  </category>
  <size>
   M
  </size>
  <color>
   Голубой
  </color>
  <material>
   Нейлон
  </material>
  <price>
   482405
  </price>
  <rating>
   1.72
  </rating>
  <reviews>
   108853
  </reviews>
  <exclusive>
   no
  </exclusive>
 </clothing>
 <clothing>
  <id>
   608528570
  </id>
  <name>
   Lacoste Belts W-7169
  </name>
  <category>
   Belts
  </category>
  <size>
   M
  </size>
  <color>
   Желтый
  </color>
  <material>
   Хлопок
  </material>
  <price>
   220793
  </price>
  <rating>
   4.41
  </rating>
  <reviews>
   407976
  </reviews>
  <exclusive>
   yes
  </exclusive>
  <sporty>
   no
  </sporty>
 </clothing>
 <clothing>
  <id>
   863893077
  </id>
  <name>
   Adidas Socks R-2275
  </name>
  <category>
   Socks
  </category>
  <size>
   M
  </size>
  <color>
   Красный
  </color>
  <material>
   Лен
  </material>
  <price>
   298532
  </price>
  <rating>
   1.89
  </rating>
  <reviews>
   171329
  </reviews>
 </clothing>
 <clothing>
  <id>
   951970924
  </id>
  <name>
   PleinSport Blouse Y-7648
  </name>
  <category>
   Blouse
  </category>
  <size>
   L
  </size>
  <color>
   Желтый
  </color>
  <material>
   Полиэстер
  </material>
  <price>
   840202
  </price>
  <rating>
   4.46
  </rating>
  <reviews>
   946419
  </reviews>
  <exclusive>
   yes
  </exclusive>
  <sporty>
   no
  </sporty>
 </clothing>
</clothing-items>
