<?xml version="1.0" encoding="utf-8"?>
<clothing-items>
 <clothing>
  <id>
   667328291
  </id>
  <name>
   Vans T-shirt A-1547
  </name>
  <category>
   T-shirt
  </category>
  <size>
   S
  </size>
  <color>
   Голубой
  </color>
  <material>
   Вискоза
  </material>
  <price>
   661739
  </price>
  <rating>
   3.51
  </rating>
  <reviews>
   187202
  </reviews>
  <new>
   -
  </new>
  <sporty>
   no
  </sporty>
 </clothing>
 <clothing>
  <id>
   519367669
  </id>
  <name>
   Ellesse Belts E-6288
  </name>
  <category>
   Belts
  </category>
  <size>
   S
  </size>
  <color>
   Красный
  </color>
  <material>
   Хлопок
  </material>
  <price>
   248488
  </price>
  <rating>
   2.52
  </rating>
  <reviews>
   911489
  </reviews>
  <new>
   -
  </new>
  <exclusive>
   yes
  </exclusive>
 </clothing>
 <clothing>
  <id>
   272558402
  </id>
  <name>
   Reebok Socks U-2347
  </name>
  <category>
   Socks
  </category>
  <size>
   L
  </size>
  <color>
   Красный
  </color>
  <material>
   Шелк
  </material>
  <price>
   144453
  </price>
  <rating>
   1.8
  </rating>
  <reviews>
   165469
  </reviews>
  <sporty>
   no
  </sporty>
 </clothing>
 <clothing>
  <id>
   609354247
  </id>
  <name>
   Vans Umbrellas W-3446
  </name>
  <category>
   Umbrellas
  </category>
  <size>
   S
  </size>
  <color>
   Голубой
  </color>
  <material>
   Лен
  </material>
  <price>
   498410
  </price>
  <rating>
   3.69
  </rating>
  <reviews>
   309074
  </reviews>
  <new>
   -
  </new>
  <sporty>
   no
  </sporty>
 </clothing>
 <clothing>
  <id>
   118675336
  </id>
  <name>
   Vans Socks O-8695
  </name>
  <category>
   Socks
  </category>
  <size>
   M
  </size>
  <color>
   Зеленый
  </color>
  <material>
   Кожа
  </material>
  <price>
   467770
  </price>
  <rating>
   1.34
  </rating>
  <reviews>
   113264
  </reviews>
  <new>
   +
  </new>
  <exclusive>
   yes
  </exclusive>
  <sporty>
   no
  </sporty>
 </clothing>
 <clothing>
  <id>
   303813226
  </id>
  <name>
   Under Armour Blouse A-8760
  </name>
  <category>
   Blouse
  </category>
  <size>
   XXL
  </size>
  <color>
   Желтый
  </color>
  <material>
   Полиэстер
  </material>
  <price>
   843014
  </price>
  <rating>
   3.12
  </rating>
  <reviews>
   298554
  </reviews>
 </clothing>
 <clothing>
  <id>
   872830664
  </id>
  <name>
   Addidas Hat Q-5908
  </name>
  <category>
   Hat
  </category>
  <size>
   XXL
  </size>
  <color>
   Оранжевый
  </color>
  <material>
   Полиэстер
  </material>
  <price>
   936098
  </price>
  <rating>
   3.76
  </rating>
  <reviews>
   94281
  </reviews>
 </clothing>
 <clothing>
  <id>
   747374466
  </id>
  <name>
   Lacoste Socks H-3936
  </name>
  <category>
   Socks
  </category>
  <size>
   XXL
  </size>
  <color>
   Зеленый
  </color>
  <material>
   Кожа
  </material>
  <price>
   938739
  </price>
  <rating>
   3.17
  </rating>
  <reviews>
   486213
  </reviews>
  <new>
   -
  </new>
  <sporty>
   yes
  </sporty>
 </clothing>
 <clothing>
  <id>
   214335929
  </id>
  <name>
   Lacoste Socks W-2816
  </name>
  <category>
   Socks
  </category>
  <size>
   XL
  </size>
  <color>
   Красный
  </color>
  <material>
   Нейлон
  </material>
  <price>
   932876
  </price>
  <rating>
   1.64
  </rating>
  <reviews>
   327210
  </reviews>
  <exclusive>
   yes
  </exclusive>
 </clothing>
 <clothing>
  <id>
   666311671
  </id>
  <name>
   Asics Socks V-4929
  </name>
  <category>
   Socks
  </category>
  <size>
   L
  </size>
  <color>
   Голубой
  </color>
  <material>
   Лен
  </material>
  <price>
   626275
  </price>
  <rating>
   3.97
  </rating>
  <reviews>
   146350
  </reviews>
  <exclusive>
   no
  </exclusive>
 </clothing>
 <clothing>
  <id>
   128313939
  </id>
  <name>
   Addidas T-shirt J-7617
  </name>
  <category>
   T-shirt
  </category>
  <size>
   S
  </size>
  <color>
   Голубой
  </color>
  <material>
   Шерсть
  </material>
  <price>
   391377
  </price>
  <rating>
   1.38
  </rating>
  <reviews>
   239548
  </reviews>
  <new>
   -
  </new>
  <sporty>
   yes
  </sporty>
 </clothing>
 <clothing>
  <id>
   376988735
  </id>
  <name>
   Adidas Shirt I-1808
  </name>
  <category>
   Shirt
  </category>
  <size>
   XXL
  </size>
  <color>
   Синий
  </color>
  <material>
   Нейлон
  </material>
  <price>
   509622
  </price>
  <rating>
   1.19
  </rating>
  <reviews>
   560610
  </reviews>
 </clothing>
 <clothing>
  <id>
   470292994
  </id>
  <name>
   Under Armour Umbrellas J-3954
  </name>
  <category>
   Umbrellas
  </category>
  <size>
   M
  </size>
  <color>
   Зеленый
  </color>
  <material>
   Вискоза
  </material>
  <price>
   509239
  </price>
  <rating>
   4.26
  </rating>
  <reviews>
   114450
  </reviews>
  <sporty>
   no
  </sporty>
 </clothing>
 <clothing>
  <id>
   437832968
  </id>
  <name>
   Adidas Belts U-3707
  </name>
  <category>
   Belts
  </category>
  <size>
   XL
  </size>
  <color>
   Голубой
  </color>
  <material>
   Хлопок
  </material>
  <price>
   525655
  </price>
  <rating>
   4.63
  </rating>
  <reviews>
   611046
  </reviews>
  <exclusive>
   no
  </exclusive>
 </clothing>
 <clothing>
  <id>
   768737319
  </id>
  <name>
   Ellesse Pants J-7944
  </name>
  <category>
   Pants
  </category>
  <size>
   XL
  </size>
  <color>
   Оранжевый
  </color>
  <material>
   Кожа
  </material>
  <price>
   906862
  </price>
  <rating>
   2.24
  </rating>
  <reviews>
   799187
  </reviews>
  <new>
   -
  </new>
  <exclusive>
   no
  </exclusive>
 </clothing>
 <clothing>
  <id>
   544037400
  </id>
  <name>
   Lacoste Pants H-7186
  </name>
  <category>
   Pants
  </category>
  <size>
   XXL
  </size>
  <color>
   Синий
  </color>
  <material>
   Шерсть
  </material>
  <price>
   688507
  </price>
  <rating>
   4.67
  </rating>
  <reviews>
   335102
  </reviews>
  <new>
   +
  </new>
  <sporty>
   no
  </sporty>
 </clothing>
 <clothing>
  <id>
   974182538
  </id>
  <name>
   Adidas Umbrellas H-7439
  </name>
  <category>
   Umbrellas
  </category>
  <size>
   XL
  </size>
  <color>
   Оранжевый
  </color>
  <material>
   Шелк
  </material>
  <price>
   922787
  </price>
  <rating>
   2.31
  </rating>
  <reviews>
   173446
  </reviews>
  <sporty>
   no
  </sporty>
 </clothing>
 <clothing>
  <id>
   194788034
  </id>
  <name>
   Ellesse Blouse Y-9210
  </name>
  <category>
   Blouse
  </category>
  <size>
   XXL
  </size>
  <color>
   Желтый
  </color>
  <material>
   Нейлон
  </material>
  <price>
   469671
  </price>
  <rating>
   3.3
  </rating>
  <reviews>
   711780
  </reviews>
  <new>
   -
  </new>
 </clothing>
 <clothing>
  <id>
   734353781
  </id>
  <name>
   Adidas Pants U-3238
  </name>
  <category>
   Pants
  </category>
  <size>
   XL
  </size>
  <color>
   Оранжевый
  </color>
  <material>
   Кожа
  </material>
  <price>
   451508
  </price>
  <rating>
   3.31
  </rating>
  <reviews>
   416853
  </reviews>
  <new>
   -
  </new>
  <exclusive>
   no
  </exclusive>
  <sporty>
   yes
  </sporty>
 </clothing>
 <clothing>
  <id>
   291214966
  </id>
  <name>
   Ellesse Jacket R-3442
  </name>
  <category>
   Jacket
  </category>
  <size>
   XXL
  </size>
  <color>
   Желтый
  </color>
  <material>
   Кожа
  </material>
  <price>
   124820
  </price>
  <rating>
   3.92
  </rating>
  <reviews>
   319394
  </reviews>
  <exclusive>
   no
  </exclusive>
 </clothing>
 <clothing>
  <id>
   542302658
  </id>
  <name>
   Vans Jacket H-2989
  </name>
  <category>
   Jacket
  </category>
  <size>
   L
  </size>
  <color>
   Синий
  </color>
  <material>
   Нейлон
  </material>
  <price>
   844998
  </price>
  <rating>
   2.75
  </rating>
  <reviews>
   166826
  </reviews>
  <new>
   +
  </new>
  <sporty>
   no
  </sporty>
 </clothing>
 <clothing>
  <id>
   303263332
  </id>
  <name>
   Addidas Handbags K-8351
  </name>
  <category>
   Handbags
  </category>
  <size>
   S
  </size>
  <color>
   Синий
  </color>
  <material>
   Кожа
  </material>
  <price>
   752329
  </price>
  <rating>
   2.75
  </rating>
  <reviews>
   996038
  </reviews>
  <new>
   -
  </new>
  <exclusive>
   yes
  </exclusive>
 </clothing>
</clothing-items>
