<?xml version="1.0" encoding="utf-8"?>
<clothing-items>
 <clothing>
  <id>
   716874991
  </id>
  <name>
   Puma Gloves X-3010
  </name>
  <category>
   Gloves
  </category>
  <size>
   L
  </size>
  <color>
   Оранжевый
  </color>
  <material>
   Вискоза
  </material>
  <price>
   199665
  </price>
  <rating>
   1.56
  </rating>
  <reviews>
   712330
  </reviews>
 </clothing>
 <clothing>
  <id>
   615072067
  </id>
  <name>
   Nike Pants S-9893
  </name>
  <category>
   Pants
  </category>
  <size>
   S
  </size>
  <color>
   Красный
  </color>
  <material>
   Нейлон
  </material>
  <price>
   265028
  </price>
  <rating>
   1.81
  </rating>
  <reviews>
   760440
  </reviews>
  <new>
   +
  </new>
 </clothing>
 <clothing>
  <id>
   535865277
  </id>
  <name>
   PleinSport Sweater Z-9317
  </name>
  <category>
   Sweater
  </category>
  <size>
   M
  </size>
  <color>
   Фиолетовый
  </color>
  <material>
   Лен
  </material>
  <price>
   417716
  </price>
  <rating>
   2.41
  </rating>
  <reviews>
   392161
  </reviews>
  <exclusive>
   yes
  </exclusive>
 </clothing>
 <clothing>
  <id>
   824132175
  </id>
  <name>
   Converse Belts N-5766
  </name>
  <category>
   Belts
  </category>
  <size>
   S
  </size>
  <color>
   Голубой
  </color>
  <material>
   Шелк
  </material>
  <price>
   951197
  </price>
  <rating>
   3.13
  </rating>
  <reviews>
   886469
  </reviews>
  <new>
   -
  </new>
  <exclusive>
   yes
  </exclusive>
  <sporty>
   yes
  </sporty>
 </clothing>
 <clothing>
  <id>
   657846293
  </id>
  <name>
   Under Armour Gloves T-5355
  </name>
  <category>
   Gloves
  </category>
  <size>
   XL
  </size>
  <color>
   Фиолетовый
  </color>
  <material>
   Шерсть
  </material>
  <price>
   748226
  </price>
  <rating>
   2.44
  </rating>
  <reviews>
   2183
  </reviews>
  <sporty>
   no
  </sporty>
 </clothing>
 <clothing>
  <id>
   104704675
  </id>
  <name>
   Ellesse Socks O-4118
  </name>
  <category>
   Socks
  </category>
  <size>
   S
  </size>
  <color>
   Голубой
  </color>
  <material>
   Шерсть
  </material>
  <price>
   439273
  </price>
  <rating>
   2.12
  </rating>
  <reviews>
   587838
  </reviews>
  <exclusive>
   yes
  </exclusive>
  <sporty>
   no
  </sporty>
 </clothing>
 <clothing>
  <id>
   592898848
  </id>
  <name>
   Nike Jeans R-1175
  </name>
  <category>
   Jeans
  </category>
  <size>
   S
  </size>
  <color>
   Оранжевый
  </color>
  <material>
   Нейлон
  </material>
  <price>
   601624
  </price>
  <rating>
   4.61
  </rating>
  <reviews>
   356869
  </reviews>
  <sporty>
   no
  </sporty>
 </clothing>
 <clothing>
  <id>
   484098295
  </id>
  <name>
   Converse Belts U-9534
  </name>
  <category>
   Belts
  </category>
  <size>
   XXL
  </size>
  <color>
   Синий
  </color>
  <material>
   Полиэстер
  </material>
  <price>
   426026
  </price>
  <rating>
   1.96
  </rating>
  <reviews>
   121402
  </reviews>
 </clothing>
 <clothing>
  <id>
   113599672
  </id>
  <name>
   Under Armour Hat W-3790
  </name>
  <category>
   Hat
  </category>
  <size>
   XL
  </size>
  <color>
   Синий
  </color>
  <material>
   Шерсть
  </material>
  <price>
   934197
  </price>
  <rating>
   4.77
  </rating>
  <reviews>
   356887
  </reviews>
  <new>
   -
  </new>
  <exclusive>
   no
  </exclusive>
  <sporty>
   yes
  </sporty>
 </clothing>
 <clothing>
  <id>
   613656958
  </id>
  <name>
   DC Shoes L-9574
  </name>
  <category>
   Shoes
  </category>
  <size>
   XL
  </size>
  <color>
   Оранжевый
  </color>
  <material>
   Нейлон
  </material>
  <price>
   386326
  </price>
  <rating>
   3.17
  </rating>
  <reviews>
   764505
  </reviews>
  <new>
   -
  </new>
  <exclusive>
   no
  </exclusive>
 </clothing>
 <clothing>
  <id>
   178452289
  </id>
  <name>
   Ellesse Gloves E-5577
  </name>
  <category>
   Gloves
  </category>
  <size>
   XL
  </size>
  <color>
   Голубой
  </color>
  <material>
   Нейлон
  </material>
  <price>
   823410
  </price>
  <rating>
   4.24
  </rating>
  <reviews>
   79360
  </reviews>
  <new>
   -
  </new>
  <exclusive>
   yes
  </exclusive>
 </clothing>
 <clothing>
  <id>
   646186880
  </id>
  <name>
   Adidas Hat C-7614
  </name>
  <category>
   Hat
  </category>
  <size>
   XL
  </size>
  <color>
   Зеленый
  </color>
  <material>
   Нейлон
  </material>
  <price>
   532437
  </price>
  <rating>
   4.11
  </rating>
  <reviews>
   894521
  </reviews>
  <sporty>
   yes
  </sporty>
 </clothing>
 <clothing>
  <id>
   522014548
  </id>
  <name>
   DC Umbrellas G-5321
  </name>
  <category>
   Umbrellas
  </category>
  <size>
   XXL
  </size>
  <color>
   Синий
  </color>
  <material>
   Нейлон
  </material>
  <price>
   708721
  </price>
  <rating>
   3.86
  </rating>
  <reviews>
   374873
  </reviews>
  <new>
   +
  </new>
  <exclusive>
   no
  </exclusive>
  <sporty>
   yes
  </sporty>
 </clothing>
 <clothing>
  <id>
   450193412
  </id>
  <name>
   Under Armour Socks J-1380
  </name>
  <category>
   Socks
  </category>
  <size>
   M
  </size>
  <color>
   Синий
  </color>
  <material>
   Шерсть
  </material>
  <price>
   951336
  </price>
  <rating>
   1.71
  </rating>
  <reviews>
   421469
  </reviews>
  <exclusive>
   yes
  </exclusive>
  <sporty>
   no
  </sporty>
 </clothing>
 <clothing>
  <id>
   198200579
  </id>
  <name>
   Reebok Hat Y-3536
  </name>
  <category>
   Hat
  </category>
  <size>
   XXL
  </size>
  <color>
   Красный
  </color>
  <material>
   Лен
  </material>
  <price>
   912361
  </price>
  <rating>
   4.08
  </rating>
  <reviews>
   649146
  </reviews>
  <new>
   -
  </new>
 </clothing>
 <clothing>
  <id>
   745545023
  </id>
  <name>
   Reebok T-shirt V-4394
  </name>
  <category>
   T-shirt
  </category>
  <size>
   M
  </size>
  <color>
   Голубой
  </color>
  <material>
   Хлопок
  </material>
  <price>
   572797
  </price>
  <rating>
   2.7
  </rating>
  <reviews>
   952529
  </reviews>
  <new>
   -
  </new>
  <exclusive>
   yes
  </exclusive>
 </clothing>
 <clothing>
  <id>
   135256984
  </id>
  <name>
   Ellesse Belts I-8474
  </name>
  <category>
   Belts
  </category>
  <size>
   XL
  </size>
  <color>
   Фиолетовый
  </color>
  <material>
   Хлопок
  </material>
  <price>
   453507
  </price>
  <rating>
   3.65
  </rating>
  <reviews>
   861496
  </reviews>
  <new>
   +
  </new>
  <exclusive>
   no
  </exclusive>
 </clothing>
 <clothing>
  <id>
   328715008
  </id>
  <name>
   Nike T-shirt Q-7667
  </name>
  <category>
   T-shirt
  </category>
  <size>
   XXL
  </size>
  <color>
   Зеленый
  </color>
  <material>
   Шерсть
  </material>
  <price>
   931000
  </price>
  <rating>
   1.11
  </rating>
  <reviews>
   655959
  </reviews>
  <exclusive>
   yes
  </exclusive>
  <sporty>
   no
  </sporty>
 </clothing>
 <clothing>
  <id>
   756940420
  </id>
  <name>
   Reebok Skirt S-5633
  </name>
  <category>
   Skirt
  </category>
  <size>
   XL
  </size>
  <color>
   Голубой
  </color>
  <material>
   Шерсть
  </material>
  <price>
   177901
  </price>
  <rating>
   2.52
  </rating>
  <reviews>
   501971
  </reviews>
  <sporty>
   yes
  </sporty>
 </clothing>
 <clothing>
  <id>
   208517607
  </id>
  <name>
   Ellesse Pants L-8234
  </name>
  <category>
   Pants
  </category>
  <size>
   M
  </size>
  <color>
   Зеленый
  </color>
  <material>
   Нейлон
  </material>
  <price>
   651601
  </price>
  <rating>
   1.16
  </rating>
  <reviews>
   273207
  </reviews>
  <new>
   -
  </new>
  <exclusive>
   yes
  </exclusive>
  <sporty>
   yes
  </sporty>
 </clothing>
 <clothing>
  <id>
   299784300
  </id>
  <name>
   Fila Belts O-8539
  </name>
  <category>
   Belts
  </category>
  <size>
   M
  </size>
  <color>
   Фиолетовый
  </color>
  <material>
   Шелк
  </material>
  <price>
   760615
  </price>
  <rating>
   4.85
  </rating>
  <reviews>
   871222
  </reviews>
  <new>
   -
  </new>
  <exclusive>
   yes
  </exclusive>
 </clothing>
 <clothing>
  <id>
   647696398
  </id>
  <name>
   Converse Jacket E-7104
  </name>
  <category>
   Jacket
  </category>
  <size>
   XXL
  </size>
  <color>
   Синий
  </color>
  <material>
   Полиэстер
  </material>
  <price>
   317754
  </price>
  <rating>
   4.11
  </rating>
  <reviews>
   30702
  </reviews>
  <exclusive>
   no
  </exclusive>
  <sporty>
   yes
  </sporty>
 </clothing>
 <clothing>
  <id>
   126360812
  </id>
  <name>
   New Balance T-shirt W-1656
  </name>
  <category>
   T-shirt
  </category>
  <size>
   L
  </size>
  <color>
   Желтый
  </color>
  <material>
   Лен
  </material>
  <price>
   762076
  </price>
  <rating>
   3.73
  </rating>
  <reviews>
   134789
  </reviews>
 </clothing>
 <clothing>
  <id>
   475732008
  </id>
  <name>
   Addidas Shirt L-1208
  </name>
  <category>
   Shirt
  </category>
  <size>
   XL
  </size>
  <color>
   Голубой
  </color>
  <material>
   Лен
  </material>
  <price>
   617444
  </price>
  <rating>
   4.87
  </rating>
  <reviews>
   555351
  </reviews>
  <new>
   -
  </new>
  <sporty>
   yes
  </sporty>
 </clothing>
 <clothing>
  <id>
   528513282
  </id>
  <name>
   Addidas Socks Y-5368
  </name>
  <category>
   Socks
  </category>
  <size>
   M
  </size>
  <color>
   Желтый
  </color>
  <material>
   Шерсть
  </material>
  <price>
   811998
  </price>
  <rating>
   3.76
  </rating>
  <reviews>
   332932
  </reviews>
  <new>
   -
  </new>
  <exclusive>
   no
  </exclusive>
 </clothing>
 <clothing>
  <id>
   412000008
  </id>
  <name>
   Under Armour Shoes B-4016
  </name>
  <category>
   Shoes
  </category>
  <size>
   L
  </size>
  <color>
   Красный
  </color>
  <material>
   Шерсть
  </material>
  <price>
   119422
  </price>
  <rating>
   1.81
  </rating>
  <reviews>
   925558
  </reviews>
 </clothing>
 <clothing>
  <id>
   807233756
  </id>
  <name>
   Asics Pants V-8988
  </name>
  <category>
   Pants
  </category>
  <size>
   S
  </size>
  <color>
   Фиолетовый
  </color>
  <material>
   Нейлон
  </material>
  <price>
   145270
  </price>
  <rating>
   4.22
  </rating>
  <reviews>
   59717
  </reviews>
  <exclusive>
   yes
  </exclusive>
  <sporty>
   yes
  </sporty>
 </clothing>
 <clothing>
  <id>
   957403898
  </id>
  <name>
   PleinSport Socks A-2747
  </name>
  <category>
   Socks
  </category>
  <size>
   M
  </size>
  <color>
   Желтый
  </color>
  <material>
   Нейлон
  </material>
  <price>
   159553
  </price>
  <rating>
   4.26
  </rating>
  <reviews>
   399823
  </reviews>
  <new>
   +
  </new>
 </clothing>
 <clothing>
  <id>
   184571003
  </id>
  <name>
   Ellesse Handbags E-7529
  </name>
  <category>
   Handbags
  </category>
  <size>
   M
  </size>
  <color>
   Фиолетовый
  </color>
  <material>
   Вискоза
  </material>
  <price>
   277640
  </price>
  <rating>
   1.48
  </rating>
  <reviews>
   913026
  </reviews>
  <new>
   -
  </new>
  <exclusive>
   yes
  </exclusive>
  <sporty>
   no
  </sporty>
 </clothing>
 <clothing>
  <id>
   641399633
  </id>
  <name>
   Asics Handbags Q-7619
  </name>
  <category>
   Handbags
  </category>
  <size>
   XXL
  </size>
  <color>
   Зеленый
  </color>
  <material>
   Полиэстер
  </material>
  <price>
   762162
  </price>
  <rating>
   2.75
  </rating>
  <reviews>
   946644
  </reviews>
  <new>
   +
  </new>
  <exclusive>
   no
  </exclusive>
  <sporty>
   no
  </sporty>
 </clothing>
 <clothing>
  <id>
   560344816
  </id>
  <name>
   Fila Skirt N-5908
  </name>
  <category>
   Skirt
  </category>
  <size>
   S
  </size>
  <color>
   Синий
  </color>
  <material>
   Кожа
  </material>
  <price>
   888955
  </price>
  <rating>
   2.28
  </rating>
  <reviews>
   345856
  </reviews>
  <new>
   -
  </new>
  <sporty>
   no
  </sporty>
 </clothing>
 <clothing>
  <id>
   348152578
  </id>
  <name>
   Asics Umbrellas W-4862
  </name>
  <category>
   Umbrellas
  </category>
  <size>
   M
  </size>
  <color>
   Фиолетовый
  </color>
  <material>
   Полиэстер
  </material>
  <price>
   431254
  </price>
  <rating>
   1.26
  </rating>
  <reviews>
   849633
  </reviews>
  <sporty>
   no
  </sporty>
 </clothing>
 <clothing>
  <id>
   322608100
  </id>
  <name>
   Fila Shirt W-6429
  </name>
  <category>
   Shirt
  </category>
  <size>
   XXL
  </size>
  <color>
   Зеленый
  </color>
  <material>
   Вискоза
  </material>
  <price>
   470204
  </price>
  <rating>
   3.67
  </rating>
  <reviews>
   47532
  </reviews>
  <new>
   -
  </new>
  <exclusive>
   yes
  </exclusive>
 </clothing>
 <clothing>
  <id>
   851384068
  </id>
  <name>
   DC Blouse J-1155
  </name>
  <category>
   Blouse
  </category>
  <size>
   XL
  </size>
  <color>
   Фиолетовый
  </color>
  <material>
   Полиэстер
  </material>
  <price>
   656030
  </price>
  <rating>
   4.78
  </rating>
  <reviews>
   821657
  </reviews>
  <new>
   -
  </new>
 </clothing>
 <clothing>
  <id>
   501896508
  </id>
  <name>
   Asics Socks Q-7680
  </name>
  <category>
   Socks
  </category>
  <size>
   S
  </size>
  <color>
   Желтый
  </color>
  <material>
   Полиэстер
  </material>
  <price>
   707526
  </price>
  <rating>
   4.63
  </rating>
  <reviews>
   569623
  </reviews>
 </clothing>
 <clothing>
  <id>
   263523806
  </id>
  <name>
   PleinSport Hat V-8679
  </name>
  <category>
   Hat
  </category>
  <size>
   XL
  </size>
  <color>
   Желтый
  </color>
  <material>
   Хлопок
  </material>
  <price>
   106373
  </price>
  <rating>
   3.09
  </rating>
  <reviews>
   433254
  </reviews>
  <new>
   +
  </new>
 </clothing>
 <clothing>
  <id>
   575913472
  </id>
  <name>
   DC Pants A-3566
  </name>
  <category>
   Pants
  </category>
  <size>
   L
  </size>
  <color>
   Синий
  </color>
  <material>
   Вискоза
  </material>
  <price>
   149966
  </price>
  <rating>
   3.47
  </rating>
  <reviews>
   61061
  </reviews>
  <new>
   -
  </new>
  <exclusive>
   no
  </exclusive>
  <sporty>
   yes
  </sporty>
 </clothing>
 <clothing>
  <id>
   826596932
  </id>
  <name>
   Asics Skirt N-9573
  </name>
  <category>
   Skirt
  </category>
  <size>
   L
  </size>
  <color>
   Фиолетовый
  </color>
  <material>
   Полиэстер
  </material>
  <price>
   399436
  </price>
  <rating>
   4.14
  </rating>
  <reviews>
   271867
  </reviews>
  <new>
   -
  </new>
 </clothing>
 <clothing>
  <id>
   123876352
  </id>
  <name>
   Vans Belts M-5099
  </name>
  <category>
   Belts
  </category>
  <size>
   S
  </size>
  <color>
   Желтый
  </color>
  <material>
   Полиэстер
  </material>
  <price>
   975292
  </price>
  <rating>
   4.33
  </rating>
  <reviews>
   242503
  </reviews>
  <new>
   +
  </new>
  <exclusive>
   yes
  </exclusive>
 </clothing>
 <clothing>
  <id>
   917802367
  </id>
  <name>
   Fila Socks V-2082
  </name>
  <category>
   Socks
  </category>
  <size>
   XL
  </size>
  <color>
   Оранжевый
  </color>
  <material>
   Полиэстер
  </material>
  <price>
   622804
  </price>
  <rating>
   1.42
  </rating>
  <reviews>
   393062
  </reviews>
  <new>
   -
  </new>
 </clothing>
 <clothing>
  <id>
   129568201
  </id>
  <name>
   Converse Jacket X-3738
  </name>
  <category>
   Jacket
  </category>
  <size>
   M
  </size>
  <color>
   Фиолетовый
  </color>
  <material>
   Лен
  </material>
  <price>
   563523
  </price>
  <rating>
   3.2
  </rating>
  <reviews>
   427567
  </reviews>
  <new>
   +
  </new>
  <sporty>
   no
  </sporty>
 </clothing>
 <clothing>
  <id>
   817157197
  </id>
  <name>
   DC Skirt Y-6603
  </name>
  <category>
   Skirt
  </category>
  <size>
   XXL
  </size>
  <color>
   Оранжевый
  </color>
  <material>
   Вискоза
  </material>
  <price>
   382267
  </price>
  <rating>
   1.95
  </rating>
  <reviews>
   149328
  </reviews>
  <exclusive>
   no
  </exclusive>
 </clothing>
 <clothing>
  <id>
   905262606
  </id>
  <name>
   Ellesse Sweater X-5473
  </name>
  <category>
   Sweater
  </category>
  <size>
   S
  </size>
  <color>
   Зеленый
  </color>
  <material>
   Шелк
  </material>
  <price>
   358041
  </price>
  <rating>
   1.48
  </rating>
  <reviews>
   595754
  </reviews>
  <new>
   +
  </new>
  <exclusive>
   yes
  </exclusive>
  <sporty>
   yes
  </sporty>
 </clothing>
 <clothing>
  <id>
   754069441
  </id>
  <name>
   Addidas Jacket V-3992
  </name>
  <category>
   Jacket
  </category>
  <size>
   M
  </size>
  <color>
   Оранжевый
  </color>
  <material>
   Шелк
  </material>
  <price>
   222222
  </price>
  <rating>
   2.55
  </rating>
  <reviews>
   798719
  </reviews>
  <sporty>
   yes
  </sporty>
 </clothing>
 <clothing>
  <id>
   416534937
  </id>
  <name>
   Addidas Jeans G-5544
  </name>
  <category>
   Jeans
  </category>
  <size>
   XL
  </size>
  <color>
   Фиолетовый
  </color>
  <material>
   Нейлон
  </material>
  <price>
   811795
  </price>
  <rating>
   3.27
  </rating>
  <reviews>
   989554
  </reviews>
  <new>
   +
  </new>
 </clothing>
 <clothing>
  <id>
   448419538
  </id>
  <name>
   DC Dress T-9388
  </name>
  <category>
   Dress
  </category>
  <size>
   XXL
  </size>
  <color>
   Желтый
  </color>
  <material>
   Шерсть
  </material>
  <price>
   562179
  </price>
  <rating>
   1.98
  </rating>
  <reviews>
   576738
  </reviews>
  <new>
   +
  </new>
  <exclusive>
   yes
  </exclusive>
 </clothing>
</clothing-items>
