<?xml version="1.0" encoding="utf-8"?>
<clothing-items>
 <clothing>
  <id>
   349614187
  </id>
  <name>
   Reebok Pants P-3078
  </name>
  <category>
   Pants
  </category>
  <size>
   L
  </size>
  <color>
   Фиолетовый
  </color>
  <material>
   Шелк
  </material>
  <price>
   788224
  </price>
  <rating>
   2.8
  </rating>
  <reviews>
   264941
  </reviews>
  <exclusive>
   no
  </exclusive>
 </clothing>
 <clothing>
  <id>
   226172648
  </id>
  <name>
   Reebok Gloves S-8161
  </name>
  <category>
   Gloves
  </category>
  <size>
   XXL
  </size>
  <color>
   Красный
  </color>
  <material>
   Вискоза
  </material>
  <price>
   256664
  </price>
  <rating>
   4.95
  </rating>
  <reviews>
   741653
  </reviews>
  <exclusive>
   no
  </exclusive>
 </clothing>
 <clothing>
  <id>
   823139052
  </id>
  <name>
   Nike T-shirt U-2008
  </name>
  <category>
   T-shirt
  </category>
  <size>
   L
  </size>
  <color>
   Голубой
  </color>
  <material>
   Кожа
  </material>
  <price>
   171175
  </price>
  <rating>
   2.4
  </rating>
  <reviews>
   854147
  </reviews>
 </clothing>
 <clothing>
  <id>
   789229032
  </id>
  <name>
   Under Armour Belts E-2493
  </name>
  <category>
   Belts
  </category>
  <size>
   S
  </size>
  <color>
   Оранжевый
  </color>
  <material>
   Шерсть
  </material>
  <price>
   504877
  </price>
  <rating>
   2.77
  </rating>
  <reviews>
   533456
  </reviews>
  <new>
   -
  </new>
  <exclusive>
   yes
  </exclusive>
  <sporty>
   yes
  </sporty>
 </clothing>
 <clothing>
  <id>
   753939630
  </id>
  <name>
   Addidas Jacket O-7663
  </name>
  <category>
   Jacket
  </category>
  <size>
   M
  </size>
  <color>
   Фиолетовый
  </color>
  <material>
   Нейлон
  </material>
  <price>
   169735
  </price>
  <rating>
   2.78
  </rating>
  <reviews>
   350984
  </reviews>
  <new>
   -
  </new>
  <sporty>
   no
  </sporty>
 </clothing>
 <clothing>
  <id>
   905761513
  </id>
  <name>
   Asics Pants D-3413
  </name>
  <category>
   Pants
  </category>
  <size>
   XL
  </size>
  <color>
   Зеленый
  </color>
  <material>
   Шелк
  </material>
  <price>
   297992
  </price>
  <rating>
   1.62
  </rating>
  <reviews>
   920793
  </reviews>
  <new>
   -
  </new>
  <exclusive>
   yes
  </exclusive>
 </clothing>
 <clothing>
  <id>
   449412081
  </id>
  <name>
   Fila Sweater L-8550
  </name>
  <category>
   Sweater
  </category>
  <size>
   M
  </size>
  <color>
   Оранжевый
  </color>
  <material>
   Полиэстер
  </material>
  <price>
   123103
  </price>
  <rating>
   3.17
  </rating>
  <reviews>
   415039
  </reviews>
  <new>
   +
  </new>
  <exclusive>
   no
  </exclusive>
 </clothing>
 <clothing>
  <id>
   259530224
  </id>
  <name>
   PleinSport Socks N-4068
  </name>
  <category>
   Socks
  </category>
  <size>
   S
  </size>
  <color>
   Синий
  </color>
  <material>
   Полиэстер
  </material>
  <price>
   960609
  </price>
  <rating>
   1.7
  </rating>
  <reviews>
   952971
  </reviews>
  <new>
   -
  </new>
 </clothing>
 <clothing>
  <id>
   341515246
  </id>
  <name>
   Fila Socks O-2521
  </name>
  <category>
   Socks
  </category>
  <size>
   L
  </size>
  <color>
   Фиолетовый
  </color>
  <material>
   Шерсть
  </material>
  <price>
   408916
  </price>
  <rating>
   3.63
  </rating>
  <reviews>
   204287
  </reviews>
 </clothing>
 <clothing>
  <id>
   623047682
  </id>
  <name>
   Nike Belts I-1176
  </name>
  <category>
   Belts
  </category>
  <size>
   S
  </size>
  <color>
   Оранжевый
  </color>
  <material>
   Шерсть
  </material>
  <price>
   761132
  </price>
  <rating>
   4.14
  </rating>
  <reviews>
   988315
  </reviews>
  <sporty>
   no
  </sporty>
 </clothing>
 <clothing>
  <id>
   603386588
  </id>
  <name>
   Asics T-shirt Q-5561
  </name>
  <category>
   T-shirt
  </category>
  <size>
   M
  </size>
  <color>
   Оранжевый
  </color>
  <material>
   Вискоза
  </material>
  <price>
   548301
  </price>
  <rating>
   1.46
  </rating>
  <reviews>
   538380
  </reviews>
  <new>
   +
  </new>
  <sporty>
   yes
  </sporty>
 </clothing>
 <clothing>
  <id>
   961866685
  </id>
  <name>
   Lacoste Handbags M-4577
  </name>
  <category>
   Handbags
  </category>
  <size>
   L
  </size>
  <color>
   Оранжевый
  </color>
  <material>
   Нейлон
  </material>
  <price>
   939229
  </price>
  <rating>
   2.78
  </rating>
  <reviews>
   962143
  </reviews>
  <exclusive>
   yes
  </exclusive>
  <sporty>
   no
  </sporty>
 </clothing>
 <clothing>
  <id>
   249082530
  </id>
  <name>
   Fila Skirt B-9812
  </name>
  <category>
   Skirt
  </category>
  <size>
   S
  </size>
  <color>
   Желтый
  </color>
  <material>
   Шерсть
  </material>
  <price>
   841294
  </price>
  <rating>
   2.64
  </rating>
  <reviews>
   877404
  </reviews>
  <exclusive>
   no
  </exclusive>
  <sporty>
   no
  </sporty>
 </clothing>
 <clothing>
  <id>
   532547129
  </id>
  <name>
   Reebok Jeans E-6143
  </name>
  <category>
   Jeans
  </category>
  <size>
   M
  </size>
  <color>
   Синий
  </color>
  <material>
   Шелк
  </material>
  <price>
   789750
  </price>
  <rating>
   1.47
  </rating>
  <reviews>
   557551
  </reviews>
 </clothing>
 <clothing>
  <id>
   857963133
  </id>
  <name>
   Fila Jeans B-1071
  </name>
  <category>
   Jeans
  </category>
  <size>
   XL
  </size>
  <color>
   Голубой
  </color>
  <material>
   Шелк
  </material>
  <price>
   768870
  </price>
  <rating>
   2.02
  </rating>
  <reviews>
   628044
  </reviews>
  <exclusive>
   no
  </exclusive>
 </clothing>
 <clothing>
  <id>
   774541133
  </id>
  <name>
   Ellesse Shoes J-2685
  </name>
  <category>
   Shoes
  </category>
  <size>
   M
  </size>
  <color>
   Голубой
  </color>
  <material>
   Кожа
  </material>
  <price>
   114681
  </price>
  <rating>
   1.57
  </rating>
  <reviews>
   455797
  </reviews>
  <new>
   -
  </new>
  <sporty>
   yes
  </sporty>
 </clothing>
 <clothing>
  <id>
   342797111
  </id>
  <name>
   Fila Jacket K-4324
  </name>
  <category>
   Jacket
  </category>
  <size>
   M
  </size>
  <color>
   Желтый
  </color>
  <material>
   Хлопок
  </material>
  <price>
   575560
  </price>
  <rating>
   2.51
  </rating>
  <reviews>
   662800
  </reviews>
  <new>
   -
  </new>
  <exclusive>
   no
  </exclusive>
  <sporty>
   yes
  </sporty>
 </clothing>
 <clothing>
  <id>
   548789197
  </id>
  <name>
   Lacoste Gloves Z-3876
  </name>
  <category>
   Gloves
  </category>
  <size>
   L
  </size>
  <color>
   Синий
  </color>
  <material>
   Нейлон
  </material>
  <price>
   864462
  </price>
  <rating>
   3.34
  </rating>
  <reviews>
   508050
  </reviews>
  <exclusive>
   no
  </exclusive>
  <sporty>
   no
  </sporty>
 </clothing>
 <clothing>
  <id>
   140128967
  </id>
  <name>
   Fila Handbags D-3512
  </name>
  <category>
   Handbags
  </category>
  <size>
   L
  </size>
  <color>
   Красный
  </color>
  <material>
   Хлопок
  </material>
  <price>
   913896
  </price>
  <rating>
   3.28
  </rating>
  <reviews>
   244979
  </reviews>
  <new>
   +
  </new>
  <exclusive>
   no
  </exclusive>
 </clothing>
 <clothing>
  <id>
   933606906
  </id>
  <name>
   Adidas Pants D-7582
  </name>
  <category>
   Pants
  </category>
  <size>
   L
  </size>
  <color>
   Оранжевый
  </color>
  <material>
   Нейлон
  </material>
  <price>
   300591
  </price>
  <rating>
   2.68
  </rating>
  <reviews>
   51249
  </reviews>
  <sporty>
   yes
  </sporty>
 </clothing>
 <clothing>
  <id>
   125908544
  </id>
  <name>
   Puma Jacket T-4868
  </name>
  <category>
   Jacket
  </category>
  <size>
   XXL
  </size>
  <color>
   Голубой
  </color>
  <material>
   Шелк
  </material>
  <price>
   299592
  </price>
  <rating>
   1.83
  </rating>
  <reviews>
   833859
  </reviews>
  <new>
   +
  </new>
  <exclusive>
   no
  </exclusive>
 </clothing>
 <clothing>
  <id>
   651206058
  </id>
  <name>
   Vans Blouse H-7208
  </name>
  <category>
   Blouse
  </category>
  <size>
   L
  </size>
  <color>
   Красный
  </color>
  <material>
   Нейлон
  </material>
  <price>
   430928
  </price>
  <rating>
   3.39
  </rating>
  <reviews>
   78645
  </reviews>
 </clothing>
 <clothing>
  <id>
   160780548
  </id>
  <name>
   Ellesse Jacket H-4709
  </name>
  <category>
   Jacket
  </category>
  <size>
   XXL
  </size>
  <color>
   Красный
  </color>
  <material>
   Кожа
  </material>
  <price>
   433781
  </price>
  <rating>
   4.52
  </rating>
  <reviews>
   851263
  </reviews>
 </clothing>
 <clothing>
  <id>
   121253208
  </id>
  <name>
   DC Belts L-1212
  </name>
  <category>
   Belts
  </category>
  <size>
   XL
  </size>
  <color>
   Красный
  </color>
  <material>
   Кожа
  </material>
  <price>
   629610
  </price>
  <rating>
   4.74
  </rating>
  <reviews>
   374975
  </reviews>
  <new>
   -
  </new>
  <sporty>
   yes
  </sporty>
 </clothing>
 <clothing>
  <id>
   852918416
  </id>
  <name>
   Nike Jacket Z-9079
  </name>
  <category>
   Jacket
  </category>
  <size>
   XL
  </size>
  <color>
   Голубой
  </color>
  <material>
   Шерсть
  </material>
  <price>
   261669
  </price>
  <rating>
   2.62
  </rating>
  <reviews>
   784063
  </reviews>
  <exclusive>
   no
  </exclusive>
  <sporty>
   yes
  </sporty>
 </clothing>
 <clothing>
  <id>
   735762948
  </id>
  <name>
   Vans Umbrellas P-5957
  </name>
  <category>
   Umbrellas
  </category>
  <size>
   XXL
  </size>
  <color>
   Голубой
  </color>
  <material>
   Шелк
  </material>
  <price>
   716405
  </price>
  <rating>
   3.75
  </rating>
  <reviews>
   32847
  </reviews>
  <new>
   +
  </new>
  <exclusive>
   yes
  </exclusive>
  <sporty>
   no
  </sporty>
 </clothing>
 <clothing>
  <id>
   639166680
  </id>
  <name>
   PleinSport Socks A-8801
  </name>
  <category>
   Socks
  </category>
  <size>
   M
  </size>
  <color>
   Зеленый
  </color>
  <material>
   Кожа
  </material>
  <price>
   605134
  </price>
  <rating>
   4.15
  </rating>
  <reviews>
   428448
  </reviews>
  <new>
   -
  </new>
  <exclusive>
   no
  </exclusive>
  <sporty>
   yes
  </sporty>
 </clothing>
 <clothing>
  <id>
   392848380
  </id>
  <name>
   Under Armour Shirt Y-9426
  </name>
  <category>
   Shirt
  </category>
  <size>
   L
  </size>
  <color>
   Оранжевый
  </color>
  <material>
   Полиэстер
  </material>
  <price>
   668233
  </price>
  <rating>
   3.85
  </rating>
  <reviews>
   790505
  </reviews>
  <new>
   +
  </new>
  <exclusive>
   no
  </exclusive>
  <sporty>
   yes
  </sporty>
 </clothing>
 <clothing>
  <id>
   529663965
  </id>
  <name>
   Adidas Gloves I-3466
  </name>
  <category>
   Gloves
  </category>
  <size>
   XXL
  </size>
  <color>
   Фиолетовый
  </color>
  <material>
   Полиэстер
  </material>
  <price>
   901717
  </price>
  <rating>
   2.07
  </rating>
  <reviews>
   766864
  </reviews>
  <exclusive>
   yes
  </exclusive>
  <sporty>
   no
  </sporty>
 </clothing>
 <clothing>
  <id>
   800244497
  </id>
  <name>
   Addidas Dress H-5815
  </name>
  <category>
   Dress
  </category>
  <size>
   XL
  </size>
  <color>
   Красный
  </color>
  <material>
   Хлопок
  </material>
  <price>
   171242
  </price>
  <rating>
   1.32
  </rating>
  <reviews>
   462062
  </reviews>
  <new>
   +
  </new>
  <exclusive>
   no
  </exclusive>
  <sporty>
   no
  </sporty>
 </clothing>
 <clothing>
  <id>
   810290030
  </id>
  <name>
   Asics Sweater A-7295
  </name>
  <category>
   Sweater
  </category>
  <size>
   XXL
  </size>
  <color>
   Фиолетовый
  </color>
  <material>
   Шерсть
  </material>
  <price>
   631370
  </price>
  <rating>
   4.13
  </rating>
  <reviews>
   690373
  </reviews>
  <sporty>
   yes
  </sporty>
 </clothing>
 <clothing>
  <id>
   707339200
  </id>
  <name>
   Nike T-shirt F-3199
  </name>
  <category>
   T-shirt
  </category>
  <size>
   M
  </size>
  <color>
   Голубой
  </color>
  <material>
   Лен
  </material>
  <price>
   906735
  </price>
  <rating>
   3.12
  </rating>
  <reviews>
   524047
  </reviews>
  <new>
   +
  </new>
 </clothing>
</clothing-items>
