<?xml version="1.0" encoding="utf-8"?>
<clothing-items>
 <clothing>
  <id>
   603005721
  </id>
  <name>
   Asics Gloves T-1412
  </name>
  <category>
   Gloves
  </category>
  <size>
   L
  </size>
  <color>
   Зеленый
  </color>
  <material>
   Лен
  </material>
  <price>
   284444
  </price>
  <rating>
   3.55
  </rating>
  <reviews>
   500592
  </reviews>
  <new>
   +
  </new>
  <sporty>
   yes
  </sporty>
 </clothing>
 <clothing>
  <id>
   552191173
  </id>
  <name>
   Adidas Blouse W-5549
  </name>
  <category>
   Blouse
  </category>
  <size>
   XL
  </size>
  <color>
   Фиолетовый
  </color>
  <material>
   Шерсть
  </material>
  <price>
   604209
  </price>
  <rating>
   3.96
  </rating>
  <reviews>
   504939
  </reviews>
  <new>
   -
  </new>
  <exclusive>
   no
  </exclusive>
  <sporty>
   yes
  </sporty>
 </clothing>
 <clothing>
  <id>
   267451491
  </id>
  <name>
   Lacoste T-shirt B-5841
  </name>
  <category>
   T-shirt
  </category>
  <size>
   L
  </size>
  <color>
   Фиолетовый
  </color>
  <material>
   Хлопок
  </material>
  <price>
   474111
  </price>
  <rating>
   2.61
  </rating>
  <reviews>
   163649
  </reviews>
  <new>
   -
  </new>
  <exclusive>
   no
  </exclusive>
 </clothing>
 <clothing>
  <id>
   892437762
  </id>
  <name>
   PleinSport Umbrellas N-3420
  </name>
  <category>
   Umbrellas
  </category>
  <size>
   M
  </size>
  <color>
   Оранжевый
  </color>
  <material>
   Нейлон
  </material>
  <price>
   348130
  </price>
  <rating>
   1.15
  </rating>
  <reviews>
   368590
  </reviews>
  <new>
   -
  </new>
  <exclusive>
   yes
  </exclusive>
  <sporty>
   yes
  </sporty>
 </clothing>
 <clothing>
  <id>
   940391787
  </id>
  <name>
   Lacoste Shirt I-7415
  </name>
  <category>
   Shirt
  </category>
  <size>
   XXL
  </size>
  <color>
   Фиолетовый
  </color>
  <material>
   Кожа
  </material>
  <price>
   525508
  </price>
  <rating>
   1.6
  </rating>
  <reviews>
   702260
  </reviews>
  <exclusive>
   yes
  </exclusive>
 </clothing>
 <clothing>
  <id>
   350662212
  </id>
  <name>
   Ellesse Socks L-8990
  </name>
  <category>
   Socks
  </category>
  <size>
   XL
  </size>
  <color>
   Голубой
  </color>
  <material>
   Шерсть
  </material>
  <price>
   390375
  </price>
  <rating>
   1.97
  </rating>
  <reviews>
   733165
  </reviews>
  <sporty>
   no
  </sporty>
 </clothing>
 <clothing>
  <id>
   494531644
  </id>
  <name>
   Brooks Dress A-2915
  </name>
  <category>
   Dress
  </category>
  <size>
   XL
  </size>
  <color>
   Синий
  </color>
  <material>
   Шелк
  </material>
  <price>
   222499
  </price>
  <rating>
   3.45
  </rating>
  <reviews>
   80519
  </reviews>
  <new>
   -
  </new>
  <exclusive>
   yes
  </exclusive>
  <sporty>
   yes
  </sporty>
 </clothing>
 <clothing>
  <id>
   769248853
  </id>
  <name>
   Vans Skirt P-7122
  </name>
  <category>
   Skirt
  </category>
  <size>
   S
  </size>
  <color>
   Оранжевый
  </color>
  <material>
   Хлопок
  </material>
  <price>
   653989
  </price>
  <rating>
   1.23
  </rating>
  <reviews>
   209423
  </reviews>
  <new>
   -
  </new>
  <sporty>
   no
  </sporty>
 </clothing>
 <clothing>
  <id>
   895888471
  </id>
  <name>
   Lacoste Belts B-3088
  </name>
  <category>
   Belts
  </category>
  <size>
   XXL
  </size>
  <color>
   Зеленый
  </color>
  <material>
   Хлопок
  </material>
  <price>
   233180
  </price>
  <rating>
   1.37
  </rating>
  <reviews>
   734292
  </reviews>
  <new>
   +
  </new>
  <sporty>
   yes
  </sporty>
 </clothing>
 <clothing>
  <id>
   825580332
  </id>
  <name>
   Vans Blouse D-6614
  </name>
  <category>
   Blouse
  </category>
  <size>
   XXL
  </size>
  <color>
   Желтый
  </color>
  <material>
   Кожа
  </material>
  <price>
   930289
  </price>
  <rating>
   2.77
  </rating>
  <reviews>
   671518
  </reviews>
  <new>
   -
  </new>
  <sporty>
   no
  </sporty>
 </clothing>
 <clothing>
  <id>
   136354049
  </id>
  <name>
   PleinSport Pants J-3927
  </name>
  <category>
   Pants
  </category>
  <size>
   XXL
  </size>
  <color>
   Синий
  </color>
  <material>
   Шелк
  </material>
  <price>
   310969
  </price>
  <rating>
   1.42
  </rating>
  <reviews>
   774407
  </reviews>
  <new>
   -
  </new>
  <exclusive>
   yes
  </exclusive>
  <sporty>
   yes
  </sporty>
 </clothing>
 <clothing>
  <id>
   603502412
  </id>
  <name>
   Addidas Blouse W-9648
  </name>
  <category>
   Blouse
  </category>
  <size>
   S
  </size>
  <color>
   Фиолетовый
  </color>
  <material>
   Нейлон
  </material>
  <price>
   427892
  </price>
  <rating>
   1.75
  </rating>
  <reviews>
   929299
  </reviews>
  <new>
   +
  </new>
  <exclusive>
   no
  </exclusive>
  <sporty>
   no
  </sporty>
 </clothing>
 <clothing>
  <id>
   676279096
  </id>
  <name>
   Nike Pants Z-2605
  </name>
  <category>
   Pants
  </category>
  <size>
   M
  </size>
  <color>
   Зеленый
  </color>
  <material>
   Шерсть
  </material>
  <price>
   255068
  </price>
  <rating>
   4.47
  </rating>
  <reviews>
   348618
  </reviews>
  <new>
   -
  </new>
  <exclusive>
   no
  </exclusive>
  <sporty>
   yes
  </sporty>
 </clothing>
 <clothing>
  <id>
   760245013
  </id>
  <name>
   Nike Blouse D-5467
  </name>
  <category>
   Blouse
  </category>
  <size>
   M
  </size>
  <color>
   Фиолетовый
  </color>
  <material>
   Кожа
  </material>
  <price>
   969197
  </price>
  <rating>
   2.83
  </rating>
  <reviews>
   68226
  </reviews>
  <exclusive>
   yes
  </exclusive>
  <sporty>
   yes
  </sporty>
 </clothing>
 <clothing>
  <id>
   992865393
  </id>
  <name>
   Lacoste Skirt B-9381
  </name>
  <category>
   Skirt
  </category>
  <size>
   L
  </size>
  <color>
   Синий
  </color>
  <material>
   Лен
  </material>
  <price>
   104181
  </price>
  <rating>
   1.49
  </rating>
  <reviews>
   110688
  </reviews>
  <new>
   +
  </new>
  <sporty>
   no
  </sporty>
 </clothing>
 <clothing>
  <id>
   905018445
  </id>
  <name>
   PleinSport Shirt F-4985
  </name>
  <category>
   Shirt
  </category>
  <size>
   L
  </size>
  <color>
   Зеленый
  </color>
  <material>
   Лен
  </material>
  <price>
   173556
  </price>
  <rating>
   3.55
  </rating>
  <reviews>
   931249
  </reviews>
  <exclusive>
   yes
  </exclusive>
 </clothing>
 <clothing>
  <id>
   774544183
  </id>
  <name>
   PleinSport Blouse B-7268
  </name>
  <category>
   Blouse
  </category>
  <size>
   M
  </size>
  <color>
   Красный
  </color>
  <material>
   Лен
  </material>
  <price>
   190145
  </price>
  <rating>
   4.97
  </rating>
  <reviews>
   432335
  </reviews>
  <new>
   +
  </new>
  <exclusive>
   yes
  </exclusive>
  <sporty>
   yes
  </sporty>
 </clothing>
 <clothing>
  <id>
   759078797
  </id>
  <name>
   Adidas Belts A-3042
  </name>
  <category>
   Belts
  </category>
  <size>
   M
  </size>
  <color>
   Зеленый
  </color>
  <material>
   Лен
  </material>
  <price>
   200515
  </price>
  <rating>
   4.61
  </rating>
  <reviews>
   707689
  </reviews>
  <new>
   +
  </new>
 </clothing>
 <clothing>
  <id>
   935506970
  </id>
  <name>
   Brooks Umbrellas N-2524
  </name>
  <category>
   Umbrellas
  </category>
  <size>
   S
  </size>
  <color>
   Зеленый
  </color>
  <material>
   Кожа
  </material>
  <price>
   503391
  </price>
  <rating>
   4.91
  </rating>
  <reviews>
   661263
  </reviews>
  <new>
   +
  </new>
  <exclusive>
   no
  </exclusive>
 </clothing>
 <clothing>
  <id>
   610618876
  </id>
  <name>
   New Balance Blouse D-9542
  </name>
  <category>
   Blouse
  </category>
  <size>
   XL
  </size>
  <color>
   Зеленый
  </color>
  <material>
   Хлопок
  </material>
  <price>
   532479
  </price>
  <rating>
   1.8
  </rating>
  <reviews>
   615931
  </reviews>
  <new>
   +
  </new>
  <sporty>
   yes
  </sporty>
 </clothing>
 <clothing>
  <id>
   345088938
  </id>
  <name>
   Addidas Jacket G-6668
  </name>
  <category>
   Jacket
  </category>
  <size>
   L
  </size>
  <color>
   Красный
  </color>
  <material>
   Вискоза
  </material>
  <price>
   988620
  </price>
  <rating>
   4.34
  </rating>
  <reviews>
   578194
  </reviews>
  <new>
   +
  </new>
  <exclusive>
   no
  </exclusive>
  <sporty>
   no
  </sporty>
 </clothing>
</clothing-items>
