<?xml version="1.0" encoding="utf-8"?>
<clothing-items>
 <clothing>
  <id>
   428393640
  </id>
  <name>
   Brooks Jeans H-5501
  </name>
  <category>
   Jeans
  </category>
  <size>
   XL
  </size>
  <color>
   Синий
  </color>
  <material>
   Нейлон
  </material>
  <price>
   347934
  </price>
  <rating>
   4.52
  </rating>
  <reviews>
   186072
  </reviews>
  <exclusive>
   no
  </exclusive>
  <sporty>
   yes
  </sporty>
 </clothing>
 <clothing>
  <id>
   415814981
  </id>
  <name>
   Converse Shirt R-5297
  </name>
  <category>
   Shirt
  </category>
  <size>
   M
  </size>
  <color>
   Голубой
  </color>
  <material>
   Хлопок
  </material>
  <price>
   821290
  </price>
  <rating>
   3.08
  </rating>
  <reviews>
   262204
  </reviews>
  <new>
   +
  </new>
  <exclusive>
   yes
  </exclusive>
 </clothing>
 <clothing>
  <id>
   418969817
  </id>
  <name>
   Adidas Sweater N-8261
  </name>
  <category>
   Sweater
  </category>
  <size>
   S
  </size>
  <color>
   Оранжевый
  </color>
  <material>
   Вискоза
  </material>
  <price>
   290589
  </price>
  <rating>
   4.49
  </rating>
  <reviews>
   180832
  </reviews>
  <new>
   +
  </new>
  <exclusive>
   no
  </exclusive>
  <sporty>
   no
  </sporty>
 </clothing>
 <clothing>
  <id>
   315340205
  </id>
  <name>
   Under Armour Belts H-8169
  </name>
  <category>
   Belts
  </category>
  <size>
   M
  </size>
  <color>
   Синий
  </color>
  <material>
   Полиэстер
  </material>
  <price>
   496329
  </price>
  <rating>
   4.35
  </rating>
  <reviews>
   428561
  </reviews>
  <new>
   +
  </new>
 </clothing>
 <clothing>
  <id>
   919991225
  </id>
  <name>
   Addidas Belts G-9583
  </name>
  <category>
   Belts
  </category>
  <size>
   XL
  </size>
  <color>
   Синий
  </color>
  <material>
   Полиэстер
  </material>
  <price>
   913641
  </price>
  <rating>
   4.99
  </rating>
  <reviews>
   972652
  </reviews>
  <new>
   +
  </new>
  <exclusive>
   no
  </exclusive>
  <sporty>
   no
  </sporty>
 </clothing>
 <clothing>
  <id>
   683177237
  </id>
  <name>
   New Balance T-shirt W-2086
  </name>
  <category>
   T-shirt
  </category>
  <size>
   S
  </size>
  <color>
   Оранжевый
  </color>
  <material>
   Шелк
  </material>
  <price>
   583527
  </price>
  <rating>
   2.99
  </rating>
  <reviews>
   27876
  </reviews>
 </clothing>
 <clothing>
  <id>
   232403971
  </id>
  <name>
   Puma Skirt K-3559
  </name>
  <category>
   Skirt
  </category>
  <size>
   S
  </size>
  <color>
   Желтый
  </color>
  <material>
   Шерсть
  </material>
  <price>
   170205
  </price>
  <rating>
   4.98
  </rating>
  <reviews>
   302074
  </reviews>
  <new>
   -
  </new>
  <exclusive>
   no
  </exclusive>
  <sporty>
   yes
  </sporty>
 </clothing>
 <clothing>
  <id>
   501255873
  </id>
  <name>
   Puma Dress K-6360
  </name>
  <category>
   Dress
  </category>
  <size>
   S
  </size>
  <color>
   Зеленый
  </color>
  <material>
   Шерсть
  </material>
  <price>
   291312
  </price>
  <rating>
   3.99
  </rating>
  <reviews>
   791187
  </reviews>
 </clothing>
 <clothing>
  <id>
   766757475
  </id>
  <name>
   Adidas Pants I-6539
  </name>
  <category>
   Pants
  </category>
  <size>
   M
  </size>
  <color>
   Оранжевый
  </color>
  <material>
   Шерсть
  </material>
  <price>
   772358
  </price>
  <rating>
   3.95
  </rating>
  <reviews>
   451262
  </reviews>
  <new>
   -
  </new>
  <exclusive>
   no
  </exclusive>
  <sporty>
   no
  </sporty>
 </clothing>
 <clothing>
  <id>
   844273473
  </id>
  <name>
   Vans Shirt Y-3003
  </name>
  <category>
   Shirt
  </category>
  <size>
   XL
  </size>
  <color>
   Зеленый
  </color>
  <material>
   Хлопок
  </material>
  <price>
   523338
  </price>
  <rating>
   4.66
  </rating>
  <reviews>
   483345
  </reviews>
  <new>
   +
  </new>
  <exclusive>
   no
  </exclusive>
  <sporty>
   no
  </sporty>
 </clothing>
 <clothing>
  <id>
   409679327
  </id>
  <name>
   New Balance Handbags O-5555
  </name>
  <category>
   Handbags
  </category>
  <size>
   S
  </size>
  <color>
   Желтый
  </color>
  <material>
   Шерсть
  </material>
  <price>
   545770
  </price>
  <rating>
   4.7
  </rating>
  <reviews>
   889263
  </reviews>
  <new>
   +
  </new>
  <exclusive>
   yes
  </exclusive>
 </clothing>
 <clothing>
  <id>
   199585704
  </id>
  <name>
   Nike Shirt W-9430
  </name>
  <category>
   Shirt
  </category>
  <size>
   L
  </size>
  <color>
   Оранжевый
  </color>
  <material>
   Нейлон
  </material>
  <price>
   490638
  </price>
  <rating>
   1.97
  </rating>
  <reviews>
   238821
  </reviews>
  <exclusive>
   no
  </exclusive>
  <sporty>
   no
  </sporty>
 </clothing>
 <clothing>
  <id>
   194694517
  </id>
  <name>
   Vans Shirt U-5232
  </name>
  <category>
   Shirt
  </category>
  <size>
   XXL
  </size>
  <color>
   Голубой
  </color>
  <material>
   Лен
  </material>
  <price>
   755075
  </price>
  <rating>
   3.93
  </rating>
  <reviews>
   866799
  </reviews>
  <exclusive>
   no
  </exclusive>
  <sporty>
   yes
  </sporty>
 </clothing>
 <clothing>
  <id>
   460584725
  </id>
  <name>
   Asics Jeans R-1560
  </name>
  <category>
   Jeans
  </category>
  <size>
   S
  </size>
  <color>
   Зеленый
  </color>
  <material>
   Лен
  </material>
  <price>
   819575
  </price>
  <rating>
   1.25
  </rating>
  <reviews>
   781304
  </reviews>
  <new>
   -
  </new>
  <exclusive>
   no
  </exclusive>
  <sporty>
   yes
  </sporty>
 </clothing>
 <clothing>
  <id>
   655870180
  </id>
  <name>
   Reebok Jacket O-8948
  </name>
  <category>
   Jacket
  </category>
  <size>
   L
  </size>
  <color>
   Красный
  </color>
  <material>
   Полиэстер
  </material>
  <price>
   913704
  </price>
  <rating>
   2.84
  </rating>
  <reviews>
   572275
  </reviews>
  <new>
   +
  </new>
  <exclusive>
   no
  </exclusive>
 </clothing>
 <clothing>
  <id>
   560459923
  </id>
  <name>
   Addidas Handbags R-6085
  </name>
  <category>
   Handbags
  </category>
  <size>
   L
  </size>
  <color>
   Голубой
  </color>
  <material>
   Шерсть
  </material>
  <price>
   925895
  </price>
  <rating>
   3.91
  </rating>
  <reviews>
   836645
  </reviews>
  <sporty>
   no
  </sporty>
 </clothing>
 <clothing>
  <id>
   372258086
  </id>
  <name>
   PleinSport Gloves A-5458
  </name>
  <category>
   Gloves
  </category>
  <size>
   XXL
  </size>
  <color>
   Фиолетовый
  </color>
  <material>
   Шерсть
  </material>
  <price>
   225137
  </price>
  <rating>
   3.35
  </rating>
  <reviews>
   58113
  </reviews>
  <sporty>
   no
  </sporty>
 </clothing>
 <clothing>
  <id>
   876188170
  </id>
  <name>
   Fila Gloves G-9540
  </name>
  <category>
   Gloves
  </category>
  <size>
   XL
  </size>
  <color>
   Оранжевый
  </color>
  <material>
   Шерсть
  </material>
  <price>
   122793
  </price>
  <rating>
   3.83
  </rating>
  <reviews>
   893713
  </reviews>
  <new>
   -
  </new>
  <exclusive>
   no
  </exclusive>
 </clothing>
 <clothing>
  <id>
   884812182
  </id>
  <name>
   Ellesse Hat Q-3425
  </name>
  <category>
   Hat
  </category>
  <size>
   L
  </size>
  <color>
   Красный
  </color>
  <material>
   Шерсть
  </material>
  <price>
   112261
  </price>
  <rating>
   4.49
  </rating>
  <reviews>
   882055
  </reviews>
  <new>
   -
  </new>
 </clothing>
 <clothing>
  <id>
   259852201
  </id>
  <name>
   Addidas Blouse B-8226
  </name>
  <category>
   Blouse
  </category>
  <size>
   M
  </size>
  <color>
   Зеленый
  </color>
  <material>
   Вискоза
  </material>
  <price>
   408477
  </price>
  <rating>
   4.54
  </rating>
  <reviews>
   682143
  </reviews>
  <new>
   -
  </new>
 </clothing>
 <clothing>
  <id>
   284371037
  </id>
  <name>
   Reebok Handbags P-1515
  </name>
  <category>
   Handbags
  </category>
  <size>
   S
  </size>
  <color>
   Оранжевый
  </color>
  <material>
   Шелк
  </material>
  <price>
   190351
  </price>
  <rating>
   2.47
  </rating>
  <reviews>
   408133
  </reviews>
  <new>
   -
  </new>
  <exclusive>
   no
  </exclusive>
  <sporty>
   yes
  </sporty>
 </clothing>
 <clothing>
  <id>
   498811914
  </id>
  <name>
   Ellesse Shirt G-9998
  </name>
  <category>
   Shirt
  </category>
  <size>
   XXL
  </size>
  <color>
   Синий
  </color>
  <material>
   Нейлон
  </material>
  <price>
   980692
  </price>
  <rating>
   4.71
  </rating>
  <reviews>
   38632
  </reviews>
  <exclusive>
   yes
  </exclusive>
  <sporty>
   yes
  </sporty>
 </clothing>
 <clothing>
  <id>
   637768989
  </id>
  <name>
   Nike Sweater U-9967
  </name>
  <category>
   Sweater
  </category>
  <size>
   S
  </size>
  <color>
   Зеленый
  </color>
  <material>
   Нейлон
  </material>
  <price>
   280952
  </price>
  <rating>
   3.36
  </rating>
  <reviews>
   157151
  </reviews>
  <new>
   -
  </new>
 </clothing>
 <clothing>
  <id>
   754984778
  </id>
  <name>
   Fila Gloves F-2081
  </name>
  <category>
   Gloves
  </category>
  <size>
   XXL
  </size>
  <color>
   Оранжевый
  </color>
  <material>
   Нейлон
  </material>
  <price>
   962798
  </price>
  <rating>
   3.88
  </rating>
  <reviews>
   110811
  </reviews>
  <new>
   -
  </new>
  <exclusive>
   no
  </exclusive>
  <sporty>
   no
  </sporty>
 </clothing>
 <clothing>
  <id>
   870297189
  </id>
  <name>
   Lacoste Handbags U-8064
  </name>
  <category>
   Handbags
  </category>
  <size>
   S
  </size>
  <color>
   Фиолетовый
  </color>
  <material>
   Лен
  </material>
  <price>
   123322
  </price>
  <rating>
   4.5
  </rating>
  <reviews>
   732860
  </reviews>
  <new>
   -
  </new>
  <exclusive>
   no
  </exclusive>
 </clothing>
 <clothing>
  <id>
   710809431
  </id>
  <name>
   Adidas Umbrellas O-7478
  </name>
  <category>
   Umbrellas
  </category>
  <size>
   L
  </size>
  <color>
   Голубой
  </color>
  <material>
   Лен
  </material>
  <price>
   497300
  </price>
  <rating>
   2.72
  </rating>
  <reviews>
   453355
  </reviews>
  <new>
   -
  </new>
  <exclusive>
   no
  </exclusive>
 </clothing>
 <clothing>
  <id>
   512279935
  </id>
  <name>
   Fila Jacket V-1731
  </name>
  <category>
   Jacket
  </category>
  <size>
   XXL
  </size>
  <color>
   Фиолетовый
  </color>
  <material>
   Полиэстер
  </material>
  <price>
   296936
  </price>
  <rating>
   4.92
  </rating>
  <reviews>
   250977
  </reviews>
  <exclusive>
   no
  </exclusive>
  <sporty>
   yes
  </sporty>
 </clothing>
 <clothing>
  <id>
   927894002
  </id>
  <name>
   Lacoste Handbags L-9989
  </name>
  <category>
   Handbags
  </category>
  <size>
   S
  </size>
  <color>
   Зеленый
  </color>
  <material>
   Шерсть
  </material>
  <price>
   817778
  </price>
  <rating>
   2.92
  </rating>
  <reviews>
   420515
  </reviews>
  <new>
   -
  </new>
  <sporty>
   no
  </sporty>
 </clothing>
 <clothing>
  <id>
   106661483
  </id>
  <name>
   Ellesse Socks D-4396
  </name>
  <category>
   Socks
  </category>
  <size>
   XL
  </size>
  <color>
   Зеленый
  </color>
  <material>
   Кожа
  </material>
  <price>
   552525
  </price>
  <rating>
   3.11
  </rating>
  <reviews>
   2039
  </reviews>
  <new>
   -
  </new>
  <exclusive>
   yes
  </exclusive>
  <sporty>
   no
  </sporty>
 </clothing>
 <clothing>
  <id>
   584803192
  </id>
  <name>
   DC Handbags H-3090
  </name>
  <category>
   Handbags
  </category>
  <size>
   S
  </size>
  <color>
   Желтый
  </color>
  <material>
   Шерсть
  </material>
  <price>
   979868
  </price>
  <rating>
   1.68
  </rating>
  <reviews>
   674626
  </reviews>
  <exclusive>
   yes
  </exclusive>
 </clothing>
 <clothing>
  <id>
   961190474
  </id>
  <name>
   Under Armour Gloves N-1962
  </name>
  <category>
   Gloves
  </category>
  <size>
   XL
  </size>
  <color>
   Зеленый
  </color>
  <material>
   Полиэстер
  </material>
  <price>
   975833
  </price>
  <rating>
   3.84
  </rating>
  <reviews>
   386224
  </reviews>
 </clothing>
 <clothing>
  <id>
   663760624
  </id>
  <name>
   Brooks Pants B-4292
  </name>
  <category>
   Pants
  </category>
  <size>
   XXL
  </size>
  <color>
   Фиолетовый
  </color>
  <material>
   Нейлон
  </material>
  <price>
   435373
  </price>
  <rating>
   3.74
  </rating>
  <reviews>
   453177
  </reviews>
  <exclusive>
   no
  </exclusive>
  <sporty>
   yes
  </sporty>
 </clothing>
 <clothing>
  <id>
   109519848
  </id>
  <name>
   Puma T-shirt T-9657
  </name>
  <category>
   T-shirt
  </category>
  <size>
   L
  </size>
  <color>
   Оранжевый
  </color>
  <material>
   Кожа
  </material>
  <price>
   510076
  </price>
  <rating>
   4.17
  </rating>
  <reviews>
   799786
  </reviews>
  <new>
   -
  </new>
  <exclusive>
   no
  </exclusive>
  <sporty>
   no
  </sporty>
 </clothing>
 <clothing>
  <id>
   722792523
  </id>
  <name>
   Nike Jacket S-8097
  </name>
  <category>
   Jacket
  </category>
  <size>
   XL
  </size>
  <color>
   Зеленый
  </color>
  <material>
   Шелк
  </material>
  <price>
   948617
  </price>
  <rating>
   1.11
  </rating>
  <reviews>
   264946
  </reviews>
  <exclusive>
   no
  </exclusive>
 </clothing>
 <clothing>
  <id>
   791332640
  </id>
  <name>
   Nike Sweater Q-7318
  </name>
  <category>
   Sweater
  </category>
  <size>
   XXL
  </size>
  <color>
   Голубой
  </color>
  <material>
   Вискоза
  </material>
  <price>
   587231
  </price>
  <rating>
   2.8
  </rating>
  <reviews>
   297128
  </reviews>
  <exclusive>
   no
  </exclusive>
 </clothing>
 <clothing>
  <id>
   106304320
  </id>
  <name>
   DC Dress W-1454
  </name>
  <category>
   Dress
  </category>
  <size>
   M
  </size>
  <color>
   Синий
  </color>
  <material>
   Шерсть
  </material>
  <price>
   300456
  </price>
  <rating>
   4.85
  </rating>
  <reviews>
   956198
  </reviews>
  <new>
   +
  </new>
  <exclusive>
   no
  </exclusive>
  <sporty>
   no
  </sporty>
 </clothing>
</clothing-items>
