<?xml version="1.0" encoding="utf-8"?>
<clothing-items>
 <clothing>
  <id>
   847322716
  </id>
  <name>
   Addidas Jacket K-6973
  </name>
  <category>
   Jacket
  </category>
  <size>
   XXL
  </size>
  <color>
   Красный
  </color>
  <material>
   Лен
  </material>
  <price>
   107042
  </price>
  <rating>
   1.81
  </rating>
  <reviews>
   42626
  </reviews>
 </clothing>
 <clothing>
  <id>
   527433012
  </id>
  <name>
   Vans Pants L-6922
  </name>
  <category>
   Pants
  </category>
  <size>
   S
  </size>
  <color>
   Синий
  </color>
  <material>
   Хлопок
  </material>
  <price>
   462618
  </price>
  <rating>
   3.89
  </rating>
  <reviews>
   546487
  </reviews>
  <sporty>
   yes
  </sporty>
 </clothing>
 <clothing>
  <id>
   298378261
  </id>
  <name>
   PleinSport Belts U-4725
  </name>
  <category>
   Belts
  </category>
  <size>
   XL
  </size>
  <color>
   Зеленый
  </color>
  <material>
   Нейлон
  </material>
  <price>
   609836
  </price>
  <rating>
   4.96
  </rating>
  <reviews>
   576590
  </reviews>
  <sporty>
   no
  </sporty>
 </clothing>
 <clothing>
  <id>
   334185850
  </id>
  <name>
   Addidas Skirt A-3203
  </name>
  <category>
   Skirt
  </category>
  <size>
   M
  </size>
  <color>
   Фиолетовый
  </color>
  <material>
   Кожа
  </material>
  <price>
   480029
  </price>
  <rating>
   2.36
  </rating>
  <reviews>
   119137
  </reviews>
  <new>
   -
  </new>
  <sporty>
   yes
  </sporty>
 </clothing>
 <clothing>
  <id>
   941687788
  </id>
  <name>
   Nike Blouse K-7149
  </name>
  <category>
   Blouse
  </category>
  <size>
   S
  </size>
  <color>
   Желтый
  </color>
  <material>
   Шелк
  </material>
  <price>
   165833
  </price>
  <rating>
   2.74
  </rating>
  <reviews>
   887972
  </reviews>
  <exclusive>
   no
  </exclusive>
 </clothing>
 <clothing>
  <id>
   674594551
  </id>
  <name>
   Under Armour Sweater R-9189
  </name>
  <category>
   Sweater
  </category>
  <size>
   XXL
  </size>
  <color>
   Фиолетовый
  </color>
  <material>
   Шелк
  </material>
  <price>
   253648
  </price>
  <rating>
   3.09
  </rating>
  <reviews>
   888366
  </reviews>
  <new>
   -
  </new>
  <exclusive>
   no
  </exclusive>
 </clothing>
 <clothing>
  <id>
   347320700
  </id>
  <name>
   Ellesse Blouse Q-2146
  </name>
  <category>
   Blouse
  </category>
  <size>
   S
  </size>
  <color>
   Красный
  </color>
  <material>
   Шерсть
  </material>
  <price>
   121449
  </price>
  <rating>
   3.8
  </rating>
  <reviews>
   811173
  </reviews>
  <exclusive>
   no
  </exclusive>
 </clothing>
 <clothing>
  <id>
   457045911
  </id>
  <name>
   Vans Socks O-5547
  </name>
  <category>
   Socks
  </category>
  <size>
   M
  </size>
  <color>
   Фиолетовый
  </color>
  <material>
   Шелк
  </material>
  <price>
   806522
  </price>
  <rating>
   4.15
  </rating>
  <reviews>
   157336
  </reviews>
  <new>
   -
  </new>
  <exclusive>
   yes
  </exclusive>
  <sporty>
   yes
  </sporty>
 </clothing>
 <clothing>
  <id>
   655348979
  </id>
  <name>
   New Balance Shirt R-1394
  </name>
  <category>
   Shirt
  </category>
  <size>
   M
  </size>
  <color>
   Фиолетовый
  </color>
  <material>
   Шерсть
  </material>
  <price>
   944393
  </price>
  <rating>
   2.47
  </rating>
  <reviews>
   390834
  </reviews>
  <exclusive>
   no
  </exclusive>
  <sporty>
   no
  </sporty>
 </clothing>
 <clothing>
  <id>
   935450485
  </id>
  <name>
   Asics Jacket A-1657
  </name>
  <category>
   Jacket
  </category>
  <size>
   XXL
  </size>
  <color>
   Синий
  </color>
  <material>
   Нейлон
  </material>
  <price>
   663054
  </price>
  <rating>
   2.63
  </rating>
  <reviews>
   885250
  </reviews>
  <new>
   -
  </new>
  <exclusive>
   yes
  </exclusive>
  <sporty>
   yes
  </sporty>
 </clothing>
 <clothing>
  <id>
   157883193
  </id>
  <name>
   Adidas Handbags T-4748
  </name>
  <category>
   Handbags
  </category>
  <size>
   L
  </size>
  <color>
   Красный
  </color>
  <material>
   Нейлон
  </material>
  <price>
   610581
  </price>
  <rating>
   3.49
  </rating>
  <reviews>
   727293
  </reviews>
  <new>
   +
  </new>
  <exclusive>
   no
  </exclusive>
  <sporty>
   no
  </sporty>
 </clothing>
 <clothing>
  <id>
   718060408
  </id>
  <name>
   Reebok Dress R-6729
  </name>
  <category>
   Dress
  </category>
  <size>
   XXL
  </size>
  <color>
   Оранжевый
  </color>
  <material>
   Вискоза
  </material>
  <price>
   802313
  </price>
  <rating>
   3.59
  </rating>
  <reviews>
   658738
  </reviews>
  <exclusive>
   yes
  </exclusive>
  <sporty>
   no
  </sporty>
 </clothing>
 <clothing>
  <id>
   415574912
  </id>
  <name>
   Puma Hat Y-9835
  </name>
  <category>
   Hat
  </category>
  <size>
   L
  </size>
  <color>
   Фиолетовый
  </color>
  <material>
   Вискоза
  </material>
  <price>
   111460
  </price>
  <rating>
   4.44
  </rating>
  <reviews>
   682819
  </reviews>
  <exclusive>
   yes
  </exclusive>
  <sporty>
   no
  </sporty>
 </clothing>
 <clothing>
  <id>
   365085588
  </id>
  <name>
   Brooks Socks M-6086
  </name>
  <category>
   Socks
  </category>
  <size>
   XXL
  </size>
  <color>
   Синий
  </color>
  <material>
   Шерсть
  </material>
  <price>
   593015
  </price>
  <rating>
   2.67
  </rating>
  <reviews>
   605005
  </reviews>
  <new>
   +
  </new>
  <sporty>
   no
  </sporty>
 </clothing>
 <clothing>
  <id>
   258025939
  </id>
  <name>
   Puma Sweater O-1090
  </name>
  <category>
   Sweater
  </category>
  <size>
   M
  </size>
  <color>
   Фиолетовый
  </color>
  <material>
   Лен
  </material>
  <price>
   818534
  </price>
  <rating>
   3.92
  </rating>
  <reviews>
   952720
  </reviews>
  <new>
   +
  </new>
  <exclusive>
   no
  </exclusive>
  <sporty>
   no
  </sporty>
 </clothing>
 <clothing>
  <id>
   521459583
  </id>
  <name>
   Brooks Pants Q-1792
  </name>
  <category>
   Pants
  </category>
  <size>
   M
  </size>
  <color>
   Фиолетовый
  </color>
  <material>
   Шелк
  </material>
  <price>
   504243
  </price>
  <rating>
   1.74
  </rating>
  <reviews>
   587318
  </reviews>
  <new>
   -
  </new>
  <exclusive>
   no
  </exclusive>
  <sporty>
   no
  </sporty>
 </clothing>
 <clothing>
  <id>
   686939613
  </id>
  <name>
   Addidas Blouse V-9995
  </name>
  <category>
   Blouse
  </category>
  <size>
   M
  </size>
  <color>
   Голубой
  </color>
  <material>
   Нейлон
  </material>
  <price>
   373583
  </price>
  <rating>
   1.86
  </rating>
  <reviews>
   23691
  </reviews>
  <new>
   +
  </new>
  <exclusive>
   yes
  </exclusive>
 </clothing>
 <clothing>
  <id>
   982263549
  </id>
  <name>
   Converse Belts I-4151
  </name>
  <category>
   Belts
  </category>
  <size>
   S
  </size>
  <color>
   Оранжевый
  </color>
  <material>
   Хлопок
  </material>
  <price>
   596327
  </price>
  <rating>
   2.03
  </rating>
  <reviews>
   530600
  </reviews>
  <new>
   +
  </new>
  <exclusive>
   yes
  </exclusive>
  <sporty>
   yes
  </sporty>
 </clothing>
 <clothing>
  <id>
   604248759
  </id>
  <name>
   Adidas Umbrellas P-9745
  </name>
  <category>
   Umbrellas
  </category>
  <size>
   L
  </size>
  <color>
   Красный
  </color>
  <material>
   Шелк
  </material>
  <price>
   189652
  </price>
  <rating>
   1.08
  </rating>
  <reviews>
   314612
  </reviews>
 </clothing>
 <clothing>
  <id>
   230622192
  </id>
  <name>
   Converse Shirt Y-8157
  </name>
  <category>
   Shirt
  </category>
  <size>
   XL
  </size>
  <color>
   Синий
  </color>
  <material>
   Лен
  </material>
  <price>
   160622
  </price>
  <rating>
   1.97
  </rating>
  <reviews>
   856248
  </reviews>
 </clothing>
 <clothing>
  <id>
   361294306
  </id>
  <name>
   Under Armour Gloves C-6004
  </name>
  <category>
   Gloves
  </category>
  <size>
   XL
  </size>
  <color>
   Желтый
  </color>
  <material>
   Хлопок
  </material>
  <price>
   935628
  </price>
  <rating>
   4.89
  </rating>
  <reviews>
   793514
  </reviews>
  <new>
   -
  </new>
  <exclusive>
   yes
  </exclusive>
 </clothing>
 <clothing>
  <id>
   409022367
  </id>
  <name>
   Puma Umbrellas I-5595
  </name>
  <category>
   Umbrellas
  </category>
  <size>
   XL
  </size>
  <color>
   Фиолетовый
  </color>
  <material>
   Шерсть
  </material>
  <price>
   390953
  </price>
  <rating>
   4.56
  </rating>
  <reviews>
   560278
  </reviews>
  <new>
   +
  </new>
  <exclusive>
   yes
  </exclusive>
  <sporty>
   no
  </sporty>
 </clothing>
 <clothing>
  <id>
   629531715
  </id>
  <name>
   New Balance Hat G-1913
  </name>
  <category>
   Hat
  </category>
  <size>
   XXL
  </size>
  <color>
   Красный
  </color>
  <material>
   Полиэстер
  </material>
  <price>
   214339
  </price>
  <rating>
   3.94
  </rating>
  <reviews>
   602062
  </reviews>
  <new>
   +
  </new>
  <exclusive>
   no
  </exclusive>
  <sporty>
   no
  </sporty>
 </clothing>
 <clothing>
  <id>
   927821748
  </id>
  <name>
   Reebok Jeans M-1719
  </name>
  <category>
   Jeans
  </category>
  <size>
   XL
  </size>
  <color>
   Желтый
  </color>
  <material>
   Лен
  </material>
  <price>
   208892
  </price>
  <rating>
   2.14
  </rating>
  <reviews>
   885950
  </reviews>
  <new>
   +
  </new>
  <exclusive>
   no
  </exclusive>
 </clothing>
 <clothing>
  <id>
   426707413
  </id>
  <name>
   Nike Socks E-6398
  </name>
  <category>
   Socks
  </category>
  <size>
   M
  </size>
  <color>
   Оранжевый
  </color>
  <material>
   Полиэстер
  </material>
  <price>
   818173
  </price>
  <rating>
   3.59
  </rating>
  <reviews>
   942899
  </reviews>
  <new>
   +
  </new>
  <exclusive>
   no
  </exclusive>
 </clothing>
 <clothing>
  <id>
   475770502
  </id>
  <name>
   Lacoste Gloves J-5852
  </name>
  <category>
   Gloves
  </category>
  <size>
   XL
  </size>
  <color>
   Фиолетовый
  </color>
  <material>
   Шелк
  </material>
  <price>
   591549
  </price>
  <rating>
   1.27
  </rating>
  <reviews>
   315508
  </reviews>
 </clothing>
 <clothing>
  <id>
   418650707
  </id>
  <name>
   Converse Belts Y-9746
  </name>
  <category>
   Belts
  </category>
  <size>
   L
  </size>
  <color>
   Фиолетовый
  </color>
  <material>
   Вискоза
  </material>
  <price>
   330148
  </price>
  <rating>
   2.16
  </rating>
  <reviews>
   825584
  </reviews>
  <exclusive>
   yes
  </exclusive>
  <sporty>
   no
  </sporty>
 </clothing>
 <clothing>
  <id>
   346953386
  </id>
  <name>
   Addidas Umbrellas E-8345
  </name>
  <category>
   Umbrellas
  </category>
  <size>
   S
  </size>
  <color>
   Фиолетовый
  </color>
  <material>
   Полиэстер
  </material>
  <price>
   431926
  </price>
  <rating>
   4.06
  </rating>
  <reviews>
   218571
  </reviews>
  <sporty>
   yes
  </sporty>
 </clothing>
 <clothing>
  <id>
   455163011
  </id>
  <name>
   Reebok Pants O-3300
  </name>
  <category>
   Pants
  </category>
  <size>
   M
  </size>
  <color>
   Желтый
  </color>
  <material>
   Вискоза
  </material>
  <price>
   992599
  </price>
  <rating>
   2.77
  </rating>
  <reviews>
   118757
  </reviews>
  <new>
   -
  </new>
  <exclusive>
   yes
  </exclusive>
 </clothing>
 <clothing>
  <id>
   922351599
  </id>
  <name>
   PleinSport Shirt V-6482
  </name>
  <category>
   Shirt
  </category>
  <size>
   XL
  </size>
  <color>
   Красный
  </color>
  <material>
   Хлопок
  </material>
  <price>
   636354
  </price>
  <rating>
   2.54
  </rating>
  <reviews>
   213084
  </reviews>
  <new>
   -
  </new>
  <exclusive>
   no
  </exclusive>
  <sporty>
   yes
  </sporty>
 </clothing>
 <clothing>
  <id>
   260053956
  </id>
  <name>
   DC Pants K-5959
  </name>
  <category>
   Pants
  </category>
  <size>
   L
  </size>
  <color>
   Желтый
  </color>
  <material>
   Лен
  </material>
  <price>
   749024
  </price>
  <rating>
   4.27
  </rating>
  <reviews>
   34620
  </reviews>
  <sporty>
   yes
  </sporty>
 </clothing>
 <clothing>
  <id>
   899337207
  </id>
  <name>
   Under Armour Pants T-1796
  </name>
  <category>
   Pants
  </category>
  <size>
   S
  </size>
  <color>
   Фиолетовый
  </color>
  <material>
   Полиэстер
  </material>
  <price>
   435749
  </price>
  <rating>
   4.6
  </rating>
  <reviews>
   455692
  </reviews>
  <new>
   +
  </new>
  <exclusive>
   yes
  </exclusive>
 </clothing>
 <clothing>
  <id>
   239431393
  </id>
  <name>
   Converse Blouse A-6964
  </name>
  <category>
   Blouse
  </category>
  <size>
   S
  </size>
  <color>
   Оранжевый
  </color>
  <material>
   Шелк
  </material>
  <price>
   718062
  </price>
  <rating>
   1.13
  </rating>
  <reviews>
   235515
  </reviews>
  <new>
   +
  </new>
  <exclusive>
   yes
  </exclusive>
  <sporty>
   no
  </sporty>
 </clothing>
 <clothing>
  <id>
   874631128
  </id>
  <name>
   DC Dress Y-6300
  </name>
  <category>
   Dress
  </category>
  <size>
   M
  </size>
  <color>
   Красный
  </color>
  <material>
   Кожа
  </material>
  <price>
   145883
  </price>
  <rating>
   1.64
  </rating>
  <reviews>
   937961
  </reviews>
  <new>
   -
  </new>
  <exclusive>
   no
  </exclusive>
 </clothing>
 <clothing>
  <id>
   296586557
  </id>
  <name>
   Adidas Jacket J-5127
  </name>
  <category>
   Jacket
  </category>
  <size>
   XXL
  </size>
  <color>
   Желтый
  </color>
  <material>
   Нейлон
  </material>
  <price>
   879868
  </price>
  <rating>
   4.98
  </rating>
  <reviews>
   249956
  </reviews>
  <exclusive>
   no
  </exclusive>
 </clothing>
</clothing-items>
