<?xml version="1.0" encoding="utf-8"?>
<clothing-items>
 <clothing>
  <id>
   256909575
  </id>
  <name>
   Addidas Shirt T-5220
  </name>
  <category>
   Shirt
  </category>
  <size>
   XXL
  </size>
  <color>
   Фиолетовый
  </color>
  <material>
   Лен
  </material>
  <price>
   287454
  </price>
  <rating>
   2.24
  </rating>
  <reviews>
   639071
  </reviews>
  <new>
   -
  </new>
  <exclusive>
   yes
  </exclusive>
  <sporty>
   no
  </sporty>
 </clothing>
 <clothing>
  <id>
   962450965
  </id>
  <name>
   Puma Handbags W-3755
  </name>
  <category>
   Handbags
  </category>
  <size>
   L
  </size>
  <color>
   Красный
  </color>
  <material>
   Вискоза
  </material>
  <price>
   825465
  </price>
  <rating>
   4.33
  </rating>
  <reviews>
   113155
  </reviews>
  <new>
   +
  </new>
 </clothing>
 <clothing>
  <id>
   523793891
  </id>
  <name>
   Puma Umbrellas L-8886
  </name>
  <category>
   Umbrellas
  </category>
  <size>
   XXL
  </size>
  <color>
   Фиолетовый
  </color>
  <material>
   Кожа
  </material>
  <price>
   545296
  </price>
  <rating>
   1.61
  </rating>
  <reviews>
   584125
  </reviews>
  <new>
   -
  </new>
 </clothing>
 <clothing>
  <id>
   404793192
  </id>
  <name>
   Nike Dress N-4121
  </name>
  <category>
   Dress
  </category>
  <size>
   L
  </size>
  <color>
   Голубой
  </color>
  <material>
   Полиэстер
  </material>
  <price>
   881230
  </price>
  <rating>
   4.3
  </rating>
  <reviews>
   132665
  </reviews>
  <new>
   -
  </new>
  <exclusive>
   yes
  </exclusive>
  <sporty>
   yes
  </sporty>
 </clothing>
 <clothing>
  <id>
   363785688
  </id>
  <name>
   DC Jacket P-6818
  </name>
  <category>
   Jacket
  </category>
  <size>
   L
  </size>
  <color>
   Оранжевый
  </color>
  <material>
   Шелк
  </material>
  <price>
   919194
  </price>
  <rating>
   3.45
  </rating>
  <reviews>
   442405
  </reviews>
  <exclusive>
   yes
  </exclusive>
  <sporty>
   yes
  </sporty>
 </clothing>
 <clothing>
  <id>
   405590556
  </id>
  <name>
   Ellesse Blouse J-8059
  </name>
  <category>
   Blouse
  </category>
  <size>
   M
  </size>
  <color>
   Желтый
  </color>
  <material>
   Шелк
  </material>
  <price>
   596320
  </price>
  <rating>
   1.2
  </rating>
  <reviews>
   379309
  </reviews>
  <new>
   +
  </new>
  <exclusive>
   no
  </exclusive>
  <sporty>
   yes
  </sporty>
 </clothing>
 <clothing>
  <id>
   477129861
  </id>
  <name>
   Reebok T-shirt W-5995
  </name>
  <category>
   T-shirt
  </category>
  <size>
   M
  </size>
  <color>
   Фиолетовый
  </color>
  <material>
   Нейлон
  </material>
  <price>
   441129
  </price>
  <rating>
   3.48
  </rating>
  <reviews>
   880880
  </reviews>
  <exclusive>
   yes
  </exclusive>
 </clothing>
 <clothing>
  <id>
   262191305
  </id>
  <name>
   New Balance Belts M-7189
  </name>
  <category>
   Belts
  </category>
  <size>
   XXL
  </size>
  <color>
   Фиолетовый
  </color>
  <material>
   Шерсть
  </material>
  <price>
   886811
  </price>
  <rating>
   2.3
  </rating>
  <reviews>
   476594
  </reviews>
 </clothing>
 <clothing>
  <id>
   387169132
  </id>
  <name>
   Nike Jacket D-3652
  </name>
  <category>
   Jacket
  </category>
  <size>
   L
  </size>
  <color>
   Зеленый
  </color>
  <material>
   Кожа
  </material>
  <price>
   663811
  </price>
  <rating>
   1.29
  </rating>
  <reviews>
   286728
  </reviews>
  <exclusive>
   no
  </exclusive>
 </clothing>
 <clothing>
  <id>
   449499154
  </id>
  <name>
   Converse Gloves O-9869
  </name>
  <category>
   Gloves
  </category>
  <size>
   L
  </size>
  <color>
   Зеленый
  </color>
  <material>
   Лен
  </material>
  <price>
   633911
  </price>
  <rating>
   2.52
  </rating>
  <reviews>
   66198
  </reviews>
 </clothing>
 <clothing>
  <id>
   163543227
  </id>
  <name>
   Adidas Hat G-1991
  </name>
  <category>
   Hat
  </category>
  <size>
   XL
  </size>
  <color>
   Голубой
  </color>
  <material>
   Шерсть
  </material>
  <price>
   311530
  </price>
  <rating>
   4.38
  </rating>
  <reviews>
   519192
  </reviews>
  <exclusive>
   no
  </exclusive>
  <sporty>
   no
  </sporty>
 </clothing>
</clothing-items>
