<?xml version="1.0" encoding="utf-8"?>
<clothing-items>
 <clothing>
  <id>
   549638020
  </id>
  <name>
   Under Armour Shirt R-4876
  </name>
  <category>
   Shirt
  </category>
  <size>
   L
  </size>
  <color>
   Оранжевый
  </color>
  <material>
   Кожа
  </material>
  <price>
   250827
  </price>
  <rating>
   3.29
  </rating>
  <reviews>
   180489
  </reviews>
  <new>
   +
  </new>
  <exclusive>
   no
  </exclusive>
  <sporty>
   yes
  </sporty>
 </clothing>
 <clothing>
  <id>
   775216580
  </id>
  <name>
   Reebok Pants A-5846
  </name>
  <category>
   Pants
  </category>
  <size>
   XL
  </size>
  <color>
   Голубой
  </color>
  <material>
   Нейлон
  </material>
  <price>
   515998
  </price>
  <rating>
   3.34
  </rating>
  <reviews>
   409472
  </reviews>
  <exclusive>
   no
  </exclusive>
  <sporty>
   no
  </sporty>
 </clothing>
 <clothing>
  <id>
   856506023
  </id>
  <name>
   Ellesse Jacket E-6153
  </name>
  <category>
   Jacket
  </category>
  <size>
   L
  </size>
  <color>
   Фиолетовый
  </color>
  <material>
   Нейлон
  </material>
  <price>
   217654
  </price>
  <rating>
   1.26
  </rating>
  <reviews>
   256696
  </reviews>
  <new>
   +
  </new>
  <exclusive>
   yes
  </exclusive>
 </clothing>
 <clothing>
  <id>
   841809893
  </id>
  <name>
   Nike Shoes B-3459
  </name>
  <category>
   Shoes
  </category>
  <size>
   XL
  </size>
  <color>
   Красный
  </color>
  <material>
   Нейлон
  </material>
  <price>
   883079
  </price>
  <rating>
   3.25
  </rating>
  <reviews>
   553507
  </reviews>
  <new>
   +
  </new>
  <exclusive>
   yes
  </exclusive>
  <sporty>
   yes
  </sporty>
 </clothing>
 <clothing>
  <id>
   705647553
  </id>
  <name>
   Lacoste Shirt I-4869
  </name>
  <category>
   Shirt
  </category>
  <size>
   M
  </size>
  <color>
   Красный
  </color>
  <material>
   Шерсть
  </material>
  <price>
   690091
  </price>
  <rating>
   2.81
  </rating>
  <reviews>
   50467
  </reviews>
  <new>
   -
  </new>
  <sporty>
   no
  </sporty>
 </clothing>
 <clothing>
  <id>
   935368197
  </id>
  <name>
   Lacoste T-shirt R-5439
  </name>
  <category>
   T-shirt
  </category>
  <size>
   XXL
  </size>
  <color>
   Оранжевый
  </color>
  <material>
   Хлопок
  </material>
  <price>
   681628
  </price>
  <rating>
   4.15
  </rating>
  <reviews>
   666119
  </reviews>
  <new>
   -
  </new>
  <exclusive>
   no
  </exclusive>
  <sporty>
   yes
  </sporty>
 </clothing>
 <clothing>
  <id>
   618902981
  </id>
  <name>
   Vans Blouse Q-5150
  </name>
  <category>
   Blouse
  </category>
  <size>
   XL
  </size>
  <color>
   Желтый
  </color>
  <material>
   Полиэстер
  </material>
  <price>
   569553
  </price>
  <rating>
   2.34
  </rating>
  <reviews>
   896184
  </reviews>
  <new>
   -
  </new>
  <sporty>
   no
  </sporty>
 </clothing>
 <clothing>
  <id>
   814766218
  </id>
  <name>
   Under Armour Sweater N-8736
  </name>
  <category>
   Sweater
  </category>
  <size>
   XL
  </size>
  <color>
   Оранжевый
  </color>
  <material>
   Лен
  </material>
  <price>
   125306
  </price>
  <rating>
   1.06
  </rating>
  <reviews>
   390163
  </reviews>
  <new>
   -
  </new>
  <sporty>
   no
  </sporty>
 </clothing>
 <clothing>
  <id>
   876842363
  </id>
  <name>
   Nike Shoes G-4643
  </name>
  <category>
   Shoes
  </category>
  <size>
   XXL
  </size>
  <color>
   Желтый
  </color>
  <material>
   Лен
  </material>
  <price>
   769211
  </price>
  <rating>
   2.97
  </rating>
  <reviews>
   532760
  </reviews>
  <exclusive>
   yes
  </exclusive>
 </clothing>
 <clothing>
  <id>
   552391627
  </id>
  <name>
   Puma Umbrellas Z-9694
  </name>
  <category>
   Umbrellas
  </category>
  <size>
   XL
  </size>
  <color>
   Оранжевый
  </color>
  <material>
   Нейлон
  </material>
  <price>
   868640
  </price>
  <rating>
   2.9
  </rating>
  <reviews>
   917753
  </reviews>
  <sporty>
   no
  </sporty>
 </clothing>
 <clothing>
  <id>
   691307896
  </id>
  <name>
   DC Umbrellas L-9811
  </name>
  <category>
   Umbrellas
  </category>
  <size>
   XXL
  </size>
  <color>
   Зеленый
  </color>
  <material>
   Хлопок
  </material>
  <price>
   627369
  </price>
  <rating>
   4.0
  </rating>
  <reviews>
   311938
  </reviews>
  <new>
   -
  </new>
  <exclusive>
   no
  </exclusive>
 </clothing>
 <clothing>
  <id>
   295957728
  </id>
  <name>
   Under Armour Shirt A-1915
  </name>
  <category>
   Shirt
  </category>
  <size>
   S
  </size>
  <color>
   Зеленый
  </color>
  <material>
   Кожа
  </material>
  <price>
   636265
  </price>
  <rating>
   3.66
  </rating>
  <reviews>
   244469
  </reviews>
  <new>
   -
  </new>
  <sporty>
   yes
  </sporty>
 </clothing>
 <clothing>
  <id>
   535705439
  </id>
  <name>
   Reebok Blouse S-3704
  </name>
  <category>
   Blouse
  </category>
  <size>
   S
  </size>
  <color>
   Зеленый
  </color>
  <material>
   Лен
  </material>
  <price>
   131506
  </price>
  <rating>
   3.81
  </rating>
  <reviews>
   737839
  </reviews>
  <exclusive>
   no
  </exclusive>
 </clothing>
 <clothing>
  <id>
   159143842
  </id>
  <name>
   Nike Belts D-1050
  </name>
  <category>
   Belts
  </category>
  <size>
   M
  </size>
  <color>
   Фиолетовый
  </color>
  <material>
   Шерсть
  </material>
  <price>
   408019
  </price>
  <rating>
   4.14
  </rating>
  <reviews>
   147239
  </reviews>
  <sporty>
   no
  </sporty>
 </clothing>
 <clothing>
  <id>
   254727004
  </id>
  <name>
   Fila Shoes V-2627
  </name>
  <category>
   Shoes
  </category>
  <size>
   L
  </size>
  <color>
   Голубой
  </color>
  <material>
   Нейлон
  </material>
  <price>
   386991
  </price>
  <rating>
   2.97
  </rating>
  <reviews>
   869110
  </reviews>
  <new>
   -
  </new>
  <exclusive>
   no
  </exclusive>
  <sporty>
   no
  </sporty>
 </clothing>
 <clothing>
  <id>
   407836813
  </id>
  <name>
   New Balance Hat U-3024
  </name>
  <category>
   Hat
  </category>
  <size>
   M
  </size>
  <color>
   Синий
  </color>
  <material>
   Шелк
  </material>
  <price>
   424299
  </price>
  <rating>
   1.43
  </rating>
  <reviews>
   786479
  </reviews>
  <exclusive>
   yes
  </exclusive>
 </clothing>
 <clothing>
  <id>
   331805786
  </id>
  <name>
   Nike Hat O-8295
  </name>
  <category>
   Hat
  </category>
  <size>
   L
  </size>
  <color>
   Голубой
  </color>
  <material>
   Шерсть
  </material>
  <price>
   252243
  </price>
  <rating>
   1.11
  </rating>
  <reviews>
   32170
  </reviews>
  <exclusive>
   yes
  </exclusive>
  <sporty>
   no
  </sporty>
 </clothing>
 <clothing>
  <id>
   437902288
  </id>
  <name>
   Ellesse Dress P-3085
  </name>
  <category>
   Dress
  </category>
  <size>
   XXL
  </size>
  <color>
   Оранжевый
  </color>
  <material>
   Полиэстер
  </material>
  <price>
   581722
  </price>
  <rating>
   4.97
  </rating>
  <reviews>
   278219
  </reviews>
  <exclusive>
   no
  </exclusive>
  <sporty>
   no
  </sporty>
 </clothing>
 <clothing>
  <id>
   424757987
  </id>
  <name>
   Lacoste Jacket A-3525
  </name>
  <category>
   Jacket
  </category>
  <size>
   L
  </size>
  <color>
   Зеленый
  </color>
  <material>
   Нейлон
  </material>
  <price>
   401967
  </price>
  <rating>
   3.11
  </rating>
  <reviews>
   801472
  </reviews>
  <new>
   +
  </new>
  <exclusive>
   yes
  </exclusive>
 </clothing>
 <clothing>
  <id>
   116167164
  </id>
  <name>
   PleinSport Hat B-1705
  </name>
  <category>
   Hat
  </category>
  <size>
   XXL
  </size>
  <color>
   Оранжевый
  </color>
  <material>
   Вискоза
  </material>
  <price>
   973537
  </price>
  <rating>
   1.8
  </rating>
  <reviews>
   795443
  </reviews>
  <new>
   -
  </new>
  <exclusive>
   yes
  </exclusive>
 </clothing>
 <clothing>
  <id>
   161880255
  </id>
  <name>
   Addidas Hat T-2705
  </name>
  <category>
   Hat
  </category>
  <size>
   XXL
  </size>
  <color>
   Зеленый
  </color>
  <material>
   Полиэстер
  </material>
  <price>
   944349
  </price>
  <rating>
   4.84
  </rating>
  <reviews>
   961104
  </reviews>
 </clothing>
 <clothing>
  <id>
   643522176
  </id>
  <name>
   New Balance Skirt O-7800
  </name>
  <category>
   Skirt
  </category>
  <size>
   L
  </size>
  <color>
   Синий
  </color>
  <material>
   Шелк
  </material>
  <price>
   106453
  </price>
  <rating>
   4.64
  </rating>
  <reviews>
   453468
  </reviews>
  <exclusive>
   yes
  </exclusive>
  <sporty>
   no
  </sporty>
 </clothing>
 <clothing>
  <id>
   981066993
  </id>
  <name>
   Under Armour Pants S-1112
  </name>
  <category>
   Pants
  </category>
  <size>
   M
  </size>
  <color>
   Синий
  </color>
  <material>
   Лен
  </material>
  <price>
   803756
  </price>
  <rating>
   4.23
  </rating>
  <reviews>
   172390
  </reviews>
  <new>
   -
  </new>
  <sporty>
   no
  </sporty>
 </clothing>
 <clothing>
  <id>
   771040246
  </id>
  <name>
   Adidas Belts K-1807
  </name>
  <category>
   Belts
  </category>
  <size>
   M
  </size>
  <color>
   Синий
  </color>
  <material>
   Кожа
  </material>
  <price>
   746068
  </price>
  <rating>
   1.46
  </rating>
  <reviews>
   601338
  </reviews>
  <exclusive>
   yes
  </exclusive>
  <sporty>
   no
  </sporty>
 </clothing>
 <clothing>
  <id>
   558754558
  </id>
  <name>
   Converse Jeans S-9549
  </name>
  <category>
   Jeans
  </category>
  <size>
   XL
  </size>
  <color>
   Красный
  </color>
  <material>
   Лен
  </material>
  <price>
   273349
  </price>
  <rating>
   4.42
  </rating>
  <reviews>
   337940
  </reviews>
  <exclusive>
   yes
  </exclusive>
 </clothing>
 <clothing>
  <id>
   117010641
  </id>
  <name>
   PleinSport Pants R-9762
  </name>
  <category>
   Pants
  </category>
  <size>
   XXL
  </size>
  <color>
   Голубой
  </color>
  <material>
   Вискоза
  </material>
  <price>
   869756
  </price>
  <rating>
   3.19
  </rating>
  <reviews>
   550010
  </reviews>
  <sporty>
   no
  </sporty>
 </clothing>
 <clothing>
  <id>
   801558878
  </id>
  <name>
   Converse Shoes J-8916
  </name>
  <category>
   Shoes
  </category>
  <size>
   M
  </size>
  <color>
   Фиолетовый
  </color>
  <material>
   Полиэстер
  </material>
  <price>
   545236
  </price>
  <rating>
   4.68
  </rating>
  <reviews>
   686460
  </reviews>
  <exclusive>
   no
  </exclusive>
  <sporty>
   yes
  </sporty>
 </clothing>
 <clothing>
  <id>
   234541683
  </id>
  <name>
   Converse Sweater Z-2212
  </name>
  <category>
   Sweater
  </category>
  <size>
   XL
  </size>
  <color>
   Голубой
  </color>
  <material>
   Лен
  </material>
  <price>
   714073
  </price>
  <rating>
   4.25
  </rating>
  <reviews>
   737007
  </reviews>
  <new>
   +
  </new>
  <exclusive>
   no
  </exclusive>
  <sporty>
   no
  </sporty>
 </clothing>
 <clothing>
  <id>
   522803304
  </id>
  <name>
   Under Armour Handbags H-1559
  </name>
  <category>
   Handbags
  </category>
  <size>
   S
  </size>
  <color>
   Красный
  </color>
  <material>
   Шерсть
  </material>
  <price>
   609343
  </price>
  <rating>
   4.05
  </rating>
  <reviews>
   548785
  </reviews>
  <new>
   -
  </new>
  <sporty>
   no
  </sporty>
 </clothing>
 <clothing>
  <id>
   520261410
  </id>
  <name>
   Under Armour Jacket W-4248
  </name>
  <category>
   Jacket
  </category>
  <size>
   L
  </size>
  <color>
   Красный
  </color>
  <material>
   Кожа
  </material>
  <price>
   711699
  </price>
  <rating>
   3.28
  </rating>
  <reviews>
   668776
  </reviews>
  <sporty>
   no
  </sporty>
 </clothing>
 <clothing>
  <id>
   473212459
  </id>
  <name>
   Addidas Gloves C-3576
  </name>
  <category>
   Gloves
  </category>
  <size>
   XXL
  </size>
  <color>
   Оранжевый
  </color>
  <material>
   Шелк
  </material>
  <price>
   989955
  </price>
  <rating>
   4.09
  </rating>
  <reviews>
   746068
  </reviews>
  <exclusive>
   yes
  </exclusive>
  <sporty>
   no
  </sporty>
 </clothing>
 <clothing>
  <id>
   428049448
  </id>
  <name>
   Puma Handbags S-8542
  </name>
  <category>
   Handbags
  </category>
  <size>
   L
  </size>
  <color>
   Желтый
  </color>
  <material>
   Хлопок
  </material>
  <price>
   931701
  </price>
  <rating>
   3.92
  </rating>
  <reviews>
   488267
  </reviews>
  <exclusive>
   yes
  </exclusive>
 </clothing>
 <clothing>
  <id>
   372080796
  </id>
  <name>
   Adidas Shoes D-9610
  </name>
  <category>
   Shoes
  </category>
  <size>
   L
  </size>
  <color>
   Оранжевый
  </color>
  <material>
   Вискоза
  </material>
  <price>
   595020
  </price>
  <rating>
   1.48
  </rating>
  <reviews>
   451482
  </reviews>
  <new>
   +
  </new>
  <exclusive>
   no
  </exclusive>
  <sporty>
   no
  </sporty>
 </clothing>
 <clothing>
  <id>
   844566912
  </id>
  <name>
   Ellesse Jacket K-4418
  </name>
  <category>
   Jacket
  </category>
  <size>
   S
  </size>
  <color>
   Желтый
  </color>
  <material>
   Вискоза
  </material>
  <price>
   271260
  </price>
  <rating>
   4.94
  </rating>
  <reviews>
   337504
  </reviews>
  <new>
   +
  </new>
  <sporty>
   no
  </sporty>
 </clothing>
 <clothing>
  <id>
   792130080
  </id>
  <name>
   Lacoste Pants C-8376
  </name>
  <category>
   Pants
  </category>
  <size>
   M
  </size>
  <color>
   Оранжевый
  </color>
  <material>
   Хлопок
  </material>
  <price>
   292745
  </price>
  <rating>
   3.51
  </rating>
  <reviews>
   844087
  </reviews>
  <new>
   -
  </new>
  <exclusive>
   yes
  </exclusive>
  <sporty>
   no
  </sporty>
 </clothing>
 <clothing>
  <id>
   159933672
  </id>
  <name>
   Ellesse Dress I-7513
  </name>
  <category>
   Dress
  </category>
  <size>
   M
  </size>
  <color>
   Зеленый
  </color>
  <material>
   Кожа
  </material>
  <price>
   720740
  </price>
  <rating>
   4.83
  </rating>
  <reviews>
   50143
  </reviews>
  <exclusive>
   yes
  </exclusive>
  <sporty>
   no
  </sporty>
 </clothing>
 <clothing>
  <id>
   890173377
  </id>
  <name>
   Nike Pants W-6207
  </name>
  <category>
   Pants
  </category>
  <size>
   S
  </size>
  <color>
   Оранжевый
  </color>
  <material>
   Шерсть
  </material>
  <price>
   925865
  </price>
  <rating>
   1.05
  </rating>
  <reviews>
   211397
  </reviews>
  <exclusive>
   yes
  </exclusive>
 </clothing>
 <clothing>
  <id>
   127924965
  </id>
  <name>
   Fila Gloves I-8337
  </name>
  <category>
   Gloves
  </category>
  <size>
   XXL
  </size>
  <color>
   Красный
  </color>
  <material>
   Хлопок
  </material>
  <price>
   766825
  </price>
  <rating>
   3.02
  </rating>
  <reviews>
   15819
  </reviews>
  <new>
   -
  </new>
 </clothing>
 <clothing>
  <id>
   361118815
  </id>
  <name>
   New Balance Pants G-5472
  </name>
  <category>
   Pants
  </category>
  <size>
   XXL
  </size>
  <color>
   Голубой
  </color>
  <material>
   Нейлон
  </material>
  <price>
   335203
  </price>
  <rating>
   2.52
  </rating>
  <reviews>
   696726
  </reviews>
  <new>
   +
  </new>
  <sporty>
   no
  </sporty>
 </clothing>
 <clothing>
  <id>
   601660033
  </id>
  <name>
   Converse Gloves H-1262
  </name>
  <category>
   Gloves
  </category>
  <size>
   L
  </size>
  <color>
   Голубой
  </color>
  <material>
   Полиэстер
  </material>
  <price>
   704109
  </price>
  <rating>
   3.93
  </rating>
  <reviews>
   584531
  </reviews>
  <new>
   -
  </new>
  <sporty>
   no
  </sporty>
 </clothing>
 <clothing>
  <id>
   756970342
  </id>
  <name>
   New Balance Shoes Y-2712
  </name>
  <category>
   Shoes
  </category>
  <size>
   S
  </size>
  <color>
   Желтый
  </color>
  <material>
   Лен
  </material>
  <price>
   637150
  </price>
  <rating>
   3.61
  </rating>
  <reviews>
   505976
  </reviews>
  <new>
   -
  </new>
  <exclusive>
   no
  </exclusive>
  <sporty>
   yes
  </sporty>
 </clothing>
 <clothing>
  <id>
   246031926
  </id>
  <name>
   DC Hat N-9621
  </name>
  <category>
   Hat
  </category>
  <size>
   M
  </size>
  <color>
   Голубой
  </color>
  <material>
   Полиэстер
  </material>
  <price>
   421656
  </price>
  <rating>
   3.44
  </rating>
  <reviews>
   994401
  </reviews>
  <new>
   -
  </new>
 </clothing>
 <clothing>
  <id>
   326378839
  </id>
  <name>
   DC Umbrellas D-3854
  </name>
  <category>
   Umbrellas
  </category>
  <size>
   XL
  </size>
  <color>
   Фиолетовый
  </color>
  <material>
   Шелк
  </material>
  <price>
   188497
  </price>
  <rating>
   2.12
  </rating>
  <reviews>
   550525
  </reviews>
  <new>
   +
  </new>
 </clothing>
 <clothing>
  <id>
   158532784
  </id>
  <name>
   DC Hat U-4947
  </name>
  <category>
   Hat
  </category>
  <size>
   S
  </size>
  <color>
   Зеленый
  </color>
  <material>
   Полиэстер
  </material>
  <price>
   985968
  </price>
  <rating>
   2.12
  </rating>
  <reviews>
   539264
  </reviews>
  <new>
   -
  </new>
  <sporty>
   no
  </sporty>
 </clothing>
 <clothing>
  <id>
   905940689
  </id>
  <name>
   New Balance Hat P-7369
  </name>
  <category>
   Hat
  </category>
  <size>
   M
  </size>
  <color>
   Желтый
  </color>
  <material>
   Шелк
  </material>
  <price>
   246698
  </price>
  <rating>
   3.57
  </rating>
  <reviews>
   315272
  </reviews>
  <exclusive>
   yes
  </exclusive>
  <sporty>
   yes
  </sporty>
 </clothing>
 <clothing>
  <id>
   629537992
  </id>
  <name>
   Converse Socks G-9798
  </name>
  <category>
   Socks
  </category>
  <size>
   S
  </size>
  <color>
   Зеленый
  </color>
  <material>
   Вискоза
  </material>
  <price>
   411243
  </price>
  <rating>
   2.46
  </rating>
  <reviews>
   986545
  </reviews>
  <new>
   -
  </new>
  <sporty>
   no
  </sporty>
 </clothing>
</clothing-items>
