<?xml version="1.0" encoding="utf-8"?>
<clothing-items>
 <clothing>
  <id>
   425446310
  </id>
  <name>
   Nike Skirt I-2412
  </name>
  <category>
   Skirt
  </category>
  <size>
   S
  </size>
  <color>
   Желтый
  </color>
  <material>
   Хлопок
  </material>
  <price>
   959218
  </price>
  <rating>
   1.87
  </rating>
  <reviews>
   535233
  </reviews>
  <exclusive>
   yes
  </exclusive>
  <sporty>
   yes
  </sporty>
 </clothing>
 <clothing>
  <id>
   407300275
  </id>
  <name>
   Puma Handbags K-1988
  </name>
  <category>
   Handbags
  </category>
  <size>
   XL
  </size>
  <color>
   Синий
  </color>
  <material>
   Вискоза
  </material>
  <price>
   324103
  </price>
  <rating>
   4.63
  </rating>
  <reviews>
   654774
  </reviews>
  <exclusive>
   yes
  </exclusive>
 </clothing>
 <clothing>
  <id>
   982141248
  </id>
  <name>
   New Balance Jeans X-7990
  </name>
  <category>
   Jeans
  </category>
  <size>
   XXL
  </size>
  <color>
   Голубой
  </color>
  <material>
   Шелк
  </material>
  <price>
   599121
  </price>
  <rating>
   1.99
  </rating>
  <reviews>
   196363
  </reviews>
  <exclusive>
   yes
  </exclusive>
 </clothing>
 <clothing>
  <id>
   926879869
  </id>
  <name>
   New Balance Blouse J-4566
  </name>
  <category>
   Blouse
  </category>
  <size>
   L
  </size>
  <color>
   Оранжевый
  </color>
  <material>
   Лен
  </material>
  <price>
   493909
  </price>
  <rating>
   4.58
  </rating>
  <reviews>
   734906
  </reviews>
  <new>
   +
  </new>
  <sporty>
   yes
  </sporty>
 </clothing>
 <clothing>
  <id>
   675871421
  </id>
  <name>
   Vans Dress I-5023
  </name>
  <category>
   Dress
  </category>
  <size>
   XXL
  </size>
  <color>
   Фиолетовый
  </color>
  <material>
   Лен
  </material>
  <price>
   861595
  </price>
  <rating>
   3.67
  </rating>
  <reviews>
   814707
  </reviews>
  <new>
   -
  </new>
  <sporty>
   no
  </sporty>
 </clothing>
 <clothing>
  <id>
   186200111
  </id>
  <name>
   Reebok Sweater F-6918
  </name>
  <category>
   Sweater
  </category>
  <size>
   XL
  </size>
  <color>
   Голубой
  </color>
  <material>
   Полиэстер
  </material>
  <price>
   664112
  </price>
  <rating>
   2.32
  </rating>
  <reviews>
   73668
  </reviews>
  <new>
   -
  </new>
  <exclusive>
   no
  </exclusive>
 </clothing>
 <clothing>
  <id>
   535557351
  </id>
  <name>
   Fila T-shirt B-9813
  </name>
  <category>
   T-shirt
  </category>
  <size>
   M
  </size>
  <color>
   Зеленый
  </color>
  <material>
   Нейлон
  </material>
  <price>
   964911
  </price>
  <rating>
   2.45
  </rating>
  <reviews>
   718243
  </reviews>
  <new>
   -
  </new>
  <sporty>
   no
  </sporty>
 </clothing>
 <clothing>
  <id>
   864324927
  </id>
  <name>
   Puma Pants E-9778
  </name>
  <category>
   Pants
  </category>
  <size>
   M
  </size>
  <color>
   Фиолетовый
  </color>
  <material>
   Кожа
  </material>
  <price>
   562539
  </price>
  <rating>
   3.83
  </rating>
  <reviews>
   263426
  </reviews>
  <new>
   +
  </new>
  <sporty>
   yes
  </sporty>
 </clothing>
 <clothing>
  <id>
   633091423
  </id>
  <name>
   Converse Sweater Z-1351
  </name>
  <category>
   Sweater
  </category>
  <size>
   S
  </size>
  <color>
   Голубой
  </color>
  <material>
   Вискоза
  </material>
  <price>
   329216
  </price>
  <rating>
   3.82
  </rating>
  <reviews>
   589507
  </reviews>
  <exclusive>
   yes
  </exclusive>
  <sporty>
   no
  </sporty>
 </clothing>
 <clothing>
  <id>
   806983741
  </id>
  <name>
   Fila Shirt G-3271
  </name>
  <category>
   Shirt
  </category>
  <size>
   M
  </size>
  <color>
   Голубой
  </color>
  <material>
   Хлопок
  </material>
  <price>
   961257
  </price>
  <rating>
   3.72
  </rating>
  <reviews>
   934243
  </reviews>
  <new>
   +
  </new>
  <exclusive>
   no
  </exclusive>
 </clothing>
 <clothing>
  <id>
   461526396
  </id>
  <name>
   DC Jeans E-8115
  </name>
  <category>
   Jeans
  </category>
  <size>
   M
  </size>
  <color>
   Оранжевый
  </color>
  <material>
   Нейлон
  </material>
  <price>
   854991
  </price>
  <rating>
   1.24
  </rating>
  <reviews>
   522922
  </reviews>
  <new>
   -
  </new>
 </clothing>
 <clothing>
  <id>
   510493956
  </id>
  <name>
   PleinSport Jeans G-5400
  </name>
  <category>
   Jeans
  </category>
  <size>
   XL
  </size>
  <color>
   Синий
  </color>
  <material>
   Лен
  </material>
  <price>
   679831
  </price>
  <rating>
   3.06
  </rating>
  <reviews>
   736200
  </reviews>
  <exclusive>
   yes
  </exclusive>
  <sporty>
   no
  </sporty>
 </clothing>
 <clothing>
  <id>
   133624643
  </id>
  <name>
   Ellesse Belts U-5397
  </name>
  <category>
   Belts
  </category>
  <size>
   XXL
  </size>
  <color>
   Оранжевый
  </color>
  <material>
   Лен
  </material>
  <price>
   927186
  </price>
  <rating>
   1.33
  </rating>
  <reviews>
   238824
  </reviews>
  <new>
   +
  </new>
  <exclusive>
   no
  </exclusive>
  <sporty>
   yes
  </sporty>
 </clothing>
 <clothing>
  <id>
   432534402
  </id>
  <name>
   PleinSport Handbags D-2394
  </name>
  <category>
   Handbags
  </category>
  <size>
   M
  </size>
  <color>
   Синий
  </color>
  <material>
   Нейлон
  </material>
  <price>
   555590
  </price>
  <rating>
   1.54
  </rating>
  <reviews>
   289823
  </reviews>
  <new>
   +
  </new>
  <exclusive>
   no
  </exclusive>
  <sporty>
   no
  </sporty>
 </clothing>
 <clothing>
  <id>
   523258207
  </id>
  <name>
   DC Belts R-6753
  </name>
  <category>
   Belts
  </category>
  <size>
   XXL
  </size>
  <color>
   Фиолетовый
  </color>
  <material>
   Шелк
  </material>
  <price>
   144224
  </price>
  <rating>
   3.11
  </rating>
  <reviews>
   841925
  </reviews>
  <exclusive>
   yes
  </exclusive>
  <sporty>
   yes
  </sporty>
 </clothing>
 <clothing>
  <id>
   405866967
  </id>
  <name>
   Reebok Jeans W-7807
  </name>
  <category>
   Jeans
  </category>
  <size>
   M
  </size>
  <color>
   Красный
  </color>
  <material>
   Лен
  </material>
  <price>
   371673
  </price>
  <rating>
   2.52
  </rating>
  <reviews>
   955593
  </reviews>
  <new>
   +
  </new>
  <sporty>
   yes
  </sporty>
 </clothing>
 <clothing>
  <id>
   665862042
  </id>
  <name>
   Asics Gloves L-1520
  </name>
  <category>
   Gloves
  </category>
  <size>
   L
  </size>
  <color>
   Синий
  </color>
  <material>
   Вискоза
  </material>
  <price>
   803840
  </price>
  <rating>
   2.01
  </rating>
  <reviews>
   445005
  </reviews>
  <sporty>
   yes
  </sporty>
 </clothing>
 <clothing>
  <id>
   186716889
  </id>
  <name>
   Under Armour T-shirt M-7999
  </name>
  <category>
   T-shirt
  </category>
  <size>
   L
  </size>
  <color>
   Голубой
  </color>
  <material>
   Нейлон
  </material>
  <price>
   805323
  </price>
  <rating>
   2.96
  </rating>
  <reviews>
   562101
  </reviews>
  <new>
   +
  </new>
  <exclusive>
   no
  </exclusive>
  <sporty>
   yes
  </sporty>
 </clothing>
 <clothing>
  <id>
   769173955
  </id>
  <name>
   Vans Hat E-8928
  </name>
  <category>
   Hat
  </category>
  <size>
   S
  </size>
  <color>
   Синий
  </color>
  <material>
   Лен
  </material>
  <price>
   260959
  </price>
  <rating>
   4.91
  </rating>
  <reviews>
   78682
  </reviews>
 </clothing>
 <clothing>
  <id>
   140720040
  </id>
  <name>
   Brooks Shoes L-5808
  </name>
  <category>
   Shoes
  </category>
  <size>
   L
  </size>
  <color>
   Оранжевый
  </color>
  <material>
   Хлопок
  </material>
  <price>
   535535
  </price>
  <rating>
   2.28
  </rating>
  <reviews>
   104484
  </reviews>
  <new>
   -
  </new>
 </clothing>
 <clothing>
  <id>
   252477306
  </id>
  <name>
   Brooks Blouse X-2633
  </name>
  <category>
   Blouse
  </category>
  <size>
   S
  </size>
  <color>
   Оранжевый
  </color>
  <material>
   Шерсть
  </material>
  <price>
   601784
  </price>
  <rating>
   4.93
  </rating>
  <reviews>
   861987
  </reviews>
 </clothing>
 <clothing>
  <id>
   809287176
  </id>
  <name>
   Brooks Socks H-5408
  </name>
  <category>
   Socks
  </category>
  <size>
   XXL
  </size>
  <color>
   Фиолетовый
  </color>
  <material>
   Лен
  </material>
  <price>
   453568
  </price>
  <rating>
   4.62
  </rating>
  <reviews>
   592463
  </reviews>
  <sporty>
   yes
  </sporty>
 </clothing>
 <clothing>
  <id>
   231782367
  </id>
  <name>
   Addidas Dress U-4725
  </name>
  <category>
   Dress
  </category>
  <size>
   XXL
  </size>
  <color>
   Желтый
  </color>
  <material>
   Кожа
  </material>
  <price>
   476781
  </price>
  <rating>
   1.89
  </rating>
  <reviews>
   341825
  </reviews>
 </clothing>
 <clothing>
  <id>
   766358433
  </id>
  <name>
   Brooks Shoes K-2311
  </name>
  <category>
   Shoes
  </category>
  <size>
   L
  </size>
  <color>
   Желтый
  </color>
  <material>
   Полиэстер
  </material>
  <price>
   764535
  </price>
  <rating>
   1.92
  </rating>
  <reviews>
   569276
  </reviews>
 </clothing>
 <clothing>
  <id>
   734764792
  </id>
  <name>
   New Balance T-shirt M-6792
  </name>
  <category>
   T-shirt
  </category>
  <size>
   L
  </size>
  <color>
   Голубой
  </color>
  <material>
   Полиэстер
  </material>
  <price>
   299519
  </price>
  <rating>
   2.82
  </rating>
  <reviews>
   903716
  </reviews>
  <sporty>
   yes
  </sporty>
 </clothing>
 <clothing>
  <id>
   968732329
  </id>
  <name>
   Adidas Skirt O-6362
  </name>
  <category>
   Skirt
  </category>
  <size>
   S
  </size>
  <color>
   Желтый
  </color>
  <material>
   Лен
  </material>
  <price>
   932455
  </price>
  <rating>
   3.51
  </rating>
  <reviews>
   512314
  </reviews>
 </clothing>
 <clothing>
  <id>
   551271536
  </id>
  <name>
   Addidas Jeans V-7754
  </name>
  <category>
   Jeans
  </category>
  <size>
   S
  </size>
  <color>
   Голубой
  </color>
  <material>
   Хлопок
  </material>
  <price>
   728212
  </price>
  <rating>
   2.6
  </rating>
  <reviews>
   216087
  </reviews>
  <new>
   -
  </new>
  <exclusive>
   yes
  </exclusive>
 </clothing>
 <clothing>
  <id>
   955265825
  </id>
  <name>
   Adidas Hat O-6637
  </name>
  <category>
   Hat
  </category>
  <size>
   L
  </size>
  <color>
   Синий
  </color>
  <material>
   Полиэстер
  </material>
  <price>
   350601
  </price>
  <rating>
   3.41
  </rating>
  <reviews>
   527678
  </reviews>
  <new>
   -
  </new>
 </clothing>
 <clothing>
  <id>
   639605985
  </id>
  <name>
   Under Armour Dress J-4727
  </name>
  <category>
   Dress
  </category>
  <size>
   L
  </size>
  <color>
   Желтый
  </color>
  <material>
   Шерсть
  </material>
  <price>
   943683
  </price>
  <rating>
   4.06
  </rating>
  <reviews>
   729752
  </reviews>
  <exclusive>
   yes
  </exclusive>
 </clothing>
 <clothing>
  <id>
   791185524
  </id>
  <name>
   Fila Socks D-1529
  </name>
  <category>
   Socks
  </category>
  <size>
   M
  </size>
  <color>
   Зеленый
  </color>
  <material>
   Лен
  </material>
  <price>
   666292
  </price>
  <rating>
   2.43
  </rating>
  <reviews>
   603357
  </reviews>
  <new>
   -
  </new>
  <exclusive>
   no
  </exclusive>
  <sporty>
   yes
  </sporty>
 </clothing>
 <clothing>
  <id>
   280119390
  </id>
  <name>
   New Balance Gloves D-2162
  </name>
  <category>
   Gloves
  </category>
  <size>
   XL
  </size>
  <color>
   Оранжевый
  </color>
  <material>
   Полиэстер
  </material>
  <price>
   528914
  </price>
  <rating>
   2.67
  </rating>
  <reviews>
   467547
  </reviews>
  <exclusive>
   yes
  </exclusive>
 </clothing>
 <clothing>
  <id>
   398727894
  </id>
  <name>
   Brooks Dress O-6536
  </name>
  <category>
   Dress
  </category>
  <size>
   L
  </size>
  <color>
   Оранжевый
  </color>
  <material>
   Нейлон
  </material>
  <price>
   547098
  </price>
  <rating>
   3.16
  </rating>
  <reviews>
   179169
  </reviews>
 </clothing>
 <clothing>
  <id>
   269510802
  </id>
  <name>
   Lacoste Handbags T-8127
  </name>
  <category>
   Handbags
  </category>
  <size>
   M
  </size>
  <color>
   Фиолетовый
  </color>
  <material>
   Шерсть
  </material>
  <price>
   755057
  </price>
  <rating>
   4.36
  </rating>
  <reviews>
   657178
  </reviews>
  <new>
   +
  </new>
 </clothing>
 <clothing>
  <id>
   566770440
  </id>
  <name>
   Asics Sweater P-8661
  </name>
  <category>
   Sweater
  </category>
  <size>
   XL
  </size>
  <color>
   Голубой
  </color>
  <material>
   Вискоза
  </material>
  <price>
   104159
  </price>
  <rating>
   2.91
  </rating>
  <reviews>
   370825
  </reviews>
  <new>
   +
  </new>
  <exclusive>
   no
  </exclusive>
  <sporty>
   no
  </sporty>
 </clothing>
 <clothing>
  <id>
   320534707
  </id>
  <name>
   Adidas T-shirt G-7000
  </name>
  <category>
   T-shirt
  </category>
  <size>
   L
  </size>
  <color>
   Зеленый
  </color>
  <material>
   Вискоза
  </material>
  <price>
   304936
  </price>
  <rating>
   4.72
  </rating>
  <reviews>
   507801
  </reviews>
  <exclusive>
   no
  </exclusive>
 </clothing>
 <clothing>
  <id>
   562757898
  </id>
  <name>
   Converse Skirt T-7256
  </name>
  <category>
   Skirt
  </category>
  <size>
   XXL
  </size>
  <color>
   Желтый
  </color>
  <material>
   Хлопок
  </material>
  <price>
   703359
  </price>
  <rating>
   1.64
  </rating>
  <reviews>
   490804
  </reviews>
  <exclusive>
   no
  </exclusive>
  <sporty>
   no
  </sporty>
 </clothing>
 <clothing>
  <id>
   248606299
  </id>
  <name>
   DC Belts N-9282
  </name>
  <category>
   Belts
  </category>
  <size>
   XL
  </size>
  <color>
   Красный
  </color>
  <material>
   Кожа
  </material>
  <price>
   903331
  </price>
  <rating>
   4.9
  </rating>
  <reviews>
   626903
  </reviews>
  <new>
   -
  </new>
  <exclusive>
   no
  </exclusive>
  <sporty>
   no
  </sporty>
 </clothing>
 <clothing>
  <id>
   193439655
  </id>
  <name>
   Puma Shirt F-5388
  </name>
  <category>
   Shirt
  </category>
  <size>
   XL
  </size>
  <color>
   Фиолетовый
  </color>
  <material>
   Шелк
  </material>
  <price>
   181013
  </price>
  <rating>
   2.08
  </rating>
  <reviews>
   895297
  </reviews>
  <exclusive>
   yes
  </exclusive>
 </clothing>
 <clothing>
  <id>
   213739693
  </id>
  <name>
   PleinSport Umbrellas F-3399
  </name>
  <category>
   Umbrellas
  </category>
  <size>
   L
  </size>
  <color>
   Желтый
  </color>
  <material>
   Полиэстер
  </material>
  <price>
   650237
  </price>
  <rating>
   2.58
  </rating>
  <reviews>
   229035
  </reviews>
  <exclusive>
   yes
  </exclusive>
  <sporty>
   no
  </sporty>
 </clothing>
 <clothing>
  <id>
   842371399
  </id>
  <name>
   Reebok Shirt Z-1955
  </name>
  <category>
   Shirt
  </category>
  <size>
   L
  </size>
  <color>
   Синий
  </color>
  <material>
   Полиэстер
  </material>
  <price>
   961947
  </price>
  <rating>
   1.07
  </rating>
  <reviews>
   946038
  </reviews>
  <new>
   -
  </new>
  <exclusive>
   no
  </exclusive>
 </clothing>
 <clothing>
  <id>
   837026529
  </id>
  <name>
   Brooks Blouse N-9400
  </name>
  <category>
   Blouse
  </category>
  <size>
   XXL
  </size>
  <color>
   Голубой
  </color>
  <material>
   Нейлон
  </material>
  <price>
   358750
  </price>
  <rating>
   3.5
  </rating>
  <reviews>
   790595
  </reviews>
 </clothing>
 <clothing>
  <id>
   900905961
  </id>
  <name>
   DC Jacket B-8087
  </name>
  <category>
   Jacket
  </category>
  <size>
   XXL
  </size>
  <color>
   Красный
  </color>
  <material>
   Нейлон
  </material>
  <price>
   811376
  </price>
  <rating>
   3.7
  </rating>
  <reviews>
   396264
  </reviews>
  <new>
   +
  </new>
  <exclusive>
   yes
  </exclusive>
  <sporty>
   no
  </sporty>
 </clothing>
 <clothing>
  <id>
   207645280
  </id>
  <name>
   Lacoste Dress V-1339
  </name>
  <category>
   Dress
  </category>
  <size>
   S
  </size>
  <color>
   Красный
  </color>
  <material>
   Шерсть
  </material>
  <price>
   370242
  </price>
  <rating>
   4.92
  </rating>
  <reviews>
   477372
  </reviews>
  <new>
   -
  </new>
  <exclusive>
   yes
  </exclusive>
 </clothing>
 <clothing>
  <id>
   698816290
  </id>
  <name>
   Ellesse Umbrellas D-5023
  </name>
  <category>
   Umbrellas
  </category>
  <size>
   XL
  </size>
  <color>
   Синий
  </color>
  <material>
   Шерсть
  </material>
  <price>
   920279
  </price>
  <rating>
   4.66
  </rating>
  <reviews>
   73727
  </reviews>
  <new>
   -
  </new>
  <exclusive>
   yes
  </exclusive>
  <sporty>
   no
  </sporty>
 </clothing>
 <clothing>
  <id>
   295453445
  </id>
  <name>
   Reebok Jacket A-7353
  </name>
  <category>
   Jacket
  </category>
  <size>
   M
  </size>
  <color>
   Голубой
  </color>
  <material>
   Хлопок
  </material>
  <price>
   926197
  </price>
  <rating>
   1.97
  </rating>
  <reviews>
   692745
  </reviews>
  <new>
   +
  </new>
  <sporty>
   yes
  </sporty>
 </clothing>
 <clothing>
  <id>
   185428270
  </id>
  <name>
   Reebok Blouse Z-3450
  </name>
  <category>
   Blouse
  </category>
  <size>
   XXL
  </size>
  <color>
   Зеленый
  </color>
  <material>
   Хлопок
  </material>
  <price>
   119195
  </price>
  <rating>
   4.04
  </rating>
  <reviews>
   792222
  </reviews>
  <exclusive>
   yes
  </exclusive>
 </clothing>
 <clothing>
  <id>
   524019714
  </id>
  <name>
   Asics Skirt O-1410
  </name>
  <category>
   Skirt
  </category>
  <size>
   XXL
  </size>
  <color>
   Голубой
  </color>
  <material>
   Нейлон
  </material>
  <price>
   939154
  </price>
  <rating>
   4.29
  </rating>
  <reviews>
   672427
  </reviews>
  <new>
   +
  </new>
  <exclusive>
   no
  </exclusive>
  <sporty>
   yes
  </sporty>
 </clothing>
 <clothing>
  <id>
   787595927
  </id>
  <name>
   Asics Belts Q-1060
  </name>
  <category>
   Belts
  </category>
  <size>
   XL
  </size>
  <color>
   Голубой
  </color>
  <material>
   Нейлон
  </material>
  <price>
   942232
  </price>
  <rating>
   2.98
  </rating>
  <reviews>
   997258
  </reviews>
  <new>
   -
  </new>
 </clothing>
</clothing-items>
