<?xml version="1.0" encoding="utf-8"?>
<clothing-items>
 <clothing>
  <id>
   238070467
  </id>
  <name>
   PleinSport Pants Z-7734
  </name>
  <category>
   Pants
  </category>
  <size>
   XXL
  </size>
  <color>
   Фиолетовый
  </color>
  <material>
   Вискоза
  </material>
  <price>
   712611
  </price>
  <rating>
   2.87
  </rating>
  <reviews>
   632377
  </reviews>
  <new>
   -
  </new>
 </clothing>
 <clothing>
  <id>
   367764599
  </id>
  <name>
   Converse Pants M-8974
  </name>
  <category>
   Pants
  </category>
  <size>
   L
  </size>
  <color>
   Синий
  </color>
  <material>
   Шерсть
  </material>
  <price>
   266743
  </price>
  <rating>
   1.41
  </rating>
  <reviews>
   975018
  </reviews>
  <new>
   -
  </new>
  <sporty>
   no
  </sporty>
 </clothing>
 <clothing>
  <id>
   826105655
  </id>
  <name>
   Adidas Shirt Y-2024
  </name>
  <category>
   Shirt
  </category>
  <size>
   M
  </size>
  <color>
   Фиолетовый
  </color>
  <material>
   Лен
  </material>
  <price>
   849038
  </price>
  <rating>
   1.54
  </rating>
  <reviews>
   924704
  </reviews>
  <new>
   -
  </new>
  <exclusive>
   no
  </exclusive>
  <sporty>
   no
  </sporty>
 </clothing>
 <clothing>
  <id>
   853552830
  </id>
  <name>
   Nike Jacket V-8921
  </name>
  <category>
   Jacket
  </category>
  <size>
   S
  </size>
  <color>
   Фиолетовый
  </color>
  <material>
   Вискоза
  </material>
  <price>
   970599
  </price>
  <rating>
   1.21
  </rating>
  <reviews>
   473405
  </reviews>
  <new>
   -
  </new>
  <sporty>
   no
  </sporty>
 </clothing>
 <clothing>
  <id>
   622178152
  </id>
  <name>
   Under Armour Umbrellas C-4699
  </name>
  <category>
   Umbrellas
  </category>
  <size>
   XXL
  </size>
  <color>
   Фиолетовый
  </color>
  <material>
   Шерсть
  </material>
  <price>
   326151
  </price>
  <rating>
   4.66
  </rating>
  <reviews>
   85955
  </reviews>
 </clothing>
 <clothing>
  <id>
   479532325
  </id>
  <name>
   New Balance Gloves J-3122
  </name>
  <category>
   Gloves
  </category>
  <size>
   M
  </size>
  <color>
   Красный
  </color>
  <material>
   Полиэстер
  </material>
  <price>
   430458
  </price>
  <rating>
   1.93
  </rating>
  <reviews>
   792508
  </reviews>
  <new>
   -
  </new>
  <sporty>
   no
  </sporty>
 </clothing>
 <clothing>
  <id>
   816972406
  </id>
  <name>
   PleinSport Blouse P-2867
  </name>
  <category>
   Blouse
  </category>
  <size>
   L
  </size>
  <color>
   Синий
  </color>
  <material>
   Полиэстер
  </material>
  <price>
   537654
  </price>
  <rating>
   3.15
  </rating>
  <reviews>
   887419
  </reviews>
  <new>
   +
  </new>
  <exclusive>
   no
  </exclusive>
 </clothing>
 <clothing>
  <id>
   405305839
  </id>
  <name>
   Puma Dress Y-8432
  </name>
  <category>
   Dress
  </category>
  <size>
   M
  </size>
  <color>
   Красный
  </color>
  <material>
   Хлопок
  </material>
  <price>
   577141
  </price>
  <rating>
   1.31
  </rating>
  <reviews>
   768360
  </reviews>
  <exclusive>
   no
  </exclusive>
 </clothing>
 <clothing>
  <id>
   418424924
  </id>
  <name>
   Puma Shoes F-9153
  </name>
  <category>
   Shoes
  </category>
  <size>
   XXL
  </size>
  <color>
   Желтый
  </color>
  <material>
   Шерсть
  </material>
  <price>
   435383
  </price>
  <rating>
   3.49
  </rating>
  <reviews>
   882711
  </reviews>
  <new>
   -
  </new>
  <exclusive>
   no
  </exclusive>
 </clothing>
 <clothing>
  <id>
   953229955
  </id>
  <name>
   PleinSport Pants O-9354
  </name>
  <category>
   Pants
  </category>
  <size>
   XL
  </size>
  <color>
   Голубой
  </color>
  <material>
   Хлопок
  </material>
  <price>
   130255
  </price>
  <rating>
   3.91
  </rating>
  <reviews>
   160275
  </reviews>
  <new>
   -
  </new>
  <exclusive>
   yes
  </exclusive>
 </clothing>
 <clothing>
  <id>
   711197709
  </id>
  <name>
   Ellesse T-shirt T-6294
  </name>
  <category>
   T-shirt
  </category>
  <size>
   M
  </size>
  <color>
   Красный
  </color>
  <material>
   Лен
  </material>
  <price>
   150923
  </price>
  <rating>
   4.37
  </rating>
  <reviews>
   943684
  </reviews>
 </clothing>
 <clothing>
  <id>
   448365238
  </id>
  <name>
   Lacoste Gloves K-9973
  </name>
  <category>
   Gloves
  </category>
  <size>
   XL
  </size>
  <color>
   Желтый
  </color>
  <material>
   Хлопок
  </material>
  <price>
   211628
  </price>
  <rating>
   2.76
  </rating>
  <reviews>
   23338
  </reviews>
  <new>
   +
  </new>
  <sporty>
   no
  </sporty>
 </clothing>
 <clothing>
  <id>
   478256693
  </id>
  <name>
   Addidas Hat F-1470
  </name>
  <category>
   Hat
  </category>
  <size>
   M
  </size>
  <color>
   Желтый
  </color>
  <material>
   Кожа
  </material>
  <price>
   641793
  </price>
  <rating>
   1.55
  </rating>
  <reviews>
   263745
  </reviews>
  <new>
   -
  </new>
  <sporty>
   no
  </sporty>
 </clothing>
 <clothing>
  <id>
   454828345
  </id>
  <name>
   Asics Handbags I-9327
  </name>
  <category>
   Handbags
  </category>
  <size>
   S
  </size>
  <color>
   Голубой
  </color>
  <material>
   Хлопок
  </material>
  <price>
   476030
  </price>
  <rating>
   2.42
  </rating>
  <reviews>
   486538
  </reviews>
  <new>
   -
  </new>
  <sporty>
   yes
  </sporty>
 </clothing>
 <clothing>
  <id>
   635212417
  </id>
  <name>
   DC Handbags K-7105
  </name>
  <category>
   Handbags
  </category>
  <size>
   XL
  </size>
  <color>
   Красный
  </color>
  <material>
   Полиэстер
  </material>
  <price>
   241918
  </price>
  <rating>
   2.68
  </rating>
  <reviews>
   834847
  </reviews>
  <new>
   +
  </new>
  <exclusive>
   yes
  </exclusive>
 </clothing>
 <clothing>
  <id>
   752910287
  </id>
  <name>
   DC Jeans H-1538
  </name>
  <category>
   Jeans
  </category>
  <size>
   XXL
  </size>
  <color>
   Желтый
  </color>
  <material>
   Шелк
  </material>
  <price>
   130946
  </price>
  <rating>
   4.73
  </rating>
  <reviews>
   6440
  </reviews>
  <new>
   -
  </new>
  <exclusive>
   yes
  </exclusive>
  <sporty>
   no
  </sporty>
 </clothing>
 <clothing>
  <id>
   483259298
  </id>
  <name>
   Converse Blouse X-3026
  </name>
  <category>
   Blouse
  </category>
  <size>
   L
  </size>
  <color>
   Красный
  </color>
  <material>
   Лен
  </material>
  <price>
   746299
  </price>
  <rating>
   3.27
  </rating>
  <reviews>
   136250
  </reviews>
 </clothing>
 <clothing>
  <id>
   133788066
  </id>
  <name>
   New Balance Belts I-9067
  </name>
  <category>
   Belts
  </category>
  <size>
   S
  </size>
  <color>
   Синий
  </color>
  <material>
   Полиэстер
  </material>
  <price>
   169518
  </price>
  <rating>
   4.56
  </rating>
  <reviews>
   426286
  </reviews>
  <new>
   -
  </new>
  <sporty>
   no
  </sporty>
 </clothing>
 <clothing>
  <id>
   822018891
  </id>
  <name>
   Reebok Pants A-7515
  </name>
  <category>
   Pants
  </category>
  <size>
   XXL
  </size>
  <color>
   Голубой
  </color>
  <material>
   Хлопок
  </material>
  <price>
   555308
  </price>
  <rating>
   2.86
  </rating>
  <reviews>
   424947
  </reviews>
 </clothing>
 <clothing>
  <id>
   121575970
  </id>
  <name>
   Nike Skirt S-5835
  </name>
  <category>
   Skirt
  </category>
  <size>
   XXL
  </size>
  <color>
   Зеленый
  </color>
  <material>
   Хлопок
  </material>
  <price>
   317431
  </price>
  <rating>
   3.3
  </rating>
  <reviews>
   718582
  </reviews>
  <new>
   -
  </new>
  <exclusive>
   no
  </exclusive>
 </clothing>
 <clothing>
  <id>
   339865211
  </id>
  <name>
   Ellesse Jacket S-3929
  </name>
  <category>
   Jacket
  </category>
  <size>
   XL
  </size>
  <color>
   Зеленый
  </color>
  <material>
   Кожа
  </material>
  <price>
   953083
  </price>
  <rating>
   4.94
  </rating>
  <reviews>
   702914
  </reviews>
  <exclusive>
   no
  </exclusive>
  <sporty>
   yes
  </sporty>
 </clothing>
 <clothing>
  <id>
   902613280
  </id>
  <name>
   Converse Skirt Y-1062
  </name>
  <category>
   Skirt
  </category>
  <size>
   XL
  </size>
  <color>
   Зеленый
  </color>
  <material>
   Полиэстер
  </material>
  <price>
   256988
  </price>
  <rating>
   4.12
  </rating>
  <reviews>
   551321
  </reviews>
  <new>
   -
  </new>
  <exclusive>
   no
  </exclusive>
 </clothing>
 <clothing>
  <id>
   853670564
  </id>
  <name>
   Adidas Sweater O-4762
  </name>
  <category>
   Sweater
  </category>
  <size>
   XXL
  </size>
  <color>
   Голубой
  </color>
  <material>
   Полиэстер
  </material>
  <price>
   184798
  </price>
  <rating>
   3.33
  </rating>
  <reviews>
   739708
  </reviews>
  <new>
   +
  </new>
  <exclusive>
   yes
  </exclusive>
 </clothing>
 <clothing>
  <id>
   874506317
  </id>
  <name>
   New Balance Sweater K-6406
  </name>
  <category>
   Sweater
  </category>
  <size>
   XXL
  </size>
  <color>
   Желтый
  </color>
  <material>
   Кожа
  </material>
  <price>
   401306
  </price>
  <rating>
   3.95
  </rating>
  <reviews>
   524683
  </reviews>
 </clothing>
 <clothing>
  <id>
   177177886
  </id>
  <name>
   PleinSport Gloves D-8421
  </name>
  <category>
   Gloves
  </category>
  <size>
   XL
  </size>
  <color>
   Голубой
  </color>
  <material>
   Нейлон
  </material>
  <price>
   419951
  </price>
  <rating>
   3.21
  </rating>
  <reviews>
   435067
  </reviews>
  <sporty>
   no
  </sporty>
 </clothing>
 <clothing>
  <id>
   880021722
  </id>
  <name>
   Fila T-shirt M-6521
  </name>
  <category>
   T-shirt
  </category>
  <size>
   XL
  </size>
  <color>
   Синий
  </color>
  <material>
   Нейлон
  </material>
  <price>
   250397
  </price>
  <rating>
   1.96
  </rating>
  <reviews>
   520557
  </reviews>
  <sporty>
   no
  </sporty>
 </clothing>
 <clothing>
  <id>
   870731634
  </id>
  <name>
   Ellesse Belts H-1735
  </name>
  <category>
   Belts
  </category>
  <size>
   M
  </size>
  <color>
   Желтый
  </color>
  <material>
   Шелк
  </material>
  <price>
   174884
  </price>
  <rating>
   4.94
  </rating>
  <reviews>
   704757
  </reviews>
  <new>
   -
  </new>
  <exclusive>
   no
  </exclusive>
 </clothing>
</clothing-items>
