<?xml version="1.0" encoding="utf-8"?>
<clothing-items>
 <clothing>
  <id>
   965201915
  </id>
  <name>
   Brooks Skirt E-6932
  </name>
  <category>
   Skirt
  </category>
  <size>
   M
  </size>
  <color>
   Фиолетовый
  </color>
  <material>
   Шелк
  </material>
  <price>
   602249
  </price>
  <rating>
   3.79
  </rating>
  <reviews>
   270976
  </reviews>
  <new>
   -
  </new>
  <sporty>
   no
  </sporty>
 </clothing>
 <clothing>
  <id>
   923077512
  </id>
  <name>
   Puma Jeans X-1211
  </name>
  <category>
   Jeans
  </category>
  <size>
   M
  </size>
  <color>
   Красный
  </color>
  <material>
   Шерсть
  </material>
  <price>
   885071
  </price>
  <rating>
   4.61
  </rating>
  <reviews>
   362159
  </reviews>
  <exclusive>
   yes
  </exclusive>
  <sporty>
   no
  </sporty>
 </clothing>
 <clothing>
  <id>
   872270855
  </id>
  <name>
   PleinSport Jeans V-6784
  </name>
  <category>
   Jeans
  </category>
  <size>
   XL
  </size>
  <color>
   Красный
  </color>
  <material>
   Шерсть
  </material>
  <price>
   219892
  </price>
  <rating>
   4.03
  </rating>
  <reviews>
   747141
  </reviews>
  <exclusive>
   yes
  </exclusive>
  <sporty>
   no
  </sporty>
 </clothing>
 <clothing>
  <id>
   928711463
  </id>
  <name>
   Addidas Skirt A-6429
  </name>
  <category>
   Skirt
  </category>
  <size>
   S
  </size>
  <color>
   Зеленый
  </color>
  <material>
   Полиэстер
  </material>
  <price>
   563672
  </price>
  <rating>
   3.23
  </rating>
  <reviews>
   135148
  </reviews>
  <new>
   +
  </new>
  <sporty>
   no
  </sporty>
 </clothing>
 <clothing>
  <id>
   860916517
  </id>
  <name>
   DC Dress M-8017
  </name>
  <category>
   Dress
  </category>
  <size>
   M
  </size>
  <color>
   Голубой
  </color>
  <material>
   Вискоза
  </material>
  <price>
   770904
  </price>
  <rating>
   3.45
  </rating>
  <reviews>
   113477
  </reviews>
  <new>
   +
  </new>
  <sporty>
   no
  </sporty>
 </clothing>
 <clothing>
  <id>
   682565062
  </id>
  <name>
   Ellesse Blouse V-8755
  </name>
  <category>
   Blouse
  </category>
  <size>
   XL
  </size>
  <color>
   Оранжевый
  </color>
  <material>
   Полиэстер
  </material>
  <price>
   759344
  </price>
  <rating>
   4.85
  </rating>
  <reviews>
   130511
  </reviews>
  <new>
   -
  </new>
 </clothing>
 <clothing>
  <id>
   736863445
  </id>
  <name>
   Addidas Jeans P-6143
  </name>
  <category>
   Jeans
  </category>
  <size>
   S
  </size>
  <color>
   Желтый
  </color>
  <material>
   Шелк
  </material>
  <price>
   287861
  </price>
  <rating>
   1.7
  </rating>
  <reviews>
   894599
  </reviews>
  <new>
   +
  </new>
  <exclusive>
   no
  </exclusive>
  <sporty>
   no
  </sporty>
 </clothing>
 <clothing>
  <id>
   896458979
  </id>
  <name>
   Reebok Dress P-6473
  </name>
  <category>
   Dress
  </category>
  <size>
   XL
  </size>
  <color>
   Красный
  </color>
  <material>
   Кожа
  </material>
  <price>
   585524
  </price>
  <rating>
   3.47
  </rating>
  <reviews>
   85785
  </reviews>
  <new>
   +
  </new>
  <exclusive>
   no
  </exclusive>
 </clothing>
 <clothing>
  <id>
   822834298
  </id>
  <name>
   Fila Hat X-6820
  </name>
  <category>
   Hat
  </category>
  <size>
   L
  </size>
  <color>
   Фиолетовый
  </color>
  <material>
   Полиэстер
  </material>
  <price>
   697449
  </price>
  <rating>
   1.66
  </rating>
  <reviews>
   445107
  </reviews>
  <new>
   +
  </new>
  <exclusive>
   no
  </exclusive>
 </clothing>
 <clothing>
  <id>
   511844029
  </id>
  <name>
   Lacoste Handbags B-9925
  </name>
  <category>
   Handbags
  </category>
  <size>
   XXL
  </size>
  <color>
   Синий
  </color>
  <material>
   Кожа
  </material>
  <price>
   581234
  </price>
  <rating>
   4.13
  </rating>
  <reviews>
   144230
  </reviews>
  <new>
   +
  </new>
  <sporty>
   no
  </sporty>
 </clothing>
 <clothing>
  <id>
   353120503
  </id>
  <name>
   Fila Jacket X-3921
  </name>
  <category>
   Jacket
  </category>
  <size>
   XL
  </size>
  <color>
   Голубой
  </color>
  <material>
   Нейлон
  </material>
  <price>
   980485
  </price>
  <rating>
   4.29
  </rating>
  <reviews>
   601524
  </reviews>
  <new>
   +
  </new>
 </clothing>
 <clothing>
  <id>
   159810172
  </id>
  <name>
   Lacoste T-shirt U-7402
  </name>
  <category>
   T-shirt
  </category>
  <size>
   M
  </size>
  <color>
   Красный
  </color>
  <material>
   Нейлон
  </material>
  <price>
   331774
  </price>
  <rating>
   1.81
  </rating>
  <reviews>
   708677
  </reviews>
  <new>
   +
  </new>
  <exclusive>
   no
  </exclusive>
 </clothing>
 <clothing>
  <id>
   115501789
  </id>
  <name>
   Ellesse Gloves L-1222
  </name>
  <category>
   Gloves
  </category>
  <size>
   L
  </size>
  <color>
   Голубой
  </color>
  <material>
   Шерсть
  </material>
  <price>
   540365
  </price>
  <rating>
   2.11
  </rating>
  <reviews>
   272987
  </reviews>
  <new>
   +
  </new>
  <exclusive>
   yes
  </exclusive>
  <sporty>
   no
  </sporty>
 </clothing>
 <clothing>
  <id>
   953747155
  </id>
  <name>
   New Balance Shoes Q-2029
  </name>
  <category>
   Shoes
  </category>
  <size>
   XXL
  </size>
  <color>
   Оранжевый
  </color>
  <material>
   Лен
  </material>
  <price>
   743621
  </price>
  <rating>
   2.26
  </rating>
  <reviews>
   773521
  </reviews>
  <new>
   -
  </new>
  <exclusive>
   no
  </exclusive>
 </clothing>
 <clothing>
  <id>
   311230434
  </id>
  <name>
   Reebok Socks S-1219
  </name>
  <category>
   Socks
  </category>
  <size>
   XXL
  </size>
  <color>
   Оранжевый
  </color>
  <material>
   Полиэстер
  </material>
  <price>
   379291
  </price>
  <rating>
   3.16
  </rating>
  <reviews>
   139255
  </reviews>
  <exclusive>
   yes
  </exclusive>
  <sporty>
   yes
  </sporty>
 </clothing>
 <clothing>
  <id>
   494606231
  </id>
  <name>
   Puma Handbags Y-7251
  </name>
  <category>
   Handbags
  </category>
  <size>
   XL
  </size>
  <color>
   Синий
  </color>
  <material>
   Хлопок
  </material>
  <price>
   583806
  </price>
  <rating>
   4.8
  </rating>
  <reviews>
   958501
  </reviews>
  <sporty>
   no
  </sporty>
 </clothing>
</clothing-items>
