<?xml version="1.0" encoding="utf-8"?>
<clothing-items>
 <clothing>
  <id>
   363962113
  </id>
  <name>
   Asics Hat K-9899
  </name>
  <category>
   Hat
  </category>
  <size>
   M
  </size>
  <color>
   Красный
  </color>
  <material>
   Нейлон
  </material>
  <price>
   118117
  </price>
  <rating>
   2.11
  </rating>
  <reviews>
   792024
  </reviews>
 </clothing>
 <clothing>
  <id>
   329154540
  </id>
  <name>
   Fila Jeans L-5321
  </name>
  <category>
   Jeans
  </category>
  <size>
   L
  </size>
  <color>
   Оранжевый
  </color>
  <material>
   Хлопок
  </material>
  <price>
   234812
  </price>
  <rating>
   4.57
  </rating>
  <reviews>
   303442
  </reviews>
  <exclusive>
   no
  </exclusive>
 </clothing>
 <clothing>
  <id>
   204657766
  </id>
  <name>
   Ellesse Handbags E-7166
  </name>
  <category>
   Handbags
  </category>
  <size>
   S
  </size>
  <color>
   Оранжевый
  </color>
  <material>
   Лен
  </material>
  <price>
   679703
  </price>
  <rating>
   1.47
  </rating>
  <reviews>
   87816
  </reviews>
  <exclusive>
   no
  </exclusive>
  <sporty>
   no
  </sporty>
 </clothing>
 <clothing>
  <id>
   941636371
  </id>
  <name>
   PleinSport Shoes F-8489
  </name>
  <category>
   Shoes
  </category>
  <size>
   M
  </size>
  <color>
   Желтый
  </color>
  <material>
   Лен
  </material>
  <price>
   984426
  </price>
  <rating>
   1.14
  </rating>
  <reviews>
   865840
  </reviews>
  <exclusive>
   yes
  </exclusive>
 </clothing>
 <clothing>
  <id>
   962884157
  </id>
  <name>
   Adidas Belts L-7472
  </name>
  <category>
   Belts
  </category>
  <size>
   XL
  </size>
  <color>
   Зеленый
  </color>
  <material>
   Лен
  </material>
  <price>
   826934
  </price>
  <rating>
   4.79
  </rating>
  <reviews>
   629974
  </reviews>
  <new>
   +
  </new>
  <exclusive>
   no
  </exclusive>
  <sporty>
   no
  </sporty>
 </clothing>
 <clothing>
  <id>
   294091890
  </id>
  <name>
   DC Umbrellas K-6929
  </name>
  <category>
   Umbrellas
  </category>
  <size>
   M
  </size>
  <color>
   Красный
  </color>
  <material>
   Лен
  </material>
  <price>
   980226
  </price>
  <rating>
   1.26
  </rating>
  <reviews>
   589081
  </reviews>
  <exclusive>
   no
  </exclusive>
  <sporty>
   no
  </sporty>
 </clothing>
 <clothing>
  <id>
   735359701
  </id>
  <name>
   Lacoste Sweater X-1872
  </name>
  <category>
   Sweater
  </category>
  <size>
   M
  </size>
  <color>
   Желтый
  </color>
  <material>
   Полиэстер
  </material>
  <price>
   799528
  </price>
  <rating>
   2.92
  </rating>
  <reviews>
   425936
  </reviews>
 </clothing>
 <clothing>
  <id>
   474013844
  </id>
  <name>
   PleinSport Blouse E-1752
  </name>
  <category>
   Blouse
  </category>
  <size>
   S
  </size>
  <color>
   Синий
  </color>
  <material>
   Вискоза
  </material>
  <price>
   813456
  </price>
  <rating>
   1.45
  </rating>
  <reviews>
   400816
  </reviews>
  <sporty>
   no
  </sporty>
 </clothing>
 <clothing>
  <id>
   982310950
  </id>
  <name>
   Converse Shoes A-9997
  </name>
  <category>
   Shoes
  </category>
  <size>
   XXL
  </size>
  <color>
   Синий
  </color>
  <material>
   Вискоза
  </material>
  <price>
   761894
  </price>
  <rating>
   3.3
  </rating>
  <reviews>
   777021
  </reviews>
  <new>
   -
  </new>
  <sporty>
   yes
  </sporty>
 </clothing>
 <clothing>
  <id>
   298439900
  </id>
  <name>
   Lacoste Umbrellas G-3371
  </name>
  <category>
   Umbrellas
  </category>
  <size>
   M
  </size>
  <color>
   Зеленый
  </color>
  <material>
   Полиэстер
  </material>
  <price>
   923778
  </price>
  <rating>
   2.85
  </rating>
  <reviews>
   79718
  </reviews>
  <new>
   -
  </new>
  <exclusive>
   no
  </exclusive>
 </clothing>
 <clothing>
  <id>
   941292942
  </id>
  <name>
   Reebok Pants J-5630
  </name>
  <category>
   Pants
  </category>
  <size>
   L
  </size>
  <color>
   Зеленый
  </color>
  <material>
   Шерсть
  </material>
  <price>
   462775
  </price>
  <rating>
   3.18
  </rating>
  <reviews>
   29292
  </reviews>
  <new>
   -
  </new>
  <exclusive>
   yes
  </exclusive>
 </clothing>
 <clothing>
  <id>
   397505883
  </id>
  <name>
   Vans Blouse Q-4538
  </name>
  <category>
   Blouse
  </category>
  <size>
   M
  </size>
  <color>
   Оранжевый
  </color>
  <material>
   Шерсть
  </material>
  <price>
   615315
  </price>
  <rating>
   3.61
  </rating>
  <reviews>
   757066
  </reviews>
  <sporty>
   no
  </sporty>
 </clothing>
 <clothing>
  <id>
   491550377
  </id>
  <name>
   Under Armour Blouse S-4513
  </name>
  <category>
   Blouse
  </category>
  <size>
   L
  </size>
  <color>
   Фиолетовый
  </color>
  <material>
   Лен
  </material>
  <price>
   820196
  </price>
  <rating>
   2.2
  </rating>
  <reviews>
   440278
  </reviews>
  <new>
   -
  </new>
  <exclusive>
   yes
  </exclusive>
 </clothing>
 <clothing>
  <id>
   204627992
  </id>
  <name>
   Ellesse Pants B-3479
  </name>
  <category>
   Pants
  </category>
  <size>
   XXL
  </size>
  <color>
   Голубой
  </color>
  <material>
   Кожа
  </material>
  <price>
   985750
  </price>
  <rating>
   2.64
  </rating>
  <reviews>
   498357
  </reviews>
  <new>
   -
  </new>
  <sporty>
   yes
  </sporty>
 </clothing>
 <clothing>
  <id>
   752784622
  </id>
  <name>
   Reebok Sweater A-4047
  </name>
  <category>
   Sweater
  </category>
  <size>
   M
  </size>
  <color>
   Фиолетовый
  </color>
  <material>
   Шерсть
  </material>
  <price>
   986723
  </price>
  <rating>
   1.54
  </rating>
  <reviews>
   314287
  </reviews>
  <new>
   +
  </new>
 </clothing>
</clothing-items>
