<?xml version="1.0" encoding="utf-8"?>
<clothing-items>
 <clothing>
  <id>
   442315274
  </id>
  <name>
   Fila Pants N-2329
  </name>
  <category>
   Pants
  </category>
  <size>
   L
  </size>
  <color>
   Красный
  </color>
  <material>
   Вискоза
  </material>
  <price>
   318752
  </price>
  <rating>
   3.69
  </rating>
  <reviews>
   351289
  </reviews>
  <new>
   -
  </new>
  <exclusive>
   no
  </exclusive>
 </clothing>
 <clothing>
  <id>
   928270961
  </id>
  <name>
   Addidas Blouse R-7917
  </name>
  <category>
   Blouse
  </category>
  <size>
   M
  </size>
  <color>
   Зеленый
  </color>
  <material>
   Шерсть
  </material>
  <price>
   534301
  </price>
  <rating>
   3.94
  </rating>
  <reviews>
   590035
  </reviews>
  <new>
   -
  </new>
  <exclusive>
   yes
  </exclusive>
  <sporty>
   yes
  </sporty>
 </clothing>
 <clothing>
  <id>
   490720043
  </id>
  <name>
   Fila Jacket X-3930
  </name>
  <category>
   Jacket
  </category>
  <size>
   S
  </size>
  <color>
   Зеленый
  </color>
  <material>
   Полиэстер
  </material>
  <price>
   933656
  </price>
  <rating>
   3.46
  </rating>
  <reviews>
   358029
  </reviews>
  <new>
   +
  </new>
  <exclusive>
   no
  </exclusive>
  <sporty>
   no
  </sporty>
 </clothing>
 <clothing>
  <id>
   555775032
  </id>
  <name>
   Reebok Shoes C-5034
  </name>
  <category>
   Shoes
  </category>
  <size>
   L
  </size>
  <color>
   Красный
  </color>
  <material>
   Шелк
  </material>
  <price>
   108656
  </price>
  <rating>
   1.94
  </rating>
  <reviews>
   806367
  </reviews>
  <new>
   -
  </new>
 </clothing>
 <clothing>
  <id>
   343631808
  </id>
  <name>
   Lacoste Jacket X-3962
  </name>
  <category>
   Jacket
  </category>
  <size>
   XXL
  </size>
  <color>
   Зеленый
  </color>
  <material>
   Лен
  </material>
  <price>
   670077
  </price>
  <rating>
   2.94
  </rating>
  <reviews>
   62499
  </reviews>
  <new>
   +
  </new>
  <exclusive>
   no
  </exclusive>
  <sporty>
   yes
  </sporty>
 </clothing>
 <clothing>
  <id>
   467297146
  </id>
  <name>
   Fila Shirt M-8993
  </name>
  <category>
   Shirt
  </category>
  <size>
   S
  </size>
  <color>
   Синий
  </color>
  <material>
   Шелк
  </material>
  <price>
   312973
  </price>
  <rating>
   4.21
  </rating>
  <reviews>
   674210
  </reviews>
  <new>
   -
  </new>
  <exclusive>
   yes
  </exclusive>
  <sporty>
   yes
  </sporty>
 </clothing>
 <clothing>
  <id>
   482619053
  </id>
  <name>
   Fila Blouse L-6403
  </name>
  <category>
   Blouse
  </category>
  <size>
   S
  </size>
  <color>
   Фиолетовый
  </color>
  <material>
   Шерсть
  </material>
  <price>
   170530
  </price>
  <rating>
   3.28
  </rating>
  <reviews>
   463641
  </reviews>
  <new>
   -
  </new>
  <sporty>
   no
  </sporty>
 </clothing>
 <clothing>
  <id>
   479599247
  </id>
  <name>
   Vans Gloves I-2064
  </name>
  <category>
   Gloves
  </category>
  <size>
   S
  </size>
  <color>
   Фиолетовый
  </color>
  <material>
   Шелк
  </material>
  <price>
   897776
  </price>
  <rating>
   3.35
  </rating>
  <reviews>
   443415
  </reviews>
 </clothing>
 <clothing>
  <id>
   920986797
  </id>
  <name>
   Reebok Dress X-9373
  </name>
  <category>
   Dress
  </category>
  <size>
   L
  </size>
  <color>
   Синий
  </color>
  <material>
   Хлопок
  </material>
  <price>
   788544
  </price>
  <rating>
   4.0
  </rating>
  <reviews>
   854976
  </reviews>
  <exclusive>
   no
  </exclusive>
 </clothing>
 <clothing>
  <id>
   651781371
  </id>
  <name>
   DC Belts X-1722
  </name>
  <category>
   Belts
  </category>
  <size>
   S
  </size>
  <color>
   Фиолетовый
  </color>
  <material>
   Полиэстер
  </material>
  <price>
   757538
  </price>
  <rating>
   1.89
  </rating>
  <reviews>
   863503
  </reviews>
  <new>
   +
  </new>
  <exclusive>
   no
  </exclusive>
 </clothing>
 <clothing>
  <id>
   189275036
  </id>
  <name>
   Adidas T-shirt Z-7353
  </name>
  <category>
   T-shirt
  </category>
  <size>
   XXL
  </size>
  <color>
   Красный
  </color>
  <material>
   Шелк
  </material>
  <price>
   984570
  </price>
  <rating>
   1.72
  </rating>
  <reviews>
   988124
  </reviews>
  <exclusive>
   yes
  </exclusive>
  <sporty>
   yes
  </sporty>
 </clothing>
 <clothing>
  <id>
   738481019
  </id>
  <name>
   Lacoste Gloves N-5958
  </name>
  <category>
   Gloves
  </category>
  <size>
   XXL
  </size>
  <color>
   Голубой
  </color>
  <material>
   Нейлон
  </material>
  <price>
   929254
  </price>
  <rating>
   1.61
  </rating>
  <reviews>
   340775
  </reviews>
  <sporty>
   yes
  </sporty>
 </clothing>
 <clothing>
  <id>
   298772168
  </id>
  <name>
   Ellesse Skirt Q-3132
  </name>
  <category>
   Skirt
  </category>
  <size>
   L
  </size>
  <color>
   Красный
  </color>
  <material>
   Кожа
  </material>
  <price>
   781651
  </price>
  <rating>
   4.2
  </rating>
  <reviews>
   701317
  </reviews>
  <new>
   -
  </new>
 </clothing>
 <clothing>
  <id>
   688861537
  </id>
  <name>
   Converse Shoes B-4602
  </name>
  <category>
   Shoes
  </category>
  <size>
   S
  </size>
  <color>
   Красный
  </color>
  <material>
   Лен
  </material>
  <price>
   340378
  </price>
  <rating>
   4.6
  </rating>
  <reviews>
   236033
  </reviews>
  <new>
   -
  </new>
  <exclusive>
   no
  </exclusive>
  <sporty>
   yes
  </sporty>
 </clothing>
 <clothing>
  <id>
   981498577
  </id>
  <name>
   Addidas Jeans T-1100
  </name>
  <category>
   Jeans
  </category>
  <size>
   S
  </size>
  <color>
   Голубой
  </color>
  <material>
   Кожа
  </material>
  <price>
   766072
  </price>
  <rating>
   1.42
  </rating>
  <reviews>
   28427
  </reviews>
  <new>
   +
  </new>
  <sporty>
   yes
  </sporty>
 </clothing>
 <clothing>
  <id>
   543438639
  </id>
  <name>
   Reebok Handbags V-7979
  </name>
  <category>
   Handbags
  </category>
  <size>
   XL
  </size>
  <color>
   Оранжевый
  </color>
  <material>
   Кожа
  </material>
  <price>
   221782
  </price>
  <rating>
   3.25
  </rating>
  <reviews>
   925830
  </reviews>
  <exclusive>
   no
  </exclusive>
  <sporty>
   yes
  </sporty>
 </clothing>
 <clothing>
  <id>
   260971864
  </id>
  <name>
   Addidas Shirt F-5488
  </name>
  <category>
   Shirt
  </category>
  <size>
   L
  </size>
  <color>
   Фиолетовый
  </color>
  <material>
   Вискоза
  </material>
  <price>
   490909
  </price>
  <rating>
   4.21
  </rating>
  <reviews>
   583323
  </reviews>
  <sporty>
   no
  </sporty>
 </clothing>
 <clothing>
  <id>
   313728728
  </id>
  <name>
   Lacoste Blouse G-6463
  </name>
  <category>
   Blouse
  </category>
  <size>
   S
  </size>
  <color>
   Зеленый
  </color>
  <material>
   Хлопок
  </material>
  <price>
   228948
  </price>
  <rating>
   2.46
  </rating>
  <reviews>
   934202
  </reviews>
  <new>
   +
  </new>
  <exclusive>
   no
  </exclusive>
  <sporty>
   no
  </sporty>
 </clothing>
 <clothing>
  <id>
   118003251
  </id>
  <name>
   PleinSport Socks G-1804
  </name>
  <category>
   Socks
  </category>
  <size>
   L
  </size>
  <color>
   Зеленый
  </color>
  <material>
   Шелк
  </material>
  <price>
   325796
  </price>
  <rating>
   4.81
  </rating>
  <reviews>
   325397
  </reviews>
  <sporty>
   no
  </sporty>
 </clothing>
 <clothing>
  <id>
   229987283
  </id>
  <name>
   Converse Gloves W-2413
  </name>
  <category>
   Gloves
  </category>
  <size>
   XXL
  </size>
  <color>
   Красный
  </color>
  <material>
   Полиэстер
  </material>
  <price>
   357185
  </price>
  <rating>
   1.79
  </rating>
  <reviews>
   127702
  </reviews>
  <new>
   -
  </new>
  <exclusive>
   no
  </exclusive>
 </clothing>
 <clothing>
  <id>
   938125963
  </id>
  <name>
   Lacoste Jacket A-2773
  </name>
  <category>
   Jacket
  </category>
  <size>
   XXL
  </size>
  <color>
   Зеленый
  </color>
  <material>
   Вискоза
  </material>
  <price>
   574530
  </price>
  <rating>
   3.99
  </rating>
  <reviews>
   162545
  </reviews>
 </clothing>
 <clothing>
  <id>
   182314312
  </id>
  <name>
   Lacoste Hat D-6056
  </name>
  <category>
   Hat
  </category>
  <size>
   XL
  </size>
  <color>
   Красный
  </color>
  <material>
   Полиэстер
  </material>
  <price>
   622779
  </price>
  <rating>
   4.77
  </rating>
  <reviews>
   781579
  </reviews>
  <new>
   +
  </new>
  <exclusive>
   no
  </exclusive>
  <sporty>
   yes
  </sporty>
 </clothing>
 <clothing>
  <id>
   220311556
  </id>
  <name>
   Addidas T-shirt Z-6966
  </name>
  <category>
   T-shirt
  </category>
  <size>
   S
  </size>
  <color>
   Синий
  </color>
  <material>
   Кожа
  </material>
  <price>
   721373
  </price>
  <rating>
   4.63
  </rating>
  <reviews>
   580654
  </reviews>
  <new>
   +
  </new>
  <exclusive>
   yes
  </exclusive>
 </clothing>
 <clothing>
  <id>
   282591959
  </id>
  <name>
   Under Armour Umbrellas N-9756
  </name>
  <category>
   Umbrellas
  </category>
  <size>
   S
  </size>
  <color>
   Зеленый
  </color>
  <material>
   Шелк
  </material>
  <price>
   283472
  </price>
  <rating>
   2.93
  </rating>
  <reviews>
   787772
  </reviews>
  <new>
   -
  </new>
  <exclusive>
   no
  </exclusive>
 </clothing>
 <clothing>
  <id>
   553015345
  </id>
  <name>
   DC Handbags O-9307
  </name>
  <category>
   Handbags
  </category>
  <size>
   S
  </size>
  <color>
   Фиолетовый
  </color>
  <material>
   Шелк
  </material>
  <price>
   703567
  </price>
  <rating>
   1.1
  </rating>
  <reviews>
   309372
  </reviews>
  <new>
   +
  </new>
  <exclusive>
   no
  </exclusive>
  <sporty>
   no
  </sporty>
 </clothing>
 <clothing>
  <id>
   878795926
  </id>
  <name>
   Ellesse Hat Z-2079
  </name>
  <category>
   Hat
  </category>
  <size>
   S
  </size>
  <color>
   Желтый
  </color>
  <material>
   Вискоза
  </material>
  <price>
   298086
  </price>
  <rating>
   1.2
  </rating>
  <reviews>
   597429
  </reviews>
  <new>
   -
  </new>
  <exclusive>
   no
  </exclusive>
  <sporty>
   no
  </sporty>
 </clothing>
 <clothing>
  <id>
   818935637
  </id>
  <name>
   Under Armour Socks R-6258
  </name>
  <category>
   Socks
  </category>
  <size>
   L
  </size>
  <color>
   Синий
  </color>
  <material>
   Полиэстер
  </material>
  <price>
   988431
  </price>
  <rating>
   2.02
  </rating>
  <reviews>
   527614
  </reviews>
  <new>
   -
  </new>
  <exclusive>
   yes
  </exclusive>
 </clothing>
 <clothing>
  <id>
   661649835
  </id>
  <name>
   Nike Handbags J-2529
  </name>
  <category>
   Handbags
  </category>
  <size>
   L
  </size>
  <color>
   Оранжевый
  </color>
  <material>
   Полиэстер
  </material>
  <price>
   771561
  </price>
  <rating>
   2.45
  </rating>
  <reviews>
   870059
  </reviews>
  <new>
   -
  </new>
  <exclusive>
   yes
  </exclusive>
  <sporty>
   yes
  </sporty>
 </clothing>
 <clothing>
  <id>
   371364369
  </id>
  <name>
   PleinSport Shoes T-4933
  </name>
  <category>
   Shoes
  </category>
  <size>
   XL
  </size>
  <color>
   Синий
  </color>
  <material>
   Кожа
  </material>
  <price>
   665299
  </price>
  <rating>
   4.36
  </rating>
  <reviews>
   481006
  </reviews>
  <new>
   -
  </new>
  <exclusive>
   yes
  </exclusive>
 </clothing>
 <clothing>
  <id>
   754814770
  </id>
  <name>
   New Balance Sweater Y-1200
  </name>
  <category>
   Sweater
  </category>
  <size>
   XL
  </size>
  <color>
   Синий
  </color>
  <material>
   Лен
  </material>
  <price>
   583449
  </price>
  <rating>
   3.53
  </rating>
  <reviews>
   545708
  </reviews>
  <new>
   -
  </new>
  <exclusive>
   yes
  </exclusive>
  <sporty>
   no
  </sporty>
 </clothing>
 <clothing>
  <id>
   105861365
  </id>
  <name>
   Fila T-shirt W-7283
  </name>
  <category>
   T-shirt
  </category>
  <size>
   S
  </size>
  <color>
   Красный
  </color>
  <material>
   Шерсть
  </material>
  <price>
   444434
  </price>
  <rating>
   1.41
  </rating>
  <reviews>
   790758
  </reviews>
  <new>
   -
  </new>
  <exclusive>
   yes
  </exclusive>
 </clothing>
 <clothing>
  <id>
   577247118
  </id>
  <name>
   Adidas Handbags B-4930
  </name>
  <category>
   Handbags
  </category>
  <size>
   XXL
  </size>
  <color>
   Синий
  </color>
  <material>
   Шелк
  </material>
  <price>
   953431
  </price>
  <rating>
   1.74
  </rating>
  <reviews>
   155649
  </reviews>
  <new>
   +
  </new>
  <exclusive>
   yes
  </exclusive>
  <sporty>
   yes
  </sporty>
 </clothing>
 <clothing>
  <id>
   192773604
  </id>
  <name>
   Brooks Hat T-3890
  </name>
  <category>
   Hat
  </category>
  <size>
   M
  </size>
  <color>
   Желтый
  </color>
  <material>
   Шелк
  </material>
  <price>
   170690
  </price>
  <rating>
   3.26
  </rating>
  <reviews>
   583204
  </reviews>
  <new>
   -
  </new>
  <exclusive>
   yes
  </exclusive>
  <sporty>
   yes
  </sporty>
 </clothing>
 <clothing>
  <id>
   716352153
  </id>
  <name>
   Vans Blouse P-4440
  </name>
  <category>
   Blouse
  </category>
  <size>
   XXL
  </size>
  <color>
   Синий
  </color>
  <material>
   Вискоза
  </material>
  <price>
   452506
  </price>
  <rating>
   1.62
  </rating>
  <reviews>
   521220
  </reviews>
  <new>
   -
  </new>
  <exclusive>
   yes
  </exclusive>
  <sporty>
   no
  </sporty>
 </clothing>
 <clothing>
  <id>
   855483599
  </id>
  <name>
   Converse Shoes D-1872
  </name>
  <category>
   Shoes
  </category>
  <size>
   M
  </size>
  <color>
   Синий
  </color>
  <material>
   Вискоза
  </material>
  <price>
   466893
  </price>
  <rating>
   1.74
  </rating>
  <reviews>
   111214
  </reviews>
  <new>
   -
  </new>
  <exclusive>
   no
  </exclusive>
 </clothing>
 <clothing>
  <id>
   204687003
  </id>
  <name>
   PleinSport Hat Z-9187
  </name>
  <category>
   Hat
  </category>
  <size>
   XL
  </size>
  <color>
   Красный
  </color>
  <material>
   Хлопок
  </material>
  <price>
   794490
  </price>
  <rating>
   3.48
  </rating>
  <reviews>
   687968
  </reviews>
  <new>
   +
  </new>
  <exclusive>
   no
  </exclusive>
 </clothing>
</clothing-items>
