<?xml version="1.0" encoding="utf-8"?>
<clothing-items>
 <clothing>
  <id>
   952197079
  </id>
  <name>
   Adidas Pants A-7674
  </name>
  <category>
   Pants
  </category>
  <size>
   L
  </size>
  <color>
   Оранжевый
  </color>
  <material>
   Кожа
  </material>
  <price>
   771526
  </price>
  <rating>
   1.54
  </rating>
  <reviews>
   118077
  </reviews>
  <new>
   +
  </new>
  <exclusive>
   no
  </exclusive>
  <sporty>
   yes
  </sporty>
 </clothing>
 <clothing>
  <id>
   873910810
  </id>
  <name>
   Nike Belts R-6392
  </name>
  <category>
   Belts
  </category>
  <size>
   S
  </size>
  <color>
   Красный
  </color>
  <material>
   Лен
  </material>
  <price>
   556946
  </price>
  <rating>
   3.61
  </rating>
  <reviews>
   910406
  </reviews>
  <new>
   +
  </new>
  <exclusive>
   yes
  </exclusive>
 </clothing>
 <clothing>
  <id>
   804983093
  </id>
  <name>
   Fila Belts O-1252
  </name>
  <category>
   Belts
  </category>
  <size>
   L
  </size>
  <color>
   Синий
  </color>
  <material>
   Хлопок
  </material>
  <price>
   829609
  </price>
  <rating>
   3.09
  </rating>
  <reviews>
   98030
  </reviews>
  <exclusive>
   no
  </exclusive>
 </clothing>
 <clothing>
  <id>
   812218115
  </id>
  <name>
   Puma Gloves R-4342
  </name>
  <category>
   Gloves
  </category>
  <size>
   XL
  </size>
  <color>
   Фиолетовый
  </color>
  <material>
   Шелк
  </material>
  <price>
   666843
  </price>
  <rating>
   2.35
  </rating>
  <reviews>
   18260
  </reviews>
  <new>
   -
  </new>
 </clothing>
 <clothing>
  <id>
   431712931
  </id>
  <name>
   PleinSport Socks N-1597
  </name>
  <category>
   Socks
  </category>
  <size>
   L
  </size>
  <color>
   Красный
  </color>
  <material>
   Лен
  </material>
  <price>
   461255
  </price>
  <rating>
   4.86
  </rating>
  <reviews>
   722950
  </reviews>
  <new>
   -
  </new>
  <exclusive>
   yes
  </exclusive>
  <sporty>
   no
  </sporty>
 </clothing>
 <clothing>
  <id>
   230957202
  </id>
  <name>
   Addidas Shoes S-6845
  </name>
  <category>
   Shoes
  </category>
  <size>
   L
  </size>
  <color>
   Зеленый
  </color>
  <material>
   Полиэстер
  </material>
  <price>
   585723
  </price>
  <rating>
   1.57
  </rating>
  <reviews>
   684955
  </reviews>
  <exclusive>
   yes
  </exclusive>
 </clothing>
 <clothing>
  <id>
   802197480
  </id>
  <name>
   Brooks Skirt C-7818
  </name>
  <category>
   Skirt
  </category>
  <size>
   L
  </size>
  <color>
   Красный
  </color>
  <material>
   Вискоза
  </material>
  <price>
   385792
  </price>
  <rating>
   1.92
  </rating>
  <reviews>
   735237
  </reviews>
  <new>
   +
  </new>
 </clothing>
 <clothing>
  <id>
   397457639
  </id>
  <name>
   Lacoste Shoes F-5753
  </name>
  <category>
   Shoes
  </category>
  <size>
   M
  </size>
  <color>
   Оранжевый
  </color>
  <material>
   Хлопок
  </material>
  <price>
   310287
  </price>
  <rating>
   2.65
  </rating>
  <reviews>
   774438
  </reviews>
  <new>
   +
  </new>
  <exclusive>
   yes
  </exclusive>
 </clothing>
 <clothing>
  <id>
   328943596
  </id>
  <name>
   Converse Sweater E-5359
  </name>
  <category>
   Sweater
  </category>
  <size>
   XL
  </size>
  <color>
   Красный
  </color>
  <material>
   Шелк
  </material>
  <price>
   578745
  </price>
  <rating>
   2.1
  </rating>
  <reviews>
   992752
  </reviews>
  <new>
   -
  </new>
 </clothing>
 <clothing>
  <id>
   100852219
  </id>
  <name>
   Brooks Shoes Z-7063
  </name>
  <category>
   Shoes
  </category>
  <size>
   M
  </size>
  <color>
   Красный
  </color>
  <material>
   Кожа
  </material>
  <price>
   846433
  </price>
  <rating>
   1.38
  </rating>
  <reviews>
   54822
  </reviews>
  <new>
   +
  </new>
  <exclusive>
   no
  </exclusive>
  <sporty>
   yes
  </sporty>
 </clothing>
 <clothing>
  <id>
   578933641
  </id>
  <name>
   Addidas Handbags Q-5890
  </name>
  <category>
   Handbags
  </category>
  <size>
   S
  </size>
  <color>
   Красный
  </color>
  <material>
   Шерсть
  </material>
  <price>
   613628
  </price>
  <rating>
   3.25
  </rating>
  <reviews>
   31148
  </reviews>
  <new>
   -
  </new>
  <sporty>
   no
  </sporty>
 </clothing>
 <clothing>
  <id>
   447871274
  </id>
  <name>
   Puma Blouse S-3278
  </name>
  <category>
   Blouse
  </category>
  <size>
   S
  </size>
  <color>
   Оранжевый
  </color>
  <material>
   Нейлон
  </material>
  <price>
   753237
  </price>
  <rating>
   1.28
  </rating>
  <reviews>
   585409
  </reviews>
  <exclusive>
   yes
  </exclusive>
 </clothing>
 <clothing>
  <id>
   429934858
  </id>
  <name>
   PleinSport Hat F-7821
  </name>
  <category>
   Hat
  </category>
  <size>
   XL
  </size>
  <color>
   Голубой
  </color>
  <material>
   Вискоза
  </material>
  <price>
   806811
  </price>
  <rating>
   2.56
  </rating>
  <reviews>
   312183
  </reviews>
  <new>
   +
  </new>
  <exclusive>
   yes
  </exclusive>
  <sporty>
   no
  </sporty>
 </clothing>
 <clothing>
  <id>
   698836701
  </id>
  <name>
   Puma Hat Q-7685
  </name>
  <category>
   Hat
  </category>
  <size>
   M
  </size>
  <color>
   Голубой
  </color>
  <material>
   Шерсть
  </material>
  <price>
   320694
  </price>
  <rating>
   2.62
  </rating>
  <reviews>
   998707
  </reviews>
  <exclusive>
   no
  </exclusive>
 </clothing>
 <clothing>
  <id>
   733138980
  </id>
  <name>
   Brooks Shirt B-4245
  </name>
  <category>
   Shirt
  </category>
  <size>
   S
  </size>
  <color>
   Желтый
  </color>
  <material>
   Вискоза
  </material>
  <price>
   618757
  </price>
  <rating>
   3.42
  </rating>
  <reviews>
   211660
  </reviews>
  <exclusive>
   yes
  </exclusive>
  <sporty>
   no
  </sporty>
 </clothing>
 <clothing>
  <id>
   472389601
  </id>
  <name>
   Nike Hat H-8516
  </name>
  <category>
   Hat
  </category>
  <size>
   L
  </size>
  <color>
   Зеленый
  </color>
  <material>
   Шерсть
  </material>
  <price>
   650553
  </price>
  <rating>
   2.25
  </rating>
  <reviews>
   104474
  </reviews>
  <new>
   -
  </new>
  <exclusive>
   no
  </exclusive>
 </clothing>
 <clothing>
  <id>
   406180853
  </id>
  <name>
   Addidas T-shirt I-2888
  </name>
  <category>
   T-shirt
  </category>
  <size>
   XXL
  </size>
  <color>
   Синий
  </color>
  <material>
   Хлопок
  </material>
  <price>
   570044
  </price>
  <rating>
   3.04
  </rating>
  <reviews>
   335215
  </reviews>
  <new>
   +
  </new>
  <sporty>
   no
  </sporty>
 </clothing>
 <clothing>
  <id>
   500669619
  </id>
  <name>
   Puma Sweater J-8389
  </name>
  <category>
   Sweater
  </category>
  <size>
   M
  </size>
  <color>
   Желтый
  </color>
  <material>
   Полиэстер
  </material>
  <price>
   233500
  </price>
  <rating>
   3.31
  </rating>
  <reviews>
   541649
  </reviews>
  <sporty>
   no
  </sporty>
 </clothing>
 <clothing>
  <id>
   496672292
  </id>
  <name>
   PleinSport Shoes P-9306
  </name>
  <category>
   Shoes
  </category>
  <size>
   XL
  </size>
  <color>
   Красный
  </color>
  <material>
   Хлопок
  </material>
  <price>
   304147
  </price>
  <rating>
   4.41
  </rating>
  <reviews>
   974101
  </reviews>
  <new>
   +
  </new>
  <sporty>
   no
  </sporty>
 </clothing>
 <clothing>
  <id>
   310454134
  </id>
  <name>
   PleinSport Jeans Q-7604
  </name>
  <category>
   Jeans
  </category>
  <size>
   S
  </size>
  <color>
   Оранжевый
  </color>
  <material>
   Нейлон
  </material>
  <price>
   805447
  </price>
  <rating>
   1.52
  </rating>
  <reviews>
   830798
  </reviews>
  <new>
   -
  </new>
  <exclusive>
   no
  </exclusive>
 </clothing>
 <clothing>
  <id>
   735794859
  </id>
  <name>
   New Balance Sweater I-5675
  </name>
  <category>
   Sweater
  </category>
  <size>
   L
  </size>
  <color>
   Зеленый
  </color>
  <material>
   Нейлон
  </material>
  <price>
   353274
  </price>
  <rating>
   4.25
  </rating>
  <reviews>
   930086
  </reviews>
  <new>
   -
  </new>
  <exclusive>
   yes
  </exclusive>
  <sporty>
   no
  </sporty>
 </clothing>
 <clothing>
  <id>
   181235104
  </id>
  <name>
   Reebok Pants W-3297
  </name>
  <category>
   Pants
  </category>
  <size>
   S
  </size>
  <color>
   Оранжевый
  </color>
  <material>
   Хлопок
  </material>
  <price>
   983340
  </price>
  <rating>
   1.96
  </rating>
  <reviews>
   825260
  </reviews>
  <new>
   -
  </new>
  <sporty>
   no
  </sporty>
 </clothing>
 <clothing>
  <id>
   560384848
  </id>
  <name>
   Nike Jeans S-7131
  </name>
  <category>
   Jeans
  </category>
  <size>
   XL
  </size>
  <color>
   Желтый
  </color>
  <material>
   Кожа
  </material>
  <price>
   834874
  </price>
  <rating>
   2.61
  </rating>
  <reviews>
   254657
  </reviews>
  <new>
   -
  </new>
 </clothing>
 <clothing>
  <id>
   491679361
  </id>
  <name>
   Nike Skirt E-4393
  </name>
  <category>
   Skirt
  </category>
  <size>
   XL
  </size>
  <color>
   Голубой
  </color>
  <material>
   Хлопок
  </material>
  <price>
   209110
  </price>
  <rating>
   3.81
  </rating>
  <reviews>
   347008
  </reviews>
  <sporty>
   yes
  </sporty>
 </clothing>
 <clothing>
  <id>
   634940201
  </id>
  <name>
   Nike Belts M-1771
  </name>
  <category>
   Belts
  </category>
  <size>
   XXL
  </size>
  <color>
   Голубой
  </color>
  <material>
   Кожа
  </material>
  <price>
   938148
  </price>
  <rating>
   1.28
  </rating>
  <reviews>
   59492
  </reviews>
  <exclusive>
   no
  </exclusive>
 </clothing>
 <clothing>
  <id>
   785931706
  </id>
  <name>
   Asics Sweater S-9388
  </name>
  <category>
   Sweater
  </category>
  <size>
   XXL
  </size>
  <color>
   Оранжевый
  </color>
  <material>
   Хлопок
  </material>
  <price>
   989088
  </price>
  <rating>
   3.34
  </rating>
  <reviews>
   655889
  </reviews>
  <new>
   +
  </new>
  <exclusive>
   yes
  </exclusive>
 </clothing>
 <clothing>
  <id>
   911967974
  </id>
  <name>
   Lacoste Dress K-3818
  </name>
  <category>
   Dress
  </category>
  <size>
   XL
  </size>
  <color>
   Желтый
  </color>
  <material>
   Шелк
  </material>
  <price>
   741140
  </price>
  <rating>
   2.72
  </rating>
  <reviews>
   592671
  </reviews>
  <new>
   +
  </new>
  <exclusive>
   no
  </exclusive>
 </clothing>
 <clothing>
  <id>
   937860142
  </id>
  <name>
   Fila Shirt U-3932
  </name>
  <category>
   Shirt
  </category>
  <size>
   L
  </size>
  <color>
   Фиолетовый
  </color>
  <material>
   Шелк
  </material>
  <price>
   955900
  </price>
  <rating>
   3.48
  </rating>
  <reviews>
   975393
  </reviews>
  <new>
   -
  </new>
 </clothing>
 <clothing>
  <id>
   542025427
  </id>
  <name>
   Fila Blouse K-5181
  </name>
  <category>
   Blouse
  </category>
  <size>
   S
  </size>
  <color>
   Зеленый
  </color>
  <material>
   Полиэстер
  </material>
  <price>
   402720
  </price>
  <rating>
   2.03
  </rating>
  <reviews>
   993147
  </reviews>
  <exclusive>
   no
  </exclusive>
  <sporty>
   no
  </sporty>
 </clothing>
 <clothing>
  <id>
   728859289
  </id>
  <name>
   New Balance Shoes R-1256
  </name>
  <category>
   Shoes
  </category>
  <size>
   S
  </size>
  <color>
   Голубой
  </color>
  <material>
   Полиэстер
  </material>
  <price>
   937801
  </price>
  <rating>
   2.29
  </rating>
  <reviews>
   212958
  </reviews>
  <sporty>
   no
  </sporty>
 </clothing>
 <clothing>
  <id>
   503685366
  </id>
  <name>
   Ellesse T-shirt K-8901
  </name>
  <category>
   T-shirt
  </category>
  <size>
   L
  </size>
  <color>
   Красный
  </color>
  <material>
   Шелк
  </material>
  <price>
   250076
  </price>
  <rating>
   4.96
  </rating>
  <reviews>
   95460
  </reviews>
  <new>
   -
  </new>
  <exclusive>
   no
  </exclusive>
  <sporty>
   yes
  </sporty>
 </clothing>
 <clothing>
  <id>
   170546234
  </id>
  <name>
   Converse Jacket Q-9048
  </name>
  <category>
   Jacket
  </category>
  <size>
   M
  </size>
  <color>
   Зеленый
  </color>
  <material>
   Хлопок
  </material>
  <price>
   552504
  </price>
  <rating>
   4.17
  </rating>
  <reviews>
   350115
  </reviews>
  <new>
   -
  </new>
  <sporty>
   no
  </sporty>
 </clothing>
 <clothing>
  <id>
   435727191
  </id>
  <name>
   Addidas Skirt S-3414
  </name>
  <category>
   Skirt
  </category>
  <size>
   XXL
  </size>
  <color>
   Желтый
  </color>
  <material>
   Вискоза
  </material>
  <price>
   303934
  </price>
  <rating>
   3.17
  </rating>
  <reviews>
   728585
  </reviews>
  <exclusive>
   yes
  </exclusive>
  <sporty>
   no
  </sporty>
 </clothing>
 <clothing>
  <id>
   631677709
  </id>
  <name>
   Nike Socks G-4293
  </name>
  <category>
   Socks
  </category>
  <size>
   S
  </size>
  <color>
   Оранжевый
  </color>
  <material>
   Полиэстер
  </material>
  <price>
   560950
  </price>
  <rating>
   1.95
  </rating>
  <reviews>
   285011
  </reviews>
  <new>
   -
  </new>
  <exclusive>
   no
  </exclusive>
 </clothing>
 <clothing>
  <id>
   684767423
  </id>
  <name>
   Puma Sweater K-8121
  </name>
  <category>
   Sweater
  </category>
  <size>
   M
  </size>
  <color>
   Голубой
  </color>
  <material>
   Хлопок
  </material>
  <price>
   485807
  </price>
  <rating>
   1.44
  </rating>
  <reviews>
   518394
  </reviews>
  <new>
   -
  </new>
 </clothing>
 <clothing>
  <id>
   383000055
  </id>
  <name>
   New Balance Pants L-9842
  </name>
  <category>
   Pants
  </category>
  <size>
   L
  </size>
  <color>
   Фиолетовый
  </color>
  <material>
   Полиэстер
  </material>
  <price>
   423968
  </price>
  <rating>
   1.33
  </rating>
  <reviews>
   859786
  </reviews>
  <exclusive>
   no
  </exclusive>
  <sporty>
   yes
  </sporty>
 </clothing>
 <clothing>
  <id>
   625203123
  </id>
  <name>
   Under Armour Shirt Y-8132
  </name>
  <category>
   Shirt
  </category>
  <size>
   XL
  </size>
  <color>
   Голубой
  </color>
  <material>
   Шелк
  </material>
  <price>
   948689
  </price>
  <rating>
   2.68
  </rating>
  <reviews>
   202027
  </reviews>
  <new>
   +
  </new>
  <exclusive>
   no
  </exclusive>
 </clothing>
</clothing-items>
