<?xml version="1.0" encoding="utf-8"?>
<clothing-items>
 <clothing>
  <id>
   331523750
  </id>
  <name>
   Vans Sweater F-1458
  </name>
  <category>
   Sweater
  </category>
  <size>
   S
  </size>
  <color>
   Желтый
  </color>
  <material>
   Лен
  </material>
  <price>
   386159
  </price>
  <rating>
   3.91
  </rating>
  <reviews>
   941515
  </reviews>
  <exclusive>
   no
  </exclusive>
  <sporty>
   no
  </sporty>
 </clothing>
 <clothing>
  <id>
   645740491
  </id>
  <name>
   New Balance Belts E-7701
  </name>
  <category>
   Belts
  </category>
  <size>
   XL
  </size>
  <color>
   Зеленый
  </color>
  <material>
   Шелк
  </material>
  <price>
   489253
  </price>
  <rating>
   1.46
  </rating>
  <reviews>
   761154
  </reviews>
  <exclusive>
   no
  </exclusive>
 </clothing>
 <clothing>
  <id>
   673869694
  </id>
  <name>
   DC Jeans B-3308
  </name>
  <category>
   Jeans
  </category>
  <size>
   S
  </size>
  <color>
   Красный
  </color>
  <material>
   Лен
  </material>
  <price>
   614491
  </price>
  <rating>
   2.79
  </rating>
  <reviews>
   77465
  </reviews>
  <new>
   -
  </new>
  <exclusive>
   no
  </exclusive>
  <sporty>
   no
  </sporty>
 </clothing>
 <clothing>
  <id>
   710893403
  </id>
  <name>
   Addidas T-shirt D-1969
  </name>
  <category>
   T-shirt
  </category>
  <size>
   L
  </size>
  <color>
   Оранжевый
  </color>
  <material>
   Нейлон
  </material>
  <price>
   785711
  </price>
  <rating>
   2.47
  </rating>
  <reviews>
   704560
  </reviews>
  <new>
   +
  </new>
  <exclusive>
   no
  </exclusive>
  <sporty>
   no
  </sporty>
 </clothing>
 <clothing>
  <id>
   737767479
  </id>
  <name>
   PleinSport Pants P-5370
  </name>
  <category>
   Pants
  </category>
  <size>
   L
  </size>
  <color>
   Голубой
  </color>
  <material>
   Шелк
  </material>
  <price>
   584032
  </price>
  <rating>
   4.61
  </rating>
  <reviews>
   335987
  </reviews>
  <new>
   +
  </new>
  <sporty>
   yes
  </sporty>
 </clothing>
 <clothing>
  <id>
   228427830
  </id>
  <name>
   Converse Pants D-1240
  </name>
  <category>
   Pants
  </category>
  <size>
   S
  </size>
  <color>
   Синий
  </color>
  <material>
   Хлопок
  </material>
  <price>
   940664
  </price>
  <rating>
   3.15
  </rating>
  <reviews>
   937543
  </reviews>
  <new>
   +
  </new>
  <sporty>
   no
  </sporty>
 </clothing>
 <clothing>
  <id>
   262985200
  </id>
  <name>
   Ellesse Belts A-2127
  </name>
  <category>
   Belts
  </category>
  <size>
   XL
  </size>
  <color>
   Желтый
  </color>
  <material>
   Хлопок
  </material>
  <price>
   696643
  </price>
  <rating>
   4.92
  </rating>
  <reviews>
   212599
  </reviews>
  <new>
   +
  </new>
  <sporty>
   no
  </sporty>
 </clothing>
 <clothing>
  <id>
   533229376
  </id>
  <name>
   Brooks Belts H-3129
  </name>
  <category>
   Belts
  </category>
  <size>
   XL
  </size>
  <color>
   Синий
  </color>
  <material>
   Хлопок
  </material>
  <price>
   169844
  </price>
  <rating>
   1.9
  </rating>
  <reviews>
   582833
  </reviews>
  <new>
   -
  </new>
  <exclusive>
   yes
  </exclusive>
  <sporty>
   no
  </sporty>
 </clothing>
 <clothing>
  <id>
   627645722
  </id>
  <name>
   Brooks Gloves A-1150
  </name>
  <category>
   Gloves
  </category>
  <size>
   XXL
  </size>
  <color>
   Оранжевый
  </color>
  <material>
   Полиэстер
  </material>
  <price>
   126346
  </price>
  <rating>
   1.41
  </rating>
  <reviews>
   280728
  </reviews>
  <new>
   -
  </new>
  <exclusive>
   no
  </exclusive>
 </clothing>
 <clothing>
  <id>
   551338057
  </id>
  <name>
   Vans Shoes L-3551
  </name>
  <category>
   Shoes
  </category>
  <size>
   L
  </size>
  <color>
   Желтый
  </color>
  <material>
   Полиэстер
  </material>
  <price>
   164583
  </price>
  <rating>
   1.28
  </rating>
  <reviews>
   254893
  </reviews>
  <exclusive>
   no
  </exclusive>
  <sporty>
   no
  </sporty>
 </clothing>
 <clothing>
  <id>
   527320108
  </id>
  <name>
   Converse Handbags R-1211
  </name>
  <category>
   Handbags
  </category>
  <size>
   XXL
  </size>
  <color>
   Желтый
  </color>
  <material>
   Вискоза
  </material>
  <price>
   720507
  </price>
  <rating>
   1.18
  </rating>
  <reviews>
   491085
  </reviews>
  <exclusive>
   yes
  </exclusive>
  <sporty>
   no
  </sporty>
 </clothing>
 <clothing>
  <id>
   553116778
  </id>
  <name>
   Addidas Pants Q-5615
  </name>
  <category>
   Pants
  </category>
  <size>
   S
  </size>
  <color>
   Зеленый
  </color>
  <material>
   Кожа
  </material>
  <price>
   800661
  </price>
  <rating>
   2.23
  </rating>
  <reviews>
   62669
  </reviews>
  <new>
   +
  </new>
  <exclusive>
   yes
  </exclusive>
  <sporty>
   no
  </sporty>
 </clothing>
 <clothing>
  <id>
   975706583
  </id>
  <name>
   Puma Belts I-7455
  </name>
  <category>
   Belts
  </category>
  <size>
   L
  </size>
  <color>
   Синий
  </color>
  <material>
   Кожа
  </material>
  <price>
   527972
  </price>
  <rating>
   3.74
  </rating>
  <reviews>
   290171
  </reviews>
  <new>
   -
  </new>
  <exclusive>
   yes
  </exclusive>
  <sporty>
   no
  </sporty>
 </clothing>
 <clothing>
  <id>
   905585830
  </id>
  <name>
   Nike T-shirt K-3979
  </name>
  <category>
   T-shirt
  </category>
  <size>
   XL
  </size>
  <color>
   Желтый
  </color>
  <material>
   Шерсть
  </material>
  <price>
   814583
  </price>
  <rating>
   1.45
  </rating>
  <reviews>
   16858
  </reviews>
  <new>
   -
  </new>
  <exclusive>
   no
  </exclusive>
 </clothing>
 <clothing>
  <id>
   706747566
  </id>
  <name>
   New Balance Umbrellas P-6395
  </name>
  <category>
   Umbrellas
  </category>
  <size>
   M
  </size>
  <color>
   Желтый
  </color>
  <material>
   Нейлон
  </material>
  <price>
   965930
  </price>
  <rating>
   3.76
  </rating>
  <reviews>
   882981
  </reviews>
  <new>
   -
  </new>
 </clothing>
 <clothing>
  <id>
   335503482
  </id>
  <name>
   Fila Shirt F-7745
  </name>
  <category>
   Shirt
  </category>
  <size>
   S
  </size>
  <color>
   Голубой
  </color>
  <material>
   Шерсть
  </material>
  <price>
   516354
  </price>
  <rating>
   2.97
  </rating>
  <reviews>
   434403
  </reviews>
  <new>
   -
  </new>
  <exclusive>
   yes
  </exclusive>
 </clothing>
 <clothing>
  <id>
   946271367
  </id>
  <name>
   Reebok T-shirt U-2620
  </name>
  <category>
   T-shirt
  </category>
  <size>
   M
  </size>
  <color>
   Синий
  </color>
  <material>
   Хлопок
  </material>
  <price>
   898267
  </price>
  <rating>
   4.12
  </rating>
  <reviews>
   330966
  </reviews>
  <exclusive>
   yes
  </exclusive>
 </clothing>
 <clothing>
  <id>
   143609620
  </id>
  <name>
   DC Jacket I-1499
  </name>
  <category>
   Jacket
  </category>
  <size>
   S
  </size>
  <color>
   Оранжевый
  </color>
  <material>
   Полиэстер
  </material>
  <price>
   162864
  </price>
  <rating>
   2.41
  </rating>
  <reviews>
   562047
  </reviews>
  <new>
   +
  </new>
  <exclusive>
   no
  </exclusive>
  <sporty>
   yes
  </sporty>
 </clothing>
 <clothing>
  <id>
   443876336
  </id>
  <name>
   New Balance Gloves J-6695
  </name>
  <category>
   Gloves
  </category>
  <size>
   M
  </size>
  <color>
   Красный
  </color>
  <material>
   Кожа
  </material>
  <price>
   816587
  </price>
  <rating>
   3.78
  </rating>
  <reviews>
   238316
  </reviews>
  <new>
   -
  </new>
  <exclusive>
   yes
  </exclusive>
 </clothing>
 <clothing>
  <id>
   275516955
  </id>
  <name>
   Asics Shoes M-6593
  </name>
  <category>
   Shoes
  </category>
  <size>
   XL
  </size>
  <color>
   Голубой
  </color>
  <material>
   Нейлон
  </material>
  <price>
   331032
  </price>
  <rating>
   2.06
  </rating>
  <reviews>
   769659
  </reviews>
  <new>
   +
  </new>
  <exclusive>
   yes
  </exclusive>
 </clothing>
 <clothing>
  <id>
   328691594
  </id>
  <name>
   New Balance Handbags Q-6439
  </name>
  <category>
   Handbags
  </category>
  <size>
   L
  </size>
  <color>
   Желтый
  </color>
  <material>
   Шелк
  </material>
  <price>
   660101
  </price>
  <rating>
   4.53
  </rating>
  <reviews>
   161720
  </reviews>
  <new>
   +
  </new>
  <exclusive>
   no
  </exclusive>
  <sporty>
   yes
  </sporty>
 </clothing>
 <clothing>
  <id>
   299825912
  </id>
  <name>
   Asics Belts W-9778
  </name>
  <category>
   Belts
  </category>
  <size>
   S
  </size>
  <color>
   Синий
  </color>
  <material>
   Нейлон
  </material>
  <price>
   994841
  </price>
  <rating>
   2.28
  </rating>
  <reviews>
   823792
  </reviews>
  <exclusive>
   no
  </exclusive>
 </clothing>
 <clothing>
  <id>
   615425626
  </id>
  <name>
   Addidas Dress Z-4497
  </name>
  <category>
   Dress
  </category>
  <size>
   XXL
  </size>
  <color>
   Голубой
  </color>
  <material>
   Хлопок
  </material>
  <price>
   266457
  </price>
  <rating>
   1.67
  </rating>
  <reviews>
   353206
  </reviews>
  <new>
   -
  </new>
  <exclusive>
   yes
  </exclusive>
  <sporty>
   no
  </sporty>
 </clothing>
 <clothing>
  <id>
   533844679
  </id>
  <name>
   Addidas Socks E-3145
  </name>
  <category>
   Socks
  </category>
  <size>
   L
  </size>
  <color>
   Фиолетовый
  </color>
  <material>
   Шерсть
  </material>
  <price>
   432775
  </price>
  <rating>
   4.55
  </rating>
  <reviews>
   438484
  </reviews>
  <new>
   -
  </new>
  <sporty>
   yes
  </sporty>
 </clothing>
 <clothing>
  <id>
   648454967
  </id>
  <name>
   PleinSport Shoes X-9871
  </name>
  <category>
   Shoes
  </category>
  <size>
   XXL
  </size>
  <color>
   Синий
  </color>
  <material>
   Нейлон
  </material>
  <price>
   692177
  </price>
  <rating>
   4.25
  </rating>
  <reviews>
   708553
  </reviews>
  <new>
   -
  </new>
  <sporty>
   no
  </sporty>
 </clothing>
 <clothing>
  <id>
   173250587
  </id>
  <name>
   Reebok Sweater R-4021
  </name>
  <category>
   Sweater
  </category>
  <size>
   L
  </size>
  <color>
   Оранжевый
  </color>
  <material>
   Шерсть
  </material>
  <price>
   992624
  </price>
  <rating>
   2.57
  </rating>
  <reviews>
   221729
  </reviews>
  <new>
   +
  </new>
  <exclusive>
   no
  </exclusive>
 </clothing>
 <clothing>
  <id>
   272224449
  </id>
  <name>
   Addidas Sweater Z-9550
  </name>
  <category>
   Sweater
  </category>
  <size>
   XL
  </size>
  <color>
   Синий
  </color>
  <material>
   Вискоза
  </material>
  <price>
   195114
  </price>
  <rating>
   1.87
  </rating>
  <reviews>
   435164
  </reviews>
  <new>
   +
  </new>
  <sporty>
   no
  </sporty>
 </clothing>
 <clothing>
  <id>
   975379813
  </id>
  <name>
   Brooks Gloves J-8700
  </name>
  <category>
   Gloves
  </category>
  <size>
   S
  </size>
  <color>
   Голубой
  </color>
  <material>
   Хлопок
  </material>
  <price>
   172364
  </price>
  <rating>
   2.73
  </rating>
  <reviews>
   988289
  </reviews>
  <new>
   +
  </new>
  <exclusive>
   no
  </exclusive>
  <sporty>
   no
  </sporty>
 </clothing>
 <clothing>
  <id>
   682153660
  </id>
  <name>
   Asics Sweater F-4856
  </name>
  <category>
   Sweater
  </category>
  <size>
   M
  </size>
  <color>
   Оранжевый
  </color>
  <material>
   Вискоза
  </material>
  <price>
   633779
  </price>
  <rating>
   1.32
  </rating>
  <reviews>
   607511
  </reviews>
  <sporty>
   yes
  </sporty>
 </clothing>
 <clothing>
  <id>
   771939532
  </id>
  <name>
   PleinSport Belts G-1556
  </name>
  <category>
   Belts
  </category>
  <size>
   M
  </size>
  <color>
   Зеленый
  </color>
  <material>
   Лен
  </material>
  <price>
   289585
  </price>
  <rating>
   4.55
  </rating>
  <reviews>
   901357
  </reviews>
  <exclusive>
   no
  </exclusive>
  <sporty>
   no
  </sporty>
 </clothing>
 <clothing>
  <id>
   966841998
  </id>
  <name>
   Asics Dress L-7665
  </name>
  <category>
   Dress
  </category>
  <size>
   M
  </size>
  <color>
   Желтый
  </color>
  <material>
   Вискоза
  </material>
  <price>
   226523
  </price>
  <rating>
   2.1
  </rating>
  <reviews>
   307513
  </reviews>
  <new>
   +
  </new>
  <exclusive>
   no
  </exclusive>
  <sporty>
   no
  </sporty>
 </clothing>
 <clothing>
  <id>
   894904141
  </id>
  <name>
   Brooks Hat M-5325
  </name>
  <category>
   Hat
  </category>
  <size>
   XL
  </size>
  <color>
   Синий
  </color>
  <material>
   Шерсть
  </material>
  <price>
   958569
  </price>
  <rating>
   1.06
  </rating>
  <reviews>
   247355
  </reviews>
  <new>
   -
  </new>
  <exclusive>
   yes
  </exclusive>
  <sporty>
   no
  </sporty>
 </clothing>
</clothing-items>
