<?xml version="1.0" encoding="utf-8"?>
<clothing-items>
 <clothing>
  <id>
   731295278
  </id>
  <name>
   Vans Pants Q-1076
  </name>
  <category>
   Pants
  </category>
  <size>
   XXL
  </size>
  <color>
   Зеленый
  </color>
  <material>
   Кожа
  </material>
  <price>
   315824
  </price>
  <rating>
   2.46
  </rating>
  <reviews>
   976795
  </reviews>
  <new>
   +
  </new>
 </clothing>
 <clothing>
  <id>
   986825092
  </id>
  <name>
   Lacoste Skirt P-8224
  </name>
  <category>
   Skirt
  </category>
  <size>
   XXL
  </size>
  <color>
   Голубой
  </color>
  <material>
   Кожа
  </material>
  <price>
   973567
  </price>
  <rating>
   4.55
  </rating>
  <reviews>
   418036
  </reviews>
  <new>
   +
  </new>
  <sporty>
   yes
  </sporty>
 </clothing>
 <clothing>
  <id>
   206033366
  </id>
  <name>
   Under Armour Jacket C-1119
  </name>
  <category>
   Jacket
  </category>
  <size>
   S
  </size>
  <color>
   Желтый
  </color>
  <material>
   Вискоза
  </material>
  <price>
   185843
  </price>
  <rating>
   2.71
  </rating>
  <reviews>
   954533
  </reviews>
  <new>
   -
  </new>
 </clothing>
 <clothing>
  <id>
   562530184
  </id>
  <name>
   DC Blouse Q-2095
  </name>
  <category>
   Blouse
  </category>
  <size>
   L
  </size>
  <color>
   Красный
  </color>
  <material>
   Лен
  </material>
  <price>
   490978
  </price>
  <rating>
   3.76
  </rating>
  <reviews>
   704962
  </reviews>
  <sporty>
   yes
  </sporty>
 </clothing>
 <clothing>
  <id>
   546092860
  </id>
  <name>
   Converse Shirt O-8610
  </name>
  <category>
   Shirt
  </category>
  <size>
   S
  </size>
  <color>
   Голубой
  </color>
  <material>
   Шелк
  </material>
  <price>
   614839
  </price>
  <rating>
   2.68
  </rating>
  <reviews>
   810108
  </reviews>
  <new>
   +
  </new>
  <exclusive>
   yes
  </exclusive>
 </clothing>
 <clothing>
  <id>
   329858336
  </id>
  <name>
   Puma Umbrellas D-9077
  </name>
  <category>
   Umbrellas
  </category>
  <size>
   L
  </size>
  <color>
   Голубой
  </color>
  <material>
   Вискоза
  </material>
  <price>
   809961
  </price>
  <rating>
   1.5
  </rating>
  <reviews>
   754128
  </reviews>
  <exclusive>
   no
  </exclusive>
  <sporty>
   no
  </sporty>
 </clothing>
 <clothing>
  <id>
   325900324
  </id>
  <name>
   Asics Gloves G-1324
  </name>
  <category>
   Gloves
  </category>
  <size>
   XXL
  </size>
  <color>
   Красный
  </color>
  <material>
   Лен
  </material>
  <price>
   929819
  </price>
  <rating>
   1.1
  </rating>
  <reviews>
   66606
  </reviews>
  <new>
   -
  </new>
 </clothing>
 <clothing>
  <id>
   706990348
  </id>
  <name>
   Addidas Jacket U-1922
  </name>
  <category>
   Jacket
  </category>
  <size>
   XXL
  </size>
  <color>
   Красный
  </color>
  <material>
   Полиэстер
  </material>
  <price>
   989891
  </price>
  <rating>
   2.32
  </rating>
  <reviews>
   546182
  </reviews>
  <new>
   -
  </new>
  <exclusive>
   no
  </exclusive>
 </clothing>
 <clothing>
  <id>
   727582265
  </id>
  <name>
   Brooks Sweater O-5555
  </name>
  <category>
   Sweater
  </category>
  <size>
   L
  </size>
  <color>
   Красный
  </color>
  <material>
   Шелк
  </material>
  <price>
   870466
  </price>
  <rating>
   1.93
  </rating>
  <reviews>
   542988
  </reviews>
 </clothing>
 <clothing>
  <id>
   858049294
  </id>
  <name>
   Puma Gloves S-3280
  </name>
  <category>
   Gloves
  </category>
  <size>
   XL
  </size>
  <color>
   Голубой
  </color>
  <material>
   Шелк
  </material>
  <price>
   277253
  </price>
  <rating>
   1.71
  </rating>
  <reviews>
   78364
  </reviews>
  <new>
   +
  </new>
  <exclusive>
   no
  </exclusive>
  <sporty>
   no
  </sporty>
 </clothing>
 <clothing>
  <id>
   689794357
  </id>
  <name>
   Fila Socks F-9136
  </name>
  <category>
   Socks
  </category>
  <size>
   M
  </size>
  <color>
   Желтый
  </color>
  <material>
   Кожа
  </material>
  <price>
   576632
  </price>
  <rating>
   3.87
  </rating>
  <reviews>
   153168
  </reviews>
  <new>
   -
  </new>
  <exclusive>
   no
  </exclusive>
 </clothing>
 <clothing>
  <id>
   135607087
  </id>
  <name>
   Addidas Jeans C-9124
  </name>
  <category>
   Jeans
  </category>
  <size>
   XXL
  </size>
  <color>
   Красный
  </color>
  <material>
   Шерсть
  </material>
  <price>
   722741
  </price>
  <rating>
   2.63
  </rating>
  <reviews>
   875322
  </reviews>
  <new>
   +
  </new>
  <exclusive>
   no
  </exclusive>
  <sporty>
   yes
  </sporty>
 </clothing>
 <clothing>
  <id>
   160087701
  </id>
  <name>
   Under Armour Blouse V-4012
  </name>
  <category>
   Blouse
  </category>
  <size>
   M
  </size>
  <color>
   Голубой
  </color>
  <material>
   Лен
  </material>
  <price>
   178117
  </price>
  <rating>
   3.01
  </rating>
  <reviews>
   245961
  </reviews>
  <new>
   +
  </new>
  <exclusive>
   yes
  </exclusive>
  <sporty>
   yes
  </sporty>
 </clothing>
 <clothing>
  <id>
   349319633
  </id>
  <name>
   DC Skirt A-4297
  </name>
  <category>
   Skirt
  </category>
  <size>
   XXL
  </size>
  <color>
   Фиолетовый
  </color>
  <material>
   Лен
  </material>
  <price>
   983705
  </price>
  <rating>
   2.63
  </rating>
  <reviews>
   84255
  </reviews>
  <new>
   -
  </new>
  <exclusive>
   no
  </exclusive>
 </clothing>
 <clothing>
  <id>
   922290674
  </id>
  <name>
   Addidas Jeans Q-6856
  </name>
  <category>
   Jeans
  </category>
  <size>
   M
  </size>
  <color>
   Оранжевый
  </color>
  <material>
   Хлопок
  </material>
  <price>
   339669
  </price>
  <rating>
   1.75
  </rating>
  <reviews>
   878220
  </reviews>
  <exclusive>
   yes
  </exclusive>
  <sporty>
   no
  </sporty>
 </clothing>
</clothing-items>
