<?xml version="1.0" encoding="utf-8"?>
<clothing-items>
 <clothing>
  <id>
   283428342
  </id>
  <name>
   Vans Shoes T-5191
  </name>
  <category>
   Shoes
  </category>
  <size>
   M
  </size>
  <color>
   Красный
  </color>
  <material>
   Хлопок
  </material>
  <price>
   345386
  </price>
  <rating>
   2.77
  </rating>
  <reviews>
   9979
  </reviews>
  <new>
   -
  </new>
  <exclusive>
   no
  </exclusive>
  <sporty>
   no
  </sporty>
 </clothing>
 <clothing>
  <id>
   394164603
  </id>
  <name>
   Adidas T-shirt T-6673
  </name>
  <category>
   T-shirt
  </category>
  <size>
   XXL
  </size>
  <color>
   Зеленый
  </color>
  <material>
   Вискоза
  </material>
  <price>
   883918
  </price>
  <rating>
   2.1
  </rating>
  <reviews>
   388785
  </reviews>
  <new>
   -
  </new>
  <sporty>
   no
  </sporty>
 </clothing>
 <clothing>
  <id>
   285179608
  </id>
  <name>
   Asics Shirt E-3939
  </name>
  <category>
   Shirt
  </category>
  <size>
   XL
  </size>
  <color>
   Красный
  </color>
  <material>
   Хлопок
  </material>
  <price>
   459470
  </price>
  <rating>
   2.68
  </rating>
  <reviews>
   349102
  </reviews>
  <new>
   -
  </new>
  <sporty>
   yes
  </sporty>
 </clothing>
 <clothing>
  <id>
   506820293
  </id>
  <name>
   Under Armour Umbrellas Y-2042
  </name>
  <category>
   Umbrellas
  </category>
  <size>
   S
  </size>
  <color>
   Фиолетовый
  </color>
  <material>
   Нейлон
  </material>
  <price>
   954959
  </price>
  <rating>
   2.82
  </rating>
  <reviews>
   276025
  </reviews>
  <new>
   -
  </new>
  <sporty>
   no
  </sporty>
 </clothing>
 <clothing>
  <id>
   702706485
  </id>
  <name>
   New Balance Shoes Q-5903
  </name>
  <category>
   Shoes
  </category>
  <size>
   XL
  </size>
  <color>
   Желтый
  </color>
  <material>
   Кожа
  </material>
  <price>
   841450
  </price>
  <rating>
   4.44
  </rating>
  <reviews>
   238310
  </reviews>
  <new>
   +
  </new>
  <exclusive>
   no
  </exclusive>
  <sporty>
   no
  </sporty>
 </clothing>
 <clothing>
  <id>
   400375217
  </id>
  <name>
   Converse Gloves V-4010
  </name>
  <category>
   Gloves
  </category>
  <size>
   XL
  </size>
  <color>
   Фиолетовый
  </color>
  <material>
   Хлопок
  </material>
  <price>
   185876
  </price>
  <rating>
   2.2
  </rating>
  <reviews>
   796196
  </reviews>
  <exclusive>
   yes
  </exclusive>
  <sporty>
   no
  </sporty>
 </clothing>
 <clothing>
  <id>
   523566442
  </id>
  <name>
   Vans Skirt K-6037
  </name>
  <category>
   Skirt
  </category>
  <size>
   XXL
  </size>
  <color>
   Зеленый
  </color>
  <material>
   Кожа
  </material>
  <price>
   105417
  </price>
  <rating>
   3.2
  </rating>
  <reviews>
   384490
  </reviews>
  <exclusive>
   yes
  </exclusive>
  <sporty>
   yes
  </sporty>
 </clothing>
 <clothing>
  <id>
   753373642
  </id>
  <name>
   Addidas Shirt H-4249
  </name>
  <category>
   Shirt
  </category>
  <size>
   S
  </size>
  <color>
   Желтый
  </color>
  <material>
   Шелк
  </material>
  <price>
   638313
  </price>
  <rating>
   4.83
  </rating>
  <reviews>
   65938
  </reviews>
  <new>
   +
  </new>
 </clothing>
 <clothing>
  <id>
   287556273
  </id>
  <name>
   PleinSport Handbags D-9595
  </name>
  <category>
   Handbags
  </category>
  <size>
   S
  </size>
  <color>
   Синий
  </color>
  <material>
   Вискоза
  </material>
  <price>
   498742
  </price>
  <rating>
   2.28
  </rating>
  <reviews>
   963137
  </reviews>
  <new>
   -
  </new>
  <exclusive>
   yes
  </exclusive>
  <sporty>
   yes
  </sporty>
 </clothing>
 <clothing>
  <id>
   488289186
  </id>
  <name>
   Converse Socks O-4571
  </name>
  <category>
   Socks
  </category>
  <size>
   XL
  </size>
  <color>
   Красный
  </color>
  <material>
   Шелк
  </material>
  <price>
   528758
  </price>
  <rating>
   4.4
  </rating>
  <reviews>
   852672
  </reviews>
  <exclusive>
   yes
  </exclusive>
  <sporty>
   no
  </sporty>
 </clothing>
 <clothing>
  <id>
   102342365
  </id>
  <name>
   Nike Umbrellas G-6773
  </name>
  <category>
   Umbrellas
  </category>
  <size>
   L
  </size>
  <color>
   Синий
  </color>
  <material>
   Нейлон
  </material>
  <price>
   599941
  </price>
  <rating>
   3.79
  </rating>
  <reviews>
   736639
  </reviews>
  <sporty>
   no
  </sporty>
 </clothing>
 <clothing>
  <id>
   836932740
  </id>
  <name>
   Brooks T-shirt C-2280
  </name>
  <category>
   T-shirt
  </category>
  <size>
   S
  </size>
  <color>
   Желтый
  </color>
  <material>
   Кожа
  </material>
  <price>
   392188
  </price>
  <rating>
   4.96
  </rating>
  <reviews>
   28692
  </reviews>
  <new>
   -
  </new>
 </clothing>
 <clothing>
  <id>
   519532442
  </id>
  <name>
   Vans Socks N-7300
  </name>
  <category>
   Socks
  </category>
  <size>
   S
  </size>
  <color>
   Синий
  </color>
  <material>
   Нейлон
  </material>
  <price>
   285488
  </price>
  <rating>
   1.49
  </rating>
  <reviews>
   108484
  </reviews>
  <new>
   -
  </new>
 </clothing>
 <clothing>
  <id>
   263387122
  </id>
  <name>
   Under Armour Pants A-2926
  </name>
  <category>
   Pants
  </category>
  <size>
   XL
  </size>
  <color>
   Зеленый
  </color>
  <material>
   Хлопок
  </material>
  <price>
   589183
  </price>
  <rating>
   2.02
  </rating>
  <reviews>
   388681
  </reviews>
  <new>
   +
  </new>
  <sporty>
   no
  </sporty>
 </clothing>
 <clothing>
  <id>
   692637561
  </id>
  <name>
   Nike Blouse P-1969
  </name>
  <category>
   Blouse
  </category>
  <size>
   M
  </size>
  <color>
   Желтый
  </color>
  <material>
   Шелк
  </material>
  <price>
   788152
  </price>
  <rating>
   1.62
  </rating>
  <reviews>
   405315
  </reviews>
  <new>
   -
  </new>
  <exclusive>
   no
  </exclusive>
 </clothing>
 <clothing>
  <id>
   386390415
  </id>
  <name>
   Ellesse Pants U-3673
  </name>
  <category>
   Pants
  </category>
  <size>
   XXL
  </size>
  <color>
   Фиолетовый
  </color>
  <material>
   Хлопок
  </material>
  <price>
   820954
  </price>
  <rating>
   2.99
  </rating>
  <reviews>
   663808
  </reviews>
  <exclusive>
   no
  </exclusive>
  <sporty>
   no
  </sporty>
 </clothing>
 <clothing>
  <id>
   433806526
  </id>
  <name>
   Fila Shoes Y-4670
  </name>
  <category>
   Shoes
  </category>
  <size>
   M
  </size>
  <color>
   Фиолетовый
  </color>
  <material>
   Вискоза
  </material>
  <price>
   797992
  </price>
  <rating>
   1.89
  </rating>
  <reviews>
   286763
  </reviews>
  <new>
   -
  </new>
  <exclusive>
   no
  </exclusive>
 </clothing>
 <clothing>
  <id>
   722493127
  </id>
  <name>
   Under Armour Pants P-4574
  </name>
  <category>
   Pants
  </category>
  <size>
   S
  </size>
  <color>
   Оранжевый
  </color>
  <material>
   Полиэстер
  </material>
  <price>
   366579
  </price>
  <rating>
   2.25
  </rating>
  <reviews>
   329728
  </reviews>
 </clothing>
 <clothing>
  <id>
   782051622
  </id>
  <name>
   Adidas Belts B-1449
  </name>
  <category>
   Belts
  </category>
  <size>
   M
  </size>
  <color>
   Зеленый
  </color>
  <material>
   Лен
  </material>
  <price>
   873006
  </price>
  <rating>
   4.36
  </rating>
  <reviews>
   417894
  </reviews>
  <sporty>
   no
  </sporty>
 </clothing>
 <clothing>
  <id>
   215721010
  </id>
  <name>
   New Balance Hat N-8723
  </name>
  <category>
   Hat
  </category>
  <size>
   M
  </size>
  <color>
   Синий
  </color>
  <material>
   Хлопок
  </material>
  <price>
   965651
  </price>
  <rating>
   3.4
  </rating>
  <reviews>
   91534
  </reviews>
  <new>
   +
  </new>
  <exclusive>
   yes
  </exclusive>
  <sporty>
   no
  </sporty>
 </clothing>
 <clothing>
  <id>
   886241909
  </id>
  <name>
   DC Handbags F-7525
  </name>
  <category>
   Handbags
  </category>
  <size>
   L
  </size>
  <color>
   Голубой
  </color>
  <material>
   Хлопок
  </material>
  <price>
   718759
  </price>
  <rating>
   4.81
  </rating>
  <reviews>
   450137
  </reviews>
  <new>
   +
  </new>
  <sporty>
   no
  </sporty>
 </clothing>
 <clothing>
  <id>
   130988067
  </id>
  <name>
   Under Armour Belts R-7872
  </name>
  <category>
   Belts
  </category>
  <size>
   L
  </size>
  <color>
   Желтый
  </color>
  <material>
   Кожа
  </material>
  <price>
   909104
  </price>
  <rating>
   4.32
  </rating>
  <reviews>
   30055
  </reviews>
  <new>
   -
  </new>
  <exclusive>
   yes
  </exclusive>
  <sporty>
   yes
  </sporty>
 </clothing>
 <clothing>
  <id>
   582168711
  </id>
  <name>
   Converse Shoes E-7255
  </name>
  <category>
   Shoes
  </category>
  <size>
   S
  </size>
  <color>
   Синий
  </color>
  <material>
   Шелк
  </material>
  <price>
   153118
  </price>
  <rating>
   4.18
  </rating>
  <reviews>
   402873
  </reviews>
  <new>
   +
  </new>
  <exclusive>
   no
  </exclusive>
  <sporty>
   yes
  </sporty>
 </clothing>
 <clothing>
  <id>
   459850763
  </id>
  <name>
   Vans T-shirt V-4322
  </name>
  <category>
   T-shirt
  </category>
  <size>
   XXL
  </size>
  <color>
   Синий
  </color>
  <material>
   Вискоза
  </material>
  <price>
   349428
  </price>
  <rating>
   4.99
  </rating>
  <reviews>
   598355
  </reviews>
  <new>
   -
  </new>
 </clothing>
 <clothing>
  <id>
   363078094
  </id>
  <name>
   Adidas Pants E-7240
  </name>
  <category>
   Pants
  </category>
  <size>
   XXL
  </size>
  <color>
   Красный
  </color>
  <material>
   Хлопок
  </material>
  <price>
   119548
  </price>
  <rating>
   3.91
  </rating>
  <reviews>
   759206
  </reviews>
  <new>
   -
  </new>
  <exclusive>
   yes
  </exclusive>
  <sporty>
   yes
  </sporty>
 </clothing>
 <clothing>
  <id>
   673254969
  </id>
  <name>
   Puma Skirt F-1526
  </name>
  <category>
   Skirt
  </category>
  <size>
   XXL
  </size>
  <color>
   Зеленый
  </color>
  <material>
   Нейлон
  </material>
  <price>
   823426
  </price>
  <rating>
   3.81
  </rating>
  <reviews>
   323049
  </reviews>
  <exclusive>
   yes
  </exclusive>
 </clothing>
 <clothing>
  <id>
   795498947
  </id>
  <name>
   DC Umbrellas C-7232
  </name>
  <category>
   Umbrellas
  </category>
  <size>
   XL
  </size>
  <color>
   Фиолетовый
  </color>
  <material>
   Нейлон
  </material>
  <price>
   636617
  </price>
  <rating>
   4.9
  </rating>
  <reviews>
   247477
  </reviews>
  <exclusive>
   no
  </exclusive>
  <sporty>
   yes
  </sporty>
 </clothing>
 <clothing>
  <id>
   302680209
  </id>
  <name>
   Fila Shirt G-4417
  </name>
  <category>
   Shirt
  </category>
  <size>
   S
  </size>
  <color>
   Оранжевый
  </color>
  <material>
   Кожа
  </material>
  <price>
   462544
  </price>
  <rating>
   2.05
  </rating>
  <reviews>
   469476
  </reviews>
  <new>
   +
  </new>
  <exclusive>
   yes
  </exclusive>
  <sporty>
   no
  </sporty>
 </clothing>
 <clothing>
  <id>
   340000226
  </id>
  <name>
   Puma Belts G-7587
  </name>
  <category>
   Belts
  </category>
  <size>
   XXL
  </size>
  <color>
   Оранжевый
  </color>
  <material>
   Хлопок
  </material>
  <price>
   314187
  </price>
  <rating>
   2.77
  </rating>
  <reviews>
   952402
  </reviews>
  <new>
   +
  </new>
  <exclusive>
   no
  </exclusive>
  <sporty>
   no
  </sporty>
 </clothing>
 <clothing>
  <id>
   728818819
  </id>
  <name>
   Converse Skirt N-2734
  </name>
  <category>
   Skirt
  </category>
  <size>
   L
  </size>
  <color>
   Зеленый
  </color>
  <material>
   Шелк
  </material>
  <price>
   818675
  </price>
  <rating>
   3.93
  </rating>
  <reviews>
   766168
  </reviews>
  <new>
   -
  </new>
  <exclusive>
   yes
  </exclusive>
  <sporty>
   yes
  </sporty>
 </clothing>
 <clothing>
  <id>
   451460966
  </id>
  <name>
   Under Armour Blouse B-6094
  </name>
  <category>
   Blouse
  </category>
  <size>
   XL
  </size>
  <color>
   Оранжевый
  </color>
  <material>
   Полиэстер
  </material>
  <price>
   163979
  </price>
  <rating>
   4.84
  </rating>
  <reviews>
   957528
  </reviews>
  <new>
   -
  </new>
  <exclusive>
   no
  </exclusive>
 </clothing>
 <clothing>
  <id>
   588302579
  </id>
  <name>
   Lacoste Shoes A-8777
  </name>
  <category>
   Shoes
  </category>
  <size>
   S
  </size>
  <color>
   Фиолетовый
  </color>
  <material>
   Вискоза
  </material>
  <price>
   775606
  </price>
  <rating>
   1.73
  </rating>
  <reviews>
   851850
  </reviews>
  <exclusive>
   no
  </exclusive>
 </clothing>
 <clothing>
  <id>
   284799413
  </id>
  <name>
   Addidas Belts U-5997
  </name>
  <category>
   Belts
  </category>
  <size>
   S
  </size>
  <color>
   Зеленый
  </color>
  <material>
   Лен
  </material>
  <price>
   819658
  </price>
  <rating>
   1.81
  </rating>
  <reviews>
   103031
  </reviews>
  <new>
   -
  </new>
  <exclusive>
   no
  </exclusive>
 </clothing>
 <clothing>
  <id>
   963798174
  </id>
  <name>
   Nike Shirt F-6241
  </name>
  <category>
   Shirt
  </category>
  <size>
   M
  </size>
  <color>
   Красный
  </color>
  <material>
   Шерсть
  </material>
  <price>
   823260
  </price>
  <rating>
   2.43
  </rating>
  <reviews>
   23090
  </reviews>
  <sporty>
   no
  </sporty>
 </clothing>
 <clothing>
  <id>
   389923572
  </id>
  <name>
   Vans Dress S-9564
  </name>
  <category>
   Dress
  </category>
  <size>
   S
  </size>
  <color>
   Зеленый
  </color>
  <material>
   Кожа
  </material>
  <price>
   701940
  </price>
  <rating>
   1.63
  </rating>
  <reviews>
   64436
  </reviews>
  <exclusive>
   no
  </exclusive>
  <sporty>
   no
  </sporty>
 </clothing>
 <clothing>
  <id>
   287375953
  </id>
  <name>
   Addidas Socks H-6456
  </name>
  <category>
   Socks
  </category>
  <size>
   M
  </size>
  <color>
   Оранжевый
  </color>
  <material>
   Хлопок
  </material>
  <price>
   497048
  </price>
  <rating>
   4.47
  </rating>
  <reviews>
   290139
  </reviews>
  <new>
   +
  </new>
  <exclusive>
   no
  </exclusive>
  <sporty>
   yes
  </sporty>
 </clothing>
 <clothing>
  <id>
   393033680
  </id>
  <name>
   PleinSport Pants H-5957
  </name>
  <category>
   Pants
  </category>
  <size>
   S
  </size>
  <color>
   Синий
  </color>
  <material>
   Шелк
  </material>
  <price>
   820124
  </price>
  <rating>
   4.02
  </rating>
  <reviews>
   884441
  </reviews>
  <new>
   -
  </new>
  <sporty>
   no
  </sporty>
 </clothing>
 <clothing>
  <id>
   652418955
  </id>
  <name>
   DC Blouse T-2539
  </name>
  <category>
   Blouse
  </category>
  <size>
   L
  </size>
  <color>
   Желтый
  </color>
  <material>
   Лен
  </material>
  <price>
   655541
  </price>
  <rating>
   1.6
  </rating>
  <reviews>
   59533
  </reviews>
  <new>
   +
  </new>
  <sporty>
   yes
  </sporty>
 </clothing>
 <clothing>
  <id>
   521299579
  </id>
  <name>
   Under Armour Blouse X-9429
  </name>
  <category>
   Blouse
  </category>
  <size>
   S
  </size>
  <color>
   Зеленый
  </color>
  <material>
   Шерсть
  </material>
  <price>
   413678
  </price>
  <rating>
   2.1
  </rating>
  <reviews>
   12127
  </reviews>
  <new>
   -
  </new>
 </clothing>
 <clothing>
  <id>
   307532291
  </id>
  <name>
   Lacoste Umbrellas F-9729
  </name>
  <category>
   Umbrellas
  </category>
  <size>
   XL
  </size>
  <color>
   Оранжевый
  </color>
  <material>
   Шелк
  </material>
  <price>
   863314
  </price>
  <rating>
   4.05
  </rating>
  <reviews>
   380352
  </reviews>
  <new>
   -
  </new>
  <exclusive>
   yes
  </exclusive>
  <sporty>
   yes
  </sporty>
 </clothing>
 <clothing>
  <id>
   899654625
  </id>
  <name>
   Adidas Pants T-2641
  </name>
  <category>
   Pants
  </category>
  <size>
   XXL
  </size>
  <color>
   Оранжевый
  </color>
  <material>
   Вискоза
  </material>
  <price>
   478206
  </price>
  <rating>
   3.32
  </rating>
  <reviews>
   539859
  </reviews>
 </clothing>
 <clothing>
  <id>
   835199857
  </id>
  <name>
   PleinSport Socks V-2958
  </name>
  <category>
   Socks
  </category>
  <size>
   M
  </size>
  <color>
   Голубой
  </color>
  <material>
   Хлопок
  </material>
  <price>
   900445
  </price>
  <rating>
   1.46
  </rating>
  <reviews>
   321052
  </reviews>
  <exclusive>
   no
  </exclusive>
 </clothing>
 <clothing>
  <id>
   431956081
  </id>
  <name>
   Fila Umbrellas W-4710
  </name>
  <category>
   Umbrellas
  </category>
  <size>
   XL
  </size>
  <color>
   Оранжевый
  </color>
  <material>
   Вискоза
  </material>
  <price>
   239607
  </price>
  <rating>
   2.88
  </rating>
  <reviews>
   497736
  </reviews>
  <new>
   +
  </new>
  <exclusive>
   no
  </exclusive>
 </clothing>
 <clothing>
  <id>
   926335571
  </id>
  <name>
   New Balance Skirt M-8580
  </name>
  <category>
   Skirt
  </category>
  <size>
   S
  </size>
  <color>
   Красный
  </color>
  <material>
   Полиэстер
  </material>
  <price>
   752850
  </price>
  <rating>
   2.17
  </rating>
  <reviews>
   862284
  </reviews>
  <new>
   +
  </new>
  <exclusive>
   no
  </exclusive>
 </clothing>
 <clothing>
  <id>
   685547947
  </id>
  <name>
   Ellesse Dress R-6851
  </name>
  <category>
   Dress
  </category>
  <size>
   M
  </size>
  <color>
   Фиолетовый
  </color>
  <material>
   Лен
  </material>
  <price>
   329095
  </price>
  <rating>
   4.84
  </rating>
  <reviews>
   125546
  </reviews>
  <exclusive>
   no
  </exclusive>
 </clothing>
 <clothing>
  <id>
   704820829
  </id>
  <name>
   DC Jacket U-1596
  </name>
  <category>
   Jacket
  </category>
  <size>
   S
  </size>
  <color>
   Красный
  </color>
  <material>
   Шелк
  </material>
  <price>
   230978
  </price>
  <rating>
   3.4
  </rating>
  <reviews>
   211902
  </reviews>
  <exclusive>
   no
  </exclusive>
  <sporty>
   yes
  </sporty>
 </clothing>
 <clothing>
  <id>
   489051845
  </id>
  <name>
   Vans Skirt D-5682
  </name>
  <category>
   Skirt
  </category>
  <size>
   M
  </size>
  <color>
   Синий
  </color>
  <material>
   Вискоза
  </material>
  <price>
   984425
  </price>
  <rating>
   3.59
  </rating>
  <reviews>
   564862
  </reviews>
  <new>
   +
  </new>
  <exclusive>
   no
  </exclusive>
  <sporty>
   no
  </sporty>
 </clothing>
 <clothing>
  <id>
   682212261
  </id>
  <name>
   Lacoste Blouse X-4922
  </name>
  <category>
   Blouse
  </category>
  <size>
   XL
  </size>
  <color>
   Синий
  </color>
  <material>
   Кожа
  </material>
  <price>
   568435
  </price>
  <rating>
   1.77
  </rating>
  <reviews>
   397692
  </reviews>
  <exclusive>
   no
  </exclusive>
  <sporty>
   yes
  </sporty>
 </clothing>
</clothing-items>
