<?xml version="1.0" encoding="utf-8"?>
<clothing-items>
 <clothing>
  <id>
   461989924
  </id>
  <name>
   Adidas Shoes E-3946
  </name>
  <category>
   Shoes
  </category>
  <size>
   L
  </size>
  <color>
   Красный
  </color>
  <material>
   Вискоза
  </material>
  <price>
   225363
  </price>
  <rating>
   3.25
  </rating>
  <reviews>
   604639
  </reviews>
  <new>
   -
  </new>
  <sporty>
   no
  </sporty>
 </clothing>
 <clothing>
  <id>
   688143629
  </id>
  <name>
   DC Handbags Q-2113
  </name>
  <category>
   Handbags
  </category>
  <size>
   XXL
  </size>
  <color>
   Зеленый
  </color>
  <material>
   Лен
  </material>
  <price>
   676614
  </price>
  <rating>
   1.85
  </rating>
  <reviews>
   412810
  </reviews>
  <exclusive>
   no
  </exclusive>
  <sporty>
   yes
  </sporty>
 </clothing>
 <clothing>
  <id>
   214929875
  </id>
  <name>
   Ellesse Pants N-2256
  </name>
  <category>
   Pants
  </category>
  <size>
   L
  </size>
  <color>
   Зеленый
  </color>
  <material>
   Вискоза
  </material>
  <price>
   870422
  </price>
  <rating>
   4.26
  </rating>
  <reviews>
   270975
  </reviews>
  <new>
   -
  </new>
  <exclusive>
   yes
  </exclusive>
  <sporty>
   yes
  </sporty>
 </clothing>
 <clothing>
  <id>
   356635678
  </id>
  <name>
   PleinSport Shoes Q-2806
  </name>
  <category>
   Shoes
  </category>
  <size>
   M
  </size>
  <color>
   Голубой
  </color>
  <material>
   Лен
  </material>
  <price>
   229744
  </price>
  <rating>
   2.1
  </rating>
  <reviews>
   723302
  </reviews>
  <new>
   +
  </new>
  <exclusive>
   no
  </exclusive>
  <sporty>
   no
  </sporty>
 </clothing>
 <clothing>
  <id>
   105013554
  </id>
  <name>
   Lacoste Umbrellas Z-6651
  </name>
  <category>
   Umbrellas
  </category>
  <size>
   XXL
  </size>
  <color>
   Синий
  </color>
  <material>
   Вискоза
  </material>
  <price>
   112074
  </price>
  <rating>
   4.84
  </rating>
  <reviews>
   454348
  </reviews>
  <exclusive>
   no
  </exclusive>
  <sporty>
   yes
  </sporty>
 </clothing>
 <clothing>
  <id>
   476665407
  </id>
  <name>
   DC Belts K-1012
  </name>
  <category>
   Belts
  </category>
  <size>
   M
  </size>
  <color>
   Желтый
  </color>
  <material>
   Лен
  </material>
  <price>
   197697
  </price>
  <rating>
   3.0
  </rating>
  <reviews>
   961320
  </reviews>
  <new>
   +
  </new>
  <exclusive>
   yes
  </exclusive>
  <sporty>
   no
  </sporty>
 </clothing>
 <clothing>
  <id>
   539413579
  </id>
  <name>
   Converse Skirt F-2348
  </name>
  <category>
   Skirt
  </category>
  <size>
   XL
  </size>
  <color>
   Голубой
  </color>
  <material>
   Кожа
  </material>
  <price>
   435570
  </price>
  <rating>
   3.72
  </rating>
  <reviews>
   251179
  </reviews>
  <sporty>
   yes
  </sporty>
 </clothing>
 <clothing>
  <id>
   246041927
  </id>
  <name>
   Asics Jacket Z-5388
  </name>
  <category>
   Jacket
  </category>
  <size>
   M
  </size>
  <color>
   Синий
  </color>
  <material>
   Нейлон
  </material>
  <price>
   805637
  </price>
  <rating>
   2.56
  </rating>
  <reviews>
   56407
  </reviews>
  <sporty>
   yes
  </sporty>
 </clothing>
 <clothing>
  <id>
   372139027
  </id>
  <name>
   Asics Skirt J-7625
  </name>
  <category>
   Skirt
  </category>
  <size>
   XL
  </size>
  <color>
   Оранжевый
  </color>
  <material>
   Хлопок
  </material>
  <price>
   557630
  </price>
  <rating>
   2.69
  </rating>
  <reviews>
   758378
  </reviews>
 </clothing>
 <clothing>
  <id>
   253534647
  </id>
  <name>
   Asics Umbrellas L-6187
  </name>
  <category>
   Umbrellas
  </category>
  <size>
   S
  </size>
  <color>
   Желтый
  </color>
  <material>
   Вискоза
  </material>
  <price>
   622503
  </price>
  <rating>
   4.77
  </rating>
  <reviews>
   499422
  </reviews>
  <new>
   +
  </new>
 </clothing>
 <clothing>
  <id>
   411079772
  </id>
  <name>
   Converse Handbags A-7905
  </name>
  <category>
   Handbags
  </category>
  <size>
   XL
  </size>
  <color>
   Оранжевый
  </color>
  <material>
   Вискоза
  </material>
  <price>
   613419
  </price>
  <rating>
   3.12
  </rating>
  <reviews>
   156279
  </reviews>
  <sporty>
   yes
  </sporty>
 </clothing>
 <clothing>
  <id>
   134970963
  </id>
  <name>
   DC Jeans B-3199
  </name>
  <category>
   Jeans
  </category>
  <size>
   S
  </size>
  <color>
   Зеленый
  </color>
  <material>
   Полиэстер
  </material>
  <price>
   740915
  </price>
  <rating>
   1.63
  </rating>
  <reviews>
   720042
  </reviews>
  <sporty>
   yes
  </sporty>
 </clothing>
 <clothing>
  <id>
   798564135
  </id>
  <name>
   New Balance Gloves N-5673
  </name>
  <category>
   Gloves
  </category>
  <size>
   XL
  </size>
  <color>
   Зеленый
  </color>
  <material>
   Кожа
  </material>
  <price>
   708946
  </price>
  <rating>
   3.71
  </rating>
  <reviews>
   253681
  </reviews>
  <new>
   -
  </new>
  <exclusive>
   yes
  </exclusive>
  <sporty>
   yes
  </sporty>
 </clothing>
 <clothing>
  <id>
   604481493
  </id>
  <name>
   Brooks Jeans P-4810
  </name>
  <category>
   Jeans
  </category>
  <size>
   S
  </size>
  <color>
   Голубой
  </color>
  <material>
   Шелк
  </material>
  <price>
   732624
  </price>
  <rating>
   4.91
  </rating>
  <reviews>
   766577
  </reviews>
  <exclusive>
   no
  </exclusive>
 </clothing>
 <clothing>
  <id>
   496308992
  </id>
  <name>
   DC Pants I-2336
  </name>
  <category>
   Pants
  </category>
  <size>
   XXL
  </size>
  <color>
   Желтый
  </color>
  <material>
   Нейлон
  </material>
  <price>
   654821
  </price>
  <rating>
   3.47
  </rating>
  <reviews>
   869636
  </reviews>
  <exclusive>
   yes
  </exclusive>
  <sporty>
   no
  </sporty>
 </clothing>
 <clothing>
  <id>
   458299897
  </id>
  <name>
   Under Armour Sweater B-5115
  </name>
  <category>
   Sweater
  </category>
  <size>
   XXL
  </size>
  <color>
   Красный
  </color>
  <material>
   Вискоза
  </material>
  <price>
   285224
  </price>
  <rating>
   3.8
  </rating>
  <reviews>
   407455
  </reviews>
  <new>
   +
  </new>
  <sporty>
   no
  </sporty>
 </clothing>
 <clothing>
  <id>
   830364137
  </id>
  <name>
   Reebok Belts D-8466
  </name>
  <category>
   Belts
  </category>
  <size>
   XXL
  </size>
  <color>
   Фиолетовый
  </color>
  <material>
   Шелк
  </material>
  <price>
   363715
  </price>
  <rating>
   1.27
  </rating>
  <reviews>
   579249
  </reviews>
  <new>
   +
  </new>
 </clothing>
 <clothing>
  <id>
   172881498
  </id>
  <name>
   Ellesse Belts U-3786
  </name>
  <category>
   Belts
  </category>
  <size>
   XXL
  </size>
  <color>
   Фиолетовый
  </color>
  <material>
   Кожа
  </material>
  <price>
   209951
  </price>
  <rating>
   4.36
  </rating>
  <reviews>
   765842
  </reviews>
  <new>
   -
  </new>
 </clothing>
 <clothing>
  <id>
   142409956
  </id>
  <name>
   Asics Sweater T-2088
  </name>
  <category>
   Sweater
  </category>
  <size>
   XXL
  </size>
  <color>
   Желтый
  </color>
  <material>
   Лен
  </material>
  <price>
   999937
  </price>
  <rating>
   3.24
  </rating>
  <reviews>
   253294
  </reviews>
  <new>
   -
  </new>
 </clothing>
 <clothing>
  <id>
   752512337
  </id>
  <name>
   Puma Jacket Y-5454
  </name>
  <category>
   Jacket
  </category>
  <size>
   XXL
  </size>
  <color>
   Зеленый
  </color>
  <material>
   Лен
  </material>
  <price>
   184011
  </price>
  <rating>
   1.31
  </rating>
  <reviews>
   432271
  </reviews>
  <exclusive>
   no
  </exclusive>
 </clothing>
 <clothing>
  <id>
   924130053
  </id>
  <name>
   Asics Hat D-4710
  </name>
  <category>
   Hat
  </category>
  <size>
   XL
  </size>
  <color>
   Зеленый
  </color>
  <material>
   Лен
  </material>
  <price>
   647771
  </price>
  <rating>
   4.03
  </rating>
  <reviews>
   692841
  </reviews>
  <new>
   +
  </new>
  <exclusive>
   no
  </exclusive>
 </clothing>
 <clothing>
  <id>
   208130565
  </id>
  <name>
   Asics Skirt Y-5454
  </name>
  <category>
   Skirt
  </category>
  <size>
   L
  </size>
  <color>
   Фиолетовый
  </color>
  <material>
   Нейлон
  </material>
  <price>
   339830
  </price>
  <rating>
   4.23
  </rating>
  <reviews>
   447511
  </reviews>
 </clothing>
</clothing-items>
