<?xml version="1.0" encoding="utf-8"?>
<clothing-items>
 <clothing>
  <id>
   155788837
  </id>
  <name>
   Brooks Blouse B-1131
  </name>
  <category>
   Blouse
  </category>
  <size>
   S
  </size>
  <color>
   Фиолетовый
  </color>
  <material>
   Полиэстер
  </material>
  <price>
   741022
  </price>
  <rating>
   2.36
  </rating>
  <reviews>
   50611
  </reviews>
  <exclusive>
   no
  </exclusive>
  <sporty>
   yes
  </sporty>
 </clothing>
 <clothing>
  <id>
   164455131
  </id>
  <name>
   Ellesse Socks K-9518
  </name>
  <category>
   Socks
  </category>
  <size>
   S
  </size>
  <color>
   Красный
  </color>
  <material>
   Полиэстер
  </material>
  <price>
   338214
  </price>
  <rating>
   3.42
  </rating>
  <reviews>
   149668
  </reviews>
  <new>
   -
  </new>
  <sporty>
   no
  </sporty>
 </clothing>
 <clothing>
  <id>
   731842908
  </id>
  <name>
   Reebok Socks T-3366
  </name>
  <category>
   Socks
  </category>
  <size>
   M
  </size>
  <color>
   Желтый
  </color>
  <material>
   Шерсть
  </material>
  <price>
   288338
  </price>
  <rating>
   2.29
  </rating>
  <reviews>
   656953
  </reviews>
  <exclusive>
   no
  </exclusive>
 </clothing>
 <clothing>
  <id>
   564865715
  </id>
  <name>
   Addidas Socks P-8883
  </name>
  <category>
   Socks
  </category>
  <size>
   L
  </size>
  <color>
   Красный
  </color>
  <material>
   Хлопок
  </material>
  <price>
   808575
  </price>
  <rating>
   2.07
  </rating>
  <reviews>
   901593
  </reviews>
  <new>
   +
  </new>
  <exclusive>
   yes
  </exclusive>
 </clothing>
 <clothing>
  <id>
   793001496
  </id>
  <name>
   Converse Belts O-9977
  </name>
  <category>
   Belts
  </category>
  <size>
   XL
  </size>
  <color>
   Синий
  </color>
  <material>
   Шелк
  </material>
  <price>
   809832
  </price>
  <rating>
   4.65
  </rating>
  <reviews>
   962886
  </reviews>
  <new>
   -
  </new>
  <exclusive>
   yes
  </exclusive>
 </clothing>
 <clothing>
  <id>
   633411659
  </id>
  <name>
   New Balance Belts X-6007
  </name>
  <category>
   Belts
  </category>
  <size>
   M
  </size>
  <color>
   Оранжевый
  </color>
  <material>
   Хлопок
  </material>
  <price>
   383403
  </price>
  <rating>
   1.1
  </rating>
  <reviews>
   570692
  </reviews>
 </clothing>
 <clothing>
  <id>
   874936773
  </id>
  <name>
   Puma Shirt Z-8923
  </name>
  <category>
   Shirt
  </category>
  <size>
   S
  </size>
  <color>
   Голубой
  </color>
  <material>
   Нейлон
  </material>
  <price>
   767900
  </price>
  <rating>
   4.69
  </rating>
  <reviews>
   947463
  </reviews>
  <exclusive>
   no
  </exclusive>
  <sporty>
   no
  </sporty>
 </clothing>
 <clothing>
  <id>
   105142372
  </id>
  <name>
   Adidas T-shirt T-7202
  </name>
  <category>
   T-shirt
  </category>
  <size>
   S
  </size>
  <color>
   Зеленый
  </color>
  <material>
   Полиэстер
  </material>
  <price>
   389315
  </price>
  <rating>
   2.93
  </rating>
  <reviews>
   262870
  </reviews>
  <new>
   +
  </new>
 </clothing>
 <clothing>
  <id>
   742845683
  </id>
  <name>
   Brooks Jacket G-1437
  </name>
  <category>
   Jacket
  </category>
  <size>
   M
  </size>
  <color>
   Желтый
  </color>
  <material>
   Шелк
  </material>
  <price>
   645530
  </price>
  <rating>
   4.77
  </rating>
  <reviews>
   504112
  </reviews>
  <new>
   +
  </new>
  <sporty>
   no
  </sporty>
 </clothing>
 <clothing>
  <id>
   650681548
  </id>
  <name>
   Addidas Pants M-9026
  </name>
  <category>
   Pants
  </category>
  <size>
   XXL
  </size>
  <color>
   Синий
  </color>
  <material>
   Вискоза
  </material>
  <price>
   780853
  </price>
  <rating>
   2.67
  </rating>
  <reviews>
   388685
  </reviews>
  <new>
   -
  </new>
  <exclusive>
   no
  </exclusive>
 </clothing>
 <clothing>
  <id>
   658701494
  </id>
  <name>
   Puma Gloves F-2816
  </name>
  <category>
   Gloves
  </category>
  <size>
   XL
  </size>
  <color>
   Голубой
  </color>
  <material>
   Хлопок
  </material>
  <price>
   469352
  </price>
  <rating>
   2.02
  </rating>
  <reviews>
   114485
  </reviews>
  <new>
   +
  </new>
  <exclusive>
   no
  </exclusive>
 </clothing>
 <clothing>
  <id>
   920382611
  </id>
  <name>
   Fila T-shirt Y-9876
  </name>
  <category>
   T-shirt
  </category>
  <size>
   XXL
  </size>
  <color>
   Фиолетовый
  </color>
  <material>
   Вискоза
  </material>
  <price>
   984396
  </price>
  <rating>
   2.72
  </rating>
  <reviews>
   341949
  </reviews>
  <new>
   -
  </new>
  <sporty>
   no
  </sporty>
 </clothing>
 <clothing>
  <id>
   714705883
  </id>
  <name>
   Reebok Shirt R-9652
  </name>
  <category>
   Shirt
  </category>
  <size>
   XXL
  </size>
  <color>
   Зеленый
  </color>
  <material>
   Лен
  </material>
  <price>
   290636
  </price>
  <rating>
   1.11
  </rating>
  <reviews>
   992027
  </reviews>
  <new>
   +
  </new>
 </clothing>
 <clothing>
  <id>
   366999884
  </id>
  <name>
   New Balance Shirt S-3290
  </name>
  <category>
   Shirt
  </category>
  <size>
   XL
  </size>
  <color>
   Желтый
  </color>
  <material>
   Шелк
  </material>
  <price>
   678589
  </price>
  <rating>
   4.59
  </rating>
  <reviews>
   560956
  </reviews>
  <new>
   +
  </new>
  <sporty>
   yes
  </sporty>
 </clothing>
 <clothing>
  <id>
   643807235
  </id>
  <name>
   New Balance Sweater P-5076
  </name>
  <category>
   Sweater
  </category>
  <size>
   S
  </size>
  <color>
   Голубой
  </color>
  <material>
   Шелк
  </material>
  <price>
   303989
  </price>
  <rating>
   1.93
  </rating>
  <reviews>
   71325
  </reviews>
  <new>
   -
  </new>
  <exclusive>
   yes
  </exclusive>
 </clothing>
 <clothing>
  <id>
   273893111
  </id>
  <name>
   Puma Shoes U-1040
  </name>
  <category>
   Shoes
  </category>
  <size>
   L
  </size>
  <color>
   Синий
  </color>
  <material>
   Хлопок
  </material>
  <price>
   773787
  </price>
  <rating>
   1.79
  </rating>
  <reviews>
   90323
  </reviews>
  <new>
   +
  </new>
 </clothing>
 <clothing>
  <id>
   912255241
  </id>
  <name>
   PleinSport Hat W-5527
  </name>
  <category>
   Hat
  </category>
  <size>
   S
  </size>
  <color>
   Фиолетовый
  </color>
  <material>
   Нейлон
  </material>
  <price>
   434566
  </price>
  <rating>
   3.31
  </rating>
  <reviews>
   895318
  </reviews>
  <sporty>
   yes
  </sporty>
 </clothing>
 <clothing>
  <id>
   800110295
  </id>
  <name>
   New Balance Handbags L-8067
  </name>
  <category>
   Handbags
  </category>
  <size>
   L
  </size>
  <color>
   Красный
  </color>
  <material>
   Полиэстер
  </material>
  <price>
   413303
  </price>
  <rating>
   2.12
  </rating>
  <reviews>
   94679
  </reviews>
  <new>
   +
  </new>
  <exclusive>
   no
  </exclusive>
  <sporty>
   no
  </sporty>
 </clothing>
 <clothing>
  <id>
   986254741
  </id>
  <name>
   Fila Blouse Q-2038
  </name>
  <category>
   Blouse
  </category>
  <size>
   XXL
  </size>
  <color>
   Красный
  </color>
  <material>
   Вискоза
  </material>
  <price>
   911014
  </price>
  <rating>
   2.59
  </rating>
  <reviews>
   455793
  </reviews>
  <new>
   -
  </new>
  <exclusive>
   no
  </exclusive>
  <sporty>
   no
  </sporty>
 </clothing>
 <clothing>
  <id>
   637413143
  </id>
  <name>
   Converse Jacket C-4101
  </name>
  <category>
   Jacket
  </category>
  <size>
   L
  </size>
  <color>
   Синий
  </color>
  <material>
   Шелк
  </material>
  <price>
   121488
  </price>
  <rating>
   1.43
  </rating>
  <reviews>
   402048
  </reviews>
  <new>
   -
  </new>
  <exclusive>
   yes
  </exclusive>
  <sporty>
   no
  </sporty>
 </clothing>
 <clothing>
  <id>
   364310509
  </id>
  <name>
   Asics Hat Q-8940
  </name>
  <category>
   Hat
  </category>
  <size>
   L
  </size>
  <color>
   Голубой
  </color>
  <material>
   Полиэстер
  </material>
  <price>
   112729
  </price>
  <rating>
   4.56
  </rating>
  <reviews>
   140407
  </reviews>
  <new>
   -
  </new>
  <sporty>
   no
  </sporty>
 </clothing>
 <clothing>
  <id>
   298049902
  </id>
  <name>
   Converse T-shirt B-7768
  </name>
  <category>
   T-shirt
  </category>
  <size>
   L
  </size>
  <color>
   Оранжевый
  </color>
  <material>
   Шелк
  </material>
  <price>
   905769
  </price>
  <rating>
   3.26
  </rating>
  <reviews>
   233537
  </reviews>
  <new>
   -
  </new>
  <sporty>
   no
  </sporty>
 </clothing>
 <clothing>
  <id>
   558657882
  </id>
  <name>
   New Balance Jeans G-9298
  </name>
  <category>
   Jeans
  </category>
  <size>
   XXL
  </size>
  <color>
   Оранжевый
  </color>
  <material>
   Кожа
  </material>
  <price>
   227255
  </price>
  <rating>
   2.97
  </rating>
  <reviews>
   93885
  </reviews>
  <exclusive>
   no
  </exclusive>
 </clothing>
 <clothing>
  <id>
   785578021
  </id>
  <name>
   DC Blouse C-9328
  </name>
  <category>
   Blouse
  </category>
  <size>
   M
  </size>
  <color>
   Синий
  </color>
  <material>
   Шерсть
  </material>
  <price>
   491139
  </price>
  <rating>
   4.91
  </rating>
  <reviews>
   849456
  </reviews>
  <new>
   +
  </new>
  <sporty>
   no
  </sporty>
 </clothing>
 <clothing>
  <id>
   104511507
  </id>
  <name>
   Addidas T-shirt B-1443
  </name>
  <category>
   T-shirt
  </category>
  <size>
   M
  </size>
  <color>
   Оранжевый
  </color>
  <material>
   Лен
  </material>
  <price>
   238719
  </price>
  <rating>
   3.8
  </rating>
  <reviews>
   200996
  </reviews>
  <new>
   -
  </new>
 </clothing>
 <clothing>
  <id>
   229903679
  </id>
  <name>
   Under Armour Handbags N-8179
  </name>
  <category>
   Handbags
  </category>
  <size>
   S
  </size>
  <color>
   Зеленый
  </color>
  <material>
   Шелк
  </material>
  <price>
   513855
  </price>
  <rating>
   1.7
  </rating>
  <reviews>
   29795
  </reviews>
  <new>
   -
  </new>
  <exclusive>
   no
  </exclusive>
  <sporty>
   yes
  </sporty>
 </clothing>
 <clothing>
  <id>
   504577279
  </id>
  <name>
   Lacoste Handbags A-3462
  </name>
  <category>
   Handbags
  </category>
  <size>
   L
  </size>
  <color>
   Оранжевый
  </color>
  <material>
   Кожа
  </material>
  <price>
   447822
  </price>
  <rating>
   4.79
  </rating>
  <reviews>
   500212
  </reviews>
  <new>
   -
  </new>
 </clothing>
 <clothing>
  <id>
   599549362
  </id>
  <name>
   Nike Dress D-8282
  </name>
  <category>
   Dress
  </category>
  <size>
   XL
  </size>
  <color>
   Оранжевый
  </color>
  <material>
   Полиэстер
  </material>
  <price>
   519582
  </price>
  <rating>
   2.35
  </rating>
  <reviews>
   306302
  </reviews>
  <new>
   -
  </new>
  <exclusive>
   no
  </exclusive>
  <sporty>
   yes
  </sporty>
 </clothing>
 <clothing>
  <id>
   487098917
  </id>
  <name>
   Asics Skirt Q-6659
  </name>
  <category>
   Skirt
  </category>
  <size>
   XXL
  </size>
  <color>
   Голубой
  </color>
  <material>
   Шерсть
  </material>
  <price>
   132248
  </price>
  <rating>
   3.99
  </rating>
  <reviews>
   48650
  </reviews>
  <sporty>
   no
  </sporty>
 </clothing>
 <clothing>
  <id>
   667112056
  </id>
  <name>
   Under Armour Jacket B-8864
  </name>
  <category>
   Jacket
  </category>
  <size>
   M
  </size>
  <color>
   Синий
  </color>
  <material>
   Кожа
  </material>
  <price>
   562228
  </price>
  <rating>
   3.16
  </rating>
  <reviews>
   181911
  </reviews>
  <exclusive>
   no
  </exclusive>
 </clothing>
 <clothing>
  <id>
   200701732
  </id>
  <name>
   PleinSport Skirt O-3349
  </name>
  <category>
   Skirt
  </category>
  <size>
   L
  </size>
  <color>
   Желтый
  </color>
  <material>
   Лен
  </material>
  <price>
   366287
  </price>
  <rating>
   3.04
  </rating>
  <reviews>
   76747
  </reviews>
  <exclusive>
   no
  </exclusive>
  <sporty>
   no
  </sporty>
 </clothing>
 <clothing>
  <id>
   737031039
  </id>
  <name>
   Fila Jacket G-6102
  </name>
  <category>
   Jacket
  </category>
  <size>
   M
  </size>
  <color>
   Желтый
  </color>
  <material>
   Полиэстер
  </material>
  <price>
   417359
  </price>
  <rating>
   1.32
  </rating>
  <reviews>
   524457
  </reviews>
  <new>
   +
  </new>
  <exclusive>
   yes
  </exclusive>
  <sporty>
   no
  </sporty>
 </clothing>
 <clothing>
  <id>
   350249246
  </id>
  <name>
   Reebok Jacket M-3203
  </name>
  <category>
   Jacket
  </category>
  <size>
   XXL
  </size>
  <color>
   Фиолетовый
  </color>
  <material>
   Шелк
  </material>
  <price>
   429758
  </price>
  <rating>
   4.51
  </rating>
  <reviews>
   495840
  </reviews>
  <sporty>
   yes
  </sporty>
 </clothing>
 <clothing>
  <id>
   765381326
  </id>
  <name>
   DC Shirt X-9131
  </name>
  <category>
   Shirt
  </category>
  <size>
   XL
  </size>
  <color>
   Фиолетовый
  </color>
  <material>
   Полиэстер
  </material>
  <price>
   167764
  </price>
  <rating>
   4.94
  </rating>
  <reviews>
   952852
  </reviews>
  <exclusive>
   no
  </exclusive>
  <sporty>
   no
  </sporty>
 </clothing>
</clothing-items>
