<?xml version="1.0" encoding="utf-8"?>
<clothing-items>
 <clothing>
  <id>
   835519648
  </id>
  <name>
   DC Umbrellas S-4155
  </name>
  <category>
   Umbrellas
  </category>
  <size>
   XL
  </size>
  <color>
   Красный
  </color>
  <material>
   Хлопок
  </material>
  <price>
   311770
  </price>
  <rating>
   3.58
  </rating>
  <reviews>
   146158
  </reviews>
  <new>
   -
  </new>
  <exclusive>
   yes
  </exclusive>
 </clothing>
 <clothing>
  <id>
   350405054
  </id>
  <name>
   Brooks Umbrellas R-5609
  </name>
  <category>
   Umbrellas
  </category>
  <size>
   XL
  </size>
  <color>
   Красный
  </color>
  <material>
   Вискоза
  </material>
  <price>
   566009
  </price>
  <rating>
   4.94
  </rating>
  <reviews>
   253414
  </reviews>
 </clothing>
 <clothing>
  <id>
   517514511
  </id>
  <name>
   Asics Blouse Z-8519
  </name>
  <category>
   Blouse
  </category>
  <size>
   L
  </size>
  <color>
   Зеленый
  </color>
  <material>
   Шелк
  </material>
  <price>
   112121
  </price>
  <rating>
   2.06
  </rating>
  <reviews>
   617252
  </reviews>
  <sporty>
   no
  </sporty>
 </clothing>
 <clothing>
  <id>
   620199025
  </id>
  <name>
   PleinSport Blouse T-5439
  </name>
  <category>
   Blouse
  </category>
  <size>
   S
  </size>
  <color>
   Фиолетовый
  </color>
  <material>
   Нейлон
  </material>
  <price>
   694853
  </price>
  <rating>
   4.99
  </rating>
  <reviews>
   304795
  </reviews>
  <new>
   -
  </new>
  <exclusive>
   yes
  </exclusive>
  <sporty>
   no
  </sporty>
 </clothing>
 <clothing>
  <id>
   261962932
  </id>
  <name>
   New Balance Umbrellas Z-2532
  </name>
  <category>
   Umbrellas
  </category>
  <size>
   M
  </size>
  <color>
   Синий
  </color>
  <material>
   Лен
  </material>
  <price>
   905926
  </price>
  <rating>
   4.16
  </rating>
  <reviews>
   116636
  </reviews>
  <new>
   +
  </new>
 </clothing>
 <clothing>
  <id>
   533274151
  </id>
  <name>
   Puma T-shirt N-7296
  </name>
  <category>
   T-shirt
  </category>
  <size>
   L
  </size>
  <color>
   Фиолетовый
  </color>
  <material>
   Полиэстер
  </material>
  <price>
   187609
  </price>
  <rating>
   1.61
  </rating>
  <reviews>
   843449
  </reviews>
  <exclusive>
   no
  </exclusive>
 </clothing>
 <clothing>
  <id>
   338839964
  </id>
  <name>
   DC Belts N-3212
  </name>
  <category>
   Belts
  </category>
  <size>
   M
  </size>
  <color>
   Фиолетовый
  </color>
  <material>
   Нейлон
  </material>
  <price>
   390796
  </price>
  <rating>
   2.7
  </rating>
  <reviews>
   908863
  </reviews>
  <new>
   -
  </new>
  <sporty>
   no
  </sporty>
 </clothing>
 <clothing>
  <id>
   378046725
  </id>
  <name>
   Reebok T-shirt G-1857
  </name>
  <category>
   T-shirt
  </category>
  <size>
   L
  </size>
  <color>
   Синий
  </color>
  <material>
   Нейлон
  </material>
  <price>
   300308
  </price>
  <rating>
   4.22
  </rating>
  <reviews>
   269760
  </reviews>
  <exclusive>
   no
  </exclusive>
  <sporty>
   no
  </sporty>
 </clothing>
 <clothing>
  <id>
   730012174
  </id>
  <name>
   Reebok Gloves X-6156
  </name>
  <category>
   Gloves
  </category>
  <size>
   XL
  </size>
  <color>
   Зеленый
  </color>
  <material>
   Лен
  </material>
  <price>
   814547
  </price>
  <rating>
   1.27
  </rating>
  <reviews>
   76374
  </reviews>
 </clothing>
 <clothing>
  <id>
   959189461
  </id>
  <name>
   Addidas Blouse Q-3880
  </name>
  <category>
   Blouse
  </category>
  <size>
   S
  </size>
  <color>
   Синий
  </color>
  <material>
   Кожа
  </material>
  <price>
   424524
  </price>
  <rating>
   4.46
  </rating>
  <reviews>
   920369
  </reviews>
  <new>
   -
  </new>
  <exclusive>
   no
  </exclusive>
  <sporty>
   no
  </sporty>
 </clothing>
 <clothing>
  <id>
   865448457
  </id>
  <name>
   PleinSport Shoes A-7215
  </name>
  <category>
   Shoes
  </category>
  <size>
   S
  </size>
  <color>
   Голубой
  </color>
  <material>
   Кожа
  </material>
  <price>
   632481
  </price>
  <rating>
   1.25
  </rating>
  <reviews>
   499984
  </reviews>
  <new>
   -
  </new>
  <exclusive>
   yes
  </exclusive>
  <sporty>
   yes
  </sporty>
 </clothing>
 <clothing>
  <id>
   231972961
  </id>
  <name>
   Vans Hat Q-9759
  </name>
  <category>
   Hat
  </category>
  <size>
   M
  </size>
  <color>
   Фиолетовый
  </color>
  <material>
   Кожа
  </material>
  <price>
   883744
  </price>
  <rating>
   3.45
  </rating>
  <reviews>
   823346
  </reviews>
  <exclusive>
   no
  </exclusive>
  <sporty>
   yes
  </sporty>
 </clothing>
 <clothing>
  <id>
   337781594
  </id>
  <name>
   Fila Shoes R-1591
  </name>
  <category>
   Shoes
  </category>
  <size>
   L
  </size>
  <color>
   Фиолетовый
  </color>
  <material>
   Шерсть
  </material>
  <price>
   914907
  </price>
  <rating>
   1.72
  </rating>
  <reviews>
   239779
  </reviews>
  <new>
   +
  </new>
  <exclusive>
   no
  </exclusive>
 </clothing>
 <clothing>
  <id>
   614436673
  </id>
  <name>
   Nike Sweater C-4168
  </name>
  <category>
   Sweater
  </category>
  <size>
   L
  </size>
  <color>
   Красный
  </color>
  <material>
   Кожа
  </material>
  <price>
   526128
  </price>
  <rating>
   3.4
  </rating>
  <reviews>
   70421
  </reviews>
  <sporty>
   yes
  </sporty>
 </clothing>
 <clothing>
  <id>
   613468006
  </id>
  <name>
   Brooks Hat T-9689
  </name>
  <category>
   Hat
  </category>
  <size>
   L
  </size>
  <color>
   Желтый
  </color>
  <material>
   Лен
  </material>
  <price>
   522428
  </price>
  <rating>
   2.02
  </rating>
  <reviews>
   396503
  </reviews>
  <new>
   +
  </new>
  <exclusive>
   no
  </exclusive>
  <sporty>
   yes
  </sporty>
 </clothing>
 <clothing>
  <id>
   411825719
  </id>
  <name>
   Asics Shirt B-8361
  </name>
  <category>
   Shirt
  </category>
  <size>
   XXL
  </size>
  <color>
   Голубой
  </color>
  <material>
   Вискоза
  </material>
  <price>
   459844
  </price>
  <rating>
   4.88
  </rating>
  <reviews>
   62695
  </reviews>
  <new>
   +
  </new>
  <exclusive>
   no
  </exclusive>
  <sporty>
   yes
  </sporty>
 </clothing>
 <clothing>
  <id>
   526109672
  </id>
  <name>
   Adidas Skirt P-1639
  </name>
  <category>
   Skirt
  </category>
  <size>
   XL
  </size>
  <color>
   Фиолетовый
  </color>
  <material>
   Лен
  </material>
  <price>
   555274
  </price>
  <rating>
   2.71
  </rating>
  <reviews>
   178914
  </reviews>
  <exclusive>
   yes
  </exclusive>
  <sporty>
   yes
  </sporty>
 </clothing>
 <clothing>
  <id>
   301809708
  </id>
  <name>
   Ellesse Sweater J-4428
  </name>
  <category>
   Sweater
  </category>
  <size>
   M
  </size>
  <color>
   Зеленый
  </color>
  <material>
   Полиэстер
  </material>
  <price>
   221531
  </price>
  <rating>
   2.7
  </rating>
  <reviews>
   467456
  </reviews>
  <new>
   +
  </new>
  <exclusive>
   yes
  </exclusive>
 </clothing>
 <clothing>
  <id>
   131585611
  </id>
  <name>
   Lacoste Shirt P-4994
  </name>
  <category>
   Shirt
  </category>
  <size>
   XL
  </size>
  <color>
   Фиолетовый
  </color>
  <material>
   Хлопок
  </material>
  <price>
   106125
  </price>
  <rating>
   2.92
  </rating>
  <reviews>
   314827
  </reviews>
  <sporty>
   no
  </sporty>
 </clothing>
 <clothing>
  <id>
   978827306
  </id>
  <name>
   Reebok Handbags O-3200
  </name>
  <category>
   Handbags
  </category>
  <size>
   S
  </size>
  <color>
   Желтый
  </color>
  <material>
   Хлопок
  </material>
  <price>
   456342
  </price>
  <rating>
   1.93
  </rating>
  <reviews>
   410597
  </reviews>
  <new>
   -
  </new>
  <sporty>
   no
  </sporty>
 </clothing>
 <clothing>
  <id>
   357517519
  </id>
  <name>
   Vans Skirt P-5685
  </name>
  <category>
   Skirt
  </category>
  <size>
   S
  </size>
  <color>
   Желтый
  </color>
  <material>
   Хлопок
  </material>
  <price>
   861849
  </price>
  <rating>
   4.87
  </rating>
  <reviews>
   374058
  </reviews>
  <exclusive>
   yes
  </exclusive>
  <sporty>
   no
  </sporty>
 </clothing>
 <clothing>
  <id>
   370299454
  </id>
  <name>
   Lacoste Hat D-9516
  </name>
  <category>
   Hat
  </category>
  <size>
   XXL
  </size>
  <color>
   Голубой
  </color>
  <material>
   Вискоза
  </material>
  <price>
   497271
  </price>
  <rating>
   3.18
  </rating>
  <reviews>
   300634
  </reviews>
  <exclusive>
   no
  </exclusive>
  <sporty>
   no
  </sporty>
 </clothing>
 <clothing>
  <id>
   179045874
  </id>
  <name>
   Ellesse Gloves I-9444
  </name>
  <category>
   Gloves
  </category>
  <size>
   XL
  </size>
  <color>
   Голубой
  </color>
  <material>
   Вискоза
  </material>
  <price>
   393265
  </price>
  <rating>
   1.81
  </rating>
  <reviews>
   760756
  </reviews>
  <new>
   +
  </new>
  <exclusive>
   no
  </exclusive>
 </clothing>
 <clothing>
  <id>
   118948397
  </id>
  <name>
   Puma Blouse I-2861
  </name>
  <category>
   Blouse
  </category>
  <size>
   M
  </size>
  <color>
   Зеленый
  </color>
  <material>
   Вискоза
  </material>
  <price>
   923590
  </price>
  <rating>
   1.75
  </rating>
  <reviews>
   526281
  </reviews>
  <new>
   -
  </new>
  <exclusive>
   yes
  </exclusive>
  <sporty>
   yes
  </sporty>
 </clothing>
 <clothing>
  <id>
   351456498
  </id>
  <name>
   Vans Pants S-1467
  </name>
  <category>
   Pants
  </category>
  <size>
   XL
  </size>
  <color>
   Голубой
  </color>
  <material>
   Шелк
  </material>
  <price>
   972816
  </price>
  <rating>
   4.63
  </rating>
  <reviews>
   262023
  </reviews>
  <exclusive>
   no
  </exclusive>
 </clothing>
</clothing-items>
