<?xml version="1.0" encoding="utf-8"?>
<clothing-items>
 <clothing>
  <id>
   933540689
  </id>
  <name>
   Vans Shirt T-9592
  </name>
  <category>
   Shirt
  </category>
  <size>
   M
  </size>
  <color>
   Голубой
  </color>
  <material>
   Нейлон
  </material>
  <price>
   675256
  </price>
  <rating>
   2.82
  </rating>
  <reviews>
   723910
  </reviews>
 </clothing>
 <clothing>
  <id>
   998949588
  </id>
  <name>
   Brooks Jeans F-1884
  </name>
  <category>
   Jeans
  </category>
  <size>
   L
  </size>
  <color>
   Зеленый
  </color>
  <material>
   Полиэстер
  </material>
  <price>
   695353
  </price>
  <rating>
   4.98
  </rating>
  <reviews>
   777319
  </reviews>
  <exclusive>
   yes
  </exclusive>
 </clothing>
 <clothing>
  <id>
   859061403
  </id>
  <name>
   Adidas Handbags V-5404
  </name>
  <category>
   Handbags
  </category>
  <size>
   XXL
  </size>
  <color>
   Зеленый
  </color>
  <material>
   Нейлон
  </material>
  <price>
   778664
  </price>
  <rating>
   2.67
  </rating>
  <reviews>
   675057
  </reviews>
  <new>
   +
  </new>
  <sporty>
   no
  </sporty>
 </clothing>
 <clothing>
  <id>
   763734145
  </id>
  <name>
   DC Handbags H-2686
  </name>
  <category>
   Handbags
  </category>
  <size>
   XL
  </size>
  <color>
   Зеленый
  </color>
  <material>
   Шелк
  </material>
  <price>
   960757
  </price>
  <rating>
   1.98
  </rating>
  <reviews>
   738247
  </reviews>
  <new>
   -
  </new>
 </clothing>
 <clothing>
  <id>
   806718316
  </id>
  <name>
   Vans Shoes F-5324
  </name>
  <category>
   Shoes
  </category>
  <size>
   XXL
  </size>
  <color>
   Желтый
  </color>
  <material>
   Лен
  </material>
  <price>
   807639
  </price>
  <rating>
   1.14
  </rating>
  <reviews>
   544326
  </reviews>
  <exclusive>
   no
  </exclusive>
  <sporty>
   yes
  </sporty>
 </clothing>
 <clothing>
  <id>
   652510387
  </id>
  <name>
   Converse Socks D-5659
  </name>
  <category>
   Socks
  </category>
  <size>
   M
  </size>
  <color>
   Красный
  </color>
  <material>
   Нейлон
  </material>
  <price>
   164431
  </price>
  <rating>
   1.82
  </rating>
  <reviews>
   982258
  </reviews>
  <new>
   +
  </new>
  <exclusive>
   yes
  </exclusive>
  <sporty>
   no
  </sporty>
 </clothing>
 <clothing>
  <id>
   345237501
  </id>
  <name>
   Vans Sweater B-4494
  </name>
  <category>
   Sweater
  </category>
  <size>
   L
  </size>
  <color>
   Желтый
  </color>
  <material>
   Хлопок
  </material>
  <price>
   500912
  </price>
  <rating>
   4.63
  </rating>
  <reviews>
   826704
  </reviews>
  <new>
   +
  </new>
  <exclusive>
   yes
  </exclusive>
 </clothing>
 <clothing>
  <id>
   871222085
  </id>
  <name>
   Reebok Socks F-5311
  </name>
  <category>
   Socks
  </category>
  <size>
   XL
  </size>
  <color>
   Желтый
  </color>
  <material>
   Хлопок
  </material>
  <price>
   546930
  </price>
  <rating>
   4.52
  </rating>
  <reviews>
   711863
  </reviews>
  <exclusive>
   no
  </exclusive>
  <sporty>
   yes
  </sporty>
 </clothing>
 <clothing>
  <id>
   806497506
  </id>
  <name>
   Nike Jacket H-9711
  </name>
  <category>
   Jacket
  </category>
  <size>
   M
  </size>
  <color>
   Фиолетовый
  </color>
  <material>
   Нейлон
  </material>
  <price>
   390128
  </price>
  <rating>
   4.59
  </rating>
  <reviews>
   794351
  </reviews>
  <sporty>
   yes
  </sporty>
 </clothing>
 <clothing>
  <id>
   785665183
  </id>
  <name>
   New Balance Pants P-7638
  </name>
  <category>
   Pants
  </category>
  <size>
   XL
  </size>
  <color>
   Оранжевый
  </color>
  <material>
   Полиэстер
  </material>
  <price>
   448698
  </price>
  <rating>
   3.99
  </rating>
  <reviews>
   957663
  </reviews>
  <new>
   -
  </new>
  <sporty>
   yes
  </sporty>
 </clothing>
 <clothing>
  <id>
   151014213
  </id>
  <name>
   Addidas Jacket J-9825
  </name>
  <category>
   Jacket
  </category>
  <size>
   XXL
  </size>
  <color>
   Оранжевый
  </color>
  <material>
   Шелк
  </material>
  <price>
   289007
  </price>
  <rating>
   4.22
  </rating>
  <reviews>
   524468
  </reviews>
  <sporty>
   no
  </sporty>
 </clothing>
 <clothing>
  <id>
   107487251
  </id>
  <name>
   Asics Gloves T-6733
  </name>
  <category>
   Gloves
  </category>
  <size>
   XL
  </size>
  <color>
   Красный
  </color>
  <material>
   Кожа
  </material>
  <price>
   568904
  </price>
  <rating>
   4.04
  </rating>
  <reviews>
   260575
  </reviews>
  <new>
   +
  </new>
  <exclusive>
   no
  </exclusive>
 </clothing>
 <clothing>
  <id>
   409269374
  </id>
  <name>
   Addidas Skirt G-7779
  </name>
  <category>
   Skirt
  </category>
  <size>
   XL
  </size>
  <color>
   Голубой
  </color>
  <material>
   Шелк
  </material>
  <price>
   948647
  </price>
  <rating>
   2.9
  </rating>
  <reviews>
   111479
  </reviews>
  <new>
   -
  </new>
 </clothing>
 <clothing>
  <id>
   386394639
  </id>
  <name>
   Nike Sweater E-9493
  </name>
  <category>
   Sweater
  </category>
  <size>
   S
  </size>
  <color>
   Синий
  </color>
  <material>
   Лен
  </material>
  <price>
   257271
  </price>
  <rating>
   1.88
  </rating>
  <reviews>
   805660
  </reviews>
  <new>
   +
  </new>
 </clothing>
 <clothing>
  <id>
   769927402
  </id>
  <name>
   Nike Skirt T-3195
  </name>
  <category>
   Skirt
  </category>
  <size>
   L
  </size>
  <color>
   Желтый
  </color>
  <material>
   Шелк
  </material>
  <price>
   877232
  </price>
  <rating>
   4.05
  </rating>
  <reviews>
   104542
  </reviews>
  <new>
   -
  </new>
  <sporty>
   yes
  </sporty>
 </clothing>
 <clothing>
  <id>
   434084480
  </id>
  <name>
   Fila Umbrellas I-7807
  </name>
  <category>
   Umbrellas
  </category>
  <size>
   XL
  </size>
  <color>
   Оранжевый
  </color>
  <material>
   Вискоза
  </material>
  <price>
   849503
  </price>
  <rating>
   4.53
  </rating>
  <reviews>
   726774
  </reviews>
  <new>
   -
  </new>
  <exclusive>
   no
  </exclusive>
 </clothing>
 <clothing>
  <id>
   954267488
  </id>
  <name>
   Puma Shirt V-5515
  </name>
  <category>
   Shirt
  </category>
  <size>
   M
  </size>
  <color>
   Фиолетовый
  </color>
  <material>
   Полиэстер
  </material>
  <price>
   530458
  </price>
  <rating>
   1.23
  </rating>
  <reviews>
   764080
  </reviews>
  <new>
   -
  </new>
  <sporty>
   no
  </sporty>
 </clothing>
 <clothing>
  <id>
   452082470
  </id>
  <name>
   Addidas Hat V-1544
  </name>
  <category>
   Hat
  </category>
  <size>
   XXL
  </size>
  <color>
   Красный
  </color>
  <material>
   Шерсть
  </material>
  <price>
   870533
  </price>
  <rating>
   3.38
  </rating>
  <reviews>
   818100
  </reviews>
  <new>
   +
  </new>
  <exclusive>
   yes
  </exclusive>
  <sporty>
   yes
  </sporty>
 </clothing>
 <clothing>
  <id>
   568630793
  </id>
  <name>
   Under Armour Blouse B-8793
  </name>
  <category>
   Blouse
  </category>
  <size>
   XL
  </size>
  <color>
   Оранжевый
  </color>
  <material>
   Нейлон
  </material>
  <price>
   210962
  </price>
  <rating>
   4.47
  </rating>
  <reviews>
   555752
  </reviews>
  <new>
   +
  </new>
 </clothing>
 <clothing>
  <id>
   277359353
  </id>
  <name>
   Puma Hat M-2620
  </name>
  <category>
   Hat
  </category>
  <size>
   L
  </size>
  <color>
   Оранжевый
  </color>
  <material>
   Нейлон
  </material>
  <price>
   796278
  </price>
  <rating>
   3.9
  </rating>
  <reviews>
   837456
  </reviews>
  <new>
   -
  </new>
  <exclusive>
   yes
  </exclusive>
 </clothing>
 <clothing>
  <id>
   582859401
  </id>
  <name>
   Reebok Belts Q-1920
  </name>
  <category>
   Belts
  </category>
  <size>
   S
  </size>
  <color>
   Желтый
  </color>
  <material>
   Полиэстер
  </material>
  <price>
   286896
  </price>
  <rating>
   2.6
  </rating>
  <reviews>
   486161
  </reviews>
 </clothing>
 <clothing>
  <id>
   996636471
  </id>
  <name>
   PleinSport Sweater C-7955
  </name>
  <category>
   Sweater
  </category>
  <size>
   XL
  </size>
  <color>
   Голубой
  </color>
  <material>
   Хлопок
  </material>
  <price>
   564585
  </price>
  <rating>
   1.85
  </rating>
  <reviews>
   283903
  </reviews>
  <exclusive>
   no
  </exclusive>
 </clothing>
 <clothing>
  <id>
   140779274
  </id>
  <name>
   Brooks T-shirt I-4325
  </name>
  <category>
   T-shirt
  </category>
  <size>
   XL
  </size>
  <color>
   Красный
  </color>
  <material>
   Кожа
  </material>
  <price>
   816078
  </price>
  <rating>
   4.1
  </rating>
  <reviews>
   681272
  </reviews>
  <new>
   -
  </new>
 </clothing>
 <clothing>
  <id>
   518674181
  </id>
  <name>
   Under Armour T-shirt J-4023
  </name>
  <category>
   T-shirt
  </category>
  <size>
   XXL
  </size>
  <color>
   Оранжевый
  </color>
  <material>
   Кожа
  </material>
  <price>
   620681
  </price>
  <rating>
   3.04
  </rating>
  <reviews>
   540804
  </reviews>
  <new>
   -
  </new>
  <exclusive>
   yes
  </exclusive>
  <sporty>
   no
  </sporty>
 </clothing>
 <clothing>
  <id>
   773325082
  </id>
  <name>
   Reebok Shoes A-7576
  </name>
  <category>
   Shoes
  </category>
  <size>
   M
  </size>
  <color>
   Фиолетовый
  </color>
  <material>
   Лен
  </material>
  <price>
   105128
  </price>
  <rating>
   2.65
  </rating>
  <reviews>
   213887
  </reviews>
  <new>
   -
  </new>
  <sporty>
   no
  </sporty>
 </clothing>
 <clothing>
  <id>
   444330013
  </id>
  <name>
   Nike Umbrellas M-3356
  </name>
  <category>
   Umbrellas
  </category>
  <size>
   XXL
  </size>
  <color>
   Красный
  </color>
  <material>
   Хлопок
  </material>
  <price>
   494379
  </price>
  <rating>
   2.76
  </rating>
  <reviews>
   986188
  </reviews>
  <exclusive>
   yes
  </exclusive>
 </clothing>
 <clothing>
  <id>
   107313834
  </id>
  <name>
   Puma Umbrellas I-7812
  </name>
  <category>
   Umbrellas
  </category>
  <size>
   L
  </size>
  <color>
   Синий
  </color>
  <material>
   Шерсть
  </material>
  <price>
   731053
  </price>
  <rating>
   1.58
  </rating>
  <reviews>
   200931
  </reviews>
 </clothing>
 <clothing>
  <id>
   174705459
  </id>
  <name>
   New Balance Sweater G-4776
  </name>
  <category>
   Sweater
  </category>
  <size>
   XL
  </size>
  <color>
   Красный
  </color>
  <material>
   Полиэстер
  </material>
  <price>
   144142
  </price>
  <rating>
   4.63
  </rating>
  <reviews>
   786508
  </reviews>
  <new>
   -
  </new>
  <sporty>
   yes
  </sporty>
 </clothing>
 <clothing>
  <id>
   498594293
  </id>
  <name>
   PleinSport Blouse H-5949
  </name>
  <category>
   Blouse
  </category>
  <size>
   XL
  </size>
  <color>
   Оранжевый
  </color>
  <material>
   Полиэстер
  </material>
  <price>
   155912
  </price>
  <rating>
   1.83
  </rating>
  <reviews>
   18631
  </reviews>
 </clothing>
 <clothing>
  <id>
   416297143
  </id>
  <name>
   PleinSport Dress C-3998
  </name>
  <category>
   Dress
  </category>
  <size>
   XXL
  </size>
  <color>
   Красный
  </color>
  <material>
   Хлопок
  </material>
  <price>
   184751
  </price>
  <rating>
   3.68
  </rating>
  <reviews>
   130563
  </reviews>
  <new>
   +
  </new>
  <exclusive>
   no
  </exclusive>
  <sporty>
   no
  </sporty>
 </clothing>
 <clothing>
  <id>
   483841158
  </id>
  <name>
   Addidas Gloves B-9910
  </name>
  <category>
   Gloves
  </category>
  <size>
   XXL
  </size>
  <color>
   Красный
  </color>
  <material>
   Лен
  </material>
  <price>
   496885
  </price>
  <rating>
   4.83
  </rating>
  <reviews>
   291938
  </reviews>
  <exclusive>
   yes
  </exclusive>
 </clothing>
 <clothing>
  <id>
   549674975
  </id>
  <name>
   Ellesse Sweater J-2514
  </name>
  <category>
   Sweater
  </category>
  <size>
   M
  </size>
  <color>
   Зеленый
  </color>
  <material>
   Хлопок
  </material>
  <price>
   928792
  </price>
  <rating>
   2.4
  </rating>
  <reviews>
   824144
  </reviews>
  <sporty>
   no
  </sporty>
 </clothing>
 <clothing>
  <id>
   177933683
  </id>
  <name>
   Ellesse Jacket J-7539
  </name>
  <category>
   Jacket
  </category>
  <size>
   XXL
  </size>
  <color>
   Зеленый
  </color>
  <material>
   Нейлон
  </material>
  <price>
   803255
  </price>
  <rating>
   4.52
  </rating>
  <reviews>
   635894
  </reviews>
  <sporty>
   no
  </sporty>
 </clothing>
 <clothing>
  <id>
   319255134
  </id>
  <name>
   Vans Dress N-4849
  </name>
  <category>
   Dress
  </category>
  <size>
   M
  </size>
  <color>
   Желтый
  </color>
  <material>
   Полиэстер
  </material>
  <price>
   692331
  </price>
  <rating>
   4.36
  </rating>
  <reviews>
   565575
  </reviews>
  <exclusive>
   yes
  </exclusive>
  <sporty>
   no
  </sporty>
 </clothing>
 <clothing>
  <id>
   127355298
  </id>
  <name>
   Reebok Belts U-8271
  </name>
  <category>
   Belts
  </category>
  <size>
   S
  </size>
  <color>
   Голубой
  </color>
  <material>
   Хлопок
  </material>
  <price>
   196014
  </price>
  <rating>
   2.21
  </rating>
  <reviews>
   851567
  </reviews>
  <new>
   +
  </new>
  <sporty>
   no
  </sporty>
 </clothing>
 <clothing>
  <id>
   548352377
  </id>
  <name>
   Lacoste Pants S-8720
  </name>
  <category>
   Pants
  </category>
  <size>
   M
  </size>
  <color>
   Оранжевый
  </color>
  <material>
   Вискоза
  </material>
  <price>
   747860
  </price>
  <rating>
   1.2
  </rating>
  <reviews>
   590860
  </reviews>
  <new>
   -
  </new>
  <exclusive>
   yes
  </exclusive>
 </clothing>
 <clothing>
  <id>
   548775249
  </id>
  <name>
   Asics Belts B-6487
  </name>
  <category>
   Belts
  </category>
  <size>
   XL
  </size>
  <color>
   Оранжевый
  </color>
  <material>
   Кожа
  </material>
  <price>
   692083
  </price>
  <rating>
   1.6
  </rating>
  <reviews>
   642420
  </reviews>
  <new>
   -
  </new>
  <exclusive>
   no
  </exclusive>
 </clothing>
 <clothing>
  <id>
   677849973
  </id>
  <name>
   Asics Dress Y-6548
  </name>
  <category>
   Dress
  </category>
  <size>
   M
  </size>
  <color>
   Оранжевый
  </color>
  <material>
   Шерсть
  </material>
  <price>
   921149
  </price>
  <rating>
   4.74
  </rating>
  <reviews>
   231290
  </reviews>
  <exclusive>
   no
  </exclusive>
  <sporty>
   no
  </sporty>
 </clothing>
 <clothing>
  <id>
   214057876
  </id>
  <name>
   Nike Hat K-9840
  </name>
  <category>
   Hat
  </category>
  <size>
   S
  </size>
  <color>
   Голубой
  </color>
  <material>
   Лен
  </material>
  <price>
   856313
  </price>
  <rating>
   1.2
  </rating>
  <reviews>
   198020
  </reviews>
  <new>
   +
  </new>
  <sporty>
   no
  </sporty>
 </clothing>
 <clothing>
  <id>
   181208889
  </id>
  <name>
   Adidas Jeans K-9950
  </name>
  <category>
   Jeans
  </category>
  <size>
   XL
  </size>
  <color>
   Оранжевый
  </color>
  <material>
   Кожа
  </material>
  <price>
   149312
  </price>
  <rating>
   1.63
  </rating>
  <reviews>
   268667
  </reviews>
  <new>
   -
  </new>
  <exclusive>
   no
  </exclusive>
  <sporty>
   no
  </sporty>
 </clothing>
 <clothing>
  <id>
   204151272
  </id>
  <name>
   Asics Jeans W-5054
  </name>
  <category>
   Jeans
  </category>
  <size>
   S
  </size>
  <color>
   Зеленый
  </color>
  <material>
   Хлопок
  </material>
  <price>
   326156
  </price>
  <rating>
   4.55
  </rating>
  <reviews>
   407406
  </reviews>
  <new>
   +
  </new>
  <exclusive>
   yes
  </exclusive>
 </clothing>
 <clothing>
  <id>
   925891947
  </id>
  <name>
   Fila Dress D-7058
  </name>
  <category>
   Dress
  </category>
  <size>
   M
  </size>
  <color>
   Зеленый
  </color>
  <material>
   Хлопок
  </material>
  <price>
   691756
  </price>
  <rating>
   4.29
  </rating>
  <reviews>
   265453
  </reviews>
  <exclusive>
   yes
  </exclusive>
 </clothing>
</clothing-items>
