<?xml version="1.0" encoding="utf-8"?>
<clothing-items>
 <clothing>
  <id>
   449026322
  </id>
  <name>
   Adidas Shirt Z-8215
  </name>
  <category>
   Shirt
  </category>
  <size>
   M
  </size>
  <color>
   Оранжевый
  </color>
  <material>
   Шелк
  </material>
  <price>
   380322
  </price>
  <rating>
   3.18
  </rating>
  <reviews>
   22348
  </reviews>
  <new>
   -
  </new>
  <sporty>
   yes
  </sporty>
 </clothing>
 <clothing>
  <id>
   970071150
  </id>
  <name>
   Fila Socks Y-8499
  </name>
  <category>
   Socks
  </category>
  <size>
   M
  </size>
  <color>
   Зеленый
  </color>
  <material>
   Кожа
  </material>
  <price>
   962392
  </price>
  <rating>
   3.44
  </rating>
  <reviews>
   57780
  </reviews>
  <exclusive>
   no
  </exclusive>
  <sporty>
   yes
  </sporty>
 </clothing>
 <clothing>
  <id>
   528338784
  </id>
  <name>
   Ellesse Shirt Q-6990
  </name>
  <category>
   Shirt
  </category>
  <size>
   M
  </size>
  <color>
   Синий
  </color>
  <material>
   Лен
  </material>
  <price>
   359525
  </price>
  <rating>
   4.32
  </rating>
  <reviews>
   872338
  </reviews>
  <new>
   -
  </new>
  <exclusive>
   yes
  </exclusive>
  <sporty>
   no
  </sporty>
 </clothing>
 <clothing>
  <id>
   545208794
  </id>
  <name>
   Brooks T-shirt T-4123
  </name>
  <category>
   T-shirt
  </category>
  <size>
   S
  </size>
  <color>
   Зеленый
  </color>
  <material>
   Шерсть
  </material>
  <price>
   194013
  </price>
  <rating>
   3.97
  </rating>
  <reviews>
   773147
  </reviews>
 </clothing>
 <clothing>
  <id>
   559229501
  </id>
  <name>
   PleinSport Shirt P-3338
  </name>
  <category>
   Shirt
  </category>
  <size>
   L
  </size>
  <color>
   Оранжевый
  </color>
  <material>
   Нейлон
  </material>
  <price>
   913767
  </price>
  <rating>
   3.43
  </rating>
  <reviews>
   233323
  </reviews>
  <sporty>
   yes
  </sporty>
 </clothing>
 <clothing>
  <id>
   127009819
  </id>
  <name>
   Reebok Socks N-8305
  </name>
  <category>
   Socks
  </category>
  <size>
   S
  </size>
  <color>
   Зеленый
  </color>
  <material>
   Вискоза
  </material>
  <price>
   731401
  </price>
  <rating>
   2.23
  </rating>
  <reviews>
   557589
  </reviews>
  <new>
   -
  </new>
  <sporty>
   no
  </sporty>
 </clothing>
 <clothing>
  <id>
   866776185
  </id>
  <name>
   Adidas Socks S-1666
  </name>
  <category>
   Socks
  </category>
  <size>
   S
  </size>
  <color>
   Зеленый
  </color>
  <material>
   Вискоза
  </material>
  <price>
   801119
  </price>
  <rating>
   4.76
  </rating>
  <reviews>
   161949
  </reviews>
  <new>
   +
  </new>
  <exclusive>
   no
  </exclusive>
 </clothing>
 <clothing>
  <id>
   290847968
  </id>
  <name>
   Nike Gloves L-6910
  </name>
  <category>
   Gloves
  </category>
  <size>
   XL
  </size>
  <color>
   Голубой
  </color>
  <material>
   Хлопок
  </material>
  <price>
   689835
  </price>
  <rating>
   3.18
  </rating>
  <reviews>
   653887
  </reviews>
  <exclusive>
   yes
  </exclusive>
  <sporty>
   no
  </sporty>
 </clothing>
 <clothing>
  <id>
   682530931
  </id>
  <name>
   Fila Shirt Z-7873
  </name>
  <category>
   Shirt
  </category>
  <size>
   XXL
  </size>
  <color>
   Желтый
  </color>
  <material>
   Хлопок
  </material>
  <price>
   212387
  </price>
  <rating>
   4.26
  </rating>
  <reviews>
   467655
  </reviews>
  <exclusive>
   yes
  </exclusive>
 </clothing>
 <clothing>
  <id>
   399148076
  </id>
  <name>
   Brooks Shirt V-1175
  </name>
  <category>
   Shirt
  </category>
  <size>
   XL
  </size>
  <color>
   Красный
  </color>
  <material>
   Лен
  </material>
  <price>
   332384
  </price>
  <rating>
   3.71
  </rating>
  <reviews>
   181262
  </reviews>
  <sporty>
   yes
  </sporty>
 </clothing>
 <clothing>
  <id>
   788019297
  </id>
  <name>
   Lacoste Gloves W-3685
  </name>
  <category>
   Gloves
  </category>
  <size>
   S
  </size>
  <color>
   Синий
  </color>
  <material>
   Вискоза
  </material>
  <price>
   185646
  </price>
  <rating>
   2.06
  </rating>
  <reviews>
   544936
  </reviews>
  <new>
   +
  </new>
 </clothing>
 <clothing>
  <id>
   999540792
  </id>
  <name>
   Under Armour Blouse B-8157
  </name>
  <category>
   Blouse
  </category>
  <size>
   XL
  </size>
  <color>
   Голубой
  </color>
  <material>
   Хлопок
  </material>
  <price>
   980987
  </price>
  <rating>
   2.27
  </rating>
  <reviews>
   501002
  </reviews>
  <exclusive>
   no
  </exclusive>
 </clothing>
 <clothing>
  <id>
   544017330
  </id>
  <name>
   Converse Umbrellas I-3320
  </name>
  <category>
   Umbrellas
  </category>
  <size>
   XL
  </size>
  <color>
   Фиолетовый
  </color>
  <material>
   Шерсть
  </material>
  <price>
   979831
  </price>
  <rating>
   3.41
  </rating>
  <reviews>
   565852
  </reviews>
  <exclusive>
   no
  </exclusive>
  <sporty>
   no
  </sporty>
 </clothing>
 <clothing>
  <id>
   213352004
  </id>
  <name>
   Ellesse Skirt Q-8309
  </name>
  <category>
   Skirt
  </category>
  <size>
   M
  </size>
  <color>
   Оранжевый
  </color>
  <material>
   Кожа
  </material>
  <price>
   337757
  </price>
  <rating>
   2.69
  </rating>
  <reviews>
   26011
  </reviews>
  <new>
   -
  </new>
  <sporty>
   no
  </sporty>
 </clothing>
 <clothing>
  <id>
   876443262
  </id>
  <name>
   Addidas Dress S-5531
  </name>
  <category>
   Dress
  </category>
  <size>
   S
  </size>
  <color>
   Красный
  </color>
  <material>
   Полиэстер
  </material>
  <price>
   565105
  </price>
  <rating>
   4.66
  </rating>
  <reviews>
   28188
  </reviews>
  <new>
   -
  </new>
  <exclusive>
   no
  </exclusive>
 </clothing>
 <clothing>
  <id>
   200731001
  </id>
  <name>
   Lacoste Umbrellas C-9794
  </name>
  <category>
   Umbrellas
  </category>
  <size>
   M
  </size>
  <color>
   Голубой
  </color>
  <material>
   Нейлон
  </material>
  <price>
   694840
  </price>
  <rating>
   1.83
  </rating>
  <reviews>
   987259
  </reviews>
  <sporty>
   no
  </sporty>
 </clothing>
 <clothing>
  <id>
   822627857
  </id>
  <name>
   Lacoste Skirt U-6369
  </name>
  <category>
   Skirt
  </category>
  <size>
   M
  </size>
  <color>
   Желтый
  </color>
  <material>
   Вискоза
  </material>
  <price>
   101779
  </price>
  <rating>
   3.48
  </rating>
  <reviews>
   728015
  </reviews>
  <sporty>
   no
  </sporty>
 </clothing>
 <clothing>
  <id>
   556866791
  </id>
  <name>
   Ellesse Socks W-3853
  </name>
  <category>
   Socks
  </category>
  <size>
   S
  </size>
  <color>
   Красный
  </color>
  <material>
   Шерсть
  </material>
  <price>
   535664
  </price>
  <rating>
   1.89
  </rating>
  <reviews>
   592321
  </reviews>
  <sporty>
   no
  </sporty>
 </clothing>
 <clothing>
  <id>
   252301766
  </id>
  <name>
   Under Armour Shoes H-6032
  </name>
  <category>
   Shoes
  </category>
  <size>
   M
  </size>
  <color>
   Фиолетовый
  </color>
  <material>
   Полиэстер
  </material>
  <price>
   188373
  </price>
  <rating>
   4.48
  </rating>
  <reviews>
   216524
  </reviews>
  <new>
   -
  </new>
  <exclusive>
   no
  </exclusive>
 </clothing>
 <clothing>
  <id>
   803124074
  </id>
  <name>
   Reebok Skirt C-8313
  </name>
  <category>
   Skirt
  </category>
  <size>
   L
  </size>
  <color>
   Синий
  </color>
  <material>
   Шерсть
  </material>
  <price>
   741311
  </price>
  <rating>
   4.45
  </rating>
  <reviews>
   764728
  </reviews>
  <sporty>
   yes
  </sporty>
 </clothing>
 <clothing>
  <id>
   470304143
  </id>
  <name>
   Asics Hat Y-6587
  </name>
  <category>
   Hat
  </category>
  <size>
   M
  </size>
  <color>
   Фиолетовый
  </color>
  <material>
   Кожа
  </material>
  <price>
   249949
  </price>
  <rating>
   3.67
  </rating>
  <reviews>
   592018
  </reviews>
  <sporty>
   no
  </sporty>
 </clothing>
</clothing-items>
