<?xml version="1.0" encoding="utf-8"?>
<clothing-items>
 <clothing>
  <id>
   503978347
  </id>
  <name>
   Puma Shirt K-2853
  </name>
  <category>
   Shirt
  </category>
  <size>
   XXL
  </size>
  <color>
   Красный
  </color>
  <material>
   Кожа
  </material>
  <price>
   907440
  </price>
  <rating>
   4.74
  </rating>
  <reviews>
   304489
  </reviews>
  <new>
   -
  </new>
  <exclusive>
   no
  </exclusive>
 </clothing>
 <clothing>
  <id>
   478412800
  </id>
  <name>
   Reebok Shirt N-7117
  </name>
  <category>
   Shirt
  </category>
  <size>
   S
  </size>
  <color>
   Желтый
  </color>
  <material>
   Кожа
  </material>
  <price>
   321211
  </price>
  <rating>
   2.98
  </rating>
  <reviews>
   30635
  </reviews>
  <new>
   -
  </new>
  <exclusive>
   no
  </exclusive>
 </clothing>
 <clothing>
  <id>
   241376398
  </id>
  <name>
   Converse Socks U-7166
  </name>
  <category>
   Socks
  </category>
  <size>
   S
  </size>
  <color>
   Фиолетовый
  </color>
  <material>
   Полиэстер
  </material>
  <price>
   542515
  </price>
  <rating>
   3.89
  </rating>
  <reviews>
   942628
  </reviews>
  <sporty>
   no
  </sporty>
 </clothing>
 <clothing>
  <id>
   862553272
  </id>
  <name>
   Nike Gloves Y-2634
  </name>
  <category>
   Gloves
  </category>
  <size>
   S
  </size>
  <color>
   Желтый
  </color>
  <material>
   Шелк
  </material>
  <price>
   323958
  </price>
  <rating>
   2.27
  </rating>
  <reviews>
   682573
  </reviews>
  <new>
   -
  </new>
 </clothing>
 <clothing>
  <id>
   613336694
  </id>
  <name>
   PleinSport Dress T-1804
  </name>
  <category>
   Dress
  </category>
  <size>
   L
  </size>
  <color>
   Фиолетовый
  </color>
  <material>
   Шерсть
  </material>
  <price>
   945011
  </price>
  <rating>
   4.12
  </rating>
  <reviews>
   167472
  </reviews>
 </clothing>
 <clothing>
  <id>
   738829749
  </id>
  <name>
   Fila Socks M-5717
  </name>
  <category>
   Socks
  </category>
  <size>
   L
  </size>
  <color>
   Оранжевый
  </color>
  <material>
   Хлопок
  </material>
  <price>
   740744
  </price>
  <rating>
   4.97
  </rating>
  <reviews>
   344915
  </reviews>
  <sporty>
   yes
  </sporty>
 </clothing>
 <clothing>
  <id>
   852776256
  </id>
  <name>
   PleinSport Handbags V-4873
  </name>
  <category>
   Handbags
  </category>
  <size>
   XL
  </size>
  <color>
   Голубой
  </color>
  <material>
   Вискоза
  </material>
  <price>
   818884
  </price>
  <rating>
   2.9
  </rating>
  <reviews>
   169907
  </reviews>
  <new>
   -
  </new>
  <exclusive>
   no
  </exclusive>
 </clothing>
 <clothing>
  <id>
   876197845
  </id>
  <name>
   Asics Shoes W-4415
  </name>
  <category>
   Shoes
  </category>
  <size>
   XXL
  </size>
  <color>
   Синий
  </color>
  <material>
   Хлопок
  </material>
  <price>
   690658
  </price>
  <rating>
   1.29
  </rating>
  <reviews>
   419679
  </reviews>
  <new>
   -
  </new>
  <exclusive>
   no
  </exclusive>
  <sporty>
   no
  </sporty>
 </clothing>
 <clothing>
  <id>
   468931152
  </id>
  <name>
   Fila Handbags T-1654
  </name>
  <category>
   Handbags
  </category>
  <size>
   S
  </size>
  <color>
   Зеленый
  </color>
  <material>
   Вискоза
  </material>
  <price>
   470315
  </price>
  <rating>
   1.64
  </rating>
  <reviews>
   719654
  </reviews>
  <sporty>
   no
  </sporty>
 </clothing>
 <clothing>
  <id>
   639742023
  </id>
  <name>
   Lacoste Pants X-4662
  </name>
  <category>
   Pants
  </category>
  <size>
   S
  </size>
  <color>
   Зеленый
  </color>
  <material>
   Лен
  </material>
  <price>
   874784
  </price>
  <rating>
   4.48
  </rating>
  <reviews>
   508064
  </reviews>
  <new>
   -
  </new>
 </clothing>
 <clothing>
  <id>
   885342224
  </id>
  <name>
   Fila Sweater A-6530
  </name>
  <category>
   Sweater
  </category>
  <size>
   M
  </size>
  <color>
   Фиолетовый
  </color>
  <material>
   Полиэстер
  </material>
  <price>
   622415
  </price>
  <rating>
   1.14
  </rating>
  <reviews>
   463476
  </reviews>
  <new>
   -
  </new>
  <exclusive>
   yes
  </exclusive>
  <sporty>
   no
  </sporty>
 </clothing>
 <clothing>
  <id>
   287651398
  </id>
  <name>
   Reebok Jeans A-3754
  </name>
  <category>
   Jeans
  </category>
  <size>
   M
  </size>
  <color>
   Голубой
  </color>
  <material>
   Хлопок
  </material>
  <price>
   111735
  </price>
  <rating>
   2.18
  </rating>
  <reviews>
   818051
  </reviews>
  <new>
   -
  </new>
  <sporty>
   no
  </sporty>
 </clothing>
 <clothing>
  <id>
   310829038
  </id>
  <name>
   Under Armour T-shirt J-8175
  </name>
  <category>
   T-shirt
  </category>
  <size>
   M
  </size>
  <color>
   Фиолетовый
  </color>
  <material>
   Нейлон
  </material>
  <price>
   491705
  </price>
  <rating>
   4.49
  </rating>
  <reviews>
   718342
  </reviews>
  <new>
   +
  </new>
  <sporty>
   no
  </sporty>
 </clothing>
 <clothing>
  <id>
   584247622
  </id>
  <name>
   Asics Umbrellas A-4042
  </name>
  <category>
   Umbrellas
  </category>
  <size>
   L
  </size>
  <color>
   Красный
  </color>
  <material>
   Лен
  </material>
  <price>
   742711
  </price>
  <rating>
   3.62
  </rating>
  <reviews>
   629503
  </reviews>
  <new>
   -
  </new>
  <exclusive>
   yes
  </exclusive>
 </clothing>
 <clothing>
  <id>
   617511994
  </id>
  <name>
   PleinSport Jacket V-8486
  </name>
  <category>
   Jacket
  </category>
  <size>
   XL
  </size>
  <color>
   Желтый
  </color>
  <material>
   Нейлон
  </material>
  <price>
   781318
  </price>
  <rating>
   5.0
  </rating>
  <reviews>
   918042
  </reviews>
  <new>
   -
  </new>
  <exclusive>
   no
  </exclusive>
  <sporty>
   no
  </sporty>
 </clothing>
 <clothing>
  <id>
   710428021
  </id>
  <name>
   Lacoste Blouse O-7108
  </name>
  <category>
   Blouse
  </category>
  <size>
   S
  </size>
  <color>
   Фиолетовый
  </color>
  <material>
   Шерсть
  </material>
  <price>
   308657
  </price>
  <rating>
   2.24
  </rating>
  <reviews>
   631374
  </reviews>
  <new>
   -
  </new>
  <sporty>
   yes
  </sporty>
 </clothing>
 <clothing>
  <id>
   577713837
  </id>
  <name>
   Nike Socks Y-5486
  </name>
  <category>
   Socks
  </category>
  <size>
   L
  </size>
  <color>
   Синий
  </color>
  <material>
   Нейлон
  </material>
  <price>
   336932
  </price>
  <rating>
   3.64
  </rating>
  <reviews>
   280894
  </reviews>
 </clothing>
 <clothing>
  <id>
   154866244
  </id>
  <name>
   Nike Handbags A-8327
  </name>
  <category>
   Handbags
  </category>
  <size>
   L
  </size>
  <color>
   Голубой
  </color>
  <material>
   Хлопок
  </material>
  <price>
   868349
  </price>
  <rating>
   4.87
  </rating>
  <reviews>
   114639
  </reviews>
  <new>
   -
  </new>
  <exclusive>
   no
  </exclusive>
 </clothing>
 <clothing>
  <id>
   389890107
  </id>
  <name>
   Converse Socks B-1820
  </name>
  <category>
   Socks
  </category>
  <size>
   XL
  </size>
  <color>
   Красный
  </color>
  <material>
   Нейлон
  </material>
  <price>
   551067
  </price>
  <rating>
   3.27
  </rating>
  <reviews>
   905581
  </reviews>
  <new>
   -
  </new>
  <exclusive>
   no
  </exclusive>
  <sporty>
   no
  </sporty>
 </clothing>
 <clothing>
  <id>
   164448919
  </id>
  <name>
   Reebok Shoes K-7486
  </name>
  <category>
   Shoes
  </category>
  <size>
   S
  </size>
  <color>
   Оранжевый
  </color>
  <material>
   Лен
  </material>
  <price>
   469365
  </price>
  <rating>
   2.9
  </rating>
  <reviews>
   755788
  </reviews>
  <exclusive>
   no
  </exclusive>
 </clothing>
 <clothing>
  <id>
   564878131
  </id>
  <name>
   Ellesse Jeans C-8655
  </name>
  <category>
   Jeans
  </category>
  <size>
   S
  </size>
  <color>
   Желтый
  </color>
  <material>
   Шелк
  </material>
  <price>
   148439
  </price>
  <rating>
   3.96
  </rating>
  <reviews>
   613387
  </reviews>
 </clothing>
 <clothing>
  <id>
   968380493
  </id>
  <name>
   Under Armour Shoes G-1209
  </name>
  <category>
   Shoes
  </category>
  <size>
   S
  </size>
  <color>
   Красный
  </color>
  <material>
   Вискоза
  </material>
  <price>
   839188
  </price>
  <rating>
   2.73
  </rating>
  <reviews>
   647588
  </reviews>
  <new>
   -
  </new>
 </clothing>
 <clothing>
  <id>
   451693409
  </id>
  <name>
   Addidas Socks A-5627
  </name>
  <category>
   Socks
  </category>
  <size>
   XXL
  </size>
  <color>
   Синий
  </color>
  <material>
   Шелк
  </material>
  <price>
   512761
  </price>
  <rating>
   3.83
  </rating>
  <reviews>
   726930
  </reviews>
  <exclusive>
   yes
  </exclusive>
  <sporty>
   no
  </sporty>
 </clothing>
 <clothing>
  <id>
   747750940
  </id>
  <name>
   New Balance Pants M-4563
  </name>
  <category>
   Pants
  </category>
  <size>
   M
  </size>
  <color>
   Фиолетовый
  </color>
  <material>
   Лен
  </material>
  <price>
   116880
  </price>
  <rating>
   3.56
  </rating>
  <reviews>
   206876
  </reviews>
  <new>
   +
  </new>
  <exclusive>
   no
  </exclusive>
 </clothing>
 <clothing>
  <id>
   880293167
  </id>
  <name>
   Under Armour Blouse A-9381
  </name>
  <category>
   Blouse
  </category>
  <size>
   XXL
  </size>
  <color>
   Зеленый
  </color>
  <material>
   Лен
  </material>
  <price>
   410622
  </price>
  <rating>
   3.77
  </rating>
  <reviews>
   775214
  </reviews>
  <new>
   +
  </new>
  <exclusive>
   yes
  </exclusive>
 </clothing>
 <clothing>
  <id>
   695521234
  </id>
  <name>
   DC Handbags K-2243
  </name>
  <category>
   Handbags
  </category>
  <size>
   L
  </size>
  <color>
   Оранжевый
  </color>
  <material>
   Лен
  </material>
  <price>
   685485
  </price>
  <rating>
   1.67
  </rating>
  <reviews>
   219360
  </reviews>
  <new>
   +
  </new>
 </clothing>
 <clothing>
  <id>
   745030646
  </id>
  <name>
   Nike Dress J-8068
  </name>
  <category>
   Dress
  </category>
  <size>
   L
  </size>
  <color>
   Фиолетовый
  </color>
  <material>
   Шелк
  </material>
  <price>
   726994
  </price>
  <rating>
   4.13
  </rating>
  <reviews>
   730753
  </reviews>
  <new>
   -
  </new>
 </clothing>
 <clothing>
  <id>
   276176504
  </id>
  <name>
   PleinSport Blouse H-3410
  </name>
  <category>
   Blouse
  </category>
  <size>
   L
  </size>
  <color>
   Оранжевый
  </color>
  <material>
   Нейлон
  </material>
  <price>
   330776
  </price>
  <rating>
   2.91
  </rating>
  <reviews>
   533286
  </reviews>
  <new>
   +
  </new>
  <exclusive>
   no
  </exclusive>
  <sporty>
   yes
  </sporty>
 </clothing>
 <clothing>
  <id>
   916201359
  </id>
  <name>
   Ellesse Jeans J-6858
  </name>
  <category>
   Jeans
  </category>
  <size>
   XL
  </size>
  <color>
   Оранжевый
  </color>
  <material>
   Шелк
  </material>
  <price>
   379816
  </price>
  <rating>
   2.74
  </rating>
  <reviews>
   719184
  </reviews>
  <new>
   +
  </new>
  <exclusive>
   no
  </exclusive>
 </clothing>
 <clothing>
  <id>
   981867676
  </id>
  <name>
   Ellesse Umbrellas T-5944
  </name>
  <category>
   Umbrellas
  </category>
  <size>
   S
  </size>
  <color>
   Фиолетовый
  </color>
  <material>
   Шелк
  </material>
  <price>
   400463
  </price>
  <rating>
   4.11
  </rating>
  <reviews>
   267677
  </reviews>
  <exclusive>
   no
  </exclusive>
  <sporty>
   yes
  </sporty>
 </clothing>
 <clothing>
  <id>
   380761747
  </id>
  <name>
   Lacoste Umbrellas R-4976
  </name>
  <category>
   Umbrellas
  </category>
  <size>
   L
  </size>
  <color>
   Красный
  </color>
  <material>
   Вискоза
  </material>
  <price>
   899008
  </price>
  <rating>
   1.59
  </rating>
  <reviews>
   109587
  </reviews>
  <new>
   -
  </new>
  <exclusive>
   no
  </exclusive>
  <sporty>
   no
  </sporty>
 </clothing>
 <clothing>
  <id>
   860428928
  </id>
  <name>
   Puma Socks X-9686
  </name>
  <category>
   Socks
  </category>
  <size>
   XL
  </size>
  <color>
   Зеленый
  </color>
  <material>
   Вискоза
  </material>
  <price>
   300940
  </price>
  <rating>
   1.36
  </rating>
  <reviews>
   875019
  </reviews>
  <exclusive>
   no
  </exclusive>
  <sporty>
   yes
  </sporty>
 </clothing>
 <clothing>
  <id>
   145655921
  </id>
  <name>
   Reebok Umbrellas R-8201
  </name>
  <category>
   Umbrellas
  </category>
  <size>
   XL
  </size>
  <color>
   Зеленый
  </color>
  <material>
   Шелк
  </material>
  <price>
   432320
  </price>
  <rating>
   4.11
  </rating>
  <reviews>
   43749
  </reviews>
  <new>
   -
  </new>
  <sporty>
   no
  </sporty>
 </clothing>
 <clothing>
  <id>
   960806917
  </id>
  <name>
   Ellesse Sweater Z-9514
  </name>
  <category>
   Sweater
  </category>
  <size>
   XL
  </size>
  <color>
   Зеленый
  </color>
  <material>
   Вискоза
  </material>
  <price>
   296472
  </price>
  <rating>
   1.5
  </rating>
  <reviews>
   740903
  </reviews>
  <sporty>
   yes
  </sporty>
 </clothing>
 <clothing>
  <id>
   874962580
  </id>
  <name>
   Fila Dress E-8802
  </name>
  <category>
   Dress
  </category>
  <size>
   S
  </size>
  <color>
   Зеленый
  </color>
  <material>
   Лен
  </material>
  <price>
   632540
  </price>
  <rating>
   1.59
  </rating>
  <reviews>
   138157
  </reviews>
  <new>
   -
  </new>
  <exclusive>
   yes
  </exclusive>
 </clothing>
 <clothing>
  <id>
   141144535
  </id>
  <name>
   Under Armour Socks G-1724
  </name>
  <category>
   Socks
  </category>
  <size>
   L
  </size>
  <color>
   Синий
  </color>
  <material>
   Шерсть
  </material>
  <price>
   441811
  </price>
  <rating>
   1.02
  </rating>
  <reviews>
   849666
  </reviews>
  <exclusive>
   no
  </exclusive>
  <sporty>
   yes
  </sporty>
 </clothing>
 <clothing>
  <id>
   305484910
  </id>
  <name>
   New Balance Dress A-7518
  </name>
  <category>
   Dress
  </category>
  <size>
   S
  </size>
  <color>
   Синий
  </color>
  <material>
   Полиэстер
  </material>
  <price>
   677331
  </price>
  <rating>
   1.5
  </rating>
  <reviews>
   783160
  </reviews>
  <new>
   -
  </new>
  <exclusive>
   no
  </exclusive>
  <sporty>
   yes
  </sporty>
 </clothing>
 <clothing>
  <id>
   351053792
  </id>
  <name>
   Brooks Hat D-8327
  </name>
  <category>
   Hat
  </category>
  <size>
   L
  </size>
  <color>
   Синий
  </color>
  <material>
   Полиэстер
  </material>
  <price>
   148785
  </price>
  <rating>
   3.48
  </rating>
  <reviews>
   163589
  </reviews>
  <new>
   -
  </new>
  <sporty>
   no
  </sporty>
 </clothing>
 <clothing>
  <id>
   283436749
  </id>
  <name>
   Nike Jeans R-5099
  </name>
  <category>
   Jeans
  </category>
  <size>
   L
  </size>
  <color>
   Красный
  </color>
  <material>
   Лен
  </material>
  <price>
   943994
  </price>
  <rating>
   1.89
  </rating>
  <reviews>
   561437
  </reviews>
  <exclusive>
   no
  </exclusive>
 </clothing>
 <clothing>
  <id>
   282728137
  </id>
  <name>
   Fila T-shirt M-2389
  </name>
  <category>
   T-shirt
  </category>
  <size>
   XXL
  </size>
  <color>
   Красный
  </color>
  <material>
   Лен
  </material>
  <price>
   742378
  </price>
  <rating>
   2.93
  </rating>
  <reviews>
   788851
  </reviews>
  <sporty>
   no
  </sporty>
 </clothing>
 <clothing>
  <id>
   485574924
  </id>
  <name>
   Lacoste Jeans F-7132
  </name>
  <category>
   Jeans
  </category>
  <size>
   XXL
  </size>
  <color>
   Желтый
  </color>
  <material>
   Шерсть
  </material>
  <price>
   363266
  </price>
  <rating>
   2.45
  </rating>
  <reviews>
   79612
  </reviews>
  <exclusive>
   yes
  </exclusive>
 </clothing>
 <clothing>
  <id>
   324292164
  </id>
  <name>
   PleinSport Socks D-2460
  </name>
  <category>
   Socks
  </category>
  <size>
   XXL
  </size>
  <color>
   Голубой
  </color>
  <material>
   Полиэстер
  </material>
  <price>
   214322
  </price>
  <rating>
   3.31
  </rating>
  <reviews>
   182486
  </reviews>
  <new>
   -
  </new>
  <exclusive>
   no
  </exclusive>
  <sporty>
   yes
  </sporty>
 </clothing>
 <clothing>
  <id>
   739558395
  </id>
  <name>
   DC Sweater B-4797
  </name>
  <category>
   Sweater
  </category>
  <size>
   M
  </size>
  <color>
   Фиолетовый
  </color>
  <material>
   Шерсть
  </material>
  <price>
   923630
  </price>
  <rating>
   3.61
  </rating>
  <reviews>
   971350
  </reviews>
  <sporty>
   no
  </sporty>
 </clothing>
 <clothing>
  <id>
   209650791
  </id>
  <name>
   Under Armour Belts X-7810
  </name>
  <category>
   Belts
  </category>
  <size>
   S
  </size>
  <color>
   Зеленый
  </color>
  <material>
   Лен
  </material>
  <price>
   712536
  </price>
  <rating>
   4.51
  </rating>
  <reviews>
   311487
  </reviews>
  <new>
   -
  </new>
  <exclusive>
   no
  </exclusive>
 </clothing>
 <clothing>
  <id>
   924327549
  </id>
  <name>
   Vans Skirt Y-4279
  </name>
  <category>
   Skirt
  </category>
  <size>
   XL
  </size>
  <color>
   Зеленый
  </color>
  <material>
   Лен
  </material>
  <price>
   227595
  </price>
  <rating>
   1.48
  </rating>
  <reviews>
   385597
  </reviews>
 </clothing>
 <clothing>
  <id>
   942136368
  </id>
  <name>
   Reebok Gloves E-3634
  </name>
  <category>
   Gloves
  </category>
  <size>
   L
  </size>
  <color>
   Зеленый
  </color>
  <material>
   Полиэстер
  </material>
  <price>
   686963
  </price>
  <rating>
   2.12
  </rating>
  <reviews>
   400867
  </reviews>
  <new>
   -
  </new>
  <exclusive>
   yes
  </exclusive>
  <sporty>
   yes
  </sporty>
 </clothing>
 <clothing>
  <id>
   720252525
  </id>
  <name>
   Fila Shirt T-2146
  </name>
  <category>
   Shirt
  </category>
  <size>
   XXL
  </size>
  <color>
   Голубой
  </color>
  <material>
   Шелк
  </material>
  <price>
   832948
  </price>
  <rating>
   2.17
  </rating>
  <reviews>
   833687
  </reviews>
  <new>
   -
  </new>
  <exclusive>
   no
  </exclusive>
  <sporty>
   yes
  </sporty>
 </clothing>
</clothing-items>
