<?xml version="1.0" encoding="utf-8"?>
<clothing-items>
 <clothing>
  <id>
   350792285
  </id>
  <name>
   Under Armour T-shirt W-4916
  </name>
  <category>
   T-shirt
  </category>
  <size>
   S
  </size>
  <color>
   Желтый
  </color>
  <material>
   Нейлон
  </material>
  <price>
   549633
  </price>
  <rating>
   4.73
  </rating>
  <reviews>
   434004
  </reviews>
  <sporty>
   no
  </sporty>
 </clothing>
 <clothing>
  <id>
   450459625
  </id>
  <name>
   Fila T-shirt G-9207
  </name>
  <category>
   T-shirt
  </category>
  <size>
   XL
  </size>
  <color>
   Фиолетовый
  </color>
  <material>
   Шелк
  </material>
  <price>
   892547
  </price>
  <rating>
   4.0
  </rating>
  <reviews>
   784509
  </reviews>
  <exclusive>
   no
  </exclusive>
  <sporty>
   yes
  </sporty>
 </clothing>
 <clothing>
  <id>
   826385463
  </id>
  <name>
   PleinSport Umbrellas T-4851
  </name>
  <category>
   Umbrellas
  </category>
  <size>
   XL
  </size>
  <color>
   Красный
  </color>
  <material>
   Полиэстер
  </material>
  <price>
   588238
  </price>
  <rating>
   3.9
  </rating>
  <reviews>
   685260
  </reviews>
  <exclusive>
   yes
  </exclusive>
 </clothing>
 <clothing>
  <id>
   375553976
  </id>
  <name>
   PleinSport Skirt K-4003
  </name>
  <category>
   Skirt
  </category>
  <size>
   XL
  </size>
  <color>
   Зеленый
  </color>
  <material>
   Вискоза
  </material>
  <price>
   255791
  </price>
  <rating>
   1.46
  </rating>
  <reviews>
   340829
  </reviews>
  <exclusive>
   yes
  </exclusive>
  <sporty>
   no
  </sporty>
 </clothing>
 <clothing>
  <id>
   886497214
  </id>
  <name>
   Brooks Sweater V-6102
  </name>
  <category>
   Sweater
  </category>
  <size>
   XXL
  </size>
  <color>
   Синий
  </color>
  <material>
   Шерсть
  </material>
  <price>
   458194
  </price>
  <rating>
   1.94
  </rating>
  <reviews>
   708646
  </reviews>
  <sporty>
   yes
  </sporty>
 </clothing>
 <clothing>
  <id>
   232823593
  </id>
  <name>
   Fila Pants M-6155
  </name>
  <category>
   Pants
  </category>
  <size>
   M
  </size>
  <color>
   Синий
  </color>
  <material>
   Кожа
  </material>
  <price>
   843438
  </price>
  <rating>
   3.16
  </rating>
  <reviews>
   33834
  </reviews>
  <new>
   -
  </new>
 </clothing>
 <clothing>
  <id>
   796259510
  </id>
  <name>
   Adidas Skirt X-1696
  </name>
  <category>
   Skirt
  </category>
  <size>
   XXL
  </size>
  <color>
   Синий
  </color>
  <material>
   Лен
  </material>
  <price>
   357315
  </price>
  <rating>
   4.65
  </rating>
  <reviews>
   896578
  </reviews>
  <exclusive>
   no
  </exclusive>
 </clothing>
 <clothing>
  <id>
   618836913
  </id>
  <name>
   PleinSport Jeans H-9896
  </name>
  <category>
   Jeans
  </category>
  <size>
   XL
  </size>
  <color>
   Желтый
  </color>
  <material>
   Вискоза
  </material>
  <price>
   700098
  </price>
  <rating>
   1.36
  </rating>
  <reviews>
   132335
  </reviews>
  <new>
   -
  </new>
  <exclusive>
   yes
  </exclusive>
  <sporty>
   no
  </sporty>
 </clothing>
 <clothing>
  <id>
   642465084
  </id>
  <name>
   Converse Handbags W-2078
  </name>
  <category>
   Handbags
  </category>
  <size>
   S
  </size>
  <color>
   Оранжевый
  </color>
  <material>
   Полиэстер
  </material>
  <price>
   402556
  </price>
  <rating>
   4.71
  </rating>
  <reviews>
   878644
  </reviews>
  <new>
   +
  </new>
  <exclusive>
   no
  </exclusive>
  <sporty>
   no
  </sporty>
 </clothing>
 <clothing>
  <id>
   393267893
  </id>
  <name>
   Fila Socks U-4304
  </name>
  <category>
   Socks
  </category>
  <size>
   M
  </size>
  <color>
   Голубой
  </color>
  <material>
   Лен
  </material>
  <price>
   132067
  </price>
  <rating>
   1.62
  </rating>
  <reviews>
   117482
  </reviews>
 </clothing>
 <clothing>
  <id>
   287258417
  </id>
  <name>
   Asics Dress F-2269
  </name>
  <category>
   Dress
  </category>
  <size>
   M
  </size>
  <color>
   Синий
  </color>
  <material>
   Нейлон
  </material>
  <price>
   293539
  </price>
  <rating>
   2.82
  </rating>
  <reviews>
   880606
  </reviews>
  <new>
   -
  </new>
  <exclusive>
   no
  </exclusive>
 </clothing>
 <clothing>
  <id>
   628446561
  </id>
  <name>
   Under Armour Jacket D-2662
  </name>
  <category>
   Jacket
  </category>
  <size>
   M
  </size>
  <color>
   Желтый
  </color>
  <material>
   Кожа
  </material>
  <price>
   914896
  </price>
  <rating>
   2.9
  </rating>
  <reviews>
   716445
  </reviews>
  <exclusive>
   yes
  </exclusive>
  <sporty>
   no
  </sporty>
 </clothing>
 <clothing>
  <id>
   794162330
  </id>
  <name>
   Reebok Sweater Z-9153
  </name>
  <category>
   Sweater
  </category>
  <size>
   M
  </size>
  <color>
   Синий
  </color>
  <material>
   Вискоза
  </material>
  <price>
   202102
  </price>
  <rating>
   2.78
  </rating>
  <reviews>
   33801
  </reviews>
  <new>
   +
  </new>
 </clothing>
 <clothing>
  <id>
   264252412
  </id>
  <name>
   Vans Umbrellas W-3708
  </name>
  <category>
   Umbrellas
  </category>
  <size>
   M
  </size>
  <color>
   Оранжевый
  </color>
  <material>
   Полиэстер
  </material>
  <price>
   200534
  </price>
  <rating>
   1.21
  </rating>
  <reviews>
   937917
  </reviews>
  <new>
   -
  </new>
  <exclusive>
   yes
  </exclusive>
 </clothing>
 <clothing>
  <id>
   780311208
  </id>
  <name>
   Vans Handbags Y-4518
  </name>
  <category>
   Handbags
  </category>
  <size>
   S
  </size>
  <color>
   Голубой
  </color>
  <material>
   Нейлон
  </material>
  <price>
   617763
  </price>
  <rating>
   4.75
  </rating>
  <reviews>
   371576
  </reviews>
  <new>
   -
  </new>
  <exclusive>
   no
  </exclusive>
  <sporty>
   no
  </sporty>
 </clothing>
 <clothing>
  <id>
   243313265
  </id>
  <name>
   Asics Gloves J-5372
  </name>
  <category>
   Gloves
  </category>
  <size>
   XXL
  </size>
  <color>
   Красный
  </color>
  <material>
   Хлопок
  </material>
  <price>
   101643
  </price>
  <rating>
   4.2
  </rating>
  <reviews>
   64719
  </reviews>
  <new>
   +
  </new>
 </clothing>
 <clothing>
  <id>
   116100103
  </id>
  <name>
   Nike Shoes O-2870
  </name>
  <category>
   Shoes
  </category>
  <size>
   XL
  </size>
  <color>
   Желтый
  </color>
  <material>
   Нейлон
  </material>
  <price>
   645462
  </price>
  <rating>
   3.89
  </rating>
  <reviews>
   319796
  </reviews>
  <exclusive>
   yes
  </exclusive>
  <sporty>
   yes
  </sporty>
 </clothing>
 <clothing>
  <id>
   740090228
  </id>
  <name>
   Ellesse Pants U-2088
  </name>
  <category>
   Pants
  </category>
  <size>
   S
  </size>
  <color>
   Синий
  </color>
  <material>
   Кожа
  </material>
  <price>
   331522
  </price>
  <rating>
   1.36
  </rating>
  <reviews>
   785530
  </reviews>
  <new>
   +
  </new>
  <exclusive>
   yes
  </exclusive>
  <sporty>
   no
  </sporty>
 </clothing>
 <clothing>
  <id>
   559348783
  </id>
  <name>
   Reebok Gloves V-5275
  </name>
  <category>
   Gloves
  </category>
  <size>
   XXL
  </size>
  <color>
   Желтый
  </color>
  <material>
   Шерсть
  </material>
  <price>
   901455
  </price>
  <rating>
   4.97
  </rating>
  <reviews>
   762889
  </reviews>
  <new>
   -
  </new>
 </clothing>
 <clothing>
  <id>
   763445596
  </id>
  <name>
   Ellesse Socks P-4807
  </name>
  <category>
   Socks
  </category>
  <size>
   XL
  </size>
  <color>
   Желтый
  </color>
  <material>
   Вискоза
  </material>
  <price>
   190538
  </price>
  <rating>
   3.55
  </rating>
  <reviews>
   125654
  </reviews>
  <sporty>
   no
  </sporty>
 </clothing>
 <clothing>
  <id>
   777680419
  </id>
  <name>
   Vans Pants C-4761
  </name>
  <category>
   Pants
  </category>
  <size>
   M
  </size>
  <color>
   Синий
  </color>
  <material>
   Шелк
  </material>
  <price>
   811249
  </price>
  <rating>
   2.08
  </rating>
  <reviews>
   942982
  </reviews>
 </clothing>
 <clothing>
  <id>
   352485886
  </id>
  <name>
   Fila Skirt E-6054
  </name>
  <category>
   Skirt
  </category>
  <size>
   S
  </size>
  <color>
   Желтый
  </color>
  <material>
   Шерсть
  </material>
  <price>
   400860
  </price>
  <rating>
   2.54
  </rating>
  <reviews>
   290107
  </reviews>
  <exclusive>
   no
  </exclusive>
  <sporty>
   no
  </sporty>
 </clothing>
 <clothing>
  <id>
   152706932
  </id>
  <name>
   Puma Shoes X-1280
  </name>
  <category>
   Shoes
  </category>
  <size>
   S
  </size>
  <color>
   Оранжевый
  </color>
  <material>
   Вискоза
  </material>
  <price>
   391391
  </price>
  <rating>
   1.16
  </rating>
  <reviews>
   643928
  </reviews>
  <new>
   -
  </new>
  <sporty>
   no
  </sporty>
 </clothing>
 <clothing>
  <id>
   343455191
  </id>
  <name>
   Fila Jeans C-4155
  </name>
  <category>
   Jeans
  </category>
  <size>
   S
  </size>
  <color>
   Зеленый
  </color>
  <material>
   Шелк
  </material>
  <price>
   500173
  </price>
  <rating>
   1.09
  </rating>
  <reviews>
   290470
  </reviews>
  <new>
   -
  </new>
  <exclusive>
   yes
  </exclusive>
 </clothing>
 <clothing>
  <id>
   599156245
  </id>
  <name>
   Converse Jeans E-5621
  </name>
  <category>
   Jeans
  </category>
  <size>
   S
  </size>
  <color>
   Зеленый
  </color>
  <material>
   Шерсть
  </material>
  <price>
   583566
  </price>
  <rating>
   1.46
  </rating>
  <reviews>
   240235
  </reviews>
  <new>
   +
  </new>
  <exclusive>
   yes
  </exclusive>
  <sporty>
   yes
  </sporty>
 </clothing>
 <clothing>
  <id>
   974328477
  </id>
  <name>
   Fila Blouse F-3003
  </name>
  <category>
   Blouse
  </category>
  <size>
   XL
  </size>
  <color>
   Фиолетовый
  </color>
  <material>
   Нейлон
  </material>
  <price>
   820511
  </price>
  <rating>
   1.98
  </rating>
  <reviews>
   877075
  </reviews>
  <exclusive>
   no
  </exclusive>
 </clothing>
 <clothing>
  <id>
   117915237
  </id>
  <name>
   Addidas Pants F-1383
  </name>
  <category>
   Pants
  </category>
  <size>
   M
  </size>
  <color>
   Оранжевый
  </color>
  <material>
   Полиэстер
  </material>
  <price>
   410555
  </price>
  <rating>
   2.33
  </rating>
  <reviews>
   99548
  </reviews>
  <new>
   -
  </new>
 </clothing>
 <clothing>
  <id>
   618377896
  </id>
  <name>
   Brooks Socks T-9714
  </name>
  <category>
   Socks
  </category>
  <size>
   S
  </size>
  <color>
   Желтый
  </color>
  <material>
   Нейлон
  </material>
  <price>
   125133
  </price>
  <rating>
   3.7
  </rating>
  <reviews>
   734230
  </reviews>
  <exclusive>
   yes
  </exclusive>
 </clothing>
 <clothing>
  <id>
   858317736
  </id>
  <name>
   Ellesse Shoes U-4824
  </name>
  <category>
   Shoes
  </category>
  <size>
   L
  </size>
  <color>
   Синий
  </color>
  <material>
   Нейлон
  </material>
  <price>
   830961
  </price>
  <rating>
   2.35
  </rating>
  <reviews>
   428438
  </reviews>
  <sporty>
   no
  </sporty>
 </clothing>
</clothing-items>
