<?xml version="1.0" encoding="utf-8"?>
<clothing-items>
 <clothing>
  <id>
   916386190
  </id>
  <name>
   Adidas Socks F-1627
  </name>
  <category>
   Socks
  </category>
  <size>
   XXL
  </size>
  <color>
   Оранжевый
  </color>
  <material>
   Вискоза
  </material>
  <price>
   927812
  </price>
  <rating>
   2.98
  </rating>
  <reviews>
   468531
  </reviews>
  <new>
   -
  </new>
  <exclusive>
   no
  </exclusive>
 </clothing>
 <clothing>
  <id>
   661660104
  </id>
  <name>
   Under Armour Handbags T-1603
  </name>
  <category>
   Handbags
  </category>
  <size>
   XXL
  </size>
  <color>
   Красный
  </color>
  <material>
   Кожа
  </material>
  <price>
   193325
  </price>
  <rating>
   4.12
  </rating>
  <reviews>
   190903
  </reviews>
  <new>
   +
  </new>
 </clothing>
 <clothing>
  <id>
   624117555
  </id>
  <name>
   DC Umbrellas F-8095
  </name>
  <category>
   Umbrellas
  </category>
  <size>
   L
  </size>
  <color>
   Зеленый
  </color>
  <material>
   Вискоза
  </material>
  <price>
   983266
  </price>
  <rating>
   2.78
  </rating>
  <reviews>
   347388
  </reviews>
  <new>
   -
  </new>
  <exclusive>
   yes
  </exclusive>
 </clothing>
 <clothing>
  <id>
   168979162
  </id>
  <name>
   New Balance Jacket O-1827
  </name>
  <category>
   Jacket
  </category>
  <size>
   L
  </size>
  <color>
   Оранжевый
  </color>
  <material>
   Вискоза
  </material>
  <price>
   509897
  </price>
  <rating>
   4.26
  </rating>
  <reviews>
   31234
  </reviews>
  <new>
   -
  </new>
  <exclusive>
   no
  </exclusive>
 </clothing>
 <clothing>
  <id>
   878682599
  </id>
  <name>
   New Balance Umbrellas X-1680
  </name>
  <category>
   Umbrellas
  </category>
  <size>
   L
  </size>
  <color>
   Фиолетовый
  </color>
  <material>
   Нейлон
  </material>
  <price>
   771346
  </price>
  <rating>
   2.47
  </rating>
  <reviews>
   75258
  </reviews>
  <new>
   +
  </new>
  <exclusive>
   yes
  </exclusive>
  <sporty>
   no
  </sporty>
 </clothing>
 <clothing>
  <id>
   201234142
  </id>
  <name>
   Vans Gloves R-8000
  </name>
  <category>
   Gloves
  </category>
  <size>
   XXL
  </size>
  <color>
   Голубой
  </color>
  <material>
   Кожа
  </material>
  <price>
   728479
  </price>
  <rating>
   1.72
  </rating>
  <reviews>
   587253
  </reviews>
  <exclusive>
   yes
  </exclusive>
 </clothing>
 <clothing>
  <id>
   466626477
  </id>
  <name>
   Converse Socks K-9736
  </name>
  <category>
   Socks
  </category>
  <size>
   S
  </size>
  <color>
   Желтый
  </color>
  <material>
   Лен
  </material>
  <price>
   293382
  </price>
  <rating>
   2.16
  </rating>
  <reviews>
   564265
  </reviews>
  <new>
   -
  </new>
  <exclusive>
   no
  </exclusive>
  <sporty>
   no
  </sporty>
 </clothing>
 <clothing>
  <id>
   601026875
  </id>
  <name>
   Ellesse Socks Y-9717
  </name>
  <category>
   Socks
  </category>
  <size>
   L
  </size>
  <color>
   Синий
  </color>
  <material>
   Вискоза
  </material>
  <price>
   233668
  </price>
  <rating>
   2.92
  </rating>
  <reviews>
   590241
  </reviews>
  <new>
   -
  </new>
  <exclusive>
   no
  </exclusive>
 </clothing>
 <clothing>
  <id>
   762527154
  </id>
  <name>
   Converse Blouse I-2049
  </name>
  <category>
   Blouse
  </category>
  <size>
   XXL
  </size>
  <color>
   Красный
  </color>
  <material>
   Нейлон
  </material>
  <price>
   786450
  </price>
  <rating>
   4.4
  </rating>
  <reviews>
   166292
  </reviews>
  <exclusive>
   no
  </exclusive>
  <sporty>
   no
  </sporty>
 </clothing>
 <clothing>
  <id>
   594505793
  </id>
  <name>
   Brooks Shoes P-9599
  </name>
  <category>
   Shoes
  </category>
  <size>
   XXL
  </size>
  <color>
   Зеленый
  </color>
  <material>
   Лен
  </material>
  <price>
   511568
  </price>
  <rating>
   4.94
  </rating>
  <reviews>
   448560
  </reviews>
  <new>
   -
  </new>
  <exclusive>
   yes
  </exclusive>
  <sporty>
   yes
  </sporty>
 </clothing>
 <clothing>
  <id>
   942883159
  </id>
  <name>
   Lacoste Socks V-4808
  </name>
  <category>
   Socks
  </category>
  <size>
   S
  </size>
  <color>
   Желтый
  </color>
  <material>
   Лен
  </material>
  <price>
   241070
  </price>
  <rating>
   1.06
  </rating>
  <reviews>
   736778
  </reviews>
  <new>
   -
  </new>
  <exclusive>
   no
  </exclusive>
 </clothing>
 <clothing>
  <id>
   606372675
  </id>
  <name>
   New Balance Jacket R-7251
  </name>
  <category>
   Jacket
  </category>
  <size>
   M
  </size>
  <color>
   Фиолетовый
  </color>
  <material>
   Шелк
  </material>
  <price>
   200768
  </price>
  <rating>
   2.42
  </rating>
  <reviews>
   889855
  </reviews>
  <new>
   +
  </new>
  <exclusive>
   no
  </exclusive>
 </clothing>
 <clothing>
  <id>
   369906933
  </id>
  <name>
   Lacoste Gloves G-6222
  </name>
  <category>
   Gloves
  </category>
  <size>
   L
  </size>
  <color>
   Зеленый
  </color>
  <material>
   Хлопок
  </material>
  <price>
   607862
  </price>
  <rating>
   4.51
  </rating>
  <reviews>
   95254
  </reviews>
  <new>
   +
  </new>
  <exclusive>
   yes
  </exclusive>
 </clothing>
 <clothing>
  <id>
   937025418
  </id>
  <name>
   Ellesse Dress T-2652
  </name>
  <category>
   Dress
  </category>
  <size>
   L
  </size>
  <color>
   Красный
  </color>
  <material>
   Нейлон
  </material>
  <price>
   169174
  </price>
  <rating>
   3.46
  </rating>
  <reviews>
   786670
  </reviews>
  <new>
   +
  </new>
 </clothing>
 <clothing>
  <id>
   953080192
  </id>
  <name>
   Vans Socks K-7908
  </name>
  <category>
   Socks
  </category>
  <size>
   S
  </size>
  <color>
   Зеленый
  </color>
  <material>
   Нейлон
  </material>
  <price>
   139570
  </price>
  <rating>
   3.58
  </rating>
  <reviews>
   487955
  </reviews>
  <new>
   -
  </new>
  <exclusive>
   no
  </exclusive>
  <sporty>
   no
  </sporty>
 </clothing>
 <clothing>
  <id>
   154929382
  </id>
  <name>
   Ellesse Shirt Q-3058
  </name>
  <category>
   Shirt
  </category>
  <size>
   XL
  </size>
  <color>
   Желтый
  </color>
  <material>
   Шелк
  </material>
  <price>
   151400
  </price>
  <rating>
   4.01
  </rating>
  <reviews>
   565938
  </reviews>
  <new>
   -
  </new>
  <exclusive>
   no
  </exclusive>
 </clothing>
 <clothing>
  <id>
   335262189
  </id>
  <name>
   Vans Socks B-4390
  </name>
  <category>
   Socks
  </category>
  <size>
   M
  </size>
  <color>
   Красный
  </color>
  <material>
   Шелк
  </material>
  <price>
   732193
  </price>
  <rating>
   1.03
  </rating>
  <reviews>
   550085
  </reviews>
  <sporty>
   yes
  </sporty>
 </clothing>
 <clothing>
  <id>
   884577856
  </id>
  <name>
   Brooks Belts O-1027
  </name>
  <category>
   Belts
  </category>
  <size>
   XXL
  </size>
  <color>
   Фиолетовый
  </color>
  <material>
   Вискоза
  </material>
  <price>
   161763
  </price>
  <rating>
   4.31
  </rating>
  <reviews>
   587731
  </reviews>
  <new>
   +
  </new>
  <sporty>
   no
  </sporty>
 </clothing>
 <clothing>
  <id>
   335398494
  </id>
  <name>
   Vans Gloves Q-3879
  </name>
  <category>
   Gloves
  </category>
  <size>
   M
  </size>
  <color>
   Оранжевый
  </color>
  <material>
   Кожа
  </material>
  <price>
   921153
  </price>
  <rating>
   1.41
  </rating>
  <reviews>
   14522
  </reviews>
  <new>
   -
  </new>
  <exclusive>
   no
  </exclusive>
  <sporty>
   no
  </sporty>
 </clothing>
 <clothing>
  <id>
   819905739
  </id>
  <name>
   Under Armour Blouse L-3207
  </name>
  <category>
   Blouse
  </category>
  <size>
   L
  </size>
  <color>
   Оранжевый
  </color>
  <material>
   Хлопок
  </material>
  <price>
   333782
  </price>
  <rating>
   2.79
  </rating>
  <reviews>
   23024
  </reviews>
  <new>
   -
  </new>
  <exclusive>
   yes
  </exclusive>
  <sporty>
   no
  </sporty>
 </clothing>
 <clothing>
  <id>
   638042191
  </id>
  <name>
   Puma Dress B-9033
  </name>
  <category>
   Dress
  </category>
  <size>
   XL
  </size>
  <color>
   Фиолетовый
  </color>
  <material>
   Шерсть
  </material>
  <price>
   883701
  </price>
  <rating>
   4.5
  </rating>
  <reviews>
   825521
  </reviews>
  <sporty>
   yes
  </sporty>
 </clothing>
 <clothing>
  <id>
   312755188
  </id>
  <name>
   New Balance Jeans K-3351
  </name>
  <category>
   Jeans
  </category>
  <size>
   S
  </size>
  <color>
   Желтый
  </color>
  <material>
   Шелк
  </material>
  <price>
   844406
  </price>
  <rating>
   4.11
  </rating>
  <reviews>
   763188
  </reviews>
  <new>
   -
  </new>
  <exclusive>
   no
  </exclusive>
  <sporty>
   no
  </sporty>
 </clothing>
 <clothing>
  <id>
   154120596
  </id>
  <name>
   PleinSport Shoes I-4323
  </name>
  <category>
   Shoes
  </category>
  <size>
   S
  </size>
  <color>
   Оранжевый
  </color>
  <material>
   Шелк
  </material>
  <price>
   782242
  </price>
  <rating>
   3.75
  </rating>
  <reviews>
   570393
  </reviews>
  <exclusive>
   yes
  </exclusive>
 </clothing>
 <clothing>
  <id>
   343413936
  </id>
  <name>
   PleinSport T-shirt S-8532
  </name>
  <category>
   T-shirt
  </category>
  <size>
   XXL
  </size>
  <color>
   Желтый
  </color>
  <material>
   Полиэстер
  </material>
  <price>
   127054
  </price>
  <rating>
   2.86
  </rating>
  <reviews>
   164137
  </reviews>
  <exclusive>
   no
  </exclusive>
  <sporty>
   no
  </sporty>
 </clothing>
 <clothing>
  <id>
   398307336
  </id>
  <name>
   Reebok Shirt K-4645
  </name>
  <category>
   Shirt
  </category>
  <size>
   XL
  </size>
  <color>
   Синий
  </color>
  <material>
   Полиэстер
  </material>
  <price>
   794092
  </price>
  <rating>
   1.02
  </rating>
  <reviews>
   863247
  </reviews>
  <exclusive>
   no
  </exclusive>
  <sporty>
   no
  </sporty>
 </clothing>
 <clothing>
  <id>
   920744335
  </id>
  <name>
   Asics Sweater W-9019
  </name>
  <category>
   Sweater
  </category>
  <size>
   M
  </size>
  <color>
   Желтый
  </color>
  <material>
   Шерсть
  </material>
  <price>
   301092
  </price>
  <rating>
   2.5
  </rating>
  <reviews>
   438930
  </reviews>
  <new>
   -
  </new>
  <exclusive>
   no
  </exclusive>
 </clothing>
 <clothing>
  <id>
   936010451
  </id>
  <name>
   Asics Sweater Y-6413
  </name>
  <category>
   Sweater
  </category>
  <size>
   XXL
  </size>
  <color>
   Зеленый
  </color>
  <material>
   Лен
  </material>
  <price>
   118393
  </price>
  <rating>
   2.46
  </rating>
  <reviews>
   102857
  </reviews>
  <new>
   +
  </new>
 </clothing>
 <clothing>
  <id>
   943914172
  </id>
  <name>
   Nike Sweater J-4656
  </name>
  <category>
   Sweater
  </category>
  <size>
   XXL
  </size>
  <color>
   Красный
  </color>
  <material>
   Хлопок
  </material>
  <price>
   311288
  </price>
  <rating>
   1.32
  </rating>
  <reviews>
   77902
  </reviews>
  <exclusive>
   no
  </exclusive>
 </clothing>
</clothing-items>
