<?xml version="1.0" encoding="utf-8"?>
<clothing-items>
 <clothing>
  <id>
   880932597
  </id>
  <name>
   DC Dress W-5915
  </name>
  <category>
   Dress
  </category>
  <size>
   M
  </size>
  <color>
   Зеленый
  </color>
  <material>
   Шерсть
  </material>
  <price>
   786230
  </price>
  <rating>
   4.05
  </rating>
  <reviews>
   546234
  </reviews>
  <new>
   +
  </new>
  <exclusive>
   yes
  </exclusive>
  <sporty>
   yes
  </sporty>
 </clothing>
 <clothing>
  <id>
   953841228
  </id>
  <name>
   Reebok T-shirt C-6010
  </name>
  <category>
   T-shirt
  </category>
  <size>
   M
  </size>
  <color>
   Фиолетовый
  </color>
  <material>
   Полиэстер
  </material>
  <price>
   778043
  </price>
  <rating>
   2.69
  </rating>
  <reviews>
   604867
  </reviews>
  <exclusive>
   no
  </exclusive>
  <sporty>
   yes
  </sporty>
 </clothing>
 <clothing>
  <id>
   272719072
  </id>
  <name>
   Under Armour Dress I-4534
  </name>
  <category>
   Dress
  </category>
  <size>
   M
  </size>
  <color>
   Фиолетовый
  </color>
  <material>
   Кожа
  </material>
  <price>
   617283
  </price>
  <rating>
   4.31
  </rating>
  <reviews>
   28304
  </reviews>
  <new>
   -
  </new>
 </clothing>
 <clothing>
  <id>
   761144818
  </id>
  <name>
   Adidas Shirt U-9000
  </name>
  <category>
   Shirt
  </category>
  <size>
   XL
  </size>
  <color>
   Голубой
  </color>
  <material>
   Нейлон
  </material>
  <price>
   398746
  </price>
  <rating>
   1.94
  </rating>
  <reviews>
   481597
  </reviews>
  <sporty>
   no
  </sporty>
 </clothing>
 <clothing>
  <id>
   162962245
  </id>
  <name>
   Puma Umbrellas A-3435
  </name>
  <category>
   Umbrellas
  </category>
  <size>
   L
  </size>
  <color>
   Оранжевый
  </color>
  <material>
   Нейлон
  </material>
  <price>
   827797
  </price>
  <rating>
   2.25
  </rating>
  <reviews>
   388732
  </reviews>
  <new>
   +
  </new>
  <exclusive>
   yes
  </exclusive>
  <sporty>
   no
  </sporty>
 </clothing>
 <clothing>
  <id>
   429591897
  </id>
  <name>
   New Balance Gloves P-7723
  </name>
  <category>
   Gloves
  </category>
  <size>
   XL
  </size>
  <color>
   Желтый
  </color>
  <material>
   Нейлон
  </material>
  <price>
   568165
  </price>
  <rating>
   4.31
  </rating>
  <reviews>
   712025
  </reviews>
  <new>
   -
  </new>
  <sporty>
   yes
  </sporty>
 </clothing>
 <clothing>
  <id>
   328331870
  </id>
  <name>
   Adidas Blouse W-1143
  </name>
  <category>
   Blouse
  </category>
  <size>
   L
  </size>
  <color>
   Голубой
  </color>
  <material>
   Кожа
  </material>
  <price>
   469992
  </price>
  <rating>
   3.7
  </rating>
  <reviews>
   148891
  </reviews>
  <sporty>
   no
  </sporty>
 </clothing>
 <clothing>
  <id>
   326618882
  </id>
  <name>
   Fila Jacket D-7922
  </name>
  <category>
   Jacket
  </category>
  <size>
   M
  </size>
  <color>
   Голубой
  </color>
  <material>
   Кожа
  </material>
  <price>
   416484
  </price>
  <rating>
   3.44
  </rating>
  <reviews>
   780007
  </reviews>
 </clothing>
 <clothing>
  <id>
   924419835
  </id>
  <name>
   Fila Jacket K-9561
  </name>
  <category>
   Jacket
  </category>
  <size>
   M
  </size>
  <color>
   Синий
  </color>
  <material>
   Хлопок
  </material>
  <price>
   405835
  </price>
  <rating>
   2.27
  </rating>
  <reviews>
   904489
  </reviews>
  <new>
   -
  </new>
  <sporty>
   no
  </sporty>
 </clothing>
 <clothing>
  <id>
   939594980
  </id>
  <name>
   PleinSport Umbrellas P-3352
  </name>
  <category>
   Umbrellas
  </category>
  <size>
   XL
  </size>
  <color>
   Голубой
  </color>
  <material>
   Кожа
  </material>
  <price>
   987277
  </price>
  <rating>
   3.51
  </rating>
  <reviews>
   971763
  </reviews>
 </clothing>
 <clothing>
  <id>
   919323221
  </id>
  <name>
   Puma Pants R-7250
  </name>
  <category>
   Pants
  </category>
  <size>
   S
  </size>
  <color>
   Оранжевый
  </color>
  <material>
   Шелк
  </material>
  <price>
   141595
  </price>
  <rating>
   3.4
  </rating>
  <reviews>
   75693
  </reviews>
  <new>
   -
  </new>
  <exclusive>
   yes
  </exclusive>
 </clothing>
 <clothing>
  <id>
   544702844
  </id>
  <name>
   PleinSport Dress J-7704
  </name>
  <category>
   Dress
  </category>
  <size>
   XXL
  </size>
  <color>
   Красный
  </color>
  <material>
   Лен
  </material>
  <price>
   608347
  </price>
  <rating>
   4.27
  </rating>
  <reviews>
   495722
  </reviews>
  <exclusive>
   yes
  </exclusive>
  <sporty>
   no
  </sporty>
 </clothing>
 <clothing>
  <id>
   493636645
  </id>
  <name>
   Vans Hat Y-9675
  </name>
  <category>
   Hat
  </category>
  <size>
   L
  </size>
  <color>
   Зеленый
  </color>
  <material>
   Хлопок
  </material>
  <price>
   689776
  </price>
  <rating>
   2.5
  </rating>
  <reviews>
   994071
  </reviews>
  <new>
   -
  </new>
  <sporty>
   yes
  </sporty>
 </clothing>
 <clothing>
  <id>
   505496906
  </id>
  <name>
   New Balance Jacket C-7338
  </name>
  <category>
   Jacket
  </category>
  <size>
   S
  </size>
  <color>
   Зеленый
  </color>
  <material>
   Хлопок
  </material>
  <price>
   967639
  </price>
  <rating>
   2.6
  </rating>
  <reviews>
   367381
  </reviews>
  <new>
   -
  </new>
  <exclusive>
   yes
  </exclusive>
 </clothing>
 <clothing>
  <id>
   627649802
  </id>
  <name>
   Fila Gloves K-3048
  </name>
  <category>
   Gloves
  </category>
  <size>
   S
  </size>
  <color>
   Оранжевый
  </color>
  <material>
   Вискоза
  </material>
  <price>
   214359
  </price>
  <rating>
   4.91
  </rating>
  <reviews>
   81167
  </reviews>
  <exclusive>
   yes
  </exclusive>
 </clothing>
 <clothing>
  <id>
   165317788
  </id>
  <name>
   DC Hat S-2034
  </name>
  <category>
   Hat
  </category>
  <size>
   L
  </size>
  <color>
   Голубой
  </color>
  <material>
   Лен
  </material>
  <price>
   859276
  </price>
  <rating>
   4.39
  </rating>
  <reviews>
   518891
  </reviews>
  <new>
   -
  </new>
  <exclusive>
   yes
  </exclusive>
  <sporty>
   no
  </sporty>
 </clothing>
 <clothing>
  <id>
   596492123
  </id>
  <name>
   New Balance Umbrellas B-5471
  </name>
  <category>
   Umbrellas
  </category>
  <size>
   XXL
  </size>
  <color>
   Красный
  </color>
  <material>
   Хлопок
  </material>
  <price>
   102266
  </price>
  <rating>
   4.54
  </rating>
  <reviews>
   633119
  </reviews>
  <new>
   +
  </new>
  <exclusive>
   no
  </exclusive>
  <sporty>
   no
  </sporty>
 </clothing>
 <clothing>
  <id>
   254967849
  </id>
  <name>
   New Balance Pants Z-1974
  </name>
  <category>
   Pants
  </category>
  <size>
   L
  </size>
  <color>
   Оранжевый
  </color>
  <material>
   Полиэстер
  </material>
  <price>
   277240
  </price>
  <rating>
   1.52
  </rating>
  <reviews>
   583282
  </reviews>
  <new>
   -
  </new>
  <exclusive>
   no
  </exclusive>
  <sporty>
   no
  </sporty>
 </clothing>
 <clothing>
  <id>
   975649322
  </id>
  <name>
   Nike Hat D-2683
  </name>
  <category>
   Hat
  </category>
  <size>
   XL
  </size>
  <color>
   Зеленый
  </color>
  <material>
   Хлопок
  </material>
  <price>
   820192
  </price>
  <rating>
   3.11
  </rating>
  <reviews>
   755929
  </reviews>
  <exclusive>
   no
  </exclusive>
 </clothing>
 <clothing>
  <id>
   851393797
  </id>
  <name>
   DC Dress Y-8630
  </name>
  <category>
   Dress
  </category>
  <size>
   L
  </size>
  <color>
   Голубой
  </color>
  <material>
   Шерсть
  </material>
  <price>
   223245
  </price>
  <rating>
   1.35
  </rating>
  <reviews>
   181958
  </reviews>
  <new>
   -
  </new>
  <sporty>
   yes
  </sporty>
 </clothing>
 <clothing>
  <id>
   134531453
  </id>
  <name>
   Puma Umbrellas B-1114
  </name>
  <category>
   Umbrellas
  </category>
  <size>
   S
  </size>
  <color>
   Фиолетовый
  </color>
  <material>
   Полиэстер
  </material>
  <price>
   903611
  </price>
  <rating>
   3.21
  </rating>
  <reviews>
   341551
  </reviews>
  <new>
   -
  </new>
  <exclusive>
   yes
  </exclusive>
  <sporty>
   no
  </sporty>
 </clothing>
 <clothing>
  <id>
   117519616
  </id>
  <name>
   Converse Shirt L-6787
  </name>
  <category>
   Shirt
  </category>
  <size>
   L
  </size>
  <color>
   Фиолетовый
  </color>
  <material>
   Хлопок
  </material>
  <price>
   719666
  </price>
  <rating>
   1.6
  </rating>
  <reviews>
   705711
  </reviews>
  <new>
   -
  </new>
  <sporty>
   no
  </sporty>
 </clothing>
 <clothing>
  <id>
   393929994
  </id>
  <name>
   Reebok Skirt B-8783
  </name>
  <category>
   Skirt
  </category>
  <size>
   XL
  </size>
  <color>
   Оранжевый
  </color>
  <material>
   Полиэстер
  </material>
  <price>
   207858
  </price>
  <rating>
   4.42
  </rating>
  <reviews>
   837015
  </reviews>
  <new>
   +
  </new>
 </clothing>
 <clothing>
  <id>
   175647325
  </id>
  <name>
   Under Armour Jeans N-6189
  </name>
  <category>
   Jeans
  </category>
  <size>
   XL
  </size>
  <color>
   Зеленый
  </color>
  <material>
   Шерсть
  </material>
  <price>
   615254
  </price>
  <rating>
   2.96
  </rating>
  <reviews>
   407441
  </reviews>
  <new>
   -
  </new>
  <sporty>
   yes
  </sporty>
 </clothing>
 <clothing>
  <id>
   452339984
  </id>
  <name>
   Vans Sweater U-5230
  </name>
  <category>
   Sweater
  </category>
  <size>
   S
  </size>
  <color>
   Голубой
  </color>
  <material>
   Шелк
  </material>
  <price>
   620452
  </price>
  <rating>
   2.97
  </rating>
  <reviews>
   981628
  </reviews>
  <new>
   +
  </new>
 </clothing>
 <clothing>
  <id>
   510575321
  </id>
  <name>
   Fila Pants T-4960
  </name>
  <category>
   Pants
  </category>
  <size>
   XL
  </size>
  <color>
   Красный
  </color>
  <material>
   Кожа
  </material>
  <price>
   276469
  </price>
  <rating>
   3.31
  </rating>
  <reviews>
   243605
  </reviews>
  <new>
   +
  </new>
  <exclusive>
   no
  </exclusive>
 </clothing>
 <clothing>
  <id>
   625727848
  </id>
  <name>
   Nike Blouse H-2005
  </name>
  <category>
   Blouse
  </category>
  <size>
   M
  </size>
  <color>
   Фиолетовый
  </color>
  <material>
   Кожа
  </material>
  <price>
   847774
  </price>
  <rating>
   1.98
  </rating>
  <reviews>
   482997
  </reviews>
  <sporty>
   yes
  </sporty>
 </clothing>
 <clothing>
  <id>
   142941994
  </id>
  <name>
   New Balance Jeans G-9627
  </name>
  <category>
   Jeans
  </category>
  <size>
   XL
  </size>
  <color>
   Красный
  </color>
  <material>
   Нейлон
  </material>
  <price>
   269613
  </price>
  <rating>
   4.33
  </rating>
  <reviews>
   80064
  </reviews>
  <new>
   +
  </new>
  <exclusive>
   yes
  </exclusive>
 </clothing>
 <clothing>
  <id>
   580846473
  </id>
  <name>
   PleinSport T-shirt M-1584
  </name>
  <category>
   T-shirt
  </category>
  <size>
   XL
  </size>
  <color>
   Зеленый
  </color>
  <material>
   Шерсть
  </material>
  <price>
   232060
  </price>
  <rating>
   1.39
  </rating>
  <reviews>
   983298
  </reviews>
  <exclusive>
   yes
  </exclusive>
  <sporty>
   yes
  </sporty>
 </clothing>
</clothing-items>
