<?xml version="1.0" encoding="utf-8"?>
<clothing-items>
 <clothing>
  <id>
   137750198
  </id>
  <name>
   Vans Belts B-8809
  </name>
  <category>
   Belts
  </category>
  <size>
   L
  </size>
  <color>
   Красный
  </color>
  <material>
   Шелк
  </material>
  <price>
   896039
  </price>
  <rating>
   3.23
  </rating>
  <reviews>
   195775
  </reviews>
  <new>
   +
  </new>
 </clothing>
 <clothing>
  <id>
   971298825
  </id>
  <name>
   Vans Dress K-9993
  </name>
  <category>
   Dress
  </category>
  <size>
   L
  </size>
  <color>
   Синий
  </color>
  <material>
   Полиэстер
  </material>
  <price>
   340223
  </price>
  <rating>
   1.36
  </rating>
  <reviews>
   610683
  </reviews>
  <new>
   -
  </new>
  <sporty>
   no
  </sporty>
 </clothing>
 <clothing>
  <id>
   397627339
  </id>
  <name>
   Asics Handbags O-3548
  </name>
  <category>
   Handbags
  </category>
  <size>
   XXL
  </size>
  <color>
   Оранжевый
  </color>
  <material>
   Кожа
  </material>
  <price>
   466357
  </price>
  <rating>
   3.65
  </rating>
  <reviews>
   846622
  </reviews>
  <sporty>
   no
  </sporty>
 </clothing>
 <clothing>
  <id>
   638798642
  </id>
  <name>
   DC Shoes M-1493
  </name>
  <category>
   Shoes
  </category>
  <size>
   M
  </size>
  <color>
   Красный
  </color>
  <material>
   Шелк
  </material>
  <price>
   649649
  </price>
  <rating>
   1.36
  </rating>
  <reviews>
   913068
  </reviews>
  <exclusive>
   yes
  </exclusive>
  <sporty>
   yes
  </sporty>
 </clothing>
 <clothing>
  <id>
   434287964
  </id>
  <name>
   Under Armour Jeans T-3131
  </name>
  <category>
   Jeans
  </category>
  <size>
   L
  </size>
  <color>
   Фиолетовый
  </color>
  <material>
   Нейлон
  </material>
  <price>
   583412
  </price>
  <rating>
   4.86
  </rating>
  <reviews>
   974929
  </reviews>
  <sporty>
   no
  </sporty>
 </clothing>
 <clothing>
  <id>
   335296813
  </id>
  <name>
   Puma Sweater U-8971
  </name>
  <category>
   Sweater
  </category>
  <size>
   L
  </size>
  <color>
   Синий
  </color>
  <material>
   Нейлон
  </material>
  <price>
   739448
  </price>
  <rating>
   2.67
  </rating>
  <reviews>
   4772
  </reviews>
 </clothing>
 <clothing>
  <id>
   767108979
  </id>
  <name>
   PleinSport Belts N-1084
  </name>
  <category>
   Belts
  </category>
  <size>
   XXL
  </size>
  <color>
   Оранжевый
  </color>
  <material>
   Лен
  </material>
  <price>
   510918
  </price>
  <rating>
   2.61
  </rating>
  <reviews>
   911256
  </reviews>
  <new>
   +
  </new>
  <exclusive>
   no
  </exclusive>
  <sporty>
   no
  </sporty>
 </clothing>
 <clothing>
  <id>
   449338103
  </id>
  <name>
   Puma Blouse M-7297
  </name>
  <category>
   Blouse
  </category>
  <size>
   L
  </size>
  <color>
   Синий
  </color>
  <material>
   Лен
  </material>
  <price>
   615303
  </price>
  <rating>
   1.92
  </rating>
  <reviews>
   570339
  </reviews>
  <new>
   -
  </new>
  <exclusive>
   no
  </exclusive>
 </clothing>
 <clothing>
  <id>
   526759732
  </id>
  <name>
   New Balance Hat T-5307
  </name>
  <category>
   Hat
  </category>
  <size>
   XXL
  </size>
  <color>
   Красный
  </color>
  <material>
   Вискоза
  </material>
  <price>
   439099
  </price>
  <rating>
   1.84
  </rating>
  <reviews>
   115406
  </reviews>
  <new>
   +
  </new>
  <exclusive>
   no
  </exclusive>
  <sporty>
   no
  </sporty>
 </clothing>
 <clothing>
  <id>
   620741853
  </id>
  <name>
   Addidas Shoes H-1733
  </name>
  <category>
   Shoes
  </category>
  <size>
   XXL
  </size>
  <color>
   Желтый
  </color>
  <material>
   Вискоза
  </material>
  <price>
   583571
  </price>
  <rating>
   1.49
  </rating>
  <reviews>
   698871
  </reviews>
  <sporty>
   no
  </sporty>
 </clothing>
 <clothing>
  <id>
   852840742
  </id>
  <name>
   Nike Hat P-5645
  </name>
  <category>
   Hat
  </category>
  <size>
   S
  </size>
  <color>
   Голубой
  </color>
  <material>
   Вискоза
  </material>
  <price>
   438848
  </price>
  <rating>
   2.99
  </rating>
  <reviews>
   113695
  </reviews>
  <new>
   -
  </new>
  <sporty>
   no
  </sporty>
 </clothing>
 <clothing>
  <id>
   652374013
  </id>
  <name>
   PleinSport Umbrellas B-1032
  </name>
  <category>
   Umbrellas
  </category>
  <size>
   XL
  </size>
  <color>
   Голубой
  </color>
  <material>
   Вискоза
  </material>
  <price>
   470896
  </price>
  <rating>
   3.61
  </rating>
  <reviews>
   40710
  </reviews>
  <exclusive>
   yes
  </exclusive>
  <sporty>
   no
  </sporty>
 </clothing>
 <clothing>
  <id>
   848803133
  </id>
  <name>
   Asics Jeans Z-7583
  </name>
  <category>
   Jeans
  </category>
  <size>
   XL
  </size>
  <color>
   Оранжевый
  </color>
  <material>
   Нейлон
  </material>
  <price>
   973542
  </price>
  <rating>
   4.03
  </rating>
  <reviews>
   752063
  </reviews>
  <new>
   +
  </new>
  <exclusive>
   no
  </exclusive>
  <sporty>
   no
  </sporty>
 </clothing>
 <clothing>
  <id>
   740389509
  </id>
  <name>
   PleinSport T-shirt A-6049
  </name>
  <category>
   T-shirt
  </category>
  <size>
   L
  </size>
  <color>
   Желтый
  </color>
  <material>
   Вискоза
  </material>
  <price>
   546561
  </price>
  <rating>
   2.6
  </rating>
  <reviews>
   879168
  </reviews>
  <new>
   +
  </new>
  <exclusive>
   yes
  </exclusive>
 </clothing>
 <clothing>
  <id>
   726373715
  </id>
  <name>
   Brooks Pants A-6747
  </name>
  <category>
   Pants
  </category>
  <size>
   S
  </size>
  <color>
   Красный
  </color>
  <material>
   Лен
  </material>
  <price>
   765946
  </price>
  <rating>
   1.76
  </rating>
  <reviews>
   491465
  </reviews>
  <new>
   +
  </new>
 </clothing>
 <clothing>
  <id>
   147023328
  </id>
  <name>
   Asics Jacket F-7216
  </name>
  <category>
   Jacket
  </category>
  <size>
   XL
  </size>
  <color>
   Синий
  </color>
  <material>
   Лен
  </material>
  <price>
   314788
  </price>
  <rating>
   2.59
  </rating>
  <reviews>
   67258
  </reviews>
  <new>
   -
  </new>
  <exclusive>
   no
  </exclusive>
 </clothing>
</clothing-items>
