<?xml version="1.0" encoding="utf-8"?>
<clothing-items>
 <clothing>
  <id>
   140637898
  </id>
  <name>
   Vans Socks J-5313
  </name>
  <category>
   Socks
  </category>
  <size>
   XL
  </size>
  <color>
   Фиолетовый
  </color>
  <material>
   Хлопок
  </material>
  <price>
   126709
  </price>
  <rating>
   3.48
  </rating>
  <reviews>
   21554
  </reviews>
  <new>
   -
  </new>
  <exclusive>
   yes
  </exclusive>
  <sporty>
   no
  </sporty>
 </clothing>
 <clothing>
  <id>
   881782826
  </id>
  <name>
   Brooks Jacket M-5672
  </name>
  <category>
   Jacket
  </category>
  <size>
   M
  </size>
  <color>
   Желтый
  </color>
  <material>
   Шелк
  </material>
  <price>
   457704
  </price>
  <rating>
   3.08
  </rating>
  <reviews>
   263419
  </reviews>
  <exclusive>
   no
  </exclusive>
  <sporty>
   no
  </sporty>
 </clothing>
 <clothing>
  <id>
   833620112
  </id>
  <name>
   Vans Socks U-1824
  </name>
  <category>
   Socks
  </category>
  <size>
   XL
  </size>
  <color>
   Оранжевый
  </color>
  <material>
   Шелк
  </material>
  <price>
   481182
  </price>
  <rating>
   2.92
  </rating>
  <reviews>
   2606
  </reviews>
 </clothing>
 <clothing>
  <id>
   372403459
  </id>
  <name>
   Fila Hat L-7569
  </name>
  <category>
   Hat
  </category>
  <size>
   XL
  </size>
  <color>
   Оранжевый
  </color>
  <material>
   Кожа
  </material>
  <price>
   201415
  </price>
  <rating>
   1.63
  </rating>
  <reviews>
   598703
  </reviews>
  <new>
   -
  </new>
  <sporty>
   yes
  </sporty>
 </clothing>
 <clothing>
  <id>
   419889061
  </id>
  <name>
   Addidas Handbags F-9695
  </name>
  <category>
   Handbags
  </category>
  <size>
   M
  </size>
  <color>
   Зеленый
  </color>
  <material>
   Кожа
  </material>
  <price>
   262394
  </price>
  <rating>
   3.43
  </rating>
  <reviews>
   863499
  </reviews>
  <exclusive>
   no
  </exclusive>
 </clothing>
 <clothing>
  <id>
   597660793
  </id>
  <name>
   DC Socks C-7888
  </name>
  <category>
   Socks
  </category>
  <size>
   XL
  </size>
  <color>
   Голубой
  </color>
  <material>
   Хлопок
  </material>
  <price>
   957063
  </price>
  <rating>
   3.45
  </rating>
  <reviews>
   543751
  </reviews>
  <new>
   +
  </new>
  <sporty>
   no
  </sporty>
 </clothing>
 <clothing>
  <id>
   300936490
  </id>
  <name>
   Brooks Hat H-4546
  </name>
  <category>
   Hat
  </category>
  <size>
   M
  </size>
  <color>
   Оранжевый
  </color>
  <material>
   Шерсть
  </material>
  <price>
   113224
  </price>
  <rating>
   4.71
  </rating>
  <reviews>
   849662
  </reviews>
  <new>
   -
  </new>
  <exclusive>
   yes
  </exclusive>
 </clothing>
 <clothing>
  <id>
   783705309
  </id>
  <name>
   Converse Hat N-4134
  </name>
  <category>
   Hat
  </category>
  <size>
   XXL
  </size>
  <color>
   Зеленый
  </color>
  <material>
   Шерсть
  </material>
  <price>
   346562
  </price>
  <rating>
   4.42
  </rating>
  <reviews>
   749742
  </reviews>
  <new>
   +
  </new>
  <exclusive>
   no
  </exclusive>
 </clothing>
 <clothing>
  <id>
   165868576
  </id>
  <name>
   Lacoste Belts I-3641
  </name>
  <category>
   Belts
  </category>
  <size>
   M
  </size>
  <color>
   Красный
  </color>
  <material>
   Полиэстер
  </material>
  <price>
   913459
  </price>
  <rating>
   3.61
  </rating>
  <reviews>
   936473
  </reviews>
  <new>
   +
  </new>
  <sporty>
   yes
  </sporty>
 </clothing>
 <clothing>
  <id>
   744327368
  </id>
  <name>
   Puma Gloves J-8292
  </name>
  <category>
   Gloves
  </category>
  <size>
   XL
  </size>
  <color>
   Желтый
  </color>
  <material>
   Полиэстер
  </material>
  <price>
   316865
  </price>
  <rating>
   1.64
  </rating>
  <reviews>
   260018
  </reviews>
  <new>
   +
  </new>
  <sporty>
   no
  </sporty>
 </clothing>
 <clothing>
  <id>
   193458744
  </id>
  <name>
   Converse Jeans Q-3800
  </name>
  <category>
   Jeans
  </category>
  <size>
   XXL
  </size>
  <color>
   Желтый
  </color>
  <material>
   Нейлон
  </material>
  <price>
   510302
  </price>
  <rating>
   2.92
  </rating>
  <reviews>
   596674
  </reviews>
  <exclusive>
   yes
  </exclusive>
  <sporty>
   no
  </sporty>
 </clothing>
 <clothing>
  <id>
   285805020
  </id>
  <name>
   New Balance Sweater R-7229
  </name>
  <category>
   Sweater
  </category>
  <size>
   XL
  </size>
  <color>
   Синий
  </color>
  <material>
   Нейлон
  </material>
  <price>
   434359
  </price>
  <rating>
   1.85
  </rating>
  <reviews>
   976069
  </reviews>
 </clothing>
 <clothing>
  <id>
   682990966
  </id>
  <name>
   Brooks Shoes V-9419
  </name>
  <category>
   Shoes
  </category>
  <size>
   M
  </size>
  <color>
   Синий
  </color>
  <material>
   Шелк
  </material>
  <price>
   455383
  </price>
  <rating>
   1.55
  </rating>
  <reviews>
   197872
  </reviews>
  <new>
   +
  </new>
 </clothing>
 <clothing>
  <id>
   680741213
  </id>
  <name>
   DC Sweater N-4263
  </name>
  <category>
   Sweater
  </category>
  <size>
   M
  </size>
  <color>
   Оранжевый
  </color>
  <material>
   Вискоза
  </material>
  <price>
   233437
  </price>
  <rating>
   3.69
  </rating>
  <reviews>
   279587
  </reviews>
  <new>
   -
  </new>
  <exclusive>
   no
  </exclusive>
  <sporty>
   yes
  </sporty>
 </clothing>
 <clothing>
  <id>
   758533539
  </id>
  <name>
   Under Armour Shirt T-5141
  </name>
  <category>
   Shirt
  </category>
  <size>
   M
  </size>
  <color>
   Оранжевый
  </color>
  <material>
   Вискоза
  </material>
  <price>
   824798
  </price>
  <rating>
   1.93
  </rating>
  <reviews>
   151415
  </reviews>
  <new>
   -
  </new>
  <exclusive>
   yes
  </exclusive>
  <sporty>
   no
  </sporty>
 </clothing>
 <clothing>
  <id>
   207348366
  </id>
  <name>
   DC T-shirt O-7137
  </name>
  <category>
   T-shirt
  </category>
  <size>
   L
  </size>
  <color>
   Зеленый
  </color>
  <material>
   Шелк
  </material>
  <price>
   719407
  </price>
  <rating>
   4.33
  </rating>
  <reviews>
   839639
  </reviews>
  <exclusive>
   no
  </exclusive>
  <sporty>
   no
  </sporty>
 </clothing>
 <clothing>
  <id>
   989082848
  </id>
  <name>
   Under Armour Jeans M-7795
  </name>
  <category>
   Jeans
  </category>
  <size>
   S
  </size>
  <color>
   Фиолетовый
  </color>
  <material>
   Нейлон
  </material>
  <price>
   679779
  </price>
  <rating>
   2.42
  </rating>
  <reviews>
   41693
  </reviews>
  <new>
   +
  </new>
  <exclusive>
   no
  </exclusive>
 </clothing>
 <clothing>
  <id>
   390231408
  </id>
  <name>
   Asics Handbags Q-8566
  </name>
  <category>
   Handbags
  </category>
  <size>
   XXL
  </size>
  <color>
   Красный
  </color>
  <material>
   Вискоза
  </material>
  <price>
   801789
  </price>
  <rating>
   4.3
  </rating>
  <reviews>
   540774
  </reviews>
  <new>
   +
  </new>
  <exclusive>
   yes
  </exclusive>
  <sporty>
   no
  </sporty>
 </clothing>
 <clothing>
  <id>
   557425177
  </id>
  <name>
   Addidas Shirt F-1314
  </name>
  <category>
   Shirt
  </category>
  <size>
   XXL
  </size>
  <color>
   Фиолетовый
  </color>
  <material>
   Хлопок
  </material>
  <price>
   194485
  </price>
  <rating>
   3.1
  </rating>
  <reviews>
   463560
  </reviews>
 </clothing>
 <clothing>
  <id>
   758603172
  </id>
  <name>
   Brooks Pants D-2752
  </name>
  <category>
   Pants
  </category>
  <size>
   L
  </size>
  <color>
   Фиолетовый
  </color>
  <material>
   Нейлон
  </material>
  <price>
   989954
  </price>
  <rating>
   2.19
  </rating>
  <reviews>
   776480
  </reviews>
  <new>
   +
  </new>
 </clothing>
 <clothing>
  <id>
   600026165
  </id>
  <name>
   Nike Umbrellas B-4785
  </name>
  <category>
   Umbrellas
  </category>
  <size>
   M
  </size>
  <color>
   Красный
  </color>
  <material>
   Нейлон
  </material>
  <price>
   480649
  </price>
  <rating>
   2.62
  </rating>
  <reviews>
   18919
  </reviews>
  <exclusive>
   yes
  </exclusive>
 </clothing>
 <clothing>
  <id>
   132775444
  </id>
  <name>
   Addidas Dress A-1318
  </name>
  <category>
   Dress
  </category>
  <size>
   M
  </size>
  <color>
   Зеленый
  </color>
  <material>
   Полиэстер
  </material>
  <price>
   370224
  </price>
  <rating>
   4.12
  </rating>
  <reviews>
   53217
  </reviews>
  <new>
   +
  </new>
  <exclusive>
   no
  </exclusive>
  <sporty>
   no
  </sporty>
 </clothing>
 <clothing>
  <id>
   169266795
  </id>
  <name>
   Vans Shirt L-2682
  </name>
  <category>
   Shirt
  </category>
  <size>
   L
  </size>
  <color>
   Красный
  </color>
  <material>
   Шелк
  </material>
  <price>
   195232
  </price>
  <rating>
   4.82
  </rating>
  <reviews>
   651129
  </reviews>
  <new>
   -
  </new>
  <exclusive>
   yes
  </exclusive>
  <sporty>
   no
  </sporty>
 </clothing>
 <clothing>
  <id>
   816662200
  </id>
  <name>
   Asics Shoes P-1306
  </name>
  <category>
   Shoes
  </category>
  <size>
   M
  </size>
  <color>
   Голубой
  </color>
  <material>
   Лен
  </material>
  <price>
   131667
  </price>
  <rating>
   2.39
  </rating>
  <reviews>
   353385
  </reviews>
  <new>
   -
  </new>
  <exclusive>
   no
  </exclusive>
  <sporty>
   no
  </sporty>
 </clothing>
 <clothing>
  <id>
   527094765
  </id>
  <name>
   Ellesse Handbags D-1084
  </name>
  <category>
   Handbags
  </category>
  <size>
   XL
  </size>
  <color>
   Голубой
  </color>
  <material>
   Нейлон
  </material>
  <price>
   905103
  </price>
  <rating>
   2.52
  </rating>
  <reviews>
   432886
  </reviews>
 </clothing>
 <clothing>
  <id>
   960476046
  </id>
  <name>
   DC Handbags R-2142
  </name>
  <category>
   Handbags
  </category>
  <size>
   XXL
  </size>
  <color>
   Желтый
  </color>
  <material>
   Вискоза
  </material>
  <price>
   532321
  </price>
  <rating>
   4.71
  </rating>
  <reviews>
   979746
  </reviews>
  <new>
   -
  </new>
  <sporty>
   no
  </sporty>
 </clothing>
 <clothing>
  <id>
   263627721
  </id>
  <name>
   Ellesse T-shirt V-4822
  </name>
  <category>
   T-shirt
  </category>
  <size>
   XL
  </size>
  <color>
   Желтый
  </color>
  <material>
   Шелк
  </material>
  <price>
   165915
  </price>
  <rating>
   1.18
  </rating>
  <reviews>
   848229
  </reviews>
  <new>
   -
  </new>
 </clothing>
 <clothing>
  <id>
   607095543
  </id>
  <name>
   Asics Shoes W-6100
  </name>
  <category>
   Shoes
  </category>
  <size>
   L
  </size>
  <color>
   Фиолетовый
  </color>
  <material>
   Кожа
  </material>
  <price>
   601704
  </price>
  <rating>
   3.74
  </rating>
  <reviews>
   367430
  </reviews>
  <new>
   -
  </new>
  <exclusive>
   no
  </exclusive>
 </clothing>
 <clothing>
  <id>
   464053358
  </id>
  <name>
   DC Dress B-4098
  </name>
  <category>
   Dress
  </category>
  <size>
   XL
  </size>
  <color>
   Желтый
  </color>
  <material>
   Лен
  </material>
  <price>
   578019
  </price>
  <rating>
   1.16
  </rating>
  <reviews>
   864661
  </reviews>
  <sporty>
   yes
  </sporty>
 </clothing>
 <clothing>
  <id>
   417563797
  </id>
  <name>
   Puma Shoes F-6990
  </name>
  <category>
   Shoes
  </category>
  <size>
   XXL
  </size>
  <color>
   Голубой
  </color>
  <material>
   Шерсть
  </material>
  <price>
   526222
  </price>
  <rating>
   1.87
  </rating>
  <reviews>
   248357
  </reviews>
  <new>
   +
  </new>
  <exclusive>
   yes
  </exclusive>
 </clothing>
 <clothing>
  <id>
   624188019
  </id>
  <name>
   Under Armour Shoes H-1757
  </name>
  <category>
   Shoes
  </category>
  <size>
   S
  </size>
  <color>
   Синий
  </color>
  <material>
   Хлопок
  </material>
  <price>
   891335
  </price>
  <rating>
   2.66
  </rating>
  <reviews>
   13673
  </reviews>
  <new>
   -
  </new>
  <sporty>
   no
  </sporty>
 </clothing>
 <clothing>
  <id>
   794133351
  </id>
  <name>
   Addidas Belts N-1481
  </name>
  <category>
   Belts
  </category>
  <size>
   S
  </size>
  <color>
   Желтый
  </color>
  <material>
   Вискоза
  </material>
  <price>
   689171
  </price>
  <rating>
   3.43
  </rating>
  <reviews>
   98912
  </reviews>
  <exclusive>
   no
  </exclusive>
  <sporty>
   no
  </sporty>
 </clothing>
 <clothing>
  <id>
   161912474
  </id>
  <name>
   Addidas Shirt Y-8720
  </name>
  <category>
   Shirt
  </category>
  <size>
   L
  </size>
  <color>
   Красный
  </color>
  <material>
   Вискоза
  </material>
  <price>
   991912
  </price>
  <rating>
   1.46
  </rating>
  <reviews>
   627669
  </reviews>
  <new>
   +
  </new>
  <exclusive>
   yes
  </exclusive>
  <sporty>
   yes
  </sporty>
 </clothing>
</clothing-items>
