<?xml version="1.0" encoding="utf-8"?>
<clothing-items>
 <clothing>
  <id>
   398731063
  </id>
  <name>
   Fila Shirt R-3503
  </name>
  <category>
   Shirt
  </category>
  <size>
   S
  </size>
  <color>
   Желтый
  </color>
  <material>
   Вискоза
  </material>
  <price>
   774789
  </price>
  <rating>
   1.95
  </rating>
  <reviews>
   244434
  </reviews>
  <new>
   +
  </new>
  <exclusive>
   yes
  </exclusive>
  <sporty>
   yes
  </sporty>
 </clothing>
 <clothing>
  <id>
   761805043
  </id>
  <name>
   Converse Dress I-6637
  </name>
  <category>
   Dress
  </category>
  <size>
   S
  </size>
  <color>
   Желтый
  </color>
  <material>
   Полиэстер
  </material>
  <price>
   658626
  </price>
  <rating>
   1.68
  </rating>
  <reviews>
   674446
  </reviews>
  <new>
   +
  </new>
  <exclusive>
   yes
  </exclusive>
 </clothing>
 <clothing>
  <id>
   697611272
  </id>
  <name>
   Addidas Handbags I-4318
  </name>
  <category>
   Handbags
  </category>
  <size>
   XXL
  </size>
  <color>
   Красный
  </color>
  <material>
   Полиэстер
  </material>
  <price>
   679433
  </price>
  <rating>
   1.11
  </rating>
  <reviews>
   50067
  </reviews>
  <new>
   +
  </new>
  <exclusive>
   yes
  </exclusive>
 </clothing>
 <clothing>
  <id>
   827789461
  </id>
  <name>
   Lacoste Umbrellas A-5883
  </name>
  <category>
   Umbrellas
  </category>
  <size>
   M
  </size>
  <color>
   Зеленый
  </color>
  <material>
   Хлопок
  </material>
  <price>
   463292
  </price>
  <rating>
   4.26
  </rating>
  <reviews>
   817373
  </reviews>
  <new>
   +
  </new>
  <exclusive>
   no
  </exclusive>
  <sporty>
   yes
  </sporty>
 </clothing>
 <clothing>
  <id>
   399988570
  </id>
  <name>
   Asics Shoes S-1051
  </name>
  <category>
   Shoes
  </category>
  <size>
   S
  </size>
  <color>
   Оранжевый
  </color>
  <material>
   Полиэстер
  </material>
  <price>
   128650
  </price>
  <rating>
   2.71
  </rating>
  <reviews>
   781964
  </reviews>
  <new>
   -
  </new>
 </clothing>
 <clothing>
  <id>
   681824800
  </id>
  <name>
   Brooks T-shirt L-5938
  </name>
  <category>
   T-shirt
  </category>
  <size>
   L
  </size>
  <color>
   Зеленый
  </color>
  <material>
   Шелк
  </material>
  <price>
   414842
  </price>
  <rating>
   2.7
  </rating>
  <reviews>
   538907
  </reviews>
  <new>
   +
  </new>
  <exclusive>
   yes
  </exclusive>
 </clothing>
 <clothing>
  <id>
   426152302
  </id>
  <name>
   DC Shoes H-2862
  </name>
  <category>
   Shoes
  </category>
  <size>
   L
  </size>
  <color>
   Желтый
  </color>
  <material>
   Хлопок
  </material>
  <price>
   735965
  </price>
  <rating>
   2.62
  </rating>
  <reviews>
   526874
  </reviews>
  <exclusive>
   no
  </exclusive>
  <sporty>
   no
  </sporty>
 </clothing>
 <clothing>
  <id>
   994696138
  </id>
  <name>
   Nike Belts N-5767
  </name>
  <category>
   Belts
  </category>
  <size>
   XL
  </size>
  <color>
   Голубой
  </color>
  <material>
   Хлопок
  </material>
  <price>
   505492
  </price>
  <rating>
   1.41
  </rating>
  <reviews>
   128714
  </reviews>
  <new>
   -
  </new>
 </clothing>
 <clothing>
  <id>
   144692384
  </id>
  <name>
   Converse Handbags O-4033
  </name>
  <category>
   Handbags
  </category>
  <size>
   S
  </size>
  <color>
   Красный
  </color>
  <material>
   Шерсть
  </material>
  <price>
   978111
  </price>
  <rating>
   3.76
  </rating>
  <reviews>
   632958
  </reviews>
  <new>
   +
  </new>
  <exclusive>
   yes
  </exclusive>
 </clothing>
 <clothing>
  <id>
   997969849
  </id>
  <name>
   Under Armour Blouse C-5014
  </name>
  <category>
   Blouse
  </category>
  <size>
   S
  </size>
  <color>
   Фиолетовый
  </color>
  <material>
   Хлопок
  </material>
  <price>
   514530
  </price>
  <rating>
   1.22
  </rating>
  <reviews>
   227513
  </reviews>
  <new>
   -
  </new>
  <exclusive>
   yes
  </exclusive>
  <sporty>
   no
  </sporty>
 </clothing>
 <clothing>
  <id>
   959048314
  </id>
  <name>
   Converse Handbags J-8121
  </name>
  <category>
   Handbags
  </category>
  <size>
   XXL
  </size>
  <color>
   Фиолетовый
  </color>
  <material>
   Вискоза
  </material>
  <price>
   722863
  </price>
  <rating>
   1.99
  </rating>
  <reviews>
   892969
  </reviews>
  <new>
   +
  </new>
  <sporty>
   yes
  </sporty>
 </clothing>
 <clothing>
  <id>
   747371381
  </id>
  <name>
   Fila Jacket G-4549
  </name>
  <category>
   Jacket
  </category>
  <size>
   XXL
  </size>
  <color>
   Красный
  </color>
  <material>
   Лен
  </material>
  <price>
   239052
  </price>
  <rating>
   4.4
  </rating>
  <reviews>
   834815
  </reviews>
  <new>
   -
  </new>
  <exclusive>
   yes
  </exclusive>
  <sporty>
   no
  </sporty>
 </clothing>
 <clothing>
  <id>
   908522146
  </id>
  <name>
   Addidas Shirt U-2060
  </name>
  <category>
   Shirt
  </category>
  <size>
   XL
  </size>
  <color>
   Голубой
  </color>
  <material>
   Шерсть
  </material>
  <price>
   956793
  </price>
  <rating>
   3.58
  </rating>
  <reviews>
   235257
  </reviews>
 </clothing>
 <clothing>
  <id>
   766321479
  </id>
  <name>
   Fila T-shirt A-2550
  </name>
  <category>
   T-shirt
  </category>
  <size>
   XL
  </size>
  <color>
   Оранжевый
  </color>
  <material>
   Лен
  </material>
  <price>
   848985
  </price>
  <rating>
   4.6
  </rating>
  <reviews>
   301515
  </reviews>
  <exclusive>
   no
  </exclusive>
 </clothing>
 <clothing>
  <id>
   773471674
  </id>
  <name>
   New Balance Gloves I-8558
  </name>
  <category>
   Gloves
  </category>
  <size>
   M
  </size>
  <color>
   Синий
  </color>
  <material>
   Шелк
  </material>
  <price>
   708206
  </price>
  <rating>
   2.72
  </rating>
  <reviews>
   566067
  </reviews>
  <exclusive>
   no
  </exclusive>
  <sporty>
   no
  </sporty>
 </clothing>
 <clothing>
  <id>
   835878533
  </id>
  <name>
   Addidas Blouse I-5156
  </name>
  <category>
   Blouse
  </category>
  <size>
   XXL
  </size>
  <color>
   Синий
  </color>
  <material>
   Лен
  </material>
  <price>
   418973
  </price>
  <rating>
   1.76
  </rating>
  <reviews>
   375140
  </reviews>
  <exclusive>
   no
  </exclusive>
 </clothing>
 <clothing>
  <id>
   854446530
  </id>
  <name>
   Brooks Hat B-7703
  </name>
  <category>
   Hat
  </category>
  <size>
   L
  </size>
  <color>
   Красный
  </color>
  <material>
   Нейлон
  </material>
  <price>
   529286
  </price>
  <rating>
   4.75
  </rating>
  <reviews>
   575425
  </reviews>
  <new>
   -
  </new>
 </clothing>
 <clothing>
  <id>
   200170878
  </id>
  <name>
   Brooks Jeans J-1881
  </name>
  <category>
   Jeans
  </category>
  <size>
   XXL
  </size>
  <color>
   Зеленый
  </color>
  <material>
   Шелк
  </material>
  <price>
   320884
  </price>
  <rating>
   1.4
  </rating>
  <reviews>
   492785
  </reviews>
 </clothing>
</clothing-items>
