<?xml version="1.0" encoding="utf-8"?>
<clothing-items>
 <clothing>
  <id>
   270675508
  </id>
  <name>
   Ellesse Socks M-3518
  </name>
  <category>
   Socks
  </category>
  <size>
   S
  </size>
  <color>
   Фиолетовый
  </color>
  <material>
   Кожа
  </material>
  <price>
   407299
  </price>
  <rating>
   2.83
  </rating>
  <reviews>
   556626
  </reviews>
  <new>
   -
  </new>
  <exclusive>
   yes
  </exclusive>
  <sporty>
   no
  </sporty>
 </clothing>
 <clothing>
  <id>
   642782382
  </id>
  <name>
   Ellesse Sweater C-3476
  </name>
  <category>
   Sweater
  </category>
  <size>
   L
  </size>
  <color>
   Красный
  </color>
  <material>
   Шелк
  </material>
  <price>
   189468
  </price>
  <rating>
   1.1
  </rating>
  <reviews>
   938043
  </reviews>
  <new>
   -
  </new>
 </clothing>
 <clothing>
  <id>
   221008584
  </id>
  <name>
   PleinSport Socks D-5703
  </name>
  <category>
   Socks
  </category>
  <size>
   XXL
  </size>
  <color>
   Синий
  </color>
  <material>
   Нейлон
  </material>
  <price>
   439538
  </price>
  <rating>
   2.2
  </rating>
  <reviews>
   479930
  </reviews>
  <exclusive>
   no
  </exclusive>
 </clothing>
 <clothing>
  <id>
   599625285
  </id>
  <name>
   Ellesse Belts B-6018
  </name>
  <category>
   Belts
  </category>
  <size>
   XL
  </size>
  <color>
   Голубой
  </color>
  <material>
   Кожа
  </material>
  <price>
   671460
  </price>
  <rating>
   1.86
  </rating>
  <reviews>
   809462
  </reviews>
  <new>
   +
  </new>
  <exclusive>
   yes
  </exclusive>
 </clothing>
 <clothing>
  <id>
   891022938
  </id>
  <name>
   New Balance Shoes Y-5992
  </name>
  <category>
   Shoes
  </category>
  <size>
   XL
  </size>
  <color>
   Фиолетовый
  </color>
  <material>
   Шелк
  </material>
  <price>
   181051
  </price>
  <rating>
   3.74
  </rating>
  <reviews>
   320227
  </reviews>
  <new>
   +
  </new>
  <exclusive>
   no
  </exclusive>
  <sporty>
   no
  </sporty>
 </clothing>
 <clothing>
  <id>
   626370845
  </id>
  <name>
   Lacoste Hat Q-3530
  </name>
  <category>
   Hat
  </category>
  <size>
   M
  </size>
  <color>
   Желтый
  </color>
  <material>
   Полиэстер
  </material>
  <price>
   564255
  </price>
  <rating>
   2.05
  </rating>
  <reviews>
   142938
  </reviews>
  <new>
   -
  </new>
  <exclusive>
   yes
  </exclusive>
 </clothing>
 <clothing>
  <id>
   626925628
  </id>
  <name>
   Brooks Sweater K-6744
  </name>
  <category>
   Sweater
  </category>
  <size>
   XL
  </size>
  <color>
   Желтый
  </color>
  <material>
   Шерсть
  </material>
  <price>
   185567
  </price>
  <rating>
   2.2
  </rating>
  <reviews>
   95031
  </reviews>
  <exclusive>
   no
  </exclusive>
  <sporty>
   no
  </sporty>
 </clothing>
 <clothing>
  <id>
   367661056
  </id>
  <name>
   Puma Handbags S-7344
  </name>
  <category>
   Handbags
  </category>
  <size>
   L
  </size>
  <color>
   Желтый
  </color>
  <material>
   Шерсть
  </material>
  <price>
   848482
  </price>
  <rating>
   3.89
  </rating>
  <reviews>
   415352
  </reviews>
  <new>
   -
  </new>
  <sporty>
   yes
  </sporty>
 </clothing>
 <clothing>
  <id>
   639305332
  </id>
  <name>
   Adidas T-shirt L-8087
  </name>
  <category>
   T-shirt
  </category>
  <size>
   XXL
  </size>
  <color>
   Голубой
  </color>
  <material>
   Вискоза
  </material>
  <price>
   801346
  </price>
  <rating>
   2.57
  </rating>
  <reviews>
   73745
  </reviews>
  <sporty>
   no
  </sporty>
 </clothing>
 <clothing>
  <id>
   140256647
  </id>
  <name>
   Converse Pants I-8073
  </name>
  <category>
   Pants
  </category>
  <size>
   XL
  </size>
  <color>
   Оранжевый
  </color>
  <material>
   Нейлон
  </material>
  <price>
   575678
  </price>
  <rating>
   3.14
  </rating>
  <reviews>
   584615
  </reviews>
  <new>
   +
  </new>
  <exclusive>
   yes
  </exclusive>
  <sporty>
   yes
  </sporty>
 </clothing>
 <clothing>
  <id>
   110197061
  </id>
  <name>
   Ellesse Hat E-4202
  </name>
  <category>
   Hat
  </category>
  <size>
   XXL
  </size>
  <color>
   Зеленый
  </color>
  <material>
   Шерсть
  </material>
  <price>
   754756
  </price>
  <rating>
   4.71
  </rating>
  <reviews>
   159523
  </reviews>
  <new>
   +
  </new>
  <sporty>
   yes
  </sporty>
 </clothing>
 <clothing>
  <id>
   484470444
  </id>
  <name>
   New Balance Handbags G-9468
  </name>
  <category>
   Handbags
  </category>
  <size>
   XXL
  </size>
  <color>
   Зеленый
  </color>
  <material>
   Нейлон
  </material>
  <price>
   788619
  </price>
  <rating>
   2.75
  </rating>
  <reviews>
   255167
  </reviews>
  <sporty>
   yes
  </sporty>
 </clothing>
 <clothing>
  <id>
   429876938
  </id>
  <name>
   DC Jeans B-8245
  </name>
  <category>
   Jeans
  </category>
  <size>
   S
  </size>
  <color>
   Зеленый
  </color>
  <material>
   Хлопок
  </material>
  <price>
   852954
  </price>
  <rating>
   1.58
  </rating>
  <reviews>
   678288
  </reviews>
  <new>
   -
  </new>
  <exclusive>
   no
  </exclusive>
 </clothing>
 <clothing>
  <id>
   955849103
  </id>
  <name>
   Reebok Jacket K-3903
  </name>
  <category>
   Jacket
  </category>
  <size>
   S
  </size>
  <color>
   Синий
  </color>
  <material>
   Лен
  </material>
  <price>
   333143
  </price>
  <rating>
   1.09
  </rating>
  <reviews>
   188822
  </reviews>
  <sporty>
   no
  </sporty>
 </clothing>
 <clothing>
  <id>
   823154696
  </id>
  <name>
   Addidas Gloves Q-3288
  </name>
  <category>
   Gloves
  </category>
  <size>
   XXL
  </size>
  <color>
   Красный
  </color>
  <material>
   Вискоза
  </material>
  <price>
   971401
  </price>
  <rating>
   4.85
  </rating>
  <reviews>
   713519
  </reviews>
  <exclusive>
   no
  </exclusive>
  <sporty>
   no
  </sporty>
 </clothing>
 <clothing>
  <id>
   145311683
  </id>
  <name>
   Addidas Jacket Z-1271
  </name>
  <category>
   Jacket
  </category>
  <size>
   XL
  </size>
  <color>
   Фиолетовый
  </color>
  <material>
   Лен
  </material>
  <price>
   764515
  </price>
  <rating>
   1.21
  </rating>
  <reviews>
   565865
  </reviews>
  <new>
   -
  </new>
  <exclusive>
   no
  </exclusive>
  <sporty>
   no
  </sporty>
 </clothing>
 <clothing>
  <id>
   134711286
  </id>
  <name>
   Asics Belts O-8827
  </name>
  <category>
   Belts
  </category>
  <size>
   S
  </size>
  <color>
   Оранжевый
  </color>
  <material>
   Кожа
  </material>
  <price>
   225797
  </price>
  <rating>
   1.96
  </rating>
  <reviews>
   51323
  </reviews>
  <new>
   +
  </new>
  <sporty>
   yes
  </sporty>
 </clothing>
 <clothing>
  <id>
   814935607
  </id>
  <name>
   Adidas Belts B-9997
  </name>
  <category>
   Belts
  </category>
  <size>
   L
  </size>
  <color>
   Оранжевый
  </color>
  <material>
   Нейлон
  </material>
  <price>
   337649
  </price>
  <rating>
   3.75
  </rating>
  <reviews>
   530736
  </reviews>
  <new>
   -
  </new>
  <sporty>
   no
  </sporty>
 </clothing>
 <clothing>
  <id>
   542390458
  </id>
  <name>
   Puma Hat Q-1447
  </name>
  <category>
   Hat
  </category>
  <size>
   XXL
  </size>
  <color>
   Зеленый
  </color>
  <material>
   Вискоза
  </material>
  <price>
   568258
  </price>
  <rating>
   4.2
  </rating>
  <reviews>
   366880
  </reviews>
  <exclusive>
   yes
  </exclusive>
 </clothing>
 <clothing>
  <id>
   434510335
  </id>
  <name>
   Lacoste Umbrellas G-5494
  </name>
  <category>
   Umbrellas
  </category>
  <size>
   L
  </size>
  <color>
   Синий
  </color>
  <material>
   Кожа
  </material>
  <price>
   887345
  </price>
  <rating>
   3.9
  </rating>
  <reviews>
   283384
  </reviews>
  <exclusive>
   yes
  </exclusive>
  <sporty>
   yes
  </sporty>
 </clothing>
 <clothing>
  <id>
   773740394
  </id>
  <name>
   Brooks Gloves E-2572
  </name>
  <category>
   Gloves
  </category>
  <size>
   XXL
  </size>
  <color>
   Зеленый
  </color>
  <material>
   Хлопок
  </material>
  <price>
   956058
  </price>
  <rating>
   1.19
  </rating>
  <reviews>
   472254
  </reviews>
  <new>
   +
  </new>
  <sporty>
   no
  </sporty>
 </clothing>
 <clothing>
  <id>
   496185425
  </id>
  <name>
   Addidas Handbags Q-2045
  </name>
  <category>
   Handbags
  </category>
  <size>
   XXL
  </size>
  <color>
   Оранжевый
  </color>
  <material>
   Полиэстер
  </material>
  <price>
   323734
  </price>
  <rating>
   2.62
  </rating>
  <reviews>
   954604
  </reviews>
  <exclusive>
   yes
  </exclusive>
  <sporty>
   no
  </sporty>
 </clothing>
 <clothing>
  <id>
   580613936
  </id>
  <name>
   Lacoste Gloves R-3877
  </name>
  <category>
   Gloves
  </category>
  <size>
   L
  </size>
  <color>
   Фиолетовый
  </color>
  <material>
   Шерсть
  </material>
  <price>
   906691
  </price>
  <rating>
   2.02
  </rating>
  <reviews>
   966188
  </reviews>
  <new>
   +
  </new>
  <sporty>
   yes
  </sporty>
 </clothing>
 <clothing>
  <id>
   643103358
  </id>
  <name>
   Adidas Umbrellas T-6809
  </name>
  <category>
   Umbrellas
  </category>
  <size>
   L
  </size>
  <color>
   Красный
  </color>
  <material>
   Нейлон
  </material>
  <price>
   937938
  </price>
  <rating>
   2.82
  </rating>
  <reviews>
   88836
  </reviews>
  <new>
   +
  </new>
  <exclusive>
   yes
  </exclusive>
 </clothing>
 <clothing>
  <id>
   563329318
  </id>
  <name>
   Reebok Shoes U-1423
  </name>
  <category>
   Shoes
  </category>
  <size>
   XL
  </size>
  <color>
   Красный
  </color>
  <material>
   Шелк
  </material>
  <price>
   152226
  </price>
  <rating>
   2.85
  </rating>
  <reviews>
   959108
  </reviews>
  <new>
   +
  </new>
  <exclusive>
   no
  </exclusive>
  <sporty>
   yes
  </sporty>
 </clothing>
 <clothing>
  <id>
   571720249
  </id>
  <name>
   Brooks Skirt V-6702
  </name>
  <category>
   Skirt
  </category>
  <size>
   S
  </size>
  <color>
   Желтый
  </color>
  <material>
   Кожа
  </material>
  <price>
   568416
  </price>
  <rating>
   1.18
  </rating>
  <reviews>
   472191
  </reviews>
  <new>
   -
  </new>
 </clothing>
</clothing-items>
