<?xml version="1.0" encoding="utf-8"?>
<clothing-items>
 <clothing>
  <id>
   878313951
  </id>
  <name>
   Adidas Skirt Y-8015
  </name>
  <category>
   Skirt
  </category>
  <size>
   L
  </size>
  <color>
   Синий
  </color>
  <material>
   Шелк
  </material>
  <price>
   258945
  </price>
  <rating>
   4.61
  </rating>
  <reviews>
   503288
  </reviews>
  <new>
   +
  </new>
  <exclusive>
   yes
  </exclusive>
 </clothing>
 <clothing>
  <id>
   660760483
  </id>
  <name>
   Lacoste Shoes A-7446
  </name>
  <category>
   Shoes
  </category>
  <size>
   L
  </size>
  <color>
   Желтый
  </color>
  <material>
   Полиэстер
  </material>
  <price>
   620988
  </price>
  <rating>
   4.61
  </rating>
  <reviews>
   159857
  </reviews>
  <new>
   -
  </new>
  <exclusive>
   no
  </exclusive>
  <sporty>
   no
  </sporty>
 </clothing>
 <clothing>
  <id>
   572471573
  </id>
  <name>
   Adidas Hat L-9922
  </name>
  <category>
   Hat
  </category>
  <size>
   M
  </size>
  <color>
   Оранжевый
  </color>
  <material>
   Вискоза
  </material>
  <price>
   488356
  </price>
  <rating>
   1.91
  </rating>
  <reviews>
   497999
  </reviews>
  <new>
   -
  </new>
  <exclusive>
   no
  </exclusive>
  <sporty>
   no
  </sporty>
 </clothing>
 <clothing>
  <id>
   392462379
  </id>
  <name>
   Asics Handbags K-4736
  </name>
  <category>
   Handbags
  </category>
  <size>
   L
  </size>
  <color>
   Фиолетовый
  </color>
  <material>
   Лен
  </material>
  <price>
   704981
  </price>
  <rating>
   3.58
  </rating>
  <reviews>
   631753
  </reviews>
  <new>
   -
  </new>
  <exclusive>
   no
  </exclusive>
  <sporty>
   yes
  </sporty>
 </clothing>
 <clothing>
  <id>
   377786134
  </id>
  <name>
   Puma Jeans Y-1408
  </name>
  <category>
   Jeans
  </category>
  <size>
   XXL
  </size>
  <color>
   Красный
  </color>
  <material>
   Вискоза
  </material>
  <price>
   242467
  </price>
  <rating>
   4.05
  </rating>
  <reviews>
   339767
  </reviews>
  <new>
   -
  </new>
  <sporty>
   yes
  </sporty>
 </clothing>
 <clothing>
  <id>
   784012566
  </id>
  <name>
   Vans Jacket S-6406
  </name>
  <category>
   Jacket
  </category>
  <size>
   L
  </size>
  <color>
   Фиолетовый
  </color>
  <material>
   Лен
  </material>
  <price>
   963705
  </price>
  <rating>
   3.09
  </rating>
  <reviews>
   816670
  </reviews>
  <new>
   +
  </new>
  <exclusive>
   no
  </exclusive>
 </clothing>
 <clothing>
  <id>
   471733764
  </id>
  <name>
   Nike Hat M-4277
  </name>
  <category>
   Hat
  </category>
  <size>
   XL
  </size>
  <color>
   Фиолетовый
  </color>
  <material>
   Лен
  </material>
  <price>
   858048
  </price>
  <rating>
   4.58
  </rating>
  <reviews>
   923331
  </reviews>
  <new>
   -
  </new>
  <sporty>
   no
  </sporty>
 </clothing>
 <clothing>
  <id>
   886278311
  </id>
  <name>
   Adidas Skirt L-6707
  </name>
  <category>
   Skirt
  </category>
  <size>
   L
  </size>
  <color>
   Зеленый
  </color>
  <material>
   Вискоза
  </material>
  <price>
   990336
  </price>
  <rating>
   2.86
  </rating>
  <reviews>
   381177
  </reviews>
  <exclusive>
   yes
  </exclusive>
  <sporty>
   no
  </sporty>
 </clothing>
 <clothing>
  <id>
   387016385
  </id>
  <name>
   Fila Skirt B-3439
  </name>
  <category>
   Skirt
  </category>
  <size>
   S
  </size>
  <color>
   Голубой
  </color>
  <material>
   Лен
  </material>
  <price>
   648430
  </price>
  <rating>
   4.01
  </rating>
  <reviews>
   396138
  </reviews>
  <new>
   +
  </new>
  <sporty>
   yes
  </sporty>
 </clothing>
 <clothing>
  <id>
   518852287
  </id>
  <name>
   Nike Belts Z-8058
  </name>
  <category>
   Belts
  </category>
  <size>
   XL
  </size>
  <color>
   Красный
  </color>
  <material>
   Полиэстер
  </material>
  <price>
   159071
  </price>
  <rating>
   4.2
  </rating>
  <reviews>
   255083
  </reviews>
  <new>
   -
  </new>
  <exclusive>
   no
  </exclusive>
  <sporty>
   no
  </sporty>
 </clothing>
 <clothing>
  <id>
   274710164
  </id>
  <name>
   New Balance Sweater Z-4679
  </name>
  <category>
   Sweater
  </category>
  <size>
   M
  </size>
  <color>
   Красный
  </color>
  <material>
   Хлопок
  </material>
  <price>
   193435
  </price>
  <rating>
   4.46
  </rating>
  <reviews>
   392332
  </reviews>
  <new>
   +
  </new>
  <exclusive>
   yes
  </exclusive>
  <sporty>
   no
  </sporty>
 </clothing>
 <clothing>
  <id>
   873368353
  </id>
  <name>
   Puma Jeans E-3377
  </name>
  <category>
   Jeans
  </category>
  <size>
   M
  </size>
  <color>
   Зеленый
  </color>
  <material>
   Шелк
  </material>
  <price>
   947006
  </price>
  <rating>
   2.39
  </rating>
  <reviews>
   501983
  </reviews>
  <new>
   +
  </new>
  <sporty>
   no
  </sporty>
 </clothing>
 <clothing>
  <id>
   587335796
  </id>
  <name>
   Adidas Jacket S-4083
  </name>
  <category>
   Jacket
  </category>
  <size>
   XXL
  </size>
  <color>
   Желтый
  </color>
  <material>
   Хлопок
  </material>
  <price>
   305292
  </price>
  <rating>
   1.3
  </rating>
  <reviews>
   693300
  </reviews>
  <new>
   -
  </new>
  <exclusive>
   yes
  </exclusive>
  <sporty>
   yes
  </sporty>
 </clothing>
 <clothing>
  <id>
   117920073
  </id>
  <name>
   PleinSport Sweater U-5420
  </name>
  <category>
   Sweater
  </category>
  <size>
   M
  </size>
  <color>
   Зеленый
  </color>
  <material>
   Хлопок
  </material>
  <price>
   228956
  </price>
  <rating>
   3.86
  </rating>
  <reviews>
   584265
  </reviews>
  <new>
   +
  </new>
  <exclusive>
   no
  </exclusive>
  <sporty>
   no
  </sporty>
 </clothing>
 <clothing>
  <id>
   873280328
  </id>
  <name>
   Addidas Dress S-3602
  </name>
  <category>
   Dress
  </category>
  <size>
   L
  </size>
  <color>
   Красный
  </color>
  <material>
   Нейлон
  </material>
  <price>
   481573
  </price>
  <rating>
   1.79
  </rating>
  <reviews>
   330652
  </reviews>
  <new>
   -
  </new>
  <exclusive>
   no
  </exclusive>
 </clothing>
 <clothing>
  <id>
   827670381
  </id>
  <name>
   Reebok Blouse Z-6503
  </name>
  <category>
   Blouse
  </category>
  <size>
   L
  </size>
  <color>
   Красный
  </color>
  <material>
   Шерсть
  </material>
  <price>
   222691
  </price>
  <rating>
   1.23
  </rating>
  <reviews>
   796940
  </reviews>
  <exclusive>
   no
  </exclusive>
 </clothing>
 <clothing>
  <id>
   467135215
  </id>
  <name>
   Under Armour Socks N-5469
  </name>
  <category>
   Socks
  </category>
  <size>
   S
  </size>
  <color>
   Синий
  </color>
  <material>
   Шелк
  </material>
  <price>
   919648
  </price>
  <rating>
   3.23
  </rating>
  <reviews>
   589425
  </reviews>
  <sporty>
   yes
  </sporty>
 </clothing>
 <clothing>
  <id>
   394943308
  </id>
  <name>
   Converse Sweater H-5740
  </name>
  <category>
   Sweater
  </category>
  <size>
   S
  </size>
  <color>
   Зеленый
  </color>
  <material>
   Вискоза
  </material>
  <price>
   531328
  </price>
  <rating>
   4.24
  </rating>
  <reviews>
   902464
  </reviews>
 </clothing>
 <clothing>
  <id>
   328367449
  </id>
  <name>
   Fila Shoes K-2064
  </name>
  <category>
   Shoes
  </category>
  <size>
   XL
  </size>
  <color>
   Красный
  </color>
  <material>
   Нейлон
  </material>
  <price>
   858603
  </price>
  <rating>
   4.44
  </rating>
  <reviews>
   272655
  </reviews>
  <sporty>
   yes
  </sporty>
 </clothing>
 <clothing>
  <id>
   322535067
  </id>
  <name>
   Adidas Socks L-8885
  </name>
  <category>
   Socks
  </category>
  <size>
   M
  </size>
  <color>
   Красный
  </color>
  <material>
   Кожа
  </material>
  <price>
   920378
  </price>
  <rating>
   2.41
  </rating>
  <reviews>
   102766
  </reviews>
  <new>
   +
  </new>
  <sporty>
   no
  </sporty>
 </clothing>
 <clothing>
  <id>
   541591013
  </id>
  <name>
   Nike Jeans A-7942
  </name>
  <category>
   Jeans
  </category>
  <size>
   XXL
  </size>
  <color>
   Красный
  </color>
  <material>
   Хлопок
  </material>
  <price>
   741572
  </price>
  <rating>
   3.96
  </rating>
  <reviews>
   599440
  </reviews>
  <sporty>
   no
  </sporty>
 </clothing>
 <clothing>
  <id>
   608979026
  </id>
  <name>
   Fila Belts V-8306
  </name>
  <category>
   Belts
  </category>
  <size>
   XL
  </size>
  <color>
   Оранжевый
  </color>
  <material>
   Полиэстер
  </material>
  <price>
   661212
  </price>
  <rating>
   3.96
  </rating>
  <reviews>
   963576
  </reviews>
  <exclusive>
   no
  </exclusive>
  <sporty>
   no
  </sporty>
 </clothing>
 <clothing>
  <id>
   225894040
  </id>
  <name>
   Lacoste Jacket W-7834
  </name>
  <category>
   Jacket
  </category>
  <size>
   M
  </size>
  <color>
   Оранжевый
  </color>
  <material>
   Лен
  </material>
  <price>
   295678
  </price>
  <rating>
   3.69
  </rating>
  <reviews>
   192524
  </reviews>
  <new>
   +
  </new>
  <exclusive>
   no
  </exclusive>
 </clothing>
 <clothing>
  <id>
   564149894
  </id>
  <name>
   Brooks Socks D-5401
  </name>
  <category>
   Socks
  </category>
  <size>
   XXL
  </size>
  <color>
   Зеленый
  </color>
  <material>
   Шелк
  </material>
  <price>
   368764
  </price>
  <rating>
   2.3
  </rating>
  <reviews>
   615206
  </reviews>
 </clothing>
 <clothing>
  <id>
   704891251
  </id>
  <name>
   Vans Jeans G-8630
  </name>
  <category>
   Jeans
  </category>
  <size>
   M
  </size>
  <color>
   Синий
  </color>
  <material>
   Хлопок
  </material>
  <price>
   234483
  </price>
  <rating>
   4.37
  </rating>
  <reviews>
   795485
  </reviews>
 </clothing>
 <clothing>
  <id>
   817422674
  </id>
  <name>
   Converse Socks I-5045
  </name>
  <category>
   Socks
  </category>
  <size>
   XXL
  </size>
  <color>
   Фиолетовый
  </color>
  <material>
   Шелк
  </material>
  <price>
   537932
  </price>
  <rating>
   3.76
  </rating>
  <reviews>
   540378
  </reviews>
  <sporty>
   no
  </sporty>
 </clothing>
 <clothing>
  <id>
   987508033
  </id>
  <name>
   Converse Shoes C-1407
  </name>
  <category>
   Shoes
  </category>
  <size>
   XL
  </size>
  <color>
   Синий
  </color>
  <material>
   Шелк
  </material>
  <price>
   586046
  </price>
  <rating>
   3.9
  </rating>
  <reviews>
   257600
  </reviews>
  <sporty>
   yes
  </sporty>
 </clothing>
 <clothing>
  <id>
   206680042
  </id>
  <name>
   DC Socks E-8665
  </name>
  <category>
   Socks
  </category>
  <size>
   S
  </size>
  <color>
   Зеленый
  </color>
  <material>
   Шелк
  </material>
  <price>
   236257
  </price>
  <rating>
   4.96
  </rating>
  <reviews>
   363032
  </reviews>
  <new>
   -
  </new>
  <exclusive>
   yes
  </exclusive>
  <sporty>
   yes
  </sporty>
 </clothing>
 <clothing>
  <id>
   649814250
  </id>
  <name>
   Brooks Shirt K-1982
  </name>
  <category>
   Shirt
  </category>
  <size>
   XL
  </size>
  <color>
   Фиолетовый
  </color>
  <material>
   Хлопок
  </material>
  <price>
   772779
  </price>
  <rating>
   2.87
  </rating>
  <reviews>
   142943
  </reviews>
  <exclusive>
   yes
  </exclusive>
  <sporty>
   yes
  </sporty>
 </clothing>
</clothing-items>
