<?xml version="1.0" encoding="utf-8"?>
<clothing-items>
 <clothing>
  <id>
   334054585
  </id>
  <name>
   Asics Gloves W-6857
  </name>
  <category>
   Gloves
  </category>
  <size>
   S
  </size>
  <color>
   Оранжевый
  </color>
  <material>
   Шелк
  </material>
  <price>
   631356
  </price>
  <rating>
   4.15
  </rating>
  <reviews>
   569096
  </reviews>
  <new>
   -
  </new>
  <exclusive>
   no
  </exclusive>
  <sporty>
   no
  </sporty>
 </clothing>
 <clothing>
  <id>
   394535747
  </id>
  <name>
   Brooks Pants A-2890
  </name>
  <category>
   Pants
  </category>
  <size>
   M
  </size>
  <color>
   Красный
  </color>
  <material>
   Кожа
  </material>
  <price>
   926302
  </price>
  <rating>
   3.42
  </rating>
  <reviews>
   29796
  </reviews>
  <sporty>
   yes
  </sporty>
 </clothing>
 <clothing>
  <id>
   801679049
  </id>
  <name>
   Brooks Blouse Z-5075
  </name>
  <category>
   Blouse
  </category>
  <size>
   XL
  </size>
  <color>
   Красный
  </color>
  <material>
   Лен
  </material>
  <price>
   624830
  </price>
  <rating>
   4.25
  </rating>
  <reviews>
   760610
  </reviews>
  <exclusive>
   no
  </exclusive>
 </clothing>
 <clothing>
  <id>
   755599495
  </id>
  <name>
   Adidas Skirt L-5645
  </name>
  <category>
   Skirt
  </category>
  <size>
   L
  </size>
  <color>
   Фиолетовый
  </color>
  <material>
   Вискоза
  </material>
  <price>
   289260
  </price>
  <rating>
   3.68
  </rating>
  <reviews>
   784929
  </reviews>
  <exclusive>
   no
  </exclusive>
 </clothing>
 <clothing>
  <id>
   246563648
  </id>
  <name>
   Reebok Shirt K-6012
  </name>
  <category>
   Shirt
  </category>
  <size>
   M
  </size>
  <color>
   Фиолетовый
  </color>
  <material>
   Шелк
  </material>
  <price>
   442672
  </price>
  <rating>
   1.38
  </rating>
  <reviews>
   640523
  </reviews>
  <new>
   +
  </new>
  <sporty>
   no
  </sporty>
 </clothing>
 <clothing>
  <id>
   584255965
  </id>
  <name>
   Brooks Handbags P-8041
  </name>
  <category>
   Handbags
  </category>
  <size>
   L
  </size>
  <color>
   Оранжевый
  </color>
  <material>
   Вискоза
  </material>
  <price>
   310983
  </price>
  <rating>
   4.81
  </rating>
  <reviews>
   830341
  </reviews>
  <new>
   +
  </new>
  <exclusive>
   no
  </exclusive>
 </clothing>
 <clothing>
  <id>
   700832964
  </id>
  <name>
   Converse Jeans I-4682
  </name>
  <category>
   Jeans
  </category>
  <size>
   M
  </size>
  <color>
   Фиолетовый
  </color>
  <material>
   Шерсть
  </material>
  <price>
   262327
  </price>
  <rating>
   1.62
  </rating>
  <reviews>
   160274
  </reviews>
 </clothing>
 <clothing>
  <id>
   766615675
  </id>
  <name>
   Adidas Jeans K-1644
  </name>
  <category>
   Jeans
  </category>
  <size>
   S
  </size>
  <color>
   Фиолетовый
  </color>
  <material>
   Шелк
  </material>
  <price>
   599296
  </price>
  <rating>
   3.4
  </rating>
  <reviews>
   617664
  </reviews>
  <sporty>
   yes
  </sporty>
 </clothing>
 <clothing>
  <id>
   195767226
  </id>
  <name>
   DC Handbags E-4528
  </name>
  <category>
   Handbags
  </category>
  <size>
   S
  </size>
  <color>
   Желтый
  </color>
  <material>
   Нейлон
  </material>
  <price>
   241544
  </price>
  <rating>
   1.02
  </rating>
  <reviews>
   778258
  </reviews>
  <sporty>
   no
  </sporty>
 </clothing>
 <clothing>
  <id>
   969971341
  </id>
  <name>
   New Balance Jacket Y-6229
  </name>
  <category>
   Jacket
  </category>
  <size>
   S
  </size>
  <color>
   Синий
  </color>
  <material>
   Кожа
  </material>
  <price>
   160560
  </price>
  <rating>
   3.76
  </rating>
  <reviews>
   857779
  </reviews>
  <exclusive>
   no
  </exclusive>
 </clothing>
 <clothing>
  <id>
   314463303
  </id>
  <name>
   PleinSport Hat K-3925
  </name>
  <category>
   Hat
  </category>
  <size>
   L
  </size>
  <color>
   Синий
  </color>
  <material>
   Вискоза
  </material>
  <price>
   608352
  </price>
  <rating>
   4.42
  </rating>
  <reviews>
   352138
  </reviews>
  <exclusive>
   no
  </exclusive>
  <sporty>
   no
  </sporty>
 </clothing>
 <clothing>
  <id>
   407914750
  </id>
  <name>
   Puma T-shirt T-6810
  </name>
  <category>
   T-shirt
  </category>
  <size>
   M
  </size>
  <color>
   Зеленый
  </color>
  <material>
   Кожа
  </material>
  <price>
   431649
  </price>
  <rating>
   4.68
  </rating>
  <reviews>
   791005
  </reviews>
  <new>
   -
  </new>
  <exclusive>
   no
  </exclusive>
  <sporty>
   yes
  </sporty>
 </clothing>
 <clothing>
  <id>
   510064113
  </id>
  <name>
   Brooks Skirt G-6814
  </name>
  <category>
   Skirt
  </category>
  <size>
   S
  </size>
  <color>
   Оранжевый
  </color>
  <material>
   Полиэстер
  </material>
  <price>
   853802
  </price>
  <rating>
   4.24
  </rating>
  <reviews>
   255441
  </reviews>
  <exclusive>
   no
  </exclusive>
  <sporty>
   yes
  </sporty>
 </clothing>
 <clothing>
  <id>
   411418776
  </id>
  <name>
   Ellesse Pants V-7656
  </name>
  <category>
   Pants
  </category>
  <size>
   XL
  </size>
  <color>
   Оранжевый
  </color>
  <material>
   Лен
  </material>
  <price>
   936222
  </price>
  <rating>
   3.86
  </rating>
  <reviews>
   728904
  </reviews>
  <exclusive>
   yes
  </exclusive>
 </clothing>
 <clothing>
  <id>
   427752949
  </id>
  <name>
   Addidas Blouse T-3642
  </name>
  <category>
   Blouse
  </category>
  <size>
   XXL
  </size>
  <color>
   Синий
  </color>
  <material>
   Шелк
  </material>
  <price>
   338470
  </price>
  <rating>
   1.2
  </rating>
  <reviews>
   533638
  </reviews>
  <new>
   -
  </new>
  <exclusive>
   no
  </exclusive>
 </clothing>
 <clothing>
  <id>
   777768715
  </id>
  <name>
   DC Shoes L-4187
  </name>
  <category>
   Shoes
  </category>
  <size>
   S
  </size>
  <color>
   Фиолетовый
  </color>
  <material>
   Вискоза
  </material>
  <price>
   202724
  </price>
  <rating>
   2.03
  </rating>
  <reviews>
   77526
  </reviews>
  <sporty>
   yes
  </sporty>
 </clothing>
 <clothing>
  <id>
   253821946
  </id>
  <name>
   Vans Jacket T-4821
  </name>
  <category>
   Jacket
  </category>
  <size>
   S
  </size>
  <color>
   Голубой
  </color>
  <material>
   Хлопок
  </material>
  <price>
   199679
  </price>
  <rating>
   1.83
  </rating>
  <reviews>
   610751
  </reviews>
  <new>
   +
  </new>
  <exclusive>
   yes
  </exclusive>
 </clothing>
 <clothing>
  <id>
   137088170
  </id>
  <name>
   Asics Handbags Y-3593
  </name>
  <category>
   Handbags
  </category>
  <size>
   L
  </size>
  <color>
   Зеленый
  </color>
  <material>
   Нейлон
  </material>
  <price>
   118692
  </price>
  <rating>
   1.75
  </rating>
  <reviews>
   448494
  </reviews>
  <new>
   +
  </new>
  <exclusive>
   no
  </exclusive>
  <sporty>
   no
  </sporty>
 </clothing>
 <clothing>
  <id>
   909772572
  </id>
  <name>
   Vans Umbrellas W-3502
  </name>
  <category>
   Umbrellas
  </category>
  <size>
   M
  </size>
  <color>
   Оранжевый
  </color>
  <material>
   Нейлон
  </material>
  <price>
   763451
  </price>
  <rating>
   1.06
  </rating>
  <reviews>
   544686
  </reviews>
  <new>
   -
  </new>
  <sporty>
   no
  </sporty>
 </clothing>
 <clothing>
  <id>
   196969955
  </id>
  <name>
   Adidas Handbags L-9910
  </name>
  <category>
   Handbags
  </category>
  <size>
   L
  </size>
  <color>
   Фиолетовый
  </color>
  <material>
   Лен
  </material>
  <price>
   123549
  </price>
  <rating>
   1.69
  </rating>
  <reviews>
   234812
  </reviews>
  <exclusive>
   no
  </exclusive>
  <sporty>
   yes
  </sporty>
 </clothing>
 <clothing>
  <id>
   497349282
  </id>
  <name>
   Nike Shoes W-1837
  </name>
  <category>
   Shoes
  </category>
  <size>
   S
  </size>
  <color>
   Голубой
  </color>
  <material>
   Нейлон
  </material>
  <price>
   845107
  </price>
  <rating>
   4.83
  </rating>
  <reviews>
   623294
  </reviews>
  <sporty>
   yes
  </sporty>
 </clothing>
 <clothing>
  <id>
   188751084
  </id>
  <name>
   Converse Umbrellas Y-8257
  </name>
  <category>
   Umbrellas
  </category>
  <size>
   M
  </size>
  <color>
   Голубой
  </color>
  <material>
   Лен
  </material>
  <price>
   130064
  </price>
  <rating>
   3.85
  </rating>
  <reviews>
   758359
  </reviews>
 </clothing>
 <clothing>
  <id>
   853101588
  </id>
  <name>
   DC Pants M-3490
  </name>
  <category>
   Pants
  </category>
  <size>
   M
  </size>
  <color>
   Желтый
  </color>
  <material>
   Вискоза
  </material>
  <price>
   887045
  </price>
  <rating>
   3.54
  </rating>
  <reviews>
   910940
  </reviews>
  <new>
   +
  </new>
  <sporty>
   no
  </sporty>
 </clothing>
 <clothing>
  <id>
   528054479
  </id>
  <name>
   Addidas Jacket O-8167
  </name>
  <category>
   Jacket
  </category>
  <size>
   M
  </size>
  <color>
   Оранжевый
  </color>
  <material>
   Шелк
  </material>
  <price>
   190950
  </price>
  <rating>
   1.61
  </rating>
  <reviews>
   570658
  </reviews>
  <new>
   -
  </new>
  <sporty>
   no
  </sporty>
 </clothing>
 <clothing>
  <id>
   797455267
  </id>
  <name>
   DC Hat B-8344
  </name>
  <category>
   Hat
  </category>
  <size>
   XXL
  </size>
  <color>
   Красный
  </color>
  <material>
   Хлопок
  </material>
  <price>
   727998
  </price>
  <rating>
   1.01
  </rating>
  <reviews>
   293137
  </reviews>
  <exclusive>
   no
  </exclusive>
 </clothing>
 <clothing>
  <id>
   518937351
  </id>
  <name>
   Adidas Belts W-3911
  </name>
  <category>
   Belts
  </category>
  <size>
   L
  </size>
  <color>
   Желтый
  </color>
  <material>
   Шелк
  </material>
  <price>
   860606
  </price>
  <rating>
   3.65
  </rating>
  <reviews>
   483007
  </reviews>
  <new>
   -
  </new>
  <exclusive>
   no
  </exclusive>
  <sporty>
   yes
  </sporty>
 </clothing>
 <clothing>
  <id>
   905086417
  </id>
  <name>
   Nike Sweater I-8924
  </name>
  <category>
   Sweater
  </category>
  <size>
   XL
  </size>
  <color>
   Оранжевый
  </color>
  <material>
   Вискоза
  </material>
  <price>
   655883
  </price>
  <rating>
   4.28
  </rating>
  <reviews>
   481076
  </reviews>
  <exclusive>
   yes
  </exclusive>
 </clothing>
</clothing-items>
