<?xml version="1.0" encoding="utf-8"?>
<clothing-items>
 <clothing>
  <id>
   388290493
  </id>
  <name>
   Reebok Jeans B-4971
  </name>
  <category>
   Jeans
  </category>
  <size>
   L
  </size>
  <color>
   Голубой
  </color>
  <material>
   Шерсть
  </material>
  <price>
   573313
  </price>
  <rating>
   3.17
  </rating>
  <reviews>
   452109
  </reviews>
  <new>
   -
  </new>
  <exclusive>
   no
  </exclusive>
 </clothing>
 <clothing>
  <id>
   941660117
  </id>
  <name>
   Puma T-shirt N-6786
  </name>
  <category>
   T-shirt
  </category>
  <size>
   L
  </size>
  <color>
   Голубой
  </color>
  <material>
   Лен
  </material>
  <price>
   591965
  </price>
  <rating>
   1.85
  </rating>
  <reviews>
   275619
  </reviews>
  <sporty>
   yes
  </sporty>
 </clothing>
 <clothing>
  <id>
   368372541
  </id>
  <name>
   Vans Skirt H-3860
  </name>
  <category>
   Skirt
  </category>
  <size>
   S
  </size>
  <color>
   Фиолетовый
  </color>
  <material>
   Шерсть
  </material>
  <price>
   523306
  </price>
  <rating>
   1.86
  </rating>
  <reviews>
   932573
  </reviews>
  <new>
   -
  </new>
  <sporty>
   no
  </sporty>
 </clothing>
 <clothing>
  <id>
   419996887
  </id>
  <name>
   PleinSport Jacket M-1534
  </name>
  <category>
   Jacket
  </category>
  <size>
   S
  </size>
  <color>
   Фиолетовый
  </color>
  <material>
   Шерсть
  </material>
  <price>
   870719
  </price>
  <rating>
   2.94
  </rating>
  <reviews>
   559355
  </reviews>
  <new>
   -
  </new>
  <exclusive>
   yes
  </exclusive>
  <sporty>
   no
  </sporty>
 </clothing>
 <clothing>
  <id>
   761141768
  </id>
  <name>
   Fila Shoes F-2552
  </name>
  <category>
   Shoes
  </category>
  <size>
   S
  </size>
  <color>
   Фиолетовый
  </color>
  <material>
   Лен
  </material>
  <price>
   674565
  </price>
  <rating>
   1.06
  </rating>
  <reviews>
   564324
  </reviews>
  <new>
   +
  </new>
  <sporty>
   no
  </sporty>
 </clothing>
 <clothing>
  <id>
   462759534
  </id>
  <name>
   Puma Hat H-8066
  </name>
  <category>
   Hat
  </category>
  <size>
   M
  </size>
  <color>
   Синий
  </color>
  <material>
   Хлопок
  </material>
  <price>
   302761
  </price>
  <rating>
   4.17
  </rating>
  <reviews>
   950391
  </reviews>
 </clothing>
 <clothing>
  <id>
   509000029
  </id>
  <name>
   DC Belts A-6230
  </name>
  <category>
   Belts
  </category>
  <size>
   M
  </size>
  <color>
   Оранжевый
  </color>
  <material>
   Полиэстер
  </material>
  <price>
   768683
  </price>
  <rating>
   2.06
  </rating>
  <reviews>
   973973
  </reviews>
  <new>
   -
  </new>
 </clothing>
 <clothing>
  <id>
   831509277
  </id>
  <name>
   Puma Gloves Z-6867
  </name>
  <category>
   Gloves
  </category>
  <size>
   XL
  </size>
  <color>
   Голубой
  </color>
  <material>
   Кожа
  </material>
  <price>
   348096
  </price>
  <rating>
   3.25
  </rating>
  <reviews>
   919074
  </reviews>
  <exclusive>
   no
  </exclusive>
  <sporty>
   no
  </sporty>
 </clothing>
 <clothing>
  <id>
   282831511
  </id>
  <name>
   Vans Jacket S-3087
  </name>
  <category>
   Jacket
  </category>
  <size>
   M
  </size>
  <color>
   Фиолетовый
  </color>
  <material>
   Вискоза
  </material>
  <price>
   939014
  </price>
  <rating>
   2.85
  </rating>
  <reviews>
   43151
  </reviews>
  <sporty>
   yes
  </sporty>
 </clothing>
 <clothing>
  <id>
   377390776
  </id>
  <name>
   Fila Skirt B-5239
  </name>
  <category>
   Skirt
  </category>
  <size>
   S
  </size>
  <color>
   Желтый
  </color>
  <material>
   Вискоза
  </material>
  <price>
   356723
  </price>
  <rating>
   2.86
  </rating>
  <reviews>
   847433
  </reviews>
  <new>
   +
  </new>
  <exclusive>
   no
  </exclusive>
  <sporty>
   no
  </sporty>
 </clothing>
 <clothing>
  <id>
   604898265
  </id>
  <name>
   New Balance Dress I-9336
  </name>
  <category>
   Dress
  </category>
  <size>
   XL
  </size>
  <color>
   Синий
  </color>
  <material>
   Кожа
  </material>
  <price>
   435094
  </price>
  <rating>
   1.0
  </rating>
  <reviews>
   59895
  </reviews>
  <new>
   -
  </new>
  <sporty>
   no
  </sporty>
 </clothing>
 <clothing>
  <id>
   504085767
  </id>
  <name>
   Fila Shoes M-3374
  </name>
  <category>
   Shoes
  </category>
  <size>
   XXL
  </size>
  <color>
   Фиолетовый
  </color>
  <material>
   Полиэстер
  </material>
  <price>
   735620
  </price>
  <rating>
   1.57
  </rating>
  <reviews>
   503693
  </reviews>
  <new>
   -
  </new>
  <exclusive>
   no
  </exclusive>
  <sporty>
   no
  </sporty>
 </clothing>
 <clothing>
  <id>
   294479003
  </id>
  <name>
   Vans Umbrellas J-8462
  </name>
  <category>
   Umbrellas
  </category>
  <size>
   XL
  </size>
  <color>
   Синий
  </color>
  <material>
   Нейлон
  </material>
  <price>
   478972
  </price>
  <rating>
   1.68
  </rating>
  <reviews>
   705931
  </reviews>
 </clothing>
 <clothing>
  <id>
   636672348
  </id>
  <name>
   Puma Skirt I-9326
  </name>
  <category>
   Skirt
  </category>
  <size>
   M
  </size>
  <color>
   Оранжевый
  </color>
  <material>
   Полиэстер
  </material>
  <price>
   300867
  </price>
  <rating>
   2.16
  </rating>
  <reviews>
   775183
  </reviews>
  <new>
   -
  </new>
  <sporty>
   yes
  </sporty>
 </clothing>
 <clothing>
  <id>
   222923765
  </id>
  <name>
   Converse Dress P-5859
  </name>
  <category>
   Dress
  </category>
  <size>
   S
  </size>
  <color>
   Оранжевый
  </color>
  <material>
   Нейлон
  </material>
  <price>
   274196
  </price>
  <rating>
   1.04
  </rating>
  <reviews>
   405516
  </reviews>
  <exclusive>
   no
  </exclusive>
 </clothing>
 <clothing>
  <id>
   980980871
  </id>
  <name>
   Brooks Umbrellas C-1593
  </name>
  <category>
   Umbrellas
  </category>
  <size>
   M
  </size>
  <color>
   Фиолетовый
  </color>
  <material>
   Лен
  </material>
  <price>
   779448
  </price>
  <rating>
   3.82
  </rating>
  <reviews>
   88894
  </reviews>
  <exclusive>
   no
  </exclusive>
 </clothing>
 <clothing>
  <id>
   931165285
  </id>
  <name>
   Reebok T-shirt U-8381
  </name>
  <category>
   T-shirt
  </category>
  <size>
   S
  </size>
  <color>
   Синий
  </color>
  <material>
   Кожа
  </material>
  <price>
   898879
  </price>
  <rating>
   2.41
  </rating>
  <reviews>
   985791
  </reviews>
  <new>
   -
  </new>
  <exclusive>
   no
  </exclusive>
  <sporty>
   no
  </sporty>
 </clothing>
 <clothing>
  <id>
   454745396
  </id>
  <name>
   Reebok Shirt Z-5201
  </name>
  <category>
   Shirt
  </category>
  <size>
   L
  </size>
  <color>
   Фиолетовый
  </color>
  <material>
   Кожа
  </material>
  <price>
   534921
  </price>
  <rating>
   1.03
  </rating>
  <reviews>
   881834
  </reviews>
  <exclusive>
   yes
  </exclusive>
 </clothing>
 <clothing>
  <id>
   509555863
  </id>
  <name>
   Brooks Jacket X-4095
  </name>
  <category>
   Jacket
  </category>
  <size>
   L
  </size>
  <color>
   Фиолетовый
  </color>
  <material>
   Нейлон
  </material>
  <price>
   431145
  </price>
  <rating>
   3.34
  </rating>
  <reviews>
   388134
  </reviews>
  <new>
   -
  </new>
  <exclusive>
   yes
  </exclusive>
  <sporty>
   no
  </sporty>
 </clothing>
 <clothing>
  <id>
   942889110
  </id>
  <name>
   Fila Shoes J-8266
  </name>
  <category>
   Shoes
  </category>
  <size>
   XXL
  </size>
  <color>
   Синий
  </color>
  <material>
   Кожа
  </material>
  <price>
   650969
  </price>
  <rating>
   3.68
  </rating>
  <reviews>
   705017
  </reviews>
  <exclusive>
   yes
  </exclusive>
 </clothing>
 <clothing>
  <id>
   919767894
  </id>
  <name>
   Nike Hat G-2247
  </name>
  <category>
   Hat
  </category>
  <size>
   S
  </size>
  <color>
   Оранжевый
  </color>
  <material>
   Шелк
  </material>
  <price>
   955635
  </price>
  <rating>
   2.69
  </rating>
  <reviews>
   265438
  </reviews>
  <new>
   +
  </new>
  <exclusive>
   yes
  </exclusive>
  <sporty>
   yes
  </sporty>
 </clothing>
 <clothing>
  <id>
   923509785
  </id>
  <name>
   Nike Gloves N-4634
  </name>
  <category>
   Gloves
  </category>
  <size>
   L
  </size>
  <color>
   Фиолетовый
  </color>
  <material>
   Полиэстер
  </material>
  <price>
   302131
  </price>
  <rating>
   2.66
  </rating>
  <reviews>
   750053
  </reviews>
  <new>
   -
  </new>
  <exclusive>
   no
  </exclusive>
  <sporty>
   no
  </sporty>
 </clothing>
 <clothing>
  <id>
   535732608
  </id>
  <name>
   Brooks Dress R-1346
  </name>
  <category>
   Dress
  </category>
  <size>
   L
  </size>
  <color>
   Зеленый
  </color>
  <material>
   Вискоза
  </material>
  <price>
   158353
  </price>
  <rating>
   3.38
  </rating>
  <reviews>
   720246
  </reviews>
  <exclusive>
   yes
  </exclusive>
 </clothing>
 <clothing>
  <id>
   705115637
  </id>
  <name>
   Ellesse Skirt K-4581
  </name>
  <category>
   Skirt
  </category>
  <size>
   XXL
  </size>
  <color>
   Зеленый
  </color>
  <material>
   Шерсть
  </material>
  <price>
   665538
  </price>
  <rating>
   2.19
  </rating>
  <reviews>
   501980
  </reviews>
  <new>
   -
  </new>
  <exclusive>
   no
  </exclusive>
  <sporty>
   yes
  </sporty>
 </clothing>
 <clothing>
  <id>
   621376212
  </id>
  <name>
   Lacoste Belts Y-1841
  </name>
  <category>
   Belts
  </category>
  <size>
   M
  </size>
  <color>
   Голубой
  </color>
  <material>
   Полиэстер
  </material>
  <price>
   416986
  </price>
  <rating>
   4.15
  </rating>
  <reviews>
   837136
  </reviews>
  <new>
   -
  </new>
  <exclusive>
   no
  </exclusive>
 </clothing>
 <clothing>
  <id>
   725856521
  </id>
  <name>
   Vans T-shirt H-9156
  </name>
  <category>
   T-shirt
  </category>
  <size>
   XL
  </size>
  <color>
   Синий
  </color>
  <material>
   Шерсть
  </material>
  <price>
   586555
  </price>
  <rating>
   1.96
  </rating>
  <reviews>
   27570
  </reviews>
  <new>
   -
  </new>
  <sporty>
   yes
  </sporty>
 </clothing>
 <clothing>
  <id>
   664999303
  </id>
  <name>
   Asics Socks E-2091
  </name>
  <category>
   Socks
  </category>
  <size>
   L
  </size>
  <color>
   Оранжевый
  </color>
  <material>
   Хлопок
  </material>
  <price>
   295734
  </price>
  <rating>
   4.51
  </rating>
  <reviews>
   905159
  </reviews>
  <new>
   -
  </new>
 </clothing>
 <clothing>
  <id>
   485760415
  </id>
  <name>
   PleinSport Gloves D-7529
  </name>
  <category>
   Gloves
  </category>
  <size>
   M
  </size>
  <color>
   Голубой
  </color>
  <material>
   Шелк
  </material>
  <price>
   444008
  </price>
  <rating>
   2.24
  </rating>
  <reviews>
   986322
  </reviews>
  <exclusive>
   yes
  </exclusive>
  <sporty>
   yes
  </sporty>
 </clothing>
 <clothing>
  <id>
   732802299
  </id>
  <name>
   Brooks Dress H-8760
  </name>
  <category>
   Dress
  </category>
  <size>
   M
  </size>
  <color>
   Красный
  </color>
  <material>
   Хлопок
  </material>
  <price>
   203607
  </price>
  <rating>
   3.88
  </rating>
  <reviews>
   113528
  </reviews>
  <new>
   -
  </new>
  <sporty>
   no
  </sporty>
 </clothing>
</clothing-items>
