<?xml version="1.0" encoding="utf-8"?>
<clothing-items>
 <clothing>
  <id>
   433279798
  </id>
  <name>
   Addidas Umbrellas U-1136
  </name>
  <category>
   Umbrellas
  </category>
  <size>
   L
  </size>
  <color>
   Зеленый
  </color>
  <material>
   Хлопок
  </material>
  <price>
   869141
  </price>
  <rating>
   3.42
  </rating>
  <reviews>
   127274
  </reviews>
  <sporty>
   no
  </sporty>
 </clothing>
 <clothing>
  <id>
   757394158
  </id>
  <name>
   Converse Gloves H-1273
  </name>
  <category>
   Gloves
  </category>
  <size>
   XXL
  </size>
  <color>
   Фиолетовый
  </color>
  <material>
   Нейлон
  </material>
  <price>
   410840
  </price>
  <rating>
   3.23
  </rating>
  <reviews>
   441936
  </reviews>
  <new>
   +
  </new>
  <exclusive>
   no
  </exclusive>
  <sporty>
   no
  </sporty>
 </clothing>
 <clothing>
  <id>
   621565893
  </id>
  <name>
   PleinSport Shirt O-4461
  </name>
  <category>
   Shirt
  </category>
  <size>
   S
  </size>
  <color>
   Оранжевый
  </color>
  <material>
   Хлопок
  </material>
  <price>
   531272
  </price>
  <rating>
   2.61
  </rating>
  <reviews>
   350865
  </reviews>
  <new>
   +
  </new>
  <exclusive>
   no
  </exclusive>
  <sporty>
   no
  </sporty>
 </clothing>
 <clothing>
  <id>
   120040390
  </id>
  <name>
   Lacoste Belts I-1546
  </name>
  <category>
   Belts
  </category>
  <size>
   XL
  </size>
  <color>
   Оранжевый
  </color>
  <material>
   Вискоза
  </material>
  <price>
   698199
  </price>
  <rating>
   3.72
  </rating>
  <reviews>
   975147
  </reviews>
  <new>
   +
  </new>
  <exclusive>
   yes
  </exclusive>
  <sporty>
   no
  </sporty>
 </clothing>
 <clothing>
  <id>
   914589744
  </id>
  <name>
   Vans Gloves N-6152
  </name>
  <category>
   Gloves
  </category>
  <size>
   M
  </size>
  <color>
   Фиолетовый
  </color>
  <material>
   Кожа
  </material>
  <price>
   384066
  </price>
  <rating>
   4.46
  </rating>
  <reviews>
   899760
  </reviews>
  <new>
   -
  </new>
  <exclusive>
   no
  </exclusive>
 </clothing>
 <clothing>
  <id>
   833977526
  </id>
  <name>
   Reebok Handbags T-5363
  </name>
  <category>
   Handbags
  </category>
  <size>
   XXL
  </size>
  <color>
   Фиолетовый
  </color>
  <material>
   Полиэстер
  </material>
  <price>
   621622
  </price>
  <rating>
   1.75
  </rating>
  <reviews>
   313707
  </reviews>
  <exclusive>
   no
  </exclusive>
 </clothing>
 <clothing>
  <id>
   365271869
  </id>
  <name>
   Ellesse Shoes T-9048
  </name>
  <category>
   Shoes
  </category>
  <size>
   L
  </size>
  <color>
   Оранжевый
  </color>
  <material>
   Шерсть
  </material>
  <price>
   828782
  </price>
  <rating>
   4.99
  </rating>
  <reviews>
   211678
  </reviews>
  <sporty>
   no
  </sporty>
 </clothing>
 <clothing>
  <id>
   221747008
  </id>
  <name>
   New Balance T-shirt D-6969
  </name>
  <category>
   T-shirt
  </category>
  <size>
   XL
  </size>
  <color>
   Красный
  </color>
  <material>
   Кожа
  </material>
  <price>
   297011
  </price>
  <rating>
   1.35
  </rating>
  <reviews>
   604009
  </reviews>
  <exclusive>
   no
  </exclusive>
  <sporty>
   yes
  </sporty>
 </clothing>
 <clothing>
  <id>
   498310371
  </id>
  <name>
   Nike Socks Q-9062
  </name>
  <category>
   Socks
  </category>
  <size>
   XL
  </size>
  <color>
   Зеленый
  </color>
  <material>
   Лен
  </material>
  <price>
   999526
  </price>
  <rating>
   4.66
  </rating>
  <reviews>
   394149
  </reviews>
  <exclusive>
   no
  </exclusive>
  <sporty>
   yes
  </sporty>
 </clothing>
 <clothing>
  <id>
   963149064
  </id>
  <name>
   Fila Jeans Z-6130
  </name>
  <category>
   Jeans
  </category>
  <size>
   L
  </size>
  <color>
   Синий
  </color>
  <material>
   Полиэстер
  </material>
  <price>
   848970
  </price>
  <rating>
   1.88
  </rating>
  <reviews>
   560860
  </reviews>
  <sporty>
   yes
  </sporty>
 </clothing>
 <clothing>
  <id>
   454779183
  </id>
  <name>
   PleinSport Shoes C-8062
  </name>
  <category>
   Shoes
  </category>
  <size>
   L
  </size>
  <color>
   Оранжевый
  </color>
  <material>
   Лен
  </material>
  <price>
   108216
  </price>
  <rating>
   1.67
  </rating>
  <reviews>
   254934
  </reviews>
  <new>
   -
  </new>
  <sporty>
   no
  </sporty>
 </clothing>
</clothing-items>
