<?xml version="1.0" encoding="utf-8"?>
<clothing-items>
 <clothing>
  <id>
   424306206
  </id>
  <name>
   PleinSport Umbrellas V-8623
  </name>
  <category>
   Umbrellas
  </category>
  <size>
   XXL
  </size>
  <color>
   Синий
  </color>
  <material>
   Лен
  </material>
  <price>
   545297
  </price>
  <rating>
   1.43
  </rating>
  <reviews>
   982247
  </reviews>
  <exclusive>
   yes
  </exclusive>
 </clothing>
 <clothing>
  <id>
   105481279
  </id>
  <name>
   Ellesse Hat F-5905
  </name>
  <category>
   Hat
  </category>
  <size>
   M
  </size>
  <color>
   Желтый
  </color>
  <material>
   Хлопок
  </material>
  <price>
   709421
  </price>
  <rating>
   4.74
  </rating>
  <reviews>
   184379
  </reviews>
  <exclusive>
   no
  </exclusive>
 </clothing>
 <clothing>
  <id>
   604329731
  </id>
  <name>
   Converse T-shirt B-5499
  </name>
  <category>
   T-shirt
  </category>
  <size>
   M
  </size>
  <color>
   Голубой
  </color>
  <material>
   Лен
  </material>
  <price>
   125222
  </price>
  <rating>
   4.0
  </rating>
  <reviews>
   701695
  </reviews>
 </clothing>
 <clothing>
  <id>
   341151686
  </id>
  <name>
   Adidas Sweater S-4227
  </name>
  <category>
   Sweater
  </category>
  <size>
   M
  </size>
  <color>
   Голубой
  </color>
  <material>
   Вискоза
  </material>
  <price>
   732989
  </price>
  <rating>
   3.77
  </rating>
  <reviews>
   363793
  </reviews>
  <exclusive>
   yes
  </exclusive>
 </clothing>
 <clothing>
  <id>
   150679392
  </id>
  <name>
   DC Handbags G-5037
  </name>
  <category>
   Handbags
  </category>
  <size>
   XL
  </size>
  <color>
   Синий
  </color>
  <material>
   Кожа
  </material>
  <price>
   165996
  </price>
  <rating>
   1.74
  </rating>
  <reviews>
   687885
  </reviews>
  <sporty>
   no
  </sporty>
 </clothing>
 <clothing>
  <id>
   306780398
  </id>
  <name>
   Ellesse Dress R-7289
  </name>
  <category>
   Dress
  </category>
  <size>
   S
  </size>
  <color>
   Фиолетовый
  </color>
  <material>
   Нейлон
  </material>
  <price>
   921809
  </price>
  <rating>
   2.27
  </rating>
  <reviews>
   188411
  </reviews>
  <exclusive>
   no
  </exclusive>
  <sporty>
   no
  </sporty>
 </clothing>
 <clothing>
  <id>
   978797070
  </id>
  <name>
   Under Armour Hat B-3407
  </name>
  <category>
   Hat
  </category>
  <size>
   M
  </size>
  <color>
   Оранжевый
  </color>
  <material>
   Хлопок
  </material>
  <price>
   301930
  </price>
  <rating>
   4.84
  </rating>
  <reviews>
   595830
  </reviews>
 </clothing>
 <clothing>
  <id>
   963986037
  </id>
  <name>
   Adidas Belts X-9577
  </name>
  <category>
   Belts
  </category>
  <size>
   XL
  </size>
  <color>
   Желтый
  </color>
  <material>
   Полиэстер
  </material>
  <price>
   947894
  </price>
  <rating>
   4.61
  </rating>
  <reviews>
   629445
  </reviews>
  <new>
   +
  </new>
  <exclusive>
   yes
  </exclusive>
  <sporty>
   no
  </sporty>
 </clothing>
 <clothing>
  <id>
   711969842
  </id>
  <name>
   Puma Shirt T-2174
  </name>
  <category>
   Shirt
  </category>
  <size>
   M
  </size>
  <color>
   Оранжевый
  </color>
  <material>
   Шелк
  </material>
  <price>
   158966
  </price>
  <rating>
   3.29
  </rating>
  <reviews>
   664532
  </reviews>
  <sporty>
   yes
  </sporty>
 </clothing>
 <clothing>
  <id>
   648113523
  </id>
  <name>
   Asics Belts A-7836
  </name>
  <category>
   Belts
  </category>
  <size>
   XXL
  </size>
  <color>
   Фиолетовый
  </color>
  <material>
   Лен
  </material>
  <price>
   577882
  </price>
  <rating>
   1.64
  </rating>
  <reviews>
   406395
  </reviews>
  <new>
   -
  </new>
 </clothing>
 <clothing>
  <id>
   378006135
  </id>
  <name>
   Asics Sweater U-7969
  </name>
  <category>
   Sweater
  </category>
  <size>
   M
  </size>
  <color>
   Зеленый
  </color>
  <material>
   Вискоза
  </material>
  <price>
   430526
  </price>
  <rating>
   4.26
  </rating>
  <reviews>
   76002
  </reviews>
 </clothing>
 <clothing>
  <id>
   269875105
  </id>
  <name>
   Vans Sweater G-1377
  </name>
  <category>
   Sweater
  </category>
  <size>
   XL
  </size>
  <color>
   Зеленый
  </color>
  <material>
   Лен
  </material>
  <price>
   272770
  </price>
  <rating>
   4.76
  </rating>
  <reviews>
   776018
  </reviews>
  <new>
   -
  </new>
  <exclusive>
   no
  </exclusive>
  <sporty>
   no
  </sporty>
 </clothing>
 <clothing>
  <id>
   638548777
  </id>
  <name>
   Converse Shirt D-1130
  </name>
  <category>
   Shirt
  </category>
  <size>
   M
  </size>
  <color>
   Красный
  </color>
  <material>
   Лен
  </material>
  <price>
   534211
  </price>
  <rating>
   3.85
  </rating>
  <reviews>
   640015
  </reviews>
  <new>
   +
  </new>
 </clothing>
</clothing-items>
