<?xml version="1.0" encoding="utf-8"?>
<clothing-items>
 <clothing>
  <id>
   522599955
  </id>
  <name>
   New Balance Jacket O-3040
  </name>
  <category>
   Jacket
  </category>
  <size>
   XXL
  </size>
  <color>
   Фиолетовый
  </color>
  <material>
   Полиэстер
  </material>
  <price>
   571789
  </price>
  <rating>
   3.56
  </rating>
  <reviews>
   929628
  </reviews>
  <exclusive>
   no
  </exclusive>
  <sporty>
   yes
  </sporty>
 </clothing>
 <clothing>
  <id>
   642184317
  </id>
  <name>
   Converse Umbrellas K-2971
  </name>
  <category>
   Umbrellas
  </category>
  <size>
   S
  </size>
  <color>
   Голубой
  </color>
  <material>
   Шелк
  </material>
  <price>
   186336
  </price>
  <rating>
   2.54
  </rating>
  <reviews>
   954437
  </reviews>
  <new>
   -
  </new>
 </clothing>
 <clothing>
  <id>
   392699779
  </id>
  <name>
   Under Armour Umbrellas A-9835
  </name>
  <category>
   Umbrellas
  </category>
  <size>
   XL
  </size>
  <color>
   Синий
  </color>
  <material>
   Кожа
  </material>
  <price>
   237148
  </price>
  <rating>
   2.85
  </rating>
  <reviews>
   270855
  </reviews>
  <exclusive>
   no
  </exclusive>
  <sporty>
   no
  </sporty>
 </clothing>
 <clothing>
  <id>
   258801052
  </id>
  <name>
   Brooks Jacket X-1236
  </name>
  <category>
   Jacket
  </category>
  <size>
   S
  </size>
  <color>
   Фиолетовый
  </color>
  <material>
   Шерсть
  </material>
  <price>
   117459
  </price>
  <rating>
   1.47
  </rating>
  <reviews>
   473890
  </reviews>
  <exclusive>
   no
  </exclusive>
  <sporty>
   no
  </sporty>
 </clothing>
 <clothing>
  <id>
   856911532
  </id>
  <name>
   Lacoste T-shirt R-3016
  </name>
  <category>
   T-shirt
  </category>
  <size>
   S
  </size>
  <color>
   Голубой
  </color>
  <material>
   Полиэстер
  </material>
  <price>
   545799
  </price>
  <rating>
   1.0
  </rating>
  <reviews>
   563761
  </reviews>
  <sporty>
   no
  </sporty>
 </clothing>
 <clothing>
  <id>
   557388319
  </id>
  <name>
   Reebok Belts S-1246
  </name>
  <category>
   Belts
  </category>
  <size>
   XL
  </size>
  <color>
   Зеленый
  </color>
  <material>
   Нейлон
  </material>
  <price>
   194961
  </price>
  <rating>
   4.76
  </rating>
  <reviews>
   500184
  </reviews>
  <exclusive>
   no
  </exclusive>
  <sporty>
   yes
  </sporty>
 </clothing>
 <clothing>
  <id>
   578717737
  </id>
  <name>
   PleinSport Dress O-7087
  </name>
  <category>
   Dress
  </category>
  <size>
   L
  </size>
  <color>
   Фиолетовый
  </color>
  <material>
   Кожа
  </material>
  <price>
   203181
  </price>
  <rating>
   1.94
  </rating>
  <reviews>
   223785
  </reviews>
  <new>
   +
  </new>
 </clothing>
 <clothing>
  <id>
   579889648
  </id>
  <name>
   Ellesse Skirt M-7711
  </name>
  <category>
   Skirt
  </category>
  <size>
   XL
  </size>
  <color>
   Синий
  </color>
  <material>
   Шелк
  </material>
  <price>
   707627
  </price>
  <rating>
   3.9
  </rating>
  <reviews>
   499878
  </reviews>
  <new>
   +
  </new>
  <sporty>
   yes
  </sporty>
 </clothing>
 <clothing>
  <id>
   606252523
  </id>
  <name>
   Lacoste Pants H-9195
  </name>
  <category>
   Pants
  </category>
  <size>
   XL
  </size>
  <color>
   Красный
  </color>
  <material>
   Кожа
  </material>
  <price>
   654493
  </price>
  <rating>
   3.97
  </rating>
  <reviews>
   836543
  </reviews>
  <new>
   -
  </new>
  <sporty>
   no
  </sporty>
 </clothing>
 <clothing>
  <id>
   852401806
  </id>
  <name>
   Puma Hat Y-5141
  </name>
  <category>
   Hat
  </category>
  <size>
   S
  </size>
  <color>
   Синий
  </color>
  <material>
   Нейлон
  </material>
  <price>
   498517
  </price>
  <rating>
   2.57
  </rating>
  <reviews>
   159601
  </reviews>
  <new>
   -
  </new>
  <exclusive>
   no
  </exclusive>
 </clothing>
</clothing-items>
