<?xml version="1.0" encoding="utf-8"?>
<clothing-items>
 <clothing>
  <id>
   991082341
  </id>
  <name>
   Ellesse Belts P-7408
  </name>
  <category>
   Belts
  </category>
  <size>
   XXL
  </size>
  <color>
   Зеленый
  </color>
  <material>
   Полиэстер
  </material>
  <price>
   703832
  </price>
  <rating>
   4.85
  </rating>
  <reviews>
   933017
  </reviews>
  <exclusive>
   yes
  </exclusive>
 </clothing>
 <clothing>
  <id>
   928951662
  </id>
  <name>
   Lacoste Handbags F-2161
  </name>
  <category>
   Handbags
  </category>
  <size>
   XXL
  </size>
  <color>
   Синий
  </color>
  <material>
   Полиэстер
  </material>
  <price>
   916631
  </price>
  <rating>
   1.1
  </rating>
  <reviews>
   836614
  </reviews>
  <new>
   -
  </new>
  <exclusive>
   yes
  </exclusive>
  <sporty>
   yes
  </sporty>
 </clothing>
 <clothing>
  <id>
   782741909
  </id>
  <name>
   Puma Umbrellas N-7567
  </name>
  <category>
   Umbrellas
  </category>
  <size>
   M
  </size>
  <color>
   Оранжевый
  </color>
  <material>
   Хлопок
  </material>
  <price>
   405754
  </price>
  <rating>
   4.48
  </rating>
  <reviews>
   502629
  </reviews>
  <new>
   -
  </new>
  <exclusive>
   yes
  </exclusive>
 </clothing>
 <clothing>
  <id>
   630432728
  </id>
  <name>
   Converse Jeans N-2936
  </name>
  <category>
   Jeans
  </category>
  <size>
   XL
  </size>
  <color>
   Зеленый
  </color>
  <material>
   Шерсть
  </material>
  <price>
   837174
  </price>
  <rating>
   3.42
  </rating>
  <reviews>
   163504
  </reviews>
  <exclusive>
   no
  </exclusive>
  <sporty>
   no
  </sporty>
 </clothing>
 <clothing>
  <id>
   527439024
  </id>
  <name>
   Fila Blouse K-8014
  </name>
  <category>
   Blouse
  </category>
  <size>
   L
  </size>
  <color>
   Красный
  </color>
  <material>
   Полиэстер
  </material>
  <price>
   946987
  </price>
  <rating>
   1.89
  </rating>
  <reviews>
   314073
  </reviews>
  <new>
   -
  </new>
  <exclusive>
   no
  </exclusive>
  <sporty>
   yes
  </sporty>
 </clothing>
 <clothing>
  <id>
   902463025
  </id>
  <name>
   Reebok Blouse S-7358
  </name>
  <category>
   Blouse
  </category>
  <size>
   XXL
  </size>
  <color>
   Фиолетовый
  </color>
  <material>
   Полиэстер
  </material>
  <price>
   605121
  </price>
  <rating>
   4.28
  </rating>
  <reviews>
   85958
  </reviews>
 </clothing>
 <clothing>
  <id>
   462675521
  </id>
  <name>
   Converse Sweater I-4813
  </name>
  <category>
   Sweater
  </category>
  <size>
   XXL
  </size>
  <color>
   Желтый
  </color>
  <material>
   Лен
  </material>
  <price>
   759012
  </price>
  <rating>
   3.75
  </rating>
  <reviews>
   28512
  </reviews>
  <new>
   +
  </new>
  <exclusive>
   no
  </exclusive>
  <sporty>
   yes
  </sporty>
 </clothing>
 <clothing>
  <id>
   197651901
  </id>
  <name>
   Ellesse Socks Z-9237
  </name>
  <category>
   Socks
  </category>
  <size>
   S
  </size>
  <color>
   Оранжевый
  </color>
  <material>
   Лен
  </material>
  <price>
   983442
  </price>
  <rating>
   1.53
  </rating>
  <reviews>
   114413
  </reviews>
  <exclusive>
   yes
  </exclusive>
 </clothing>
 <clothing>
  <id>
   692619215
  </id>
  <name>
   Lacoste Umbrellas L-8440
  </name>
  <category>
   Umbrellas
  </category>
  <size>
   M
  </size>
  <color>
   Голубой
  </color>
  <material>
   Лен
  </material>
  <price>
   837671
  </price>
  <rating>
   3.58
  </rating>
  <reviews>
   82517
  </reviews>
  <new>
   -
  </new>
  <exclusive>
   no
  </exclusive>
  <sporty>
   no
  </sporty>
 </clothing>
 <clothing>
  <id>
   495050725
  </id>
  <name>
   PleinSport Pants N-9847
  </name>
  <category>
   Pants
  </category>
  <size>
   S
  </size>
  <color>
   Красный
  </color>
  <material>
   Вискоза
  </material>
  <price>
   681514
  </price>
  <rating>
   2.75
  </rating>
  <reviews>
   375855
  </reviews>
  <sporty>
   yes
  </sporty>
 </clothing>
 <clothing>
  <id>
   836890597
  </id>
  <name>
   Nike Shirt B-4714
  </name>
  <category>
   Shirt
  </category>
  <size>
   S
  </size>
  <color>
   Зеленый
  </color>
  <material>
   Шерсть
  </material>
  <price>
   315612
  </price>
  <rating>
   2.34
  </rating>
  <reviews>
   107990
  </reviews>
  <new>
   -
  </new>
  <exclusive>
   no
  </exclusive>
 </clothing>
 <clothing>
  <id>
   272618838
  </id>
  <name>
   New Balance Jeans F-5014
  </name>
  <category>
   Jeans
  </category>
  <size>
   M
  </size>
  <color>
   Синий
  </color>
  <material>
   Лен
  </material>
  <price>
   235546
  </price>
  <rating>
   1.39
  </rating>
  <reviews>
   823712
  </reviews>
  <new>
   -
  </new>
  <exclusive>
   yes
  </exclusive>
  <sporty>
   yes
  </sporty>
 </clothing>
 <clothing>
  <id>
   467644871
  </id>
  <name>
   PleinSport Gloves G-4053
  </name>
  <category>
   Gloves
  </category>
  <size>
   L
  </size>
  <color>
   Фиолетовый
  </color>
  <material>
   Нейлон
  </material>
  <price>
   420679
  </price>
  <rating>
   1.12
  </rating>
  <reviews>
   37969
  </reviews>
  <exclusive>
   no
  </exclusive>
  <sporty>
   no
  </sporty>
 </clothing>
 <clothing>
  <id>
   571265228
  </id>
  <name>
   Converse Dress H-6977
  </name>
  <category>
   Dress
  </category>
  <size>
   L
  </size>
  <color>
   Красный
  </color>
  <material>
   Хлопок
  </material>
  <price>
   970438
  </price>
  <rating>
   3.46
  </rating>
  <reviews>
   162597
  </reviews>
  <new>
   +
  </new>
  <exclusive>
   no
  </exclusive>
  <sporty>
   no
  </sporty>
 </clothing>
 <clothing>
  <id>
   869086071
  </id>
  <name>
   Brooks Jacket B-2872
  </name>
  <category>
   Jacket
  </category>
  <size>
   XL
  </size>
  <color>
   Желтый
  </color>
  <material>
   Хлопок
  </material>
  <price>
   983155
  </price>
  <rating>
   2.78
  </rating>
  <reviews>
   505438
  </reviews>
  <new>
   -
  </new>
  <sporty>
   yes
  </sporty>
 </clothing>
 <clothing>
  <id>
   443809614
  </id>
  <name>
   Adidas Jeans X-4993
  </name>
  <category>
   Jeans
  </category>
  <size>
   L
  </size>
  <color>
   Синий
  </color>
  <material>
   Полиэстер
  </material>
  <price>
   368882
  </price>
  <rating>
   1.28
  </rating>
  <reviews>
   144765
  </reviews>
  <exclusive>
   no
  </exclusive>
 </clothing>
 <clothing>
  <id>
   646269770
  </id>
  <name>
   Adidas Skirt I-2886
  </name>
  <category>
   Skirt
  </category>
  <size>
   M
  </size>
  <color>
   Оранжевый
  </color>
  <material>
   Кожа
  </material>
  <price>
   479576
  </price>
  <rating>
   2.41
  </rating>
  <reviews>
   88751
  </reviews>
  <sporty>
   no
  </sporty>
 </clothing>
 <clothing>
  <id>
   265557230
  </id>
  <name>
   Puma Gloves E-5769
  </name>
  <category>
   Gloves
  </category>
  <size>
   M
  </size>
  <color>
   Оранжевый
  </color>
  <material>
   Вискоза
  </material>
  <price>
   816196
  </price>
  <rating>
   4.9
  </rating>
  <reviews>
   482396
  </reviews>
  <new>
   +
  </new>
  <sporty>
   no
  </sporty>
 </clothing>
 <clothing>
  <id>
   938125324
  </id>
  <name>
   PleinSport Blouse J-7925
  </name>
  <category>
   Blouse
  </category>
  <size>
   S
  </size>
  <color>
   Желтый
  </color>
  <material>
   Полиэстер
  </material>
  <price>
   383468
  </price>
  <rating>
   1.93
  </rating>
  <reviews>
   929276
  </reviews>
  <exclusive>
   no
  </exclusive>
  <sporty>
   no
  </sporty>
 </clothing>
 <clothing>
  <id>
   997871256
  </id>
  <name>
   Converse Socks A-8565
  </name>
  <category>
   Socks
  </category>
  <size>
   XXL
  </size>
  <color>
   Синий
  </color>
  <material>
   Шерсть
  </material>
  <price>
   668158
  </price>
  <rating>
   3.48
  </rating>
  <reviews>
   21980
  </reviews>
  <new>
   -
  </new>
 </clothing>
 <clothing>
  <id>
   589051063
  </id>
  <name>
   Lacoste Blouse K-6520
  </name>
  <category>
   Blouse
  </category>
  <size>
   XL
  </size>
  <color>
   Красный
  </color>
  <material>
   Полиэстер
  </material>
  <price>
   370727
  </price>
  <rating>
   3.84
  </rating>
  <reviews>
   804291
  </reviews>
  <new>
   -
  </new>
  <sporty>
   no
  </sporty>
 </clothing>
 <clothing>
  <id>
   345750176
  </id>
  <name>
   Adidas Jacket R-2304
  </name>
  <category>
   Jacket
  </category>
  <size>
   L
  </size>
  <color>
   Фиолетовый
  </color>
  <material>
   Лен
  </material>
  <price>
   706472
  </price>
  <rating>
   1.59
  </rating>
  <reviews>
   106604
  </reviews>
  <new>
   -
  </new>
  <sporty>
   yes
  </sporty>
 </clothing>
 <clothing>
  <id>
   364319813
  </id>
  <name>
   Brooks Sweater C-3472
  </name>
  <category>
   Sweater
  </category>
  <size>
   M
  </size>
  <color>
   Голубой
  </color>
  <material>
   Хлопок
  </material>
  <price>
   863914
  </price>
  <rating>
   4.48
  </rating>
  <reviews>
   75568
  </reviews>
  <new>
   -
  </new>
  <exclusive>
   yes
  </exclusive>
  <sporty>
   no
  </sporty>
 </clothing>
 <clothing>
  <id>
   803072050
  </id>
  <name>
   Addidas Pants M-5348
  </name>
  <category>
   Pants
  </category>
  <size>
   S
  </size>
  <color>
   Синий
  </color>
  <material>
   Полиэстер
  </material>
  <price>
   874733
  </price>
  <rating>
   4.8
  </rating>
  <reviews>
   187462
  </reviews>
  <new>
   +
  </new>
  <exclusive>
   no
  </exclusive>
  <sporty>
   yes
  </sporty>
 </clothing>
 <clothing>
  <id>
   593635971
  </id>
  <name>
   Under Armour Gloves O-7165
  </name>
  <category>
   Gloves
  </category>
  <size>
   XL
  </size>
  <color>
   Красный
  </color>
  <material>
   Кожа
  </material>
  <price>
   570038
  </price>
  <rating>
   3.71
  </rating>
  <reviews>
   683425
  </reviews>
  <new>
   +
  </new>
  <exclusive>
   no
  </exclusive>
  <sporty>
   no
  </sporty>
 </clothing>
 <clothing>
  <id>
   276091438
  </id>
  <name>
   Lacoste Dress Z-3206
  </name>
  <category>
   Dress
  </category>
  <size>
   XL
  </size>
  <color>
   Зеленый
  </color>
  <material>
   Нейлон
  </material>
  <price>
   215734
  </price>
  <rating>
   2.16
  </rating>
  <reviews>
   210260
  </reviews>
  <sporty>
   yes
  </sporty>
 </clothing>
 <clothing>
  <id>
   436268010
  </id>
  <name>
   Asics Socks Q-9286
  </name>
  <category>
   Socks
  </category>
  <size>
   L
  </size>
  <color>
   Голубой
  </color>
  <material>
   Шерсть
  </material>
  <price>
   918739
  </price>
  <rating>
   2.36
  </rating>
  <reviews>
   744881
  </reviews>
 </clothing>
 <clothing>
  <id>
   921362025
  </id>
  <name>
   Ellesse Dress L-3584
  </name>
  <category>
   Dress
  </category>
  <size>
   XL
  </size>
  <color>
   Оранжевый
  </color>
  <material>
   Полиэстер
  </material>
  <price>
   600440
  </price>
  <rating>
   2.02
  </rating>
  <reviews>
   909517
  </reviews>
  <new>
   -
  </new>
  <sporty>
   no
  </sporty>
 </clothing>
 <clothing>
  <id>
   878607051
  </id>
  <name>
   PleinSport Sweater A-9225
  </name>
  <category>
   Sweater
  </category>
  <size>
   L
  </size>
  <color>
   Голубой
  </color>
  <material>
   Вискоза
  </material>
  <price>
   314819
  </price>
  <rating>
   2.57
  </rating>
  <reviews>
   767539
  </reviews>
  <sporty>
   no
  </sporty>
 </clothing>
</clothing-items>
