<?xml version="1.0" encoding="utf-8"?>
<clothing-items>
 <clothing>
  <id>
   449659019
  </id>
  <name>
   Under Armour Skirt K-5963
  </name>
  <category>
   Skirt
  </category>
  <size>
   XL
  </size>
  <color>
   Желтый
  </color>
  <material>
   Шерсть
  </material>
  <price>
   132978
  </price>
  <rating>
   3.47
  </rating>
  <reviews>
   711140
  </reviews>
 </clothing>
 <clothing>
  <id>
   718525767
  </id>
  <name>
   Ellesse Socks B-3270
  </name>
  <category>
   Socks
  </category>
  <size>
   XXL
  </size>
  <color>
   Фиолетовый
  </color>
  <material>
   Вискоза
  </material>
  <price>
   871763
  </price>
  <rating>
   1.04
  </rating>
  <reviews>
   262667
  </reviews>
  <exclusive>
   yes
  </exclusive>
  <sporty>
   yes
  </sporty>
 </clothing>
 <clothing>
  <id>
   849128731
  </id>
  <name>
   Brooks Jacket F-2131
  </name>
  <category>
   Jacket
  </category>
  <size>
   XXL
  </size>
  <color>
   Оранжевый
  </color>
  <material>
   Полиэстер
  </material>
  <price>
   159554
  </price>
  <rating>
   3.57
  </rating>
  <reviews>
   697579
  </reviews>
  <new>
   -
  </new>
  <exclusive>
   no
  </exclusive>
  <sporty>
   no
  </sporty>
 </clothing>
 <clothing>
  <id>
   224413041
  </id>
  <name>
   Brooks Umbrellas U-9888
  </name>
  <category>
   Umbrellas
  </category>
  <size>
   S
  </size>
  <color>
   Зеленый
  </color>
  <material>
   Шерсть
  </material>
  <price>
   123429
  </price>
  <rating>
   1.72
  </rating>
  <reviews>
   716439
  </reviews>
  <exclusive>
   yes
  </exclusive>
  <sporty>
   no
  </sporty>
 </clothing>
 <clothing>
  <id>
   206700901
  </id>
  <name>
   Fila Hat M-8747
  </name>
  <category>
   Hat
  </category>
  <size>
   S
  </size>
  <color>
   Синий
  </color>
  <material>
   Шелк
  </material>
  <price>
   149852
  </price>
  <rating>
   2.46
  </rating>
  <reviews>
   986596
  </reviews>
  <new>
   -
  </new>
  <exclusive>
   no
  </exclusive>
  <sporty>
   yes
  </sporty>
 </clothing>
 <clothing>
  <id>
   543507657
  </id>
  <name>
   Nike Shirt T-7638
  </name>
  <category>
   Shirt
  </category>
  <size>
   M
  </size>
  <color>
   Красный
  </color>
  <material>
   Хлопок
  </material>
  <price>
   384953
  </price>
  <rating>
   4.85
  </rating>
  <reviews>
   139097
  </reviews>
  <new>
   -
  </new>
 </clothing>
 <clothing>
  <id>
   489943026
  </id>
  <name>
   Adidas Shoes W-1621
  </name>
  <category>
   Shoes
  </category>
  <size>
   M
  </size>
  <color>
   Оранжевый
  </color>
  <material>
   Лен
  </material>
  <price>
   668478
  </price>
  <rating>
   1.82
  </rating>
  <reviews>
   939680
  </reviews>
  <exclusive>
   yes
  </exclusive>
 </clothing>
 <clothing>
  <id>
   954074508
  </id>
  <name>
   Lacoste Gloves N-4023
  </name>
  <category>
   Gloves
  </category>
  <size>
   L
  </size>
  <color>
   Зеленый
  </color>
  <material>
   Кожа
  </material>
  <price>
   346784
  </price>
  <rating>
   4.98
  </rating>
  <reviews>
   792174
  </reviews>
  <exclusive>
   no
  </exclusive>
 </clothing>
 <clothing>
  <id>
   360400254
  </id>
  <name>
   Lacoste Socks A-9473
  </name>
  <category>
   Socks
  </category>
  <size>
   L
  </size>
  <color>
   Голубой
  </color>
  <material>
   Полиэстер
  </material>
  <price>
   620151
  </price>
  <rating>
   3.94
  </rating>
  <reviews>
   462615
  </reviews>
  <exclusive>
   no
  </exclusive>
  <sporty>
   no
  </sporty>
 </clothing>
 <clothing>
  <id>
   883213281
  </id>
  <name>
   Brooks Sweater S-1916
  </name>
  <category>
   Sweater
  </category>
  <size>
   XXL
  </size>
  <color>
   Зеленый
  </color>
  <material>
   Кожа
  </material>
  <price>
   891853
  </price>
  <rating>
   3.14
  </rating>
  <reviews>
   226380
  </reviews>
  <new>
   -
  </new>
 </clothing>
 <clothing>
  <id>
   357646189
  </id>
  <name>
   Lacoste Gloves K-9987
  </name>
  <category>
   Gloves
  </category>
  <size>
   XL
  </size>
  <color>
   Красный
  </color>
  <material>
   Хлопок
  </material>
  <price>
   410586
  </price>
  <rating>
   3.11
  </rating>
  <reviews>
   703665
  </reviews>
  <new>
   +
  </new>
 </clothing>
 <clothing>
  <id>
   386978464
  </id>
  <name>
   New Balance Handbags Q-1817
  </name>
  <category>
   Handbags
  </category>
  <size>
   XL
  </size>
  <color>
   Фиолетовый
  </color>
  <material>
   Полиэстер
  </material>
  <price>
   862656
  </price>
  <rating>
   3.56
  </rating>
  <reviews>
   374996
  </reviews>
  <new>
   +
  </new>
  <sporty>
   yes
  </sporty>
 </clothing>
 <clothing>
  <id>
   365165711
  </id>
  <name>
   PleinSport Gloves Z-3998
  </name>
  <category>
   Gloves
  </category>
  <size>
   XL
  </size>
  <color>
   Голубой
  </color>
  <material>
   Лен
  </material>
  <price>
   630400
  </price>
  <rating>
   3.27
  </rating>
  <reviews>
   339846
  </reviews>
  <exclusive>
   yes
  </exclusive>
  <sporty>
   yes
  </sporty>
 </clothing>
 <clothing>
  <id>
   526912593
  </id>
  <name>
   Lacoste Pants I-9367
  </name>
  <category>
   Pants
  </category>
  <size>
   S
  </size>
  <color>
   Голубой
  </color>
  <material>
   Полиэстер
  </material>
  <price>
   987767
  </price>
  <rating>
   4.71
  </rating>
  <reviews>
   471791
  </reviews>
  <new>
   +
  </new>
 </clothing>
 <clothing>
  <id>
   674759527
  </id>
  <name>
   Converse Blouse X-7472
  </name>
  <category>
   Blouse
  </category>
  <size>
   S
  </size>
  <color>
   Оранжевый
  </color>
  <material>
   Нейлон
  </material>
  <price>
   451175
  </price>
  <rating>
   3.9
  </rating>
  <reviews>
   121860
  </reviews>
  <new>
   +
  </new>
  <exclusive>
   yes
  </exclusive>
  <sporty>
   no
  </sporty>
 </clothing>
 <clothing>
  <id>
   559251821
  </id>
  <name>
   Adidas Skirt R-8305
  </name>
  <category>
   Skirt
  </category>
  <size>
   XXL
  </size>
  <color>
   Голубой
  </color>
  <material>
   Шелк
  </material>
  <price>
   182182
  </price>
  <rating>
   4.96
  </rating>
  <reviews>
   789391
  </reviews>
  <new>
   +
  </new>
  <sporty>
   no
  </sporty>
 </clothing>
 <clothing>
  <id>
   176496245
  </id>
  <name>
   Converse Belts W-3089
  </name>
  <category>
   Belts
  </category>
  <size>
   M
  </size>
  <color>
   Фиолетовый
  </color>
  <material>
   Нейлон
  </material>
  <price>
   128231
  </price>
  <rating>
   2.38
  </rating>
  <reviews>
   23877
  </reviews>
  <new>
   -
  </new>
  <exclusive>
   yes
  </exclusive>
  <sporty>
   no
  </sporty>
 </clothing>
</clothing-items>
