<?xml version="1.0" encoding="utf-8"?>
<clothing-items>
 <clothing>
  <id>
   951037864
  </id>
  <name>
   Brooks Pants E-2094
  </name>
  <category>
   Pants
  </category>
  <size>
   L
  </size>
  <color>
   Синий
  </color>
  <material>
   Лен
  </material>
  <price>
   240771
  </price>
  <rating>
   3.62
  </rating>
  <reviews>
   915607
  </reviews>
  <new>
   -
  </new>
 </clothing>
 <clothing>
  <id>
   718325044
  </id>
  <name>
   Vans Handbags H-8959
  </name>
  <category>
   Handbags
  </category>
  <size>
   S
  </size>
  <color>
   Оранжевый
  </color>
  <material>
   Лен
  </material>
  <price>
   885385
  </price>
  <rating>
   3.36
  </rating>
  <reviews>
   898081
  </reviews>
  <new>
   -
  </new>
  <exclusive>
   no
  </exclusive>
  <sporty>
   no
  </sporty>
 </clothing>
 <clothing>
  <id>
   788226383
  </id>
  <name>
   New Balance Jacket I-4506
  </name>
  <category>
   Jacket
  </category>
  <size>
   L
  </size>
  <color>
   Зеленый
  </color>
  <material>
   Полиэстер
  </material>
  <price>
   157709
  </price>
  <rating>
   1.46
  </rating>
  <reviews>
   224430
  </reviews>
  <exclusive>
   yes
  </exclusive>
  <sporty>
   yes
  </sporty>
 </clothing>
 <clothing>
  <id>
   581937125
  </id>
  <name>
   Reebok Belts D-4719
  </name>
  <category>
   Belts
  </category>
  <size>
   M
  </size>
  <color>
   Голубой
  </color>
  <material>
   Лен
  </material>
  <price>
   762443
  </price>
  <rating>
   1.75
  </rating>
  <reviews>
   483123
  </reviews>
  <new>
   +
  </new>
  <exclusive>
   no
  </exclusive>
  <sporty>
   yes
  </sporty>
 </clothing>
 <clothing>
  <id>
   971653594
  </id>
  <name>
   Converse Shirt O-9138
  </name>
  <category>
   Shirt
  </category>
  <size>
   S
  </size>
  <color>
   Красный
  </color>
  <material>
   Кожа
  </material>
  <price>
   110137
  </price>
  <rating>
   4.13
  </rating>
  <reviews>
   590372
  </reviews>
  <new>
   +
  </new>
  <exclusive>
   yes
  </exclusive>
 </clothing>
 <clothing>
  <id>
   482567310
  </id>
  <name>
   Asics Sweater L-4929
  </name>
  <category>
   Sweater
  </category>
  <size>
   S
  </size>
  <color>
   Желтый
  </color>
  <material>
   Нейлон
  </material>
  <price>
   317521
  </price>
  <rating>
   1.63
  </rating>
  <reviews>
   525310
  </reviews>
 </clothing>
 <clothing>
  <id>
   469010607
  </id>
  <name>
   DC Shoes V-8468
  </name>
  <category>
   Shoes
  </category>
  <size>
   L
  </size>
  <color>
   Голубой
  </color>
  <material>
   Шелк
  </material>
  <price>
   577230
  </price>
  <rating>
   2.54
  </rating>
  <reviews>
   786733
  </reviews>
  <new>
   +
  </new>
  <sporty>
   yes
  </sporty>
 </clothing>
 <clothing>
  <id>
   900120633
  </id>
  <name>
   Ellesse Blouse R-4668
  </name>
  <category>
   Blouse
  </category>
  <size>
   XXL
  </size>
  <color>
   Красный
  </color>
  <material>
   Кожа
  </material>
  <price>
   569930
  </price>
  <rating>
   4.44
  </rating>
  <reviews>
   907125
  </reviews>
 </clothing>
 <clothing>
  <id>
   193575177
  </id>
  <name>
   DC Skirt P-3407
  </name>
  <category>
   Skirt
  </category>
  <size>
   S
  </size>
  <color>
   Зеленый
  </color>
  <material>
   Шерсть
  </material>
  <price>
   210336
  </price>
  <rating>
   3.43
  </rating>
  <reviews>
   332027
  </reviews>
  <exclusive>
   no
  </exclusive>
  <sporty>
   yes
  </sporty>
 </clothing>
 <clothing>
  <id>
   199190176
  </id>
  <name>
   Vans Shirt T-3385
  </name>
  <category>
   Shirt
  </category>
  <size>
   M
  </size>
  <color>
   Красный
  </color>
  <material>
   Вискоза
  </material>
  <price>
   151870
  </price>
  <rating>
   4.93
  </rating>
  <reviews>
   484439
  </reviews>
  <new>
   -
  </new>
  <exclusive>
   yes
  </exclusive>
 </clothing>
 <clothing>
  <id>
   812882323
  </id>
  <name>
   Lacoste Belts J-8361
  </name>
  <category>
   Belts
  </category>
  <size>
   XL
  </size>
  <color>
   Синий
  </color>
  <material>
   Нейлон
  </material>
  <price>
   227208
  </price>
  <rating>
   2.56
  </rating>
  <reviews>
   118536
  </reviews>
  <new>
   -
  </new>
  <sporty>
   yes
  </sporty>
 </clothing>
 <clothing>
  <id>
   165477142
  </id>
  <name>
   Adidas Socks U-3953
  </name>
  <category>
   Socks
  </category>
  <size>
   XL
  </size>
  <color>
   Голубой
  </color>
  <material>
   Кожа
  </material>
  <price>
   903946
  </price>
  <rating>
   3.39
  </rating>
  <reviews>
   805378
  </reviews>
  <new>
   -
  </new>
  <exclusive>
   no
  </exclusive>
  <sporty>
   no
  </sporty>
 </clothing>
 <clothing>
  <id>
   833277907
  </id>
  <name>
   Brooks Socks Q-9174
  </name>
  <category>
   Socks
  </category>
  <size>
   XXL
  </size>
  <color>
   Оранжевый
  </color>
  <material>
   Хлопок
  </material>
  <price>
   947602
  </price>
  <rating>
   1.58
  </rating>
  <reviews>
   876632
  </reviews>
  <new>
   -
  </new>
 </clothing>
 <clothing>
  <id>
   488338864
  </id>
  <name>
   Adidas Hat J-7167
  </name>
  <category>
   Hat
  </category>
  <size>
   XL
  </size>
  <color>
   Красный
  </color>
  <material>
   Шелк
  </material>
  <price>
   299276
  </price>
  <rating>
   1.24
  </rating>
  <reviews>
   137200
  </reviews>
  <new>
   -
  </new>
  <sporty>
   no
  </sporty>
 </clothing>
 <clothing>
  <id>
   161173685
  </id>
  <name>
   Vans Belts T-7530
  </name>
  <category>
   Belts
  </category>
  <size>
   S
  </size>
  <color>
   Фиолетовый
  </color>
  <material>
   Нейлон
  </material>
  <price>
   496533
  </price>
  <rating>
   2.1
  </rating>
  <reviews>
   273169
  </reviews>
  <new>
   +
  </new>
  <exclusive>
   no
  </exclusive>
 </clothing>
 <clothing>
  <id>
   165226039
  </id>
  <name>
   Nike Blouse I-7201
  </name>
  <category>
   Blouse
  </category>
  <size>
   S
  </size>
  <color>
   Синий
  </color>
  <material>
   Вискоза
  </material>
  <price>
   582756
  </price>
  <rating>
   1.31
  </rating>
  <reviews>
   560553
  </reviews>
  <new>
   +
  </new>
 </clothing>
 <clothing>
  <id>
   686849377
  </id>
  <name>
   Fila Shirt X-7391
  </name>
  <category>
   Shirt
  </category>
  <size>
   M
  </size>
  <color>
   Желтый
  </color>
  <material>
   Кожа
  </material>
  <price>
   246218
  </price>
  <rating>
   3.19
  </rating>
  <reviews>
   434896
  </reviews>
  <exclusive>
   no
  </exclusive>
  <sporty>
   no
  </sporty>
 </clothing>
 <clothing>
  <id>
   866685130
  </id>
  <name>
   PleinSport Socks X-3891
  </name>
  <category>
   Socks
  </category>
  <size>
   S
  </size>
  <color>
   Синий
  </color>
  <material>
   Шелк
  </material>
  <price>
   536968
  </price>
  <rating>
   4.04
  </rating>
  <reviews>
   55844
  </reviews>
  <sporty>
   yes
  </sporty>
 </clothing>
 <clothing>
  <id>
   262479193
  </id>
  <name>
   Ellesse Umbrellas I-5051
  </name>
  <category>
   Umbrellas
  </category>
  <size>
   L
  </size>
  <color>
   Фиолетовый
  </color>
  <material>
   Полиэстер
  </material>
  <price>
   177851
  </price>
  <rating>
   1.42
  </rating>
  <reviews>
   268762
  </reviews>
  <sporty>
   no
  </sporty>
 </clothing>
 <clothing>
  <id>
   245302157
  </id>
  <name>
   Ellesse Blouse I-4858
  </name>
  <category>
   Blouse
  </category>
  <size>
   S
  </size>
  <color>
   Желтый
  </color>
  <material>
   Полиэстер
  </material>
  <price>
   607778
  </price>
  <rating>
   1.36
  </rating>
  <reviews>
   860757
  </reviews>
  <new>
   +
  </new>
 </clothing>
 <clothing>
  <id>
   818862668
  </id>
  <name>
   Puma Gloves Y-2027
  </name>
  <category>
   Gloves
  </category>
  <size>
   XL
  </size>
  <color>
   Оранжевый
  </color>
  <material>
   Нейлон
  </material>
  <price>
   230586
  </price>
  <rating>
   2.43
  </rating>
  <reviews>
   996059
  </reviews>
  <sporty>
   no
  </sporty>
 </clothing>
 <clothing>
  <id>
   877121130
  </id>
  <name>
   Addidas Belts M-2454
  </name>
  <category>
   Belts
  </category>
  <size>
   XXL
  </size>
  <color>
   Зеленый
  </color>
  <material>
   Нейлон
  </material>
  <price>
   103297
  </price>
  <rating>
   1.07
  </rating>
  <reviews>
   564697
  </reviews>
  <exclusive>
   no
  </exclusive>
  <sporty>
   yes
  </sporty>
 </clothing>
 <clothing>
  <id>
   110014879
  </id>
  <name>
   Asics Shirt V-5797
  </name>
  <category>
   Shirt
  </category>
  <size>
   XXL
  </size>
  <color>
   Голубой
  </color>
  <material>
   Кожа
  </material>
  <price>
   797364
  </price>
  <rating>
   1.6
  </rating>
  <reviews>
   860700
  </reviews>
  <exclusive>
   no
  </exclusive>
  <sporty>
   no
  </sporty>
 </clothing>
 <clothing>
  <id>
   208362718
  </id>
  <name>
   Nike Handbags G-6450
  </name>
  <category>
   Handbags
  </category>
  <size>
   L
  </size>
  <color>
   Фиолетовый
  </color>
  <material>
   Хлопок
  </material>
  <price>
   124250
  </price>
  <rating>
   4.03
  </rating>
  <reviews>
   542227
  </reviews>
  <new>
   +
  </new>
  <sporty>
   no
  </sporty>
 </clothing>
 <clothing>
  <id>
   603671376
  </id>
  <name>
   Converse Pants X-6603
  </name>
  <category>
   Pants
  </category>
  <size>
   S
  </size>
  <color>
   Желтый
  </color>
  <material>
   Шерсть
  </material>
  <price>
   934800
  </price>
  <rating>
   1.59
  </rating>
  <reviews>
   533482
  </reviews>
  <new>
   +
  </new>
  <sporty>
   no
  </sporty>
 </clothing>
 <clothing>
  <id>
   776864291
  </id>
  <name>
   New Balance Shirt L-6952
  </name>
  <category>
   Shirt
  </category>
  <size>
   M
  </size>
  <color>
   Фиолетовый
  </color>
  <material>
   Полиэстер
  </material>
  <price>
   777053
  </price>
  <rating>
   3.6
  </rating>
  <reviews>
   306617
  </reviews>
  <exclusive>
   no
  </exclusive>
  <sporty>
   no
  </sporty>
 </clothing>
 <clothing>
  <id>
   586133936
  </id>
  <name>
   Nike Blouse F-4875
  </name>
  <category>
   Blouse
  </category>
  <size>
   M
  </size>
  <color>
   Оранжевый
  </color>
  <material>
   Кожа
  </material>
  <price>
   330149
  </price>
  <rating>
   2.4
  </rating>
  <reviews>
   454639
  </reviews>
  <new>
   +
  </new>
  <exclusive>
   yes
  </exclusive>
  <sporty>
   no
  </sporty>
 </clothing>
 <clothing>
  <id>
   233889575
  </id>
  <name>
   Converse Shoes G-7184
  </name>
  <category>
   Shoes
  </category>
  <size>
   S
  </size>
  <color>
   Голубой
  </color>
  <material>
   Нейлон
  </material>
  <price>
   465992
  </price>
  <rating>
   4.0
  </rating>
  <reviews>
   255857
  </reviews>
  <new>
   -
  </new>
  <exclusive>
   no
  </exclusive>
  <sporty>
   no
  </sporty>
 </clothing>
 <clothing>
  <id>
   111402827
  </id>
  <name>
   Ellesse Umbrellas J-9363
  </name>
  <category>
   Umbrellas
  </category>
  <size>
   S
  </size>
  <color>
   Красный
  </color>
  <material>
   Нейлон
  </material>
  <price>
   514753
  </price>
  <rating>
   2.9
  </rating>
  <reviews>
   291579
  </reviews>
  <sporty>
   no
  </sporty>
 </clothing>
</clothing-items>
