<?xml version="1.0" encoding="utf-8"?>
<clothing-items>
 <clothing>
  <id>
   624216974
  </id>
  <name>
   Lacoste Pants T-1592
  </name>
  <category>
   Pants
  </category>
  <size>
   XXL
  </size>
  <color>
   Синий
  </color>
  <material>
   Полиэстер
  </material>
  <price>
   897655
  </price>
  <rating>
   2.69
  </rating>
  <reviews>
   87680
  </reviews>
  <sporty>
   yes
  </sporty>
 </clothing>
 <clothing>
  <id>
   205330170
  </id>
  <name>
   Puma Sweater V-1055
  </name>
  <category>
   Sweater
  </category>
  <size>
   XL
  </size>
  <color>
   Красный
  </color>
  <material>
   Вискоза
  </material>
  <price>
   787425
  </price>
  <rating>
   1.51
  </rating>
  <reviews>
   745119
  </reviews>
  <new>
   -
  </new>
  <exclusive>
   yes
  </exclusive>
  <sporty>
   no
  </sporty>
 </clothing>
 <clothing>
  <id>
   158938031
  </id>
  <name>
   Brooks Sweater Z-2989
  </name>
  <category>
   Sweater
  </category>
  <size>
   S
  </size>
  <color>
   Зеленый
  </color>
  <material>
   Лен
  </material>
  <price>
   954735
  </price>
  <rating>
   3.97
  </rating>
  <reviews>
   221118
  </reviews>
 </clothing>
 <clothing>
  <id>
   370376843
  </id>
  <name>
   Converse Shoes Q-5320
  </name>
  <category>
   Shoes
  </category>
  <size>
   S
  </size>
  <color>
   Синий
  </color>
  <material>
   Полиэстер
  </material>
  <price>
   592922
  </price>
  <rating>
   4.73
  </rating>
  <reviews>
   959185
  </reviews>
  <new>
   +
  </new>
 </clothing>
 <clothing>
  <id>
   700093382
  </id>
  <name>
   Puma T-shirt S-8657
  </name>
  <category>
   T-shirt
  </category>
  <size>
   M
  </size>
  <color>
   Оранжевый
  </color>
  <material>
   Шерсть
  </material>
  <price>
   989352
  </price>
  <rating>
   2.76
  </rating>
  <reviews>
   475046
  </reviews>
  <sporty>
   no
  </sporty>
 </clothing>
 <clothing>
  <id>
   260211569
  </id>
  <name>
   Fila Belts N-7068
  </name>
  <category>
   Belts
  </category>
  <size>
   S
  </size>
  <color>
   Голубой
  </color>
  <material>
   Нейлон
  </material>
  <price>
   278612
  </price>
  <rating>
   1.44
  </rating>
  <reviews>
   613729
  </reviews>
  <exclusive>
   no
  </exclusive>
 </clothing>
 <clothing>
  <id>
   649571793
  </id>
  <name>
   Under Armour Belts D-3701
  </name>
  <category>
   Belts
  </category>
  <size>
   S
  </size>
  <color>
   Голубой
  </color>
  <material>
   Хлопок
  </material>
  <price>
   564714
  </price>
  <rating>
   2.62
  </rating>
  <reviews>
   814744
  </reviews>
  <new>
   -
  </new>
 </clothing>
 <clothing>
  <id>
   833635852
  </id>
  <name>
   Puma Pants U-8199
  </name>
  <category>
   Pants
  </category>
  <size>
   XL
  </size>
  <color>
   Фиолетовый
  </color>
  <material>
   Шелк
  </material>
  <price>
   147248
  </price>
  <rating>
   2.48
  </rating>
  <reviews>
   951610
  </reviews>
  <new>
   -
  </new>
  <exclusive>
   no
  </exclusive>
  <sporty>
   no
  </sporty>
 </clothing>
 <clothing>
  <id>
   592375261
  </id>
  <name>
   Reebok Belts G-7537
  </name>
  <category>
   Belts
  </category>
  <size>
   S
  </size>
  <color>
   Желтый
  </color>
  <material>
   Вискоза
  </material>
  <price>
   135979
  </price>
  <rating>
   4.81
  </rating>
  <reviews>
   129755
  </reviews>
  <exclusive>
   yes
  </exclusive>
  <sporty>
   no
  </sporty>
 </clothing>
 <clothing>
  <id>
   964837139
  </id>
  <name>
   Fila Blouse C-6986
  </name>
  <category>
   Blouse
  </category>
  <size>
   S
  </size>
  <color>
   Фиолетовый
  </color>
  <material>
   Вискоза
  </material>
  <price>
   182583
  </price>
  <rating>
   4.53
  </rating>
  <reviews>
   387062
  </reviews>
 </clothing>
 <clothing>
  <id>
   492484750
  </id>
  <name>
   Addidas Jeans Q-5937
  </name>
  <category>
   Jeans
  </category>
  <size>
   M
  </size>
  <color>
   Красный
  </color>
  <material>
   Шерсть
  </material>
  <price>
   823849
  </price>
  <rating>
   1.5
  </rating>
  <reviews>
   578928
  </reviews>
  <exclusive>
   no
  </exclusive>
  <sporty>
   yes
  </sporty>
 </clothing>
 <clothing>
  <id>
   875437049
  </id>
  <name>
   Adidas Shoes E-3923
  </name>
  <category>
   Shoes
  </category>
  <size>
   S
  </size>
  <color>
   Желтый
  </color>
  <material>
   Хлопок
  </material>
  <price>
   847653
  </price>
  <rating>
   2.45
  </rating>
  <reviews>
   329520
  </reviews>
  <new>
   -
  </new>
  <exclusive>
   no
  </exclusive>
 </clothing>
 <clothing>
  <id>
   446977461
  </id>
  <name>
   Under Armour Blouse Z-2898
  </name>
  <category>
   Blouse
  </category>
  <size>
   L
  </size>
  <color>
   Синий
  </color>
  <material>
   Шелк
  </material>
  <price>
   178158
  </price>
  <rating>
   2.53
  </rating>
  <reviews>
   533188
  </reviews>
  <exclusive>
   yes
  </exclusive>
 </clothing>
 <clothing>
  <id>
   663244216
  </id>
  <name>
   PleinSport T-shirt C-3234
  </name>
  <category>
   T-shirt
  </category>
  <size>
   XXL
  </size>
  <color>
   Синий
  </color>
  <material>
   Кожа
  </material>
  <price>
   313616
  </price>
  <rating>
   1.26
  </rating>
  <reviews>
   407384
  </reviews>
 </clothing>
 <clothing>
  <id>
   986581257
  </id>
  <name>
   Adidas Belts L-9306
  </name>
  <category>
   Belts
  </category>
  <size>
   M
  </size>
  <color>
   Зеленый
  </color>
  <material>
   Шелк
  </material>
  <price>
   134877
  </price>
  <rating>
   4.62
  </rating>
  <reviews>
   511604
  </reviews>
  <new>
   -
  </new>
 </clothing>
 <clothing>
  <id>
   994301071
  </id>
  <name>
   Puma Jacket R-3729
  </name>
  <category>
   Jacket
  </category>
  <size>
   L
  </size>
  <color>
   Оранжевый
  </color>
  <material>
   Кожа
  </material>
  <price>
   541905
  </price>
  <rating>
   3.99
  </rating>
  <reviews>
   625317
  </reviews>
  <new>
   -
  </new>
  <exclusive>
   yes
  </exclusive>
  <sporty>
   yes
  </sporty>
 </clothing>
 <clothing>
  <id>
   296893446
  </id>
  <name>
   DC Belts H-1332
  </name>
  <category>
   Belts
  </category>
  <size>
   L
  </size>
  <color>
   Оранжевый
  </color>
  <material>
   Лен
  </material>
  <price>
   771463
  </price>
  <rating>
   2.99
  </rating>
  <reviews>
   531112
  </reviews>
  <new>
   -
  </new>
  <exclusive>
   no
  </exclusive>
  <sporty>
   no
  </sporty>
 </clothing>
 <clothing>
  <id>
   219090050
  </id>
  <name>
   Fila T-shirt J-8033
  </name>
  <category>
   T-shirt
  </category>
  <size>
   XXL
  </size>
  <color>
   Оранжевый
  </color>
  <material>
   Вискоза
  </material>
  <price>
   712903
  </price>
  <rating>
   4.23
  </rating>
  <reviews>
   256278
  </reviews>
  <new>
   -
  </new>
  <exclusive>
   no
  </exclusive>
  <sporty>
   no
  </sporty>
 </clothing>
 <clothing>
  <id>
   884154748
  </id>
  <name>
   Under Armour Dress P-6000
  </name>
  <category>
   Dress
  </category>
  <size>
   XXL
  </size>
  <color>
   Оранжевый
  </color>
  <material>
   Нейлон
  </material>
  <price>
   823158
  </price>
  <rating>
   4.56
  </rating>
  <reviews>
   374349
  </reviews>
 </clothing>
 <clothing>
  <id>
   260970711
  </id>
  <name>
   Lacoste Jeans M-3908
  </name>
  <category>
   Jeans
  </category>
  <size>
   L
  </size>
  <color>
   Синий
  </color>
  <material>
   Шерсть
  </material>
  <price>
   699598
  </price>
  <rating>
   2.19
  </rating>
  <reviews>
   26238
  </reviews>
  <new>
   -
  </new>
  <sporty>
   yes
  </sporty>
 </clothing>
 <clothing>
  <id>
   153947216
  </id>
  <name>
   Brooks Belts I-1806
  </name>
  <category>
   Belts
  </category>
  <size>
   S
  </size>
  <color>
   Красный
  </color>
  <material>
   Лен
  </material>
  <price>
   786266
  </price>
  <rating>
   3.65
  </rating>
  <reviews>
   140286
  </reviews>
  <sporty>
   yes
  </sporty>
 </clothing>
 <clothing>
  <id>
   554582995
  </id>
  <name>
   DC Jacket C-7311
  </name>
  <category>
   Jacket
  </category>
  <size>
   M
  </size>
  <color>
   Фиолетовый
  </color>
  <material>
   Вискоза
  </material>
  <price>
   231197
  </price>
  <rating>
   3.1
  </rating>
  <reviews>
   850441
  </reviews>
  <new>
   -
  </new>
  <exclusive>
   no
  </exclusive>
 </clothing>
 <clothing>
  <id>
   561237514
  </id>
  <name>
   Puma Sweater U-5400
  </name>
  <category>
   Sweater
  </category>
  <size>
   XL
  </size>
  <color>
   Желтый
  </color>
  <material>
   Шерсть
  </material>
  <price>
   493482
  </price>
  <rating>
   1.41
  </rating>
  <reviews>
   708378
  </reviews>
  <exclusive>
   no
  </exclusive>
  <sporty>
   no
  </sporty>
 </clothing>
 <clothing>
  <id>
   671067902
  </id>
  <name>
   Under Armour Socks E-1535
  </name>
  <category>
   Socks
  </category>
  <size>
   XXL
  </size>
  <color>
   Зеленый
  </color>
  <material>
   Шерсть
  </material>
  <price>
   583200
  </price>
  <rating>
   4.52
  </rating>
  <reviews>
   35682
  </reviews>
  <new>
   -
  </new>
  <exclusive>
   yes
  </exclusive>
  <sporty>
   yes
  </sporty>
 </clothing>
 <clothing>
  <id>
   607147471
  </id>
  <name>
   DC Jeans L-1311
  </name>
  <category>
   Jeans
  </category>
  <size>
   XXL
  </size>
  <color>
   Желтый
  </color>
  <material>
   Лен
  </material>
  <price>
   473726
  </price>
  <rating>
   1.42
  </rating>
  <reviews>
   51257
  </reviews>
  <new>
   -
  </new>
  <sporty>
   yes
  </sporty>
 </clothing>
 <clothing>
  <id>
   374844718
  </id>
  <name>
   Asics Jacket F-2532
  </name>
  <category>
   Jacket
  </category>
  <size>
   XXL
  </size>
  <color>
   Красный
  </color>
  <material>
   Полиэстер
  </material>
  <price>
   820889
  </price>
  <rating>
   4.03
  </rating>
  <reviews>
   639061
  </reviews>
  <new>
   -
  </new>
  <exclusive>
   no
  </exclusive>
 </clothing>
 <clothing>
  <id>
   503412054
  </id>
  <name>
   Fila Handbags G-5839
  </name>
  <category>
   Handbags
  </category>
  <size>
   M
  </size>
  <color>
   Синий
  </color>
  <material>
   Кожа
  </material>
  <price>
   264600
  </price>
  <rating>
   3.55
  </rating>
  <reviews>
   82945
  </reviews>
  <new>
   -
  </new>
  <exclusive>
   yes
  </exclusive>
 </clothing>
 <clothing>
  <id>
   771463166
  </id>
  <name>
   Vans Skirt V-1158
  </name>
  <category>
   Skirt
  </category>
  <size>
   XXL
  </size>
  <color>
   Желтый
  </color>
  <material>
   Нейлон
  </material>
  <price>
   129042
  </price>
  <rating>
   4.58
  </rating>
  <reviews>
   296923
  </reviews>
  <new>
   -
  </new>
  <exclusive>
   yes
  </exclusive>
  <sporty>
   no
  </sporty>
 </clothing>
 <clothing>
  <id>
   959551142
  </id>
  <name>
   New Balance Handbags E-4720
  </name>
  <category>
   Handbags
  </category>
  <size>
   S
  </size>
  <color>
   Оранжевый
  </color>
  <material>
   Нейлон
  </material>
  <price>
   866506
  </price>
  <rating>
   3.48
  </rating>
  <reviews>
   701453
  </reviews>
  <exclusive>
   no
  </exclusive>
 </clothing>
 <clothing>
  <id>
   682672063
  </id>
  <name>
   Fila Handbags Y-2322
  </name>
  <category>
   Handbags
  </category>
  <size>
   XL
  </size>
  <color>
   Красный
  </color>
  <material>
   Нейлон
  </material>
  <price>
   834140
  </price>
  <rating>
   3.8
  </rating>
  <reviews>
   363507
  </reviews>
 </clothing>
 <clothing>
  <id>
   647885761
  </id>
  <name>
   DC Handbags U-7509
  </name>
  <category>
   Handbags
  </category>
  <size>
   L
  </size>
  <color>
   Синий
  </color>
  <material>
   Нейлон
  </material>
  <price>
   952486
  </price>
  <rating>
   2.17
  </rating>
  <reviews>
   840211
  </reviews>
  <new>
   +
  </new>
  <sporty>
   no
  </sporty>
 </clothing>
 <clothing>
  <id>
   145748762
  </id>
  <name>
   Fila Jeans P-3377
  </name>
  <category>
   Jeans
  </category>
  <size>
   XXL
  </size>
  <color>
   Фиолетовый
  </color>
  <material>
   Шелк
  </material>
  <price>
   910788
  </price>
  <rating>
   4.04
  </rating>
  <reviews>
   654402
  </reviews>
  <new>
   -
  </new>
  <exclusive>
   no
  </exclusive>
 </clothing>
 <clothing>
  <id>
   579921944
  </id>
  <name>
   Brooks Jeans Z-5541
  </name>
  <category>
   Jeans
  </category>
  <size>
   M
  </size>
  <color>
   Фиолетовый
  </color>
  <material>
   Полиэстер
  </material>
  <price>
   557429
  </price>
  <rating>
   2.18
  </rating>
  <reviews>
   854691
  </reviews>
  <new>
   +
  </new>
  <exclusive>
   yes
  </exclusive>
  <sporty>
   yes
  </sporty>
 </clothing>
 <clothing>
  <id>
   371999384
  </id>
  <name>
   Nike Dress C-3840
  </name>
  <category>
   Dress
  </category>
  <size>
   XL
  </size>
  <color>
   Синий
  </color>
  <material>
   Лен
  </material>
  <price>
   792970
  </price>
  <rating>
   4.72
  </rating>
  <reviews>
   273606
  </reviews>
  <new>
   -
  </new>
  <exclusive>
   no
  </exclusive>
 </clothing>
 <clothing>
  <id>
   721183027
  </id>
  <name>
   Puma Belts I-2586
  </name>
  <category>
   Belts
  </category>
  <size>
   M
  </size>
  <color>
   Желтый
  </color>
  <material>
   Хлопок
  </material>
  <price>
   900587
  </price>
  <rating>
   3.78
  </rating>
  <reviews>
   75408
  </reviews>
  <new>
   -
  </new>
  <exclusive>
   yes
  </exclusive>
 </clothing>
 <clothing>
  <id>
   324447588
  </id>
  <name>
   New Balance Skirt Z-7316
  </name>
  <category>
   Skirt
  </category>
  <size>
   XL
  </size>
  <color>
   Голубой
  </color>
  <material>
   Шелк
  </material>
  <price>
   299914
  </price>
  <rating>
   2.6
  </rating>
  <reviews>
   581230
  </reviews>
  <new>
   -
  </new>
  <exclusive>
   no
  </exclusive>
 </clothing>
 <clothing>
  <id>
   633386610
  </id>
  <name>
   Converse Sweater G-6380
  </name>
  <category>
   Sweater
  </category>
  <size>
   L
  </size>
  <color>
   Голубой
  </color>
  <material>
   Полиэстер
  </material>
  <price>
   853506
  </price>
  <rating>
   1.67
  </rating>
  <reviews>
   396721
  </reviews>
  <new>
   -
  </new>
  <exclusive>
   yes
  </exclusive>
  <sporty>
   no
  </sporty>
 </clothing>
 <clothing>
  <id>
   542585064
  </id>
  <name>
   Fila Umbrellas E-4360
  </name>
  <category>
   Umbrellas
  </category>
  <size>
   M
  </size>
  <color>
   Фиолетовый
  </color>
  <material>
   Шерсть
  </material>
  <price>
   549840
  </price>
  <rating>
   2.78
  </rating>
  <reviews>
   103935
  </reviews>
  <new>
   -
  </new>
  <exclusive>
   yes
  </exclusive>
 </clothing>
 <clothing>
  <id>
   294893271
  </id>
  <name>
   DC Sweater H-7642
  </name>
  <category>
   Sweater
  </category>
  <size>
   XL
  </size>
  <color>
   Синий
  </color>
  <material>
   Нейлон
  </material>
  <price>
   894276
  </price>
  <rating>
   4.72
  </rating>
  <reviews>
   974313
  </reviews>
  <new>
   -
  </new>
  <exclusive>
   no
  </exclusive>
  <sporty>
   yes
  </sporty>
 </clothing>
 <clothing>
  <id>
   260101035
  </id>
  <name>
   Fila Blouse R-8484
  </name>
  <category>
   Blouse
  </category>
  <size>
   XL
  </size>
  <color>
   Оранжевый
  </color>
  <material>
   Хлопок
  </material>
  <price>
   596804
  </price>
  <rating>
   3.82
  </rating>
  <reviews>
   599353
  </reviews>
  <new>
   +
  </new>
 </clothing>
 <clothing>
  <id>
   947265762
  </id>
  <name>
   Converse Blouse I-9191
  </name>
  <category>
   Blouse
  </category>
  <size>
   XL
  </size>
  <color>
   Голубой
  </color>
  <material>
   Шерсть
  </material>
  <price>
   859876
  </price>
  <rating>
   2.57
  </rating>
  <reviews>
   241817
  </reviews>
  <sporty>
   yes
  </sporty>
 </clothing>
</clothing-items>
