<?xml version="1.0" encoding="utf-8"?>
<clothing-items>
 <clothing>
  <id>
   307160466
  </id>
  <name>
   Ellesse Umbrellas K-8685
  </name>
  <category>
   Umbrellas
  </category>
  <size>
   XL
  </size>
  <color>
   Желтый
  </color>
  <material>
   Хлопок
  </material>
  <price>
   754942
  </price>
  <rating>
   4.81
  </rating>
  <reviews>
   275407
  </reviews>
  <new>
   -
  </new>
  <sporty>
   yes
  </sporty>
 </clothing>
 <clothing>
  <id>
   541272643
  </id>
  <name>
   Brooks Handbags T-5635
  </name>
  <category>
   Handbags
  </category>
  <size>
   XXL
  </size>
  <color>
   Голубой
  </color>
  <material>
   Полиэстер
  </material>
  <price>
   884799
  </price>
  <rating>
   4.09
  </rating>
  <reviews>
   282831
  </reviews>
 </clothing>
 <clothing>
  <id>
   147417681
  </id>
  <name>
   New Balance Umbrellas T-9399
  </name>
  <category>
   Umbrellas
  </category>
  <size>
   M
  </size>
  <color>
   Фиолетовый
  </color>
  <material>
   Вискоза
  </material>
  <price>
   154819
  </price>
  <rating>
   3.27
  </rating>
  <reviews>
   948577
  </reviews>
  <new>
   -
  </new>
  <sporty>
   no
  </sporty>
 </clothing>
 <clothing>
  <id>
   304697237
  </id>
  <name>
   Under Armour Hat A-6907
  </name>
  <category>
   Hat
  </category>
  <size>
   L
  </size>
  <color>
   Фиолетовый
  </color>
  <material>
   Лен
  </material>
  <price>
   561223
  </price>
  <rating>
   3.83
  </rating>
  <reviews>
   898264
  </reviews>
  <new>
   -
  </new>
  <exclusive>
   yes
  </exclusive>
  <sporty>
   yes
  </sporty>
 </clothing>
 <clothing>
  <id>
   687537781
  </id>
  <name>
   Converse T-shirt E-6829
  </name>
  <category>
   T-shirt
  </category>
  <size>
   XXL
  </size>
  <color>
   Оранжевый
  </color>
  <material>
   Полиэстер
  </material>
  <price>
   107262
  </price>
  <rating>
   2.64
  </rating>
  <reviews>
   344468
  </reviews>
  <new>
   -
  </new>
  <exclusive>
   no
  </exclusive>
 </clothing>
 <clothing>
  <id>
   276067365
  </id>
  <name>
   Fila Jacket O-4981
  </name>
  <category>
   Jacket
  </category>
  <size>
   L
  </size>
  <color>
   Желтый
  </color>
  <material>
   Полиэстер
  </material>
  <price>
   145423
  </price>
  <rating>
   1.01
  </rating>
  <reviews>
   208661
  </reviews>
  <new>
   -
  </new>
  <exclusive>
   yes
  </exclusive>
  <sporty>
   no
  </sporty>
 </clothing>
 <clothing>
  <id>
   626213831
  </id>
  <name>
   Addidas Belts F-7334
  </name>
  <category>
   Belts
  </category>
  <size>
   M
  </size>
  <color>
   Голубой
  </color>
  <material>
   Шерсть
  </material>
  <price>
   540214
  </price>
  <rating>
   2.06
  </rating>
  <reviews>
   650672
  </reviews>
  <exclusive>
   no
  </exclusive>
 </clothing>
 <clothing>
  <id>
   242187326
  </id>
  <name>
   New Balance Hat L-8077
  </name>
  <category>
   Hat
  </category>
  <size>
   M
  </size>
  <color>
   Зеленый
  </color>
  <material>
   Полиэстер
  </material>
  <price>
   872065
  </price>
  <rating>
   1.88
  </rating>
  <reviews>
   909745
  </reviews>
  <new>
   -
  </new>
  <exclusive>
   no
  </exclusive>
  <sporty>
   no
  </sporty>
 </clothing>
 <clothing>
  <id>
   675537886
  </id>
  <name>
   Nike Hat N-1921
  </name>
  <category>
   Hat
  </category>
  <size>
   S
  </size>
  <color>
   Зеленый
  </color>
  <material>
   Нейлон
  </material>
  <price>
   900542
  </price>
  <rating>
   3.6
  </rating>
  <reviews>
   916645
  </reviews>
  <new>
   +
  </new>
  <exclusive>
   no
  </exclusive>
  <sporty>
   no
  </sporty>
 </clothing>
 <clothing>
  <id>
   667081778
  </id>
  <name>
   Addidas Jeans L-7921
  </name>
  <category>
   Jeans
  </category>
  <size>
   S
  </size>
  <color>
   Оранжевый
  </color>
  <material>
   Нейлон
  </material>
  <price>
   454958
  </price>
  <rating>
   4.66
  </rating>
  <reviews>
   915648
  </reviews>
  <new>
   +
  </new>
  <exclusive>
   yes
  </exclusive>
 </clothing>
 <clothing>
  <id>
   815512281
  </id>
  <name>
   Fila Jacket E-6042
  </name>
  <category>
   Jacket
  </category>
  <size>
   XL
  </size>
  <color>
   Зеленый
  </color>
  <material>
   Вискоза
  </material>
  <price>
   624111
  </price>
  <rating>
   3.8
  </rating>
  <reviews>
   779233
  </reviews>
  <sporty>
   no
  </sporty>
 </clothing>
 <clothing>
  <id>
   812940069
  </id>
  <name>
   Vans Blouse O-3597
  </name>
  <category>
   Blouse
  </category>
  <size>
   S
  </size>
  <color>
   Желтый
  </color>
  <material>
   Хлопок
  </material>
  <price>
   768131
  </price>
  <rating>
   3.04
  </rating>
  <reviews>
   454128
  </reviews>
  <sporty>
   yes
  </sporty>
 </clothing>
 <clothing>
  <id>
   959701141
  </id>
  <name>
   Puma Hat S-3071
  </name>
  <category>
   Hat
  </category>
  <size>
   L
  </size>
  <color>
   Желтый
  </color>
  <material>
   Нейлон
  </material>
  <price>
   702478
  </price>
  <rating>
   3.94
  </rating>
  <reviews>
   152774
  </reviews>
  <new>
   -
  </new>
  <sporty>
   no
  </sporty>
 </clothing>
 <clothing>
  <id>
   609165302
  </id>
  <name>
   Reebok Hat V-3833
  </name>
  <category>
   Hat
  </category>
  <size>
   L
  </size>
  <color>
   Желтый
  </color>
  <material>
   Полиэстер
  </material>
  <price>
   207640
  </price>
  <rating>
   1.66
  </rating>
  <reviews>
   47956
  </reviews>
  <new>
   +
  </new>
  <exclusive>
   no
  </exclusive>
 </clothing>
 <clothing>
  <id>
   448897502
  </id>
  <name>
   Vans Socks H-8413
  </name>
  <category>
   Socks
  </category>
  <size>
   XXL
  </size>
  <color>
   Зеленый
  </color>
  <material>
   Лен
  </material>
  <price>
   711361
  </price>
  <rating>
   2.03
  </rating>
  <reviews>
   705065
  </reviews>
  <new>
   -
  </new>
  <exclusive>
   yes
  </exclusive>
 </clothing>
 <clothing>
  <id>
   373331233
  </id>
  <name>
   Ellesse Blouse Z-9819
  </name>
  <category>
   Blouse
  </category>
  <size>
   S
  </size>
  <color>
   Синий
  </color>
  <material>
   Вискоза
  </material>
  <price>
   922228
  </price>
  <rating>
   4.24
  </rating>
  <reviews>
   27480
  </reviews>
  <new>
   -
  </new>
  <exclusive>
   yes
  </exclusive>
 </clothing>
 <clothing>
  <id>
   290166343
  </id>
  <name>
   Brooks Sweater Z-4573
  </name>
  <category>
   Sweater
  </category>
  <size>
   XXL
  </size>
  <color>
   Синий
  </color>
  <material>
   Кожа
  </material>
  <price>
   806247
  </price>
  <rating>
   2.62
  </rating>
  <reviews>
   763291
  </reviews>
  <exclusive>
   yes
  </exclusive>
  <sporty>
   yes
  </sporty>
 </clothing>
 <clothing>
  <id>
   907517832
  </id>
  <name>
   Asics Jeans P-8375
  </name>
  <category>
   Jeans
  </category>
  <size>
   M
  </size>
  <color>
   Синий
  </color>
  <material>
   Лен
  </material>
  <price>
   737520
  </price>
  <rating>
   2.45
  </rating>
  <reviews>
   62453
  </reviews>
  <new>
   +
  </new>
  <exclusive>
   yes
  </exclusive>
 </clothing>
 <clothing>
  <id>
   791982481
  </id>
  <name>
   New Balance Handbags Y-4565
  </name>
  <category>
   Handbags
  </category>
  <size>
   S
  </size>
  <color>
   Оранжевый
  </color>
  <material>
   Вискоза
  </material>
  <price>
   582829
  </price>
  <rating>
   4.87
  </rating>
  <reviews>
   264460
  </reviews>
  <sporty>
   yes
  </sporty>
 </clothing>
 <clothing>
  <id>
   842516148
  </id>
  <name>
   Under Armour Belts Z-6786
  </name>
  <category>
   Belts
  </category>
  <size>
   S
  </size>
  <color>
   Красный
  </color>
  <material>
   Кожа
  </material>
  <price>
   315739
  </price>
  <rating>
   4.37
  </rating>
  <reviews>
   915584
  </reviews>
  <new>
   -
  </new>
  <sporty>
   no
  </sporty>
 </clothing>
 <clothing>
  <id>
   485391152
  </id>
  <name>
   Fila T-shirt F-9269
  </name>
  <category>
   T-shirt
  </category>
  <size>
   M
  </size>
  <color>
   Фиолетовый
  </color>
  <material>
   Шерсть
  </material>
  <price>
   428404
  </price>
  <rating>
   3.43
  </rating>
  <reviews>
   186559
  </reviews>
  <new>
   -
  </new>
 </clothing>
 <clothing>
  <id>
   884180129
  </id>
  <name>
   Ellesse Shirt R-6507
  </name>
  <category>
   Shirt
  </category>
  <size>
   M
  </size>
  <color>
   Красный
  </color>
  <material>
   Полиэстер
  </material>
  <price>
   551223
  </price>
  <rating>
   1.49
  </rating>
  <reviews>
   567949
  </reviews>
  <new>
   -
  </new>
  <exclusive>
   no
  </exclusive>
  <sporty>
   yes
  </sporty>
 </clothing>
 <clothing>
  <id>
   639013729
  </id>
  <name>
   Reebok Sweater B-1489
  </name>
  <category>
   Sweater
  </category>
  <size>
   S
  </size>
  <color>
   Голубой
  </color>
  <material>
   Полиэстер
  </material>
  <price>
   593986
  </price>
  <rating>
   2.67
  </rating>
  <reviews>
   416683
  </reviews>
  <new>
   +
  </new>
  <exclusive>
   yes
  </exclusive>
  <sporty>
   no
  </sporty>
 </clothing>
 <clothing>
  <id>
   256399465
  </id>
  <name>
   Under Armour Jeans E-7667
  </name>
  <category>
   Jeans
  </category>
  <size>
   L
  </size>
  <color>
   Желтый
  </color>
  <material>
   Шелк
  </material>
  <price>
   139733
  </price>
  <rating>
   5.0
  </rating>
  <reviews>
   881710
  </reviews>
  <new>
   -
  </new>
  <exclusive>
   no
  </exclusive>
  <sporty>
   no
  </sporty>
 </clothing>
 <clothing>
  <id>
   626967866
  </id>
  <name>
   Vans Dress J-4452
  </name>
  <category>
   Dress
  </category>
  <size>
   XXL
  </size>
  <color>
   Оранжевый
  </color>
  <material>
   Шелк
  </material>
  <price>
   247265
  </price>
  <rating>
   1.94
  </rating>
  <reviews>
   846584
  </reviews>
  <new>
   -
  </new>
  <exclusive>
   no
  </exclusive>
  <sporty>
   no
  </sporty>
 </clothing>
 <clothing>
  <id>
   163963165
  </id>
  <name>
   Asics T-shirt U-4604
  </name>
  <category>
   T-shirt
  </category>
  <size>
   L
  </size>
  <color>
   Синий
  </color>
  <material>
   Полиэстер
  </material>
  <price>
   347335
  </price>
  <rating>
   4.0
  </rating>
  <reviews>
   877274
  </reviews>
  <new>
   +
  </new>
  <exclusive>
   no
  </exclusive>
  <sporty>
   yes
  </sporty>
 </clothing>
 <clothing>
  <id>
   218537466
  </id>
  <name>
   Vans Jacket A-9227
  </name>
  <category>
   Jacket
  </category>
  <size>
   M
  </size>
  <color>
   Фиолетовый
  </color>
  <material>
   Хлопок
  </material>
  <price>
   819071
  </price>
  <rating>
   2.57
  </rating>
  <reviews>
   761085
  </reviews>
  <new>
   -
  </new>
 </clothing>
 <clothing>
  <id>
   592884064
  </id>
  <name>
   Asics Shirt L-2199
  </name>
  <category>
   Shirt
  </category>
  <size>
   M
  </size>
  <color>
   Оранжевый
  </color>
  <material>
   Вискоза
  </material>
  <price>
   333577
  </price>
  <rating>
   3.31
  </rating>
  <reviews>
   199725
  </reviews>
  <exclusive>
   no
  </exclusive>
  <sporty>
   yes
  </sporty>
 </clothing>
 <clothing>
  <id>
   735506762
  </id>
  <name>
   Asics Socks S-3114
  </name>
  <category>
   Socks
  </category>
  <size>
   M
  </size>
  <color>
   Зеленый
  </color>
  <material>
   Кожа
  </material>
  <price>
   238507
  </price>
  <rating>
   4.18
  </rating>
  <reviews>
   815649
  </reviews>
  <new>
   -
  </new>
  <exclusive>
   no
  </exclusive>
  <sporty>
   no
  </sporty>
 </clothing>
 <clothing>
  <id>
   260177587
  </id>
  <name>
   Asics Hat A-7803
  </name>
  <category>
   Hat
  </category>
  <size>
   XL
  </size>
  <color>
   Зеленый
  </color>
  <material>
   Кожа
  </material>
  <price>
   105234
  </price>
  <rating>
   4.68
  </rating>
  <reviews>
   720198
  </reviews>
  <new>
   -
  </new>
  <sporty>
   no
  </sporty>
 </clothing>
 <clothing>
  <id>
   370288820
  </id>
  <name>
   Vans T-shirt M-7409
  </name>
  <category>
   T-shirt
  </category>
  <size>
   M
  </size>
  <color>
   Оранжевый
  </color>
  <material>
   Вискоза
  </material>
  <price>
   530164
  </price>
  <rating>
   1.12
  </rating>
  <reviews>
   917547
  </reviews>
  <new>
   -
  </new>
  <sporty>
   no
  </sporty>
 </clothing>
 <clothing>
  <id>
   505230932
  </id>
  <name>
   Brooks Dress Y-1657
  </name>
  <category>
   Dress
  </category>
  <size>
   S
  </size>
  <color>
   Оранжевый
  </color>
  <material>
   Нейлон
  </material>
  <price>
   150904
  </price>
  <rating>
   2.47
  </rating>
  <reviews>
   844073
  </reviews>
  <exclusive>
   no
  </exclusive>
  <sporty>
   no
  </sporty>
 </clothing>
 <clothing>
  <id>
   577983764
  </id>
  <name>
   Puma Pants U-8811
  </name>
  <category>
   Pants
  </category>
  <size>
   XXL
  </size>
  <color>
   Зеленый
  </color>
  <material>
   Лен
  </material>
  <price>
   630687
  </price>
  <rating>
   3.68
  </rating>
  <reviews>
   892369
  </reviews>
  <new>
   -
  </new>
  <exclusive>
   no
  </exclusive>
  <sporty>
   yes
  </sporty>
 </clothing>
 <clothing>
  <id>
   298153065
  </id>
  <name>
   DC Skirt S-9058
  </name>
  <category>
   Skirt
  </category>
  <size>
   XXL
  </size>
  <color>
   Синий
  </color>
  <material>
   Нейлон
  </material>
  <price>
   744353
  </price>
  <rating>
   2.04
  </rating>
  <reviews>
   720113
  </reviews>
  <new>
   -
  </new>
  <exclusive>
   no
  </exclusive>
  <sporty>
   yes
  </sporty>
 </clothing>
 <clothing>
  <id>
   660615109
  </id>
  <name>
   PleinSport Shoes C-2701
  </name>
  <category>
   Shoes
  </category>
  <size>
   XXL
  </size>
  <color>
   Синий
  </color>
  <material>
   Шерсть
  </material>
  <price>
   923124
  </price>
  <rating>
   1.25
  </rating>
  <reviews>
   471920
  </reviews>
  <new>
   +
  </new>
  <exclusive>
   no
  </exclusive>
  <sporty>
   no
  </sporty>
 </clothing>
 <clothing>
  <id>
   876356318
  </id>
  <name>
   Vans Socks Q-1769
  </name>
  <category>
   Socks
  </category>
  <size>
   L
  </size>
  <color>
   Зеленый
  </color>
  <material>
   Шерсть
  </material>
  <price>
   242107
  </price>
  <rating>
   1.29
  </rating>
  <reviews>
   516719
  </reviews>
  <new>
   -
  </new>
  <exclusive>
   no
  </exclusive>
 </clothing>
 <clothing>
  <id>
   995161080
  </id>
  <name>
   Under Armour Pants B-8680
  </name>
  <category>
   Pants
  </category>
  <size>
   XXL
  </size>
  <color>
   Зеленый
  </color>
  <material>
   Шелк
  </material>
  <price>
   585263
  </price>
  <rating>
   3.86
  </rating>
  <reviews>
   997211
  </reviews>
  <new>
   -
  </new>
  <exclusive>
   no
  </exclusive>
  <sporty>
   yes
  </sporty>
 </clothing>
 <clothing>
  <id>
   311353169
  </id>
  <name>
   Converse Jeans A-7232
  </name>
  <category>
   Jeans
  </category>
  <size>
   S
  </size>
  <color>
   Голубой
  </color>
  <material>
   Полиэстер
  </material>
  <price>
   109197
  </price>
  <rating>
   3.95
  </rating>
  <reviews>
   909212
  </reviews>
  <new>
   +
  </new>
  <exclusive>
   yes
  </exclusive>
 </clothing>
 <clothing>
  <id>
   960053417
  </id>
  <name>
   DC Jacket D-7788
  </name>
  <category>
   Jacket
  </category>
  <size>
   M
  </size>
  <color>
   Зеленый
  </color>
  <material>
   Шерсть
  </material>
  <price>
   430059
  </price>
  <rating>
   3.72
  </rating>
  <reviews>
   53284
  </reviews>
  <new>
   -
  </new>
  <exclusive>
   no
  </exclusive>
 </clothing>
 <clothing>
  <id>
   185878092
  </id>
  <name>
   Ellesse Socks S-9513
  </name>
  <category>
   Socks
  </category>
  <size>
   S
  </size>
  <color>
   Фиолетовый
  </color>
  <material>
   Шерсть
  </material>
  <price>
   898333
  </price>
  <rating>
   3.49
  </rating>
  <reviews>
   434965
  </reviews>
 </clothing>
 <clothing>
  <id>
   375917780
  </id>
  <name>
   Lacoste Blouse O-1228
  </name>
  <category>
   Blouse
  </category>
  <size>
   XXL
  </size>
  <color>
   Зеленый
  </color>
  <material>
   Лен
  </material>
  <price>
   566014
  </price>
  <rating>
   4.16
  </rating>
  <reviews>
   459302
  </reviews>
  <exclusive>
   no
  </exclusive>
 </clothing>
 <clothing>
  <id>
   647310726
  </id>
  <name>
   Vans Handbags P-9273
  </name>
  <category>
   Handbags
  </category>
  <size>
   L
  </size>
  <color>
   Зеленый
  </color>
  <material>
   Шерсть
  </material>
  <price>
   338691
  </price>
  <rating>
   1.17
  </rating>
  <reviews>
   125422
  </reviews>
 </clothing>
 <clothing>
  <id>
   886682246
  </id>
  <name>
   Fila Shirt U-3877
  </name>
  <category>
   Shirt
  </category>
  <size>
   S
  </size>
  <color>
   Фиолетовый
  </color>
  <material>
   Нейлон
  </material>
  <price>
   914962
  </price>
  <rating>
   3.22
  </rating>
  <reviews>
   548927
  </reviews>
  <new>
   -
  </new>
  <exclusive>
   no
  </exclusive>
 </clothing>
 <clothing>
  <id>
   715116784
  </id>
  <name>
   Adidas Blouse W-9685
  </name>
  <category>
   Blouse
  </category>
  <size>
   XL
  </size>
  <color>
   Зеленый
  </color>
  <material>
   Вискоза
  </material>
  <price>
   730509
  </price>
  <rating>
   2.8
  </rating>
  <reviews>
   439900
  </reviews>
 </clothing>
 <clothing>
  <id>
   710428448
  </id>
  <name>
   Vans Blouse F-9588
  </name>
  <category>
   Blouse
  </category>
  <size>
   XXL
  </size>
  <color>
   Красный
  </color>
  <material>
   Шелк
  </material>
  <price>
   166103
  </price>
  <rating>
   1.31
  </rating>
  <reviews>
   799028
  </reviews>
  <new>
   +
  </new>
  <exclusive>
   no
  </exclusive>
  <sporty>
   no
  </sporty>
 </clothing>
 <clothing>
  <id>
   679073301
  </id>
  <name>
   Ellesse Blouse V-5439
  </name>
  <category>
   Blouse
  </category>
  <size>
   L
  </size>
  <color>
   Желтый
  </color>
  <material>
   Шелк
  </material>
  <price>
   889365
  </price>
  <rating>
   1.86
  </rating>
  <reviews>
   566128
  </reviews>
  <new>
   +
  </new>
  <sporty>
   no
  </sporty>
 </clothing>
 <clothing>
  <id>
   383732226
  </id>
  <name>
   New Balance Dress G-8136
  </name>
  <category>
   Dress
  </category>
  <size>
   XL
  </size>
  <color>
   Оранжевый
  </color>
  <material>
   Лен
  </material>
  <price>
   307974
  </price>
  <rating>
   3.75
  </rating>
  <reviews>
   904331
  </reviews>
  <new>
   -
  </new>
  <exclusive>
   no
  </exclusive>
 </clothing>
 <clothing>
  <id>
   978205973
  </id>
  <name>
   Asics Pants Z-1659
  </name>
  <category>
   Pants
  </category>
  <size>
   XXL
  </size>
  <color>
   Синий
  </color>
  <material>
   Шелк
  </material>
  <price>
   858264
  </price>
  <rating>
   4.41
  </rating>
  <reviews>
   921512
  </reviews>
  <exclusive>
   yes
  </exclusive>
 </clothing>
 <clothing>
  <id>
   108884600
  </id>
  <name>
   Under Armour Handbags Z-5933
  </name>
  <category>
   Handbags
  </category>
  <size>
   M
  </size>
  <color>
   Синий
  </color>
  <material>
   Вискоза
  </material>
  <price>
   743371
  </price>
  <rating>
   1.7
  </rating>
  <reviews>
   644873
  </reviews>
  <new>
   -
  </new>
  <exclusive>
   no
  </exclusive>
  <sporty>
   yes
  </sporty>
 </clothing>
 <clothing>
  <id>
   515500018
  </id>
  <name>
   Brooks Jeans C-7873
  </name>
  <category>
   Jeans
  </category>
  <size>
   XXL
  </size>
  <color>
   Синий
  </color>
  <material>
   Нейлон
  </material>
  <price>
   808165
  </price>
  <rating>
   3.8
  </rating>
  <reviews>
   685822
  </reviews>
  <new>
   +
  </new>
  <exclusive>
   yes
  </exclusive>
 </clothing>
</clothing-items>
