<?xml version="1.0" encoding="utf-8"?>
<clothing-items>
 <clothing>
  <id>
   410018182
  </id>
  <name>
   Adidas Umbrellas S-8769
  </name>
  <category>
   Umbrellas
  </category>
  <size>
   L
  </size>
  <color>
   Оранжевый
  </color>
  <material>
   Вискоза
  </material>
  <price>
   891874
  </price>
  <rating>
   3.67
  </rating>
  <reviews>
   151134
  </reviews>
  <new>
   +
  </new>
  <exclusive>
   no
  </exclusive>
  <sporty>
   yes
  </sporty>
 </clothing>
 <clothing>
  <id>
   947787292
  </id>
  <name>
   DC Umbrellas J-9119
  </name>
  <category>
   Umbrellas
  </category>
  <size>
   XXL
  </size>
  <color>
   Оранжевый
  </color>
  <material>
   Лен
  </material>
  <price>
   392916
  </price>
  <rating>
   4.69
  </rating>
  <reviews>
   150660
  </reviews>
  <new>
   -
  </new>
  <exclusive>
   yes
  </exclusive>
  <sporty>
   no
  </sporty>
 </clothing>
 <clothing>
  <id>
   131556043
  </id>
  <name>
   Adidas Handbags E-5954
  </name>
  <category>
   Handbags
  </category>
  <size>
   S
  </size>
  <color>
   Фиолетовый
  </color>
  <material>
   Шелк
  </material>
  <price>
   810403
  </price>
  <rating>
   1.21
  </rating>
  <reviews>
   245264
  </reviews>
  <sporty>
   no
  </sporty>
 </clothing>
 <clothing>
  <id>
   990736561
  </id>
  <name>
   Under Armour Skirt F-8442
  </name>
  <category>
   Skirt
  </category>
  <size>
   XL
  </size>
  <color>
   Фиолетовый
  </color>
  <material>
   Вискоза
  </material>
  <price>
   139861
  </price>
  <rating>
   3.19
  </rating>
  <reviews>
   872950
  </reviews>
  <new>
   +
  </new>
 </clothing>
 <clothing>
  <id>
   216944030
  </id>
  <name>
   PleinSport Blouse U-3510
  </name>
  <category>
   Blouse
  </category>
  <size>
   L
  </size>
  <color>
   Желтый
  </color>
  <material>
   Полиэстер
  </material>
  <price>
   196146
  </price>
  <rating>
   4.07
  </rating>
  <reviews>
   270851
  </reviews>
  <sporty>
   yes
  </sporty>
 </clothing>
 <clothing>
  <id>
   961924605
  </id>
  <name>
   Converse Hat S-3070
  </name>
  <category>
   Hat
  </category>
  <size>
   S
  </size>
  <color>
   Оранжевый
  </color>
  <material>
   Хлопок
  </material>
  <price>
   381746
  </price>
  <rating>
   3.52
  </rating>
  <reviews>
   567013
  </reviews>
 </clothing>
 <clothing>
  <id>
   255649604
  </id>
  <name>
   Ellesse Jacket L-1323
  </name>
  <category>
   Jacket
  </category>
  <size>
   XL
  </size>
  <color>
   Оранжевый
  </color>
  <material>
   Полиэстер
  </material>
  <price>
   515471
  </price>
  <rating>
   1.29
  </rating>
  <reviews>
   134076
  </reviews>
  <new>
   -
  </new>
  <sporty>
   no
  </sporty>
 </clothing>
 <clothing>
  <id>
   415661485
  </id>
  <name>
   Brooks T-shirt M-7698
  </name>
  <category>
   T-shirt
  </category>
  <size>
   XXL
  </size>
  <color>
   Желтый
  </color>
  <material>
   Вискоза
  </material>
  <price>
   615735
  </price>
  <rating>
   4.16
  </rating>
  <reviews>
   75385
  </reviews>
  <exclusive>
   yes
  </exclusive>
  <sporty>
   yes
  </sporty>
 </clothing>
 <clothing>
  <id>
   135672885
  </id>
  <name>
   Puma Umbrellas X-5710
  </name>
  <category>
   Umbrellas
  </category>
  <size>
   XXL
  </size>
  <color>
   Желтый
  </color>
  <material>
   Шерсть
  </material>
  <price>
   612682
  </price>
  <rating>
   4.91
  </rating>
  <reviews>
   143078
  </reviews>
  <new>
   -
  </new>
 </clothing>
 <clothing>
  <id>
   490951746
  </id>
  <name>
   Under Armour Dress K-3597
  </name>
  <category>
   Dress
  </category>
  <size>
   S
  </size>
  <color>
   Зеленый
  </color>
  <material>
   Шелк
  </material>
  <price>
   477469
  </price>
  <rating>
   3.84
  </rating>
  <reviews>
   862508
  </reviews>
  <new>
   -
  </new>
  <exclusive>
   no
  </exclusive>
  <sporty>
   no
  </sporty>
 </clothing>
 <clothing>
  <id>
   329565327
  </id>
  <name>
   Adidas Pants O-4499
  </name>
  <category>
   Pants
  </category>
  <size>
   XL
  </size>
  <color>
   Фиолетовый
  </color>
  <material>
   Лен
  </material>
  <price>
   762865
  </price>
  <rating>
   4.79
  </rating>
  <reviews>
   308733
  </reviews>
  <new>
   +
  </new>
  <exclusive>
   no
  </exclusive>
 </clothing>
 <clothing>
  <id>
   177489998
  </id>
  <name>
   Adidas Sweater T-3546
  </name>
  <category>
   Sweater
  </category>
  <size>
   S
  </size>
  <color>
   Красный
  </color>
  <material>
   Кожа
  </material>
  <price>
   948139
  </price>
  <rating>
   3.69
  </rating>
  <reviews>
   360373
  </reviews>
  <sporty>
   yes
  </sporty>
 </clothing>
 <clothing>
  <id>
   713367771
  </id>
  <name>
   Asics Shoes C-4053
  </name>
  <category>
   Shoes
  </category>
  <size>
   XL
  </size>
  <color>
   Фиолетовый
  </color>
  <material>
   Кожа
  </material>
  <price>
   172736
  </price>
  <rating>
   3.07
  </rating>
  <reviews>
   684946
  </reviews>
 </clothing>
 <clothing>
  <id>
   399500364
  </id>
  <name>
   Converse Hat M-6790
  </name>
  <category>
   Hat
  </category>
  <size>
   XL
  </size>
  <color>
   Голубой
  </color>
  <material>
   Вискоза
  </material>
  <price>
   747127
  </price>
  <rating>
   1.96
  </rating>
  <reviews>
   503613
  </reviews>
  <exclusive>
   yes
  </exclusive>
  <sporty>
   yes
  </sporty>
 </clothing>
 <clothing>
  <id>
   561033037
  </id>
  <name>
   Reebok Handbags B-7042
  </name>
  <category>
   Handbags
  </category>
  <size>
   XXL
  </size>
  <color>
   Красный
  </color>
  <material>
   Вискоза
  </material>
  <price>
   116870
  </price>
  <rating>
   1.03
  </rating>
  <reviews>
   642819
  </reviews>
  <new>
   +
  </new>
  <exclusive>
   yes
  </exclusive>
  <sporty>
   yes
  </sporty>
 </clothing>
 <clothing>
  <id>
   837443050
  </id>
  <name>
   Vans T-shirt C-7957
  </name>
  <category>
   T-shirt
  </category>
  <size>
   S
  </size>
  <color>
   Фиолетовый
  </color>
  <material>
   Хлопок
  </material>
  <price>
   350595
  </price>
  <rating>
   1.2
  </rating>
  <reviews>
   779954
  </reviews>
  <new>
   -
  </new>
  <exclusive>
   no
  </exclusive>
  <sporty>
   no
  </sporty>
 </clothing>
 <clothing>
  <id>
   116373697
  </id>
  <name>
   DC Hat U-7495
  </name>
  <category>
   Hat
  </category>
  <size>
   M
  </size>
  <color>
   Оранжевый
  </color>
  <material>
   Кожа
  </material>
  <price>
   957483
  </price>
  <rating>
   4.11
  </rating>
  <reviews>
   686891
  </reviews>
  <exclusive>
   no
  </exclusive>
  <sporty>
   yes
  </sporty>
 </clothing>
 <clothing>
  <id>
   480466102
  </id>
  <name>
   Brooks Gloves K-5030
  </name>
  <category>
   Gloves
  </category>
  <size>
   M
  </size>
  <color>
   Фиолетовый
  </color>
  <material>
   Кожа
  </material>
  <price>
   606699
  </price>
  <rating>
   3.76
  </rating>
  <reviews>
   21549
  </reviews>
  <new>
   -
  </new>
  <sporty>
   yes
  </sporty>
 </clothing>
 <clothing>
  <id>
   903953133
  </id>
  <name>
   Converse Shoes T-3310
  </name>
  <category>
   Shoes
  </category>
  <size>
   S
  </size>
  <color>
   Оранжевый
  </color>
  <material>
   Лен
  </material>
  <price>
   980160
  </price>
  <rating>
   3.3
  </rating>
  <reviews>
   773993
  </reviews>
  <exclusive>
   no
  </exclusive>
 </clothing>
 <clothing>
  <id>
   663838396
  </id>
  <name>
   Nike Jacket C-4248
  </name>
  <category>
   Jacket
  </category>
  <size>
   XL
  </size>
  <color>
   Зеленый
  </color>
  <material>
   Полиэстер
  </material>
  <price>
   469575
  </price>
  <rating>
   3.56
  </rating>
  <reviews>
   442119
  </reviews>
 </clothing>
 <clothing>
  <id>
   378823755
  </id>
  <name>
   DC Skirt G-7011
  </name>
  <category>
   Skirt
  </category>
  <size>
   XL
  </size>
  <color>
   Оранжевый
  </color>
  <material>
   Кожа
  </material>
  <price>
   733619
  </price>
  <rating>
   1.59
  </rating>
  <reviews>
   153401
  </reviews>
  <new>
   +
  </new>
  <exclusive>
   yes
  </exclusive>
 </clothing>
 <clothing>
  <id>
   683066836
  </id>
  <name>
   DC Pants F-6244
  </name>
  <category>
   Pants
  </category>
  <size>
   L
  </size>
  <color>
   Зеленый
  </color>
  <material>
   Шелк
  </material>
  <price>
   388879
  </price>
  <rating>
   3.25
  </rating>
  <reviews>
   385461
  </reviews>
  <new>
   +
  </new>
  <exclusive>
   no
  </exclusive>
  <sporty>
   no
  </sporty>
 </clothing>
 <clothing>
  <id>
   526461988
  </id>
  <name>
   DC Shirt G-9365
  </name>
  <category>
   Shirt
  </category>
  <size>
   L
  </size>
  <color>
   Голубой
  </color>
  <material>
   Хлопок
  </material>
  <price>
   171590
  </price>
  <rating>
   1.93
  </rating>
  <reviews>
   831158
  </reviews>
  <new>
   -
  </new>
  <exclusive>
   yes
  </exclusive>
  <sporty>
   no
  </sporty>
 </clothing>
 <clothing>
  <id>
   148829697
  </id>
  <name>
   Nike Shoes S-1679
  </name>
  <category>
   Shoes
  </category>
  <size>
   L
  </size>
  <color>
   Синий
  </color>
  <material>
   Шелк
  </material>
  <price>
   374837
  </price>
  <rating>
   3.67
  </rating>
  <reviews>
   898140
  </reviews>
  <new>
   -
  </new>
  <exclusive>
   no
  </exclusive>
 </clothing>
 <clothing>
  <id>
   820894219
  </id>
  <name>
   Lacoste Gloves E-2639
  </name>
  <category>
   Gloves
  </category>
  <size>
   M
  </size>
  <color>
   Фиолетовый
  </color>
  <material>
   Лен
  </material>
  <price>
   525166
  </price>
  <rating>
   3.32
  </rating>
  <reviews>
   475560
  </reviews>
  <new>
   +
  </new>
  <sporty>
   no
  </sporty>
 </clothing>
 <clothing>
  <id>
   778391064
  </id>
  <name>
   Reebok Dress Z-8745
  </name>
  <category>
   Dress
  </category>
  <size>
   L
  </size>
  <color>
   Оранжевый
  </color>
  <material>
   Шерсть
  </material>
  <price>
   888311
  </price>
  <rating>
   1.06
  </rating>
  <reviews>
   334067
  </reviews>
  <new>
   +
  </new>
  <sporty>
   yes
  </sporty>
 </clothing>
 <clothing>
  <id>
   231143352
  </id>
  <name>
   Vans Blouse K-4147
  </name>
  <category>
   Blouse
  </category>
  <size>
   XL
  </size>
  <color>
   Синий
  </color>
  <material>
   Шерсть
  </material>
  <price>
   625851
  </price>
  <rating>
   3.88
  </rating>
  <reviews>
   737456
  </reviews>
  <new>
   +
  </new>
 </clothing>
 <clothing>
  <id>
   788949457
  </id>
  <name>
   PleinSport Umbrellas Z-7451
  </name>
  <category>
   Umbrellas
  </category>
  <size>
   XXL
  </size>
  <color>
   Фиолетовый
  </color>
  <material>
   Шерсть
  </material>
  <price>
   709558
  </price>
  <rating>
   1.61
  </rating>
  <reviews>
   723194
  </reviews>
  <new>
   -
  </new>
  <exclusive>
   yes
  </exclusive>
 </clothing>
 <clothing>
  <id>
   270621593
  </id>
  <name>
   Addidas Pants B-9396
  </name>
  <category>
   Pants
  </category>
  <size>
   M
  </size>
  <color>
   Синий
  </color>
  <material>
   Лен
  </material>
  <price>
   850746
  </price>
  <rating>
   4.78
  </rating>
  <reviews>
   977321
  </reviews>
  <new>
   +
  </new>
 </clothing>
 <clothing>
  <id>
   482993980
  </id>
  <name>
   Ellesse Dress M-5168
  </name>
  <category>
   Dress
  </category>
  <size>
   XXL
  </size>
  <color>
   Голубой
  </color>
  <material>
   Полиэстер
  </material>
  <price>
   938373
  </price>
  <rating>
   4.96
  </rating>
  <reviews>
   48901
  </reviews>
  <exclusive>
   no
  </exclusive>
  <sporty>
   no
  </sporty>
 </clothing>
 <clothing>
  <id>
   327142605
  </id>
  <name>
   DC Dress O-9744
  </name>
  <category>
   Dress
  </category>
  <size>
   XL
  </size>
  <color>
   Фиолетовый
  </color>
  <material>
   Полиэстер
  </material>
  <price>
   157087
  </price>
  <rating>
   4.61
  </rating>
  <reviews>
   998700
  </reviews>
  <exclusive>
   yes
  </exclusive>
  <sporty>
   yes
  </sporty>
 </clothing>
 <clothing>
  <id>
   990578915
  </id>
  <name>
   Nike Sweater S-8870
  </name>
  <category>
   Sweater
  </category>
  <size>
   M
  </size>
  <color>
   Фиолетовый
  </color>
  <material>
   Хлопок
  </material>
  <price>
   365400
  </price>
  <rating>
   3.88
  </rating>
  <reviews>
   42914
  </reviews>
  <new>
   -
  </new>
 </clothing>
 <clothing>
  <id>
   558818834
  </id>
  <name>
   Puma Blouse Y-6057
  </name>
  <category>
   Blouse
  </category>
  <size>
   S
  </size>
  <color>
   Желтый
  </color>
  <material>
   Шелк
  </material>
  <price>
   511112
  </price>
  <rating>
   4.35
  </rating>
  <reviews>
   814083
  </reviews>
  <new>
   -
  </new>
  <sporty>
   no
  </sporty>
 </clothing>
 <clothing>
  <id>
   127529772
  </id>
  <name>
   Vans T-shirt R-5357
  </name>
  <category>
   T-shirt
  </category>
  <size>
   XL
  </size>
  <color>
   Голубой
  </color>
  <material>
   Шелк
  </material>
  <price>
   275128
  </price>
  <rating>
   2.44
  </rating>
  <reviews>
   660781
  </reviews>
  <exclusive>
   yes
  </exclusive>
  <sporty>
   yes
  </sporty>
 </clothing>
 <clothing>
  <id>
   673573276
  </id>
  <name>
   Fila Socks R-1952
  </name>
  <category>
   Socks
  </category>
  <size>
   L
  </size>
  <color>
   Голубой
  </color>
  <material>
   Кожа
  </material>
  <price>
   792535
  </price>
  <rating>
   1.65
  </rating>
  <reviews>
   74978
  </reviews>
  <new>
   +
  </new>
  <exclusive>
   no
  </exclusive>
  <sporty>
   yes
  </sporty>
 </clothing>
 <clothing>
  <id>
   874983546
  </id>
  <name>
   Puma Umbrellas A-4212
  </name>
  <category>
   Umbrellas
  </category>
  <size>
   L
  </size>
  <color>
   Голубой
  </color>
  <material>
   Лен
  </material>
  <price>
   574485
  </price>
  <rating>
   4.19
  </rating>
  <reviews>
   423339
  </reviews>
  <new>
   +
  </new>
  <exclusive>
   no
  </exclusive>
 </clothing>
 <clothing>
  <id>
   332496822
  </id>
  <name>
   Nike Hat I-1163
  </name>
  <category>
   Hat
  </category>
  <size>
   M
  </size>
  <color>
   Желтый
  </color>
  <material>
   Шелк
  </material>
  <price>
   222960
  </price>
  <rating>
   2.33
  </rating>
  <reviews>
   627982
  </reviews>
  <exclusive>
   no
  </exclusive>
  <sporty>
   yes
  </sporty>
 </clothing>
 <clothing>
  <id>
   684746331
  </id>
  <name>
   Asics Shirt R-7814
  </name>
  <category>
   Shirt
  </category>
  <size>
   L
  </size>
  <color>
   Синий
  </color>
  <material>
   Шелк
  </material>
  <price>
   677273
  </price>
  <rating>
   3.43
  </rating>
  <reviews>
   34721
  </reviews>
  <new>
   -
  </new>
  <exclusive>
   no
  </exclusive>
 </clothing>
</clothing-items>
