<?xml version="1.0" encoding="utf-8"?>
<clothing-items>
 <clothing>
  <id>
   578317042
  </id>
  <name>
   Reebok Sweater G-9039
  </name>
  <category>
   Sweater
  </category>
  <size>
   S
  </size>
  <color>
   Фиолетовый
  </color>
  <material>
   Полиэстер
  </material>
  <price>
   823704
  </price>
  <rating>
   3.93
  </rating>
  <reviews>
   254867
  </reviews>
  <new>
   -
  </new>
  <sporty>
   no
  </sporty>
 </clothing>
 <clothing>
  <id>
   443936703
  </id>
  <name>
   Vans Umbrellas P-5813
  </name>
  <category>
   Umbrellas
  </category>
  <size>
   M
  </size>
  <color>
   Оранжевый
  </color>
  <material>
   Вискоза
  </material>
  <price>
   463550
  </price>
  <rating>
   1.26
  </rating>
  <reviews>
   250195
  </reviews>
  <new>
   +
  </new>
 </clothing>
 <clothing>
  <id>
   304961890
  </id>
  <name>
   PleinSport Socks Z-9736
  </name>
  <category>
   Socks
  </category>
  <size>
   M
  </size>
  <color>
   Красный
  </color>
  <material>
   Шелк
  </material>
  <price>
   862953
  </price>
  <rating>
   4.67
  </rating>
  <reviews>
   524351
  </reviews>
  <new>
   -
  </new>
  <exclusive>
   no
  </exclusive>
  <sporty>
   yes
  </sporty>
 </clothing>
 <clothing>
  <id>
   465654191
  </id>
  <name>
   Brooks Jacket H-2297
  </name>
  <category>
   Jacket
  </category>
  <size>
   XXL
  </size>
  <color>
   Желтый
  </color>
  <material>
   Кожа
  </material>
  <price>
   945211
  </price>
  <rating>
   1.35
  </rating>
  <reviews>
   70095
  </reviews>
  <new>
   +
  </new>
  <sporty>
   no
  </sporty>
 </clothing>
 <clothing>
  <id>
   985353942
  </id>
  <name>
   Reebok Hat B-4300
  </name>
  <category>
   Hat
  </category>
  <size>
   S
  </size>
  <color>
   Голубой
  </color>
  <material>
   Вискоза
  </material>
  <price>
   544605
  </price>
  <rating>
   3.5
  </rating>
  <reviews>
   426969
  </reviews>
 </clothing>
 <clothing>
  <id>
   782602063
  </id>
  <name>
   Vans Shoes O-9271
  </name>
  <category>
   Shoes
  </category>
  <size>
   XL
  </size>
  <color>
   Голубой
  </color>
  <material>
   Шелк
  </material>
  <price>
   262412
  </price>
  <rating>
   1.62
  </rating>
  <reviews>
   997598
  </reviews>
  <new>
   -
  </new>
  <sporty>
   no
  </sporty>
 </clothing>
 <clothing>
  <id>
   165481884
  </id>
  <name>
   Addidas Belts D-1374
  </name>
  <category>
   Belts
  </category>
  <size>
   XXL
  </size>
  <color>
   Зеленый
  </color>
  <material>
   Кожа
  </material>
  <price>
   550734
  </price>
  <rating>
   1.79
  </rating>
  <reviews>
   470082
  </reviews>
  <new>
   -
  </new>
  <sporty>
   no
  </sporty>
 </clothing>
 <clothing>
  <id>
   723831573
  </id>
  <name>
   Fila Blouse C-6536
  </name>
  <category>
   Blouse
  </category>
  <size>
   S
  </size>
  <color>
   Желтый
  </color>
  <material>
   Лен
  </material>
  <price>
   732625
  </price>
  <rating>
   1.98
  </rating>
  <reviews>
   918823
  </reviews>
  <exclusive>
   no
  </exclusive>
  <sporty>
   yes
  </sporty>
 </clothing>
 <clothing>
  <id>
   334526511
  </id>
  <name>
   Adidas Jeans W-2586
  </name>
  <category>
   Jeans
  </category>
  <size>
   M
  </size>
  <color>
   Оранжевый
  </color>
  <material>
   Шерсть
  </material>
  <price>
   820240
  </price>
  <rating>
   3.72
  </rating>
  <reviews>
   604325
  </reviews>
  <sporty>
   yes
  </sporty>
 </clothing>
 <clothing>
  <id>
   223665882
  </id>
  <name>
   Under Armour Sweater X-9769
  </name>
  <category>
   Sweater
  </category>
  <size>
   M
  </size>
  <color>
   Зеленый
  </color>
  <material>
   Вискоза
  </material>
  <price>
   886360
  </price>
  <rating>
   2.97
  </rating>
  <reviews>
   175764
  </reviews>
  <exclusive>
   no
  </exclusive>
 </clothing>
 <clothing>
  <id>
   129443750
  </id>
  <name>
   Ellesse Belts H-8239
  </name>
  <category>
   Belts
  </category>
  <size>
   XXL
  </size>
  <color>
   Зеленый
  </color>
  <material>
   Нейлон
  </material>
  <price>
   715409
  </price>
  <rating>
   3.36
  </rating>
  <reviews>
   799256
  </reviews>
  <exclusive>
   no
  </exclusive>
 </clothing>
 <clothing>
  <id>
   219554150
  </id>
  <name>
   Reebok Belts C-2710
  </name>
  <category>
   Belts
  </category>
  <size>
   L
  </size>
  <color>
   Фиолетовый
  </color>
  <material>
   Хлопок
  </material>
  <price>
   407131
  </price>
  <rating>
   3.69
  </rating>
  <reviews>
   383212
  </reviews>
  <exclusive>
   yes
  </exclusive>
 </clothing>
</clothing-items>
