<?xml version="1.0" encoding="utf-8"?>
<clothing-items>
 <clothing>
  <id>
   708967221
  </id>
  <name>
   Puma Jacket Z-3656
  </name>
  <category>
   Jacket
  </category>
  <size>
   XL
  </size>
  <color>
   Зеленый
  </color>
  <material>
   Вискоза
  </material>
  <price>
   294839
  </price>
  <rating>
   1.6
  </rating>
  <reviews>
   503720
  </reviews>
  <exclusive>
   no
  </exclusive>
  <sporty>
   yes
  </sporty>
 </clothing>
 <clothing>
  <id>
   824753805
  </id>
  <name>
   Brooks Blouse X-7145
  </name>
  <category>
   Blouse
  </category>
  <size>
   S
  </size>
  <color>
   Синий
  </color>
  <material>
   Шерсть
  </material>
  <price>
   567656
  </price>
  <rating>
   4.82
  </rating>
  <reviews>
   798177
  </reviews>
  <new>
   -
  </new>
 </clothing>
 <clothing>
  <id>
   215872538
  </id>
  <name>
   Puma Hat C-8553
  </name>
  <category>
   Hat
  </category>
  <size>
   L
  </size>
  <color>
   Фиолетовый
  </color>
  <material>
   Лен
  </material>
  <price>
   827833
  </price>
  <rating>
   2.16
  </rating>
  <reviews>
   923147
  </reviews>
  <exclusive>
   no
  </exclusive>
  <sporty>
   no
  </sporty>
 </clothing>
 <clothing>
  <id>
   960406559
  </id>
  <name>
   Vans Umbrellas A-9842
  </name>
  <category>
   Umbrellas
  </category>
  <size>
   L
  </size>
  <color>
   Зеленый
  </color>
  <material>
   Полиэстер
  </material>
  <price>
   594505
  </price>
  <rating>
   1.52
  </rating>
  <reviews>
   14616
  </reviews>
  <new>
   -
  </new>
 </clothing>
 <clothing>
  <id>
   891652517
  </id>
  <name>
   New Balance Handbags L-1987
  </name>
  <category>
   Handbags
  </category>
  <size>
   XXL
  </size>
  <color>
   Синий
  </color>
  <material>
   Вискоза
  </material>
  <price>
   238939
  </price>
  <rating>
   1.67
  </rating>
  <reviews>
   869673
  </reviews>
  <new>
   -
  </new>
  <exclusive>
   no
  </exclusive>
 </clothing>
 <clothing>
  <id>
   864620502
  </id>
  <name>
   Lacoste Socks Q-8731
  </name>
  <category>
   Socks
  </category>
  <size>
   M
  </size>
  <color>
   Оранжевый
  </color>
  <material>
   Хлопок
  </material>
  <price>
   104231
  </price>
  <rating>
   4.54
  </rating>
  <reviews>
   967411
  </reviews>
  <new>
   -
  </new>
  <exclusive>
   no
  </exclusive>
  <sporty>
   yes
  </sporty>
 </clothing>
 <clothing>
  <id>
   271885213
  </id>
  <name>
   Puma Jacket M-5035
  </name>
  <category>
   Jacket
  </category>
  <size>
   XXL
  </size>
  <color>
   Синий
  </color>
  <material>
   Лен
  </material>
  <price>
   925518
  </price>
  <rating>
   1.97
  </rating>
  <reviews>
   83516
  </reviews>
  <new>
   -
  </new>
  <exclusive>
   no
  </exclusive>
  <sporty>
   no
  </sporty>
 </clothing>
 <clothing>
  <id>
   695931723
  </id>
  <name>
   Reebok Socks F-8027
  </name>
  <category>
   Socks
  </category>
  <size>
   XL
  </size>
  <color>
   Красный
  </color>
  <material>
   Кожа
  </material>
  <price>
   395196
  </price>
  <rating>
   2.42
  </rating>
  <reviews>
   632642
  </reviews>
  <new>
   -
  </new>
  <exclusive>
   yes
  </exclusive>
  <sporty>
   yes
  </sporty>
 </clothing>
 <clothing>
  <id>
   990062792
  </id>
  <name>
   Addidas Pants S-6642
  </name>
  <category>
   Pants
  </category>
  <size>
   XXL
  </size>
  <color>
   Оранжевый
  </color>
  <material>
   Шелк
  </material>
  <price>
   256599
  </price>
  <rating>
   4.15
  </rating>
  <reviews>
   323393
  </reviews>
 </clothing>
 <clothing>
  <id>
   649524271
  </id>
  <name>
   Lacoste Blouse I-5509
  </name>
  <category>
   Blouse
  </category>
  <size>
   L
  </size>
  <color>
   Синий
  </color>
  <material>
   Нейлон
  </material>
  <price>
   640298
  </price>
  <rating>
   2.11
  </rating>
  <reviews>
   916862
  </reviews>
  <new>
   -
  </new>
  <sporty>
   yes
  </sporty>
 </clothing>
 <clothing>
  <id>
   918964074
  </id>
  <name>
   Under Armour Blouse W-7605
  </name>
  <category>
   Blouse
  </category>
  <size>
   M
  </size>
  <color>
   Зеленый
  </color>
  <material>
   Кожа
  </material>
  <price>
   476524
  </price>
  <rating>
   4.74
  </rating>
  <reviews>
   71135
  </reviews>
  <new>
   -
  </new>
  <exclusive>
   no
  </exclusive>
  <sporty>
   no
  </sporty>
 </clothing>
 <clothing>
  <id>
   442157675
  </id>
  <name>
   PleinSport Belts E-9710
  </name>
  <category>
   Belts
  </category>
  <size>
   L
  </size>
  <color>
   Оранжевый
  </color>
  <material>
   Нейлон
  </material>
  <price>
   212550
  </price>
  <rating>
   2.32
  </rating>
  <reviews>
   747390
  </reviews>
  <new>
   -
  </new>
  <exclusive>
   no
  </exclusive>
 </clothing>
 <clothing>
  <id>
   403711110
  </id>
  <name>
   Asics Sweater E-5597
  </name>
  <category>
   Sweater
  </category>
  <size>
   S
  </size>
  <color>
   Желтый
  </color>
  <material>
   Хлопок
  </material>
  <price>
   743183
  </price>
  <rating>
   3.01
  </rating>
  <reviews>
   835442
  </reviews>
  <exclusive>
   yes
  </exclusive>
  <sporty>
   no
  </sporty>
 </clothing>
 <clothing>
  <id>
   812188809
  </id>
  <name>
   Nike Socks U-4116
  </name>
  <category>
   Socks
  </category>
  <size>
   S
  </size>
  <color>
   Красный
  </color>
  <material>
   Лен
  </material>
  <price>
   748984
  </price>
  <rating>
   4.14
  </rating>
  <reviews>
   414265
  </reviews>
  <new>
   -
  </new>
  <exclusive>
   yes
  </exclusive>
  <sporty>
   yes
  </sporty>
 </clothing>
 <clothing>
  <id>
   154146986
  </id>
  <name>
   Puma Handbags Q-7661
  </name>
  <category>
   Handbags
  </category>
  <size>
   XL
  </size>
  <color>
   Фиолетовый
  </color>
  <material>
   Кожа
  </material>
  <price>
   372218
  </price>
  <rating>
   4.49
  </rating>
  <reviews>
   338393
  </reviews>
  <new>
   -
  </new>
  <exclusive>
   yes
  </exclusive>
 </clothing>
 <clothing>
  <id>
   974524434
  </id>
  <name>
   Asics Shirt W-1626
  </name>
  <category>
   Shirt
  </category>
  <size>
   XL
  </size>
  <color>
   Зеленый
  </color>
  <material>
   Хлопок
  </material>
  <price>
   856529
  </price>
  <rating>
   3.21
  </rating>
  <reviews>
   698028
  </reviews>
  <exclusive>
   yes
  </exclusive>
 </clothing>
 <clothing>
  <id>
   312459650
  </id>
  <name>
   Nike Pants I-7452
  </name>
  <category>
   Pants
  </category>
  <size>
   XL
  </size>
  <color>
   Зеленый
  </color>
  <material>
   Шерсть
  </material>
  <price>
   267101
  </price>
  <rating>
   2.14
  </rating>
  <reviews>
   107284
  </reviews>
  <new>
   +
  </new>
  <exclusive>
   no
  </exclusive>
  <sporty>
   yes
  </sporty>
 </clothing>
 <clothing>
  <id>
   827975613
  </id>
  <name>
   Lacoste Gloves M-2881
  </name>
  <category>
   Gloves
  </category>
  <size>
   L
  </size>
  <color>
   Оранжевый
  </color>
  <material>
   Кожа
  </material>
  <price>
   202038
  </price>
  <rating>
   2.15
  </rating>
  <reviews>
   852451
  </reviews>
  <new>
   -
  </new>
  <exclusive>
   no
  </exclusive>
  <sporty>
   no
  </sporty>
 </clothing>
 <clothing>
  <id>
   921743156
  </id>
  <name>
   New Balance Skirt Y-9014
  </name>
  <category>
   Skirt
  </category>
  <size>
   S
  </size>
  <color>
   Желтый
  </color>
  <material>
   Шелк
  </material>
  <price>
   825040
  </price>
  <rating>
   4.31
  </rating>
  <reviews>
   830352
  </reviews>
  <new>
   -
  </new>
  <exclusive>
   no
  </exclusive>
  <sporty>
   no
  </sporty>
 </clothing>
 <clothing>
  <id>
   468897640
  </id>
  <name>
   Fila Hat T-2903
  </name>
  <category>
   Hat
  </category>
  <size>
   XXL
  </size>
  <color>
   Зеленый
  </color>
  <material>
   Полиэстер
  </material>
  <price>
   212631
  </price>
  <rating>
   3.94
  </rating>
  <reviews>
   511106
  </reviews>
  <new>
   -
  </new>
  <exclusive>
   yes
  </exclusive>
 </clothing>
 <clothing>
  <id>
   788468342
  </id>
  <name>
   Asics Blouse C-3919
  </name>
  <category>
   Blouse
  </category>
  <size>
   L
  </size>
  <color>
   Синий
  </color>
  <material>
   Хлопок
  </material>
  <price>
   401516
  </price>
  <rating>
   3.14
  </rating>
  <reviews>
   8241
  </reviews>
  <new>
   -
  </new>
  <exclusive>
   no
  </exclusive>
  <sporty>
   no
  </sporty>
 </clothing>
 <clothing>
  <id>
   219809588
  </id>
  <name>
   Lacoste Blouse P-6520
  </name>
  <category>
   Blouse
  </category>
  <size>
   XL
  </size>
  <color>
   Красный
  </color>
  <material>
   Вискоза
  </material>
  <price>
   423022
  </price>
  <rating>
   4.66
  </rating>
  <reviews>
   587579
  </reviews>
  <new>
   -
  </new>
  <exclusive>
   no
  </exclusive>
 </clothing>
 <clothing>
  <id>
   605188998
  </id>
  <name>
   Nike Blouse S-5800
  </name>
  <category>
   Blouse
  </category>
  <size>
   XL
  </size>
  <color>
   Фиолетовый
  </color>
  <material>
   Лен
  </material>
  <price>
   421796
  </price>
  <rating>
   4.56
  </rating>
  <reviews>
   752234
  </reviews>
  <sporty>
   no
  </sporty>
 </clothing>
 <clothing>
  <id>
   583375463
  </id>
  <name>
   Vans Sweater F-3975
  </name>
  <category>
   Sweater
  </category>
  <size>
   XL
  </size>
  <color>
   Фиолетовый
  </color>
  <material>
   Вискоза
  </material>
  <price>
   312777
  </price>
  <rating>
   2.01
  </rating>
  <reviews>
   983117
  </reviews>
  <new>
   -
  </new>
  <exclusive>
   yes
  </exclusive>
 </clothing>
 <clothing>
  <id>
   676700109
  </id>
  <name>
   Adidas Shoes R-5611
  </name>
  <category>
   Shoes
  </category>
  <size>
   M
  </size>
  <color>
   Зеленый
  </color>
  <material>
   Хлопок
  </material>
  <price>
   981442
  </price>
  <rating>
   4.34
  </rating>
  <reviews>
   50559
  </reviews>
  <new>
   -
  </new>
  <sporty>
   no
  </sporty>
 </clothing>
 <clothing>
  <id>
   869112109
  </id>
  <name>
   Under Armour Handbags A-7759
  </name>
  <category>
   Handbags
  </category>
  <size>
   M
  </size>
  <color>
   Оранжевый
  </color>
  <material>
   Кожа
  </material>
  <price>
   143690
  </price>
  <rating>
   3.27
  </rating>
  <reviews>
   647715
  </reviews>
 </clothing>
 <clothing>
  <id>
   897387708
  </id>
  <name>
   Adidas Belts O-8639
  </name>
  <category>
   Belts
  </category>
  <size>
   S
  </size>
  <color>
   Фиолетовый
  </color>
  <material>
   Нейлон
  </material>
  <price>
   710119
  </price>
  <rating>
   1.3
  </rating>
  <reviews>
   660838
  </reviews>
  <exclusive>
   no
  </exclusive>
  <sporty>
   no
  </sporty>
 </clothing>
 <clothing>
  <id>
   561883457
  </id>
  <name>
   Lacoste Pants O-5660
  </name>
  <category>
   Pants
  </category>
  <size>
   XXL
  </size>
  <color>
   Синий
  </color>
  <material>
   Лен
  </material>
  <price>
   985175
  </price>
  <rating>
   1.2
  </rating>
  <reviews>
   646596
  </reviews>
  <new>
   +
  </new>
 </clothing>
 <clothing>
  <id>
   521433403
  </id>
  <name>
   Asics Shoes O-8265
  </name>
  <category>
   Shoes
  </category>
  <size>
   L
  </size>
  <color>
   Зеленый
  </color>
  <material>
   Шерсть
  </material>
  <price>
   162813
  </price>
  <rating>
   2.14
  </rating>
  <reviews>
   94253
  </reviews>
  <new>
   -
  </new>
  <sporty>
   no
  </sporty>
 </clothing>
 <clothing>
  <id>
   426949680
  </id>
  <name>
   Under Armour Hat K-5647
  </name>
  <category>
   Hat
  </category>
  <size>
   M
  </size>
  <color>
   Красный
  </color>
  <material>
   Шелк
  </material>
  <price>
   173351
  </price>
  <rating>
   2.56
  </rating>
  <reviews>
   598722
  </reviews>
  <new>
   +
  </new>
  <exclusive>
   no
  </exclusive>
  <sporty>
   no
  </sporty>
 </clothing>
 <clothing>
  <id>
   657191791
  </id>
  <name>
   Addidas Dress G-8457
  </name>
  <category>
   Dress
  </category>
  <size>
   S
  </size>
  <color>
   Зеленый
  </color>
  <material>
   Хлопок
  </material>
  <price>
   637566
  </price>
  <rating>
   2.8
  </rating>
  <reviews>
   56299
  </reviews>
  <exclusive>
   no
  </exclusive>
 </clothing>
 <clothing>
  <id>
   949198362
  </id>
  <name>
   DC Dress R-3070
  </name>
  <category>
   Dress
  </category>
  <size>
   M
  </size>
  <color>
   Зеленый
  </color>
  <material>
   Хлопок
  </material>
  <price>
   963168
  </price>
  <rating>
   1.91
  </rating>
  <reviews>
   872495
  </reviews>
  <new>
   -
  </new>
  <exclusive>
   yes
  </exclusive>
  <sporty>
   no
  </sporty>
 </clothing>
 <clothing>
  <id>
   624386934
  </id>
  <name>
   Nike Socks T-3542
  </name>
  <category>
   Socks
  </category>
  <size>
   XL
  </size>
  <color>
   Зеленый
  </color>
  <material>
   Вискоза
  </material>
  <price>
   385475
  </price>
  <rating>
   2.22
  </rating>
  <reviews>
   122928
  </reviews>
  <sporty>
   no
  </sporty>
 </clothing>
 <clothing>
  <id>
   228094616
  </id>
  <name>
   Vans Umbrellas U-9720
  </name>
  <category>
   Umbrellas
  </category>
  <size>
   L
  </size>
  <color>
   Оранжевый
  </color>
  <material>
   Хлопок
  </material>
  <price>
   894238
  </price>
  <rating>
   4.98
  </rating>
  <reviews>
   150378
  </reviews>
  <exclusive>
   no
  </exclusive>
 </clothing>
 <clothing>
  <id>
   106946518
  </id>
  <name>
   New Balance Pants R-7898
  </name>
  <category>
   Pants
  </category>
  <size>
   XL
  </size>
  <color>
   Синий
  </color>
  <material>
   Полиэстер
  </material>
  <price>
   668825
  </price>
  <rating>
   1.29
  </rating>
  <reviews>
   771069
  </reviews>
  <exclusive>
   no
  </exclusive>
  <sporty>
   yes
  </sporty>
 </clothing>
 <clothing>
  <id>
   287764031
  </id>
  <name>
   Converse Pants R-3279
  </name>
  <category>
   Pants
  </category>
  <size>
   XXL
  </size>
  <color>
   Зеленый
  </color>
  <material>
   Хлопок
  </material>
  <price>
   285686
  </price>
  <rating>
   4.14
  </rating>
  <reviews>
   92133
  </reviews>
  <new>
   -
  </new>
 </clothing>
 <clothing>
  <id>
   263234751
  </id>
  <name>
   Nike Sweater F-2000
  </name>
  <category>
   Sweater
  </category>
  <size>
   XXL
  </size>
  <color>
   Фиолетовый
  </color>
  <material>
   Шелк
  </material>
  <price>
   270242
  </price>
  <rating>
   4.36
  </rating>
  <reviews>
   574227
  </reviews>
  <new>
   -
  </new>
  <exclusive>
   yes
  </exclusive>
 </clothing>
 <clothing>
  <id>
   660602735
  </id>
  <name>
   PleinSport Belts Q-4803
  </name>
  <category>
   Belts
  </category>
  <size>
   S
  </size>
  <color>
   Фиолетовый
  </color>
  <material>
   Вискоза
  </material>
  <price>
   490337
  </price>
  <rating>
   2.71
  </rating>
  <reviews>
   116075
  </reviews>
  <new>
   +
  </new>
  <exclusive>
   no
  </exclusive>
  <sporty>
   no
  </sporty>
 </clothing>
 <clothing>
  <id>
   915949983
  </id>
  <name>
   Brooks Dress P-9045
  </name>
  <category>
   Dress
  </category>
  <size>
   S
  </size>
  <color>
   Синий
  </color>
  <material>
   Шелк
  </material>
  <price>
   873192
  </price>
  <rating>
   1.5
  </rating>
  <reviews>
   717999
  </reviews>
  <new>
   -
  </new>
  <exclusive>
   yes
  </exclusive>
 </clothing>
 <clothing>
  <id>
   496995228
  </id>
  <name>
   Ellesse T-shirt C-2836
  </name>
  <category>
   T-shirt
  </category>
  <size>
   M
  </size>
  <color>
   Фиолетовый
  </color>
  <material>
   Нейлон
  </material>
  <price>
   155721
  </price>
  <rating>
   1.64
  </rating>
  <reviews>
   906172
  </reviews>
  <new>
   -
  </new>
 </clothing>
 <clothing>
  <id>
   926212860
  </id>
  <name>
   Under Armour Socks X-2439
  </name>
  <category>
   Socks
  </category>
  <size>
   M
  </size>
  <color>
   Голубой
  </color>
  <material>
   Хлопок
  </material>
  <price>
   321447
  </price>
  <rating>
   1.26
  </rating>
  <reviews>
   809360
  </reviews>
  <exclusive>
   yes
  </exclusive>
 </clothing>
 <clothing>
  <id>
   572207794
  </id>
  <name>
   Converse T-shirt L-2917
  </name>
  <category>
   T-shirt
  </category>
  <size>
   S
  </size>
  <color>
   Голубой
  </color>
  <material>
   Лен
  </material>
  <price>
   360028
  </price>
  <rating>
   1.58
  </rating>
  <reviews>
   591172
  </reviews>
  <new>
   -
  </new>
 </clothing>
 <clothing>
  <id>
   301846219
  </id>
  <name>
   Vans Gloves J-8328
  </name>
  <category>
   Gloves
  </category>
  <size>
   S
  </size>
  <color>
   Оранжевый
  </color>
  <material>
   Лен
  </material>
  <price>
   876531
  </price>
  <rating>
   4.99
  </rating>
  <reviews>
   231359
  </reviews>
  <new>
   -
  </new>
  <sporty>
   no
  </sporty>
 </clothing>
 <clothing>
  <id>
   448813516
  </id>
  <name>
   New Balance Umbrellas O-4860
  </name>
  <category>
   Umbrellas
  </category>
  <size>
   L
  </size>
  <color>
   Желтый
  </color>
  <material>
   Полиэстер
  </material>
  <price>
   606669
  </price>
  <rating>
   4.63
  </rating>
  <reviews>
   327456
  </reviews>
  <new>
   -
  </new>
  <exclusive>
   no
  </exclusive>
 </clothing>
 <clothing>
  <id>
   836736444
  </id>
  <name>
   Vans Socks B-1815
  </name>
  <category>
   Socks
  </category>
  <size>
   S
  </size>
  <color>
   Красный
  </color>
  <material>
   Вискоза
  </material>
  <price>
   959706
  </price>
  <rating>
   3.26
  </rating>
  <reviews>
   412437
  </reviews>
  <exclusive>
   yes
  </exclusive>
  <sporty>
   no
  </sporty>
 </clothing>
 <clothing>
  <id>
   831090578
  </id>
  <name>
   Nike Pants C-7303
  </name>
  <category>
   Pants
  </category>
  <size>
   S
  </size>
  <color>
   Красный
  </color>
  <material>
   Шерсть
  </material>
  <price>
   676549
  </price>
  <rating>
   3.03
  </rating>
  <reviews>
   372390
  </reviews>
  <new>
   +
  </new>
 </clothing>
 <clothing>
  <id>
   569766871
  </id>
  <name>
   Lacoste Umbrellas T-8343
  </name>
  <category>
   Umbrellas
  </category>
  <size>
   XL
  </size>
  <color>
   Голубой
  </color>
  <material>
   Хлопок
  </material>
  <price>
   109358
  </price>
  <rating>
   2.28
  </rating>
  <reviews>
   610078
  </reviews>
  <new>
   -
  </new>
  <exclusive>
   yes
  </exclusive>
 </clothing>
 <clothing>
  <id>
   256981509
  </id>
  <name>
   Ellesse Hat C-7597
  </name>
  <category>
   Hat
  </category>
  <size>
   XL
  </size>
  <color>
   Желтый
  </color>
  <material>
   Лен
  </material>
  <price>
   247399
  </price>
  <rating>
   1.29
  </rating>
  <reviews>
   709408
  </reviews>
  <exclusive>
   no
  </exclusive>
 </clothing>
</clothing-items>
