<?xml version="1.0" encoding="utf-8"?>
<clothing-items>
 <clothing>
  <id>
   121359170
  </id>
  <name>
   Ellesse Socks Y-7334
  </name>
  <category>
   Socks
  </category>
  <size>
   M
  </size>
  <color>
   Синий
  </color>
  <material>
   Шелк
  </material>
  <price>
   822432
  </price>
  <rating>
   3.86
  </rating>
  <reviews>
   466398
  </reviews>
 </clothing>
 <clothing>
  <id>
   992083347
  </id>
  <name>
   Reebok Gloves T-3882
  </name>
  <category>
   Gloves
  </category>
  <size>
   XL
  </size>
  <color>
   Оранжевый
  </color>
  <material>
   Хлопок
  </material>
  <price>
   686596
  </price>
  <rating>
   1.25
  </rating>
  <reviews>
   652967
  </reviews>
  <new>
   -
  </new>
  <exclusive>
   no
  </exclusive>
 </clothing>
 <clothing>
  <id>
   630147594
  </id>
  <name>
   Lacoste Blouse G-4121
  </name>
  <category>
   Blouse
  </category>
  <size>
   XXL
  </size>
  <color>
   Желтый
  </color>
  <material>
   Хлопок
  </material>
  <price>
   162004
  </price>
  <rating>
   2.76
  </rating>
  <reviews>
   276765
  </reviews>
  <new>
   -
  </new>
  <exclusive>
   yes
  </exclusive>
 </clothing>
 <clothing>
  <id>
   979090824
  </id>
  <name>
   Ellesse Hat Q-8588
  </name>
  <category>
   Hat
  </category>
  <size>
   L
  </size>
  <color>
   Фиолетовый
  </color>
  <material>
   Лен
  </material>
  <price>
   574038
  </price>
  <rating>
   1.39
  </rating>
  <reviews>
   135693
  </reviews>
  <new>
   -
  </new>
  <sporty>
   yes
  </sporty>
 </clothing>
 <clothing>
  <id>
   342536057
  </id>
  <name>
   Converse Shoes O-9233
  </name>
  <category>
   Shoes
  </category>
  <size>
   S
  </size>
  <color>
   Фиолетовый
  </color>
  <material>
   Вискоза
  </material>
  <price>
   833589
  </price>
  <rating>
   2.1
  </rating>
  <reviews>
   530491
  </reviews>
  <exclusive>
   yes
  </exclusive>
 </clothing>
 <clothing>
  <id>
   693114660
  </id>
  <name>
   Lacoste Pants C-9614
  </name>
  <category>
   Pants
  </category>
  <size>
   XL
  </size>
  <color>
   Фиолетовый
  </color>
  <material>
   Кожа
  </material>
  <price>
   924492
  </price>
  <rating>
   3.41
  </rating>
  <reviews>
   978036
  </reviews>
  <sporty>
   no
  </sporty>
 </clothing>
 <clothing>
  <id>
   883012037
  </id>
  <name>
   Reebok Blouse O-5675
  </name>
  <category>
   Blouse
  </category>
  <size>
   S
  </size>
  <color>
   Голубой
  </color>
  <material>
   Вискоза
  </material>
  <price>
   918350
  </price>
  <rating>
   4.74
  </rating>
  <reviews>
   759820
  </reviews>
  <exclusive>
   no
  </exclusive>
  <sporty>
   no
  </sporty>
 </clothing>
 <clothing>
  <id>
   895661517
  </id>
  <name>
   PleinSport T-shirt A-1500
  </name>
  <category>
   T-shirt
  </category>
  <size>
   S
  </size>
  <color>
   Синий
  </color>
  <material>
   Лен
  </material>
  <price>
   274653
  </price>
  <rating>
   4.54
  </rating>
  <reviews>
   495115
  </reviews>
  <exclusive>
   no
  </exclusive>
  <sporty>
   no
  </sporty>
 </clothing>
 <clothing>
  <id>
   577752438
  </id>
  <name>
   PleinSport Socks S-1938
  </name>
  <category>
   Socks
  </category>
  <size>
   XL
  </size>
  <color>
   Голубой
  </color>
  <material>
   Вискоза
  </material>
  <price>
   247508
  </price>
  <rating>
   2.86
  </rating>
  <reviews>
   786482
  </reviews>
  <new>
   +
  </new>
  <sporty>
   yes
  </sporty>
 </clothing>
 <clothing>
  <id>
   838617908
  </id>
  <name>
   New Balance Dress I-5037
  </name>
  <category>
   Dress
  </category>
  <size>
   XXL
  </size>
  <color>
   Желтый
  </color>
  <material>
   Кожа
  </material>
  <price>
   506904
  </price>
  <rating>
   1.95
  </rating>
  <reviews>
   338581
  </reviews>
  <sporty>
   yes
  </sporty>
 </clothing>
 <clothing>
  <id>
   188337335
  </id>
  <name>
   Ellesse Gloves I-6412
  </name>
  <category>
   Gloves
  </category>
  <size>
   L
  </size>
  <color>
   Голубой
  </color>
  <material>
   Шерсть
  </material>
  <price>
   144816
  </price>
  <rating>
   4.15
  </rating>
  <reviews>
   861274
  </reviews>
  <new>
   -
  </new>
  <exclusive>
   no
  </exclusive>
  <sporty>
   no
  </sporty>
 </clothing>
 <clothing>
  <id>
   389572964
  </id>
  <name>
   Addidas Skirt V-5269
  </name>
  <category>
   Skirt
  </category>
  <size>
   XXL
  </size>
  <color>
   Оранжевый
  </color>
  <material>
   Вискоза
  </material>
  <price>
   137919
  </price>
  <rating>
   2.3
  </rating>
  <reviews>
   334961
  </reviews>
  <exclusive>
   no
  </exclusive>
 </clothing>
 <clothing>
  <id>
   409470278
  </id>
  <name>
   Addidas Umbrellas Y-4198
  </name>
  <category>
   Umbrellas
  </category>
  <size>
   S
  </size>
  <color>
   Синий
  </color>
  <material>
   Кожа
  </material>
  <price>
   866392
  </price>
  <rating>
   2.05
  </rating>
  <reviews>
   423231
  </reviews>
  <new>
   -
  </new>
  <sporty>
   no
  </sporty>
 </clothing>
 <clothing>
  <id>
   791423655
  </id>
  <name>
   PleinSport Handbags F-6195
  </name>
  <category>
   Handbags
  </category>
  <size>
   XXL
  </size>
  <color>
   Фиолетовый
  </color>
  <material>
   Полиэстер
  </material>
  <price>
   221587
  </price>
  <rating>
   4.88
  </rating>
  <reviews>
   356504
  </reviews>
  <new>
   -
  </new>
  <sporty>
   yes
  </sporty>
 </clothing>
 <clothing>
  <id>
   132193392
  </id>
  <name>
   Adidas Shirt S-6731
  </name>
  <category>
   Shirt
  </category>
  <size>
   L
  </size>
  <color>
   Голубой
  </color>
  <material>
   Полиэстер
  </material>
  <price>
   134005
  </price>
  <rating>
   2.63
  </rating>
  <reviews>
   39703
  </reviews>
  <new>
   -
  </new>
  <exclusive>
   yes
  </exclusive>
 </clothing>
 <clothing>
  <id>
   391363321
  </id>
  <name>
   Ellesse Belts O-9587
  </name>
  <category>
   Belts
  </category>
  <size>
   XL
  </size>
  <color>
   Желтый
  </color>
  <material>
   Шерсть
  </material>
  <price>
   255240
  </price>
  <rating>
   2.49
  </rating>
  <reviews>
   730065
  </reviews>
  <sporty>
   no
  </sporty>
 </clothing>
 <clothing>
  <id>
   211718256
  </id>
  <name>
   Nike Shoes Q-2244
  </name>
  <category>
   Shoes
  </category>
  <size>
   XL
  </size>
  <color>
   Желтый
  </color>
  <material>
   Нейлон
  </material>
  <price>
   171122
  </price>
  <rating>
   1.07
  </rating>
  <reviews>
   958574
  </reviews>
  <sporty>
   no
  </sporty>
 </clothing>
 <clothing>
  <id>
   494028988
  </id>
  <name>
   New Balance T-shirt P-3162
  </name>
  <category>
   T-shirt
  </category>
  <size>
   L
  </size>
  <color>
   Красный
  </color>
  <material>
   Кожа
  </material>
  <price>
   227910
  </price>
  <rating>
   4.88
  </rating>
  <reviews>
   187361
  </reviews>
  <new>
   +
  </new>
  <exclusive>
   no
  </exclusive>
  <sporty>
   yes
  </sporty>
 </clothing>
 <clothing>
  <id>
   833021872
  </id>
  <name>
   Converse Shirt W-1881
  </name>
  <category>
   Shirt
  </category>
  <size>
   M
  </size>
  <color>
   Голубой
  </color>
  <material>
   Кожа
  </material>
  <price>
   793263
  </price>
  <rating>
   2.17
  </rating>
  <reviews>
   261949
  </reviews>
  <new>
   +
  </new>
  <exclusive>
   no
  </exclusive>
  <sporty>
   yes
  </sporty>
 </clothing>
 <clothing>
  <id>
   210395713
  </id>
  <name>
   Vans Socks Y-1201
  </name>
  <category>
   Socks
  </category>
  <size>
   XXL
  </size>
  <color>
   Красный
  </color>
  <material>
   Полиэстер
  </material>
  <price>
   593522
  </price>
  <rating>
   2.44
  </rating>
  <reviews>
   869721
  </reviews>
  <new>
   -
  </new>
  <exclusive>
   no
  </exclusive>
  <sporty>
   no
  </sporty>
 </clothing>
 <clothing>
  <id>
   787893722
  </id>
  <name>
   Adidas Shirt W-9394
  </name>
  <category>
   Shirt
  </category>
  <size>
   L
  </size>
  <color>
   Голубой
  </color>
  <material>
   Вискоза
  </material>
  <price>
   361801
  </price>
  <rating>
   2.72
  </rating>
  <reviews>
   554912
  </reviews>
  <exclusive>
   yes
  </exclusive>
 </clothing>
 <clothing>
  <id>
   616828677
  </id>
  <name>
   Reebok Sweater T-1460
  </name>
  <category>
   Sweater
  </category>
  <size>
   L
  </size>
  <color>
   Фиолетовый
  </color>
  <material>
   Шелк
  </material>
  <price>
   869275
  </price>
  <rating>
   4.53
  </rating>
  <reviews>
   209098
  </reviews>
  <exclusive>
   no
  </exclusive>
  <sporty>
   no
  </sporty>
 </clothing>
 <clothing>
  <id>
   374340912
  </id>
  <name>
   Brooks Blouse N-5035
  </name>
  <category>
   Blouse
  </category>
  <size>
   M
  </size>
  <color>
   Желтый
  </color>
  <material>
   Полиэстер
  </material>
  <price>
   933053
  </price>
  <rating>
   3.78
  </rating>
  <reviews>
   640807
  </reviews>
  <new>
   +
  </new>
  <sporty>
   yes
  </sporty>
 </clothing>
 <clothing>
  <id>
   394777403
  </id>
  <name>
   Puma Belts R-6828
  </name>
  <category>
   Belts
  </category>
  <size>
   S
  </size>
  <color>
   Оранжевый
  </color>
  <material>
   Нейлон
  </material>
  <price>
   751989
  </price>
  <rating>
   1.0
  </rating>
  <reviews>
   459515
  </reviews>
  <new>
   -
  </new>
  <exclusive>
   no
  </exclusive>
  <sporty>
   no
  </sporty>
 </clothing>
 <clothing>
  <id>
   958694917
  </id>
  <name>
   Brooks Socks S-2991
  </name>
  <category>
   Socks
  </category>
  <size>
   XXL
  </size>
  <color>
   Красный
  </color>
  <material>
   Лен
  </material>
  <price>
   732542
  </price>
  <rating>
   1.59
  </rating>
  <reviews>
   174149
  </reviews>
  <new>
   +
  </new>
  <exclusive>
   yes
  </exclusive>
 </clothing>
 <clothing>
  <id>
   803473546
  </id>
  <name>
   Under Armour Gloves J-6722
  </name>
  <category>
   Gloves
  </category>
  <size>
   M
  </size>
  <color>
   Зеленый
  </color>
  <material>
   Хлопок
  </material>
  <price>
   511406
  </price>
  <rating>
   4.43
  </rating>
  <reviews>
   340570
  </reviews>
  <new>
   +
  </new>
  <exclusive>
   no
  </exclusive>
 </clothing>
</clothing-items>
