<?xml version="1.0" encoding="utf-8"?>
<clothing-items>
 <clothing>
  <id>
   268626376
  </id>
  <name>
   Under Armour Sweater V-7671
  </name>
  <category>
   Sweater
  </category>
  <size>
   L
  </size>
  <color>
   Красный
  </color>
  <material>
   Полиэстер
  </material>
  <price>
   235651
  </price>
  <rating>
   4.31
  </rating>
  <reviews>
   721628
  </reviews>
 </clothing>
 <clothing>
  <id>
   944507910
  </id>
  <name>
   Asics Shirt Z-3188
  </name>
  <category>
   Shirt
  </category>
  <size>
   XL
  </size>
  <color>
   Фиолетовый
  </color>
  <material>
   Кожа
  </material>
  <price>
   556784
  </price>
  <rating>
   4.37
  </rating>
  <reviews>
   811679
  </reviews>
 </clothing>
 <clothing>
  <id>
   936835399
  </id>
  <name>
   PleinSport Hat W-6924
  </name>
  <category>
   Hat
  </category>
  <size>
   L
  </size>
  <color>
   Красный
  </color>
  <material>
   Шерсть
  </material>
  <price>
   109719
  </price>
  <rating>
   3.56
  </rating>
  <reviews>
   375855
  </reviews>
  <exclusive>
   no
  </exclusive>
  <sporty>
   yes
  </sporty>
 </clothing>
 <clothing>
  <id>
   751020185
  </id>
  <name>
   Nike Sweater K-2570
  </name>
  <category>
   Sweater
  </category>
  <size>
   L
  </size>
  <color>
   Оранжевый
  </color>
  <material>
   Шелк
  </material>
  <price>
   188989
  </price>
  <rating>
   3.54
  </rating>
  <reviews>
   912511
  </reviews>
  <new>
   -
  </new>
 </clothing>
 <clothing>
  <id>
   561442283
  </id>
  <name>
   Addidas Pants C-1829
  </name>
  <category>
   Pants
  </category>
  <size>
   M
  </size>
  <color>
   Оранжевый
  </color>
  <material>
   Лен
  </material>
  <price>
   727578
  </price>
  <rating>
   2.23
  </rating>
  <reviews>
   261803
  </reviews>
  <new>
   -
  </new>
 </clothing>
 <clothing>
  <id>
   363267528
  </id>
  <name>
   Nike Umbrellas Z-5983
  </name>
  <category>
   Umbrellas
  </category>
  <size>
   XL
  </size>
  <color>
   Синий
  </color>
  <material>
   Вискоза
  </material>
  <price>
   142411
  </price>
  <rating>
   1.06
  </rating>
  <reviews>
   664331
  </reviews>
  <new>
   +
  </new>
  <sporty>
   no
  </sporty>
 </clothing>
 <clothing>
  <id>
   684425536
  </id>
  <name>
   PleinSport Belts A-1209
  </name>
  <category>
   Belts
  </category>
  <size>
   XXL
  </size>
  <color>
   Зеленый
  </color>
  <material>
   Шелк
  </material>
  <price>
   695173
  </price>
  <rating>
   3.38
  </rating>
  <reviews>
   445976
  </reviews>
  <new>
   -
  </new>
 </clothing>
 <clothing>
  <id>
   434981056
  </id>
  <name>
   Ellesse Shoes B-2218
  </name>
  <category>
   Shoes
  </category>
  <size>
   L
  </size>
  <color>
   Зеленый
  </color>
  <material>
   Хлопок
  </material>
  <price>
   944184
  </price>
  <rating>
   4.52
  </rating>
  <reviews>
   990397
  </reviews>
  <exclusive>
   no
  </exclusive>
 </clothing>
 <clothing>
  <id>
   354201498
  </id>
  <name>
   Puma Gloves J-7727
  </name>
  <category>
   Gloves
  </category>
  <size>
   XXL
  </size>
  <color>
   Голубой
  </color>
  <material>
   Вискоза
  </material>
  <price>
   572426
  </price>
  <rating>
   4.71
  </rating>
  <reviews>
   940373
  </reviews>
  <exclusive>
   no
  </exclusive>
 </clothing>
 <clothing>
  <id>
   337282568
  </id>
  <name>
   New Balance Sweater F-3903
  </name>
  <category>
   Sweater
  </category>
  <size>
   L
  </size>
  <color>
   Оранжевый
  </color>
  <material>
   Шелк
  </material>
  <price>
   463569
  </price>
  <rating>
   4.16
  </rating>
  <reviews>
   549508
  </reviews>
  <sporty>
   yes
  </sporty>
 </clothing>
 <clothing>
  <id>
   502724796
  </id>
  <name>
   Lacoste Umbrellas I-4091
  </name>
  <category>
   Umbrellas
  </category>
  <size>
   L
  </size>
  <color>
   Желтый
  </color>
  <material>
   Кожа
  </material>
  <price>
   711333
  </price>
  <rating>
   1.84
  </rating>
  <reviews>
   152932
  </reviews>
  <new>
   +
  </new>
 </clothing>
 <clothing>
  <id>
   196013531
  </id>
  <name>
   New Balance Belts S-6998
  </name>
  <category>
   Belts
  </category>
  <size>
   XL
  </size>
  <color>
   Голубой
  </color>
  <material>
   Кожа
  </material>
  <price>
   570278
  </price>
  <rating>
   2.64
  </rating>
  <reviews>
   205906
  </reviews>
  <new>
   +
  </new>
  <exclusive>
   yes
  </exclusive>
  <sporty>
   no
  </sporty>
 </clothing>
 <clothing>
  <id>
   122961941
  </id>
  <name>
   DC Umbrellas J-4748
  </name>
  <category>
   Umbrellas
  </category>
  <size>
   XXL
  </size>
  <color>
   Красный
  </color>
  <material>
   Нейлон
  </material>
  <price>
   165783
  </price>
  <rating>
   3.98
  </rating>
  <reviews>
   730094
  </reviews>
  <sporty>
   no
  </sporty>
 </clothing>
 <clothing>
  <id>
   715699643
  </id>
  <name>
   Puma Sweater L-2359
  </name>
  <category>
   Sweater
  </category>
  <size>
   XL
  </size>
  <color>
   Оранжевый
  </color>
  <material>
   Шелк
  </material>
  <price>
   585875
  </price>
  <rating>
   2.19
  </rating>
  <reviews>
   955777
  </reviews>
  <sporty>
   yes
  </sporty>
 </clothing>
 <clothing>
  <id>
   525796472
  </id>
  <name>
   Asics Belts F-4793
  </name>
  <category>
   Belts
  </category>
  <size>
   XL
  </size>
  <color>
   Красный
  </color>
  <material>
   Лен
  </material>
  <price>
   641099
  </price>
  <rating>
   4.0
  </rating>
  <reviews>
   231554
  </reviews>
  <new>
   -
  </new>
  <sporty>
   no
  </sporty>
 </clothing>
 <clothing>
  <id>
   299484701
  </id>
  <name>
   Fila Umbrellas J-6446
  </name>
  <category>
   Umbrellas
  </category>
  <size>
   XL
  </size>
  <color>
   Зеленый
  </color>
  <material>
   Шелк
  </material>
  <price>
   590642
  </price>
  <rating>
   2.54
  </rating>
  <reviews>
   328123
  </reviews>
  <exclusive>
   no
  </exclusive>
  <sporty>
   yes
  </sporty>
 </clothing>
 <clothing>
  <id>
   736074000
  </id>
  <name>
   PleinSport T-shirt R-2173
  </name>
  <category>
   T-shirt
  </category>
  <size>
   M
  </size>
  <color>
   Фиолетовый
  </color>
  <material>
   Нейлон
  </material>
  <price>
   421462
  </price>
  <rating>
   3.51
  </rating>
  <reviews>
   272903
  </reviews>
  <exclusive>
   no
  </exclusive>
 </clothing>
 <clothing>
  <id>
   158455404
  </id>
  <name>
   Asics Sweater E-3664
  </name>
  <category>
   Sweater
  </category>
  <size>
   S
  </size>
  <color>
   Синий
  </color>
  <material>
   Лен
  </material>
  <price>
   625254
  </price>
  <rating>
   1.03
  </rating>
  <reviews>
   614304
  </reviews>
  <new>
   +
  </new>
  <exclusive>
   no
  </exclusive>
  <sporty>
   no
  </sporty>
 </clothing>
 <clothing>
  <id>
   261487960
  </id>
  <name>
   Addidas T-shirt G-4969
  </name>
  <category>
   T-shirt
  </category>
  <size>
   XXL
  </size>
  <color>
   Синий
  </color>
  <material>
   Шерсть
  </material>
  <price>
   538902
  </price>
  <rating>
   3.37
  </rating>
  <reviews>
   406220
  </reviews>
  <new>
   -
  </new>
  <sporty>
   no
  </sporty>
 </clothing>
 <clothing>
  <id>
   439654501
  </id>
  <name>
   Ellesse Jacket X-2653
  </name>
  <category>
   Jacket
  </category>
  <size>
   L
  </size>
  <color>
   Красный
  </color>
  <material>
   Нейлон
  </material>
  <price>
   589333
  </price>
  <rating>
   2.97
  </rating>
  <reviews>
   441177
  </reviews>
 </clothing>
 <clothing>
  <id>
   593760165
  </id>
  <name>
   Ellesse Skirt Z-1551
  </name>
  <category>
   Skirt
  </category>
  <size>
   XXL
  </size>
  <color>
   Голубой
  </color>
  <material>
   Шелк
  </material>
  <price>
   993564
  </price>
  <rating>
   3.87
  </rating>
  <reviews>
   382529
  </reviews>
  <new>
   -
  </new>
  <exclusive>
   yes
  </exclusive>
 </clothing>
 <clothing>
  <id>
   253304472
  </id>
  <name>
   Adidas T-shirt Q-8297
  </name>
  <category>
   T-shirt
  </category>
  <size>
   XXL
  </size>
  <color>
   Красный
  </color>
  <material>
   Шерсть
  </material>
  <price>
   454506
  </price>
  <rating>
   4.1
  </rating>
  <reviews>
   844783
  </reviews>
  <new>
   -
  </new>
  <exclusive>
   no
  </exclusive>
  <sporty>
   no
  </sporty>
 </clothing>
 <clothing>
  <id>
   258691092
  </id>
  <name>
   Asics Blouse Y-8209
  </name>
  <category>
   Blouse
  </category>
  <size>
   L
  </size>
  <color>
   Голубой
  </color>
  <material>
   Нейлон
  </material>
  <price>
   213452
  </price>
  <rating>
   3.12
  </rating>
  <reviews>
   580055
  </reviews>
  <new>
   -
  </new>
  <exclusive>
   no
  </exclusive>
  <sporty>
   yes
  </sporty>
 </clothing>
</clothing-items>
