<?xml version="1.0" encoding="utf-8"?>
<clothing-items>
 <clothing>
  <id>
   202765565
  </id>
  <name>
   Under Armour Jeans V-6045
  </name>
  <category>
   Jeans
  </category>
  <size>
   L
  </size>
  <color>
   Зеленый
  </color>
  <material>
   Хлопок
  </material>
  <price>
   734205
  </price>
  <rating>
   3.73
  </rating>
  <reviews>
   131883
  </reviews>
  <new>
   -
  </new>
  <sporty>
   no
  </sporty>
 </clothing>
 <clothing>
  <id>
   230976220
  </id>
  <name>
   Adidas Skirt V-4420
  </name>
  <category>
   Skirt
  </category>
  <size>
   S
  </size>
  <color>
   Синий
  </color>
  <material>
   Хлопок
  </material>
  <price>
   247908
  </price>
  <rating>
   2.32
  </rating>
  <reviews>
   973213
  </reviews>
  <new>
   -
  </new>
  <exclusive>
   yes
  </exclusive>
  <sporty>
   no
  </sporty>
 </clothing>
 <clothing>
  <id>
   299586062
  </id>
  <name>
   Vans Jeans K-2739
  </name>
  <category>
   Jeans
  </category>
  <size>
   S
  </size>
  <color>
   Оранжевый
  </color>
  <material>
   Хлопок
  </material>
  <price>
   901287
  </price>
  <rating>
   4.24
  </rating>
  <reviews>
   53414
  </reviews>
  <new>
   -
  </new>
  <exclusive>
   no
  </exclusive>
  <sporty>
   yes
  </sporty>
 </clothing>
 <clothing>
  <id>
   584770134
  </id>
  <name>
   Converse Shoes N-7821
  </name>
  <category>
   Shoes
  </category>
  <size>
   XL
  </size>
  <color>
   Зеленый
  </color>
  <material>
   Вискоза
  </material>
  <price>
   370428
  </price>
  <rating>
   4.18
  </rating>
  <reviews>
   355679
  </reviews>
  <new>
   -
  </new>
  <sporty>
   yes
  </sporty>
 </clothing>
 <clothing>
  <id>
   539477897
  </id>
  <name>
   Nike Belts V-4145
  </name>
  <category>
   Belts
  </category>
  <size>
   S
  </size>
  <color>
   Голубой
  </color>
  <material>
   Хлопок
  </material>
  <price>
   575989
  </price>
  <rating>
   4.3
  </rating>
  <reviews>
   589460
  </reviews>
 </clothing>
 <clothing>
  <id>
   274845896
  </id>
  <name>
   Fila Blouse G-9594
  </name>
  <category>
   Blouse
  </category>
  <size>
   L
  </size>
  <color>
   Красный
  </color>
  <material>
   Полиэстер
  </material>
  <price>
   732686
  </price>
  <rating>
   3.59
  </rating>
  <reviews>
   958360
  </reviews>
  <new>
   +
  </new>
  <exclusive>
   no
  </exclusive>
 </clothing>
 <clothing>
  <id>
   373706280
  </id>
  <name>
   PleinSport Hat J-9638
  </name>
  <category>
   Hat
  </category>
  <size>
   XL
  </size>
  <color>
   Фиолетовый
  </color>
  <material>
   Вискоза
  </material>
  <price>
   871354
  </price>
  <rating>
   2.15
  </rating>
  <reviews>
   30133
  </reviews>
 </clothing>
 <clothing>
  <id>
   143504091
  </id>
  <name>
   PleinSport Blouse H-5926
  </name>
  <category>
   Blouse
  </category>
  <size>
   XL
  </size>
  <color>
   Фиолетовый
  </color>
  <material>
   Шелк
  </material>
  <price>
   919768
  </price>
  <rating>
   4.33
  </rating>
  <reviews>
   495686
  </reviews>
  <new>
   +
  </new>
 </clothing>
 <clothing>
  <id>
   868646449
  </id>
  <name>
   PleinSport Shoes B-7755
  </name>
  <category>
   Shoes
  </category>
  <size>
   L
  </size>
  <color>
   Оранжевый
  </color>
  <material>
   Вискоза
  </material>
  <price>
   816932
  </price>
  <rating>
   4.02
  </rating>
  <reviews>
   609831
  </reviews>
  <exclusive>
   no
  </exclusive>
 </clothing>
 <clothing>
  <id>
   541674470
  </id>
  <name>
   Lacoste Umbrellas D-7270
  </name>
  <category>
   Umbrellas
  </category>
  <size>
   XXL
  </size>
  <color>
   Желтый
  </color>
  <material>
   Кожа
  </material>
  <price>
   615241
  </price>
  <rating>
   2.1
  </rating>
  <reviews>
   868968
  </reviews>
  <exclusive>
   yes
  </exclusive>
  <sporty>
   no
  </sporty>
 </clothing>
 <clothing>
  <id>
   973170315
  </id>
  <name>
   Converse Dress S-3794
  </name>
  <category>
   Dress
  </category>
  <size>
   M
  </size>
  <color>
   Фиолетовый
  </color>
  <material>
   Вискоза
  </material>
  <price>
   605442
  </price>
  <rating>
   3.84
  </rating>
  <reviews>
   190520
  </reviews>
  <new>
   +
  </new>
  <sporty>
   no
  </sporty>
 </clothing>
 <clothing>
  <id>
   653244411
  </id>
  <name>
   Reebok Shoes O-5606
  </name>
  <category>
   Shoes
  </category>
  <size>
   L
  </size>
  <color>
   Фиолетовый
  </color>
  <material>
   Хлопок
  </material>
  <price>
   144613
  </price>
  <rating>
   3.8
  </rating>
  <reviews>
   232330
  </reviews>
  <exclusive>
   no
  </exclusive>
 </clothing>
 <clothing>
  <id>
   667722602
  </id>
  <name>
   DC Belts H-3257
  </name>
  <category>
   Belts
  </category>
  <size>
   XXL
  </size>
  <color>
   Зеленый
  </color>
  <material>
   Полиэстер
  </material>
  <price>
   132514
  </price>
  <rating>
   1.75
  </rating>
  <reviews>
   976212
  </reviews>
  <sporty>
   no
  </sporty>
 </clothing>
 <clothing>
  <id>
   344219386
  </id>
  <name>
   Converse Shoes E-1528
  </name>
  <category>
   Shoes
  </category>
  <size>
   XXL
  </size>
  <color>
   Красный
  </color>
  <material>
   Кожа
  </material>
  <price>
   661080
  </price>
  <rating>
   2.53
  </rating>
  <reviews>
   131006
  </reviews>
  <exclusive>
   no
  </exclusive>
  <sporty>
   no
  </sporty>
 </clothing>
 <clothing>
  <id>
   621502000
  </id>
  <name>
   Fila Hat Q-5167
  </name>
  <category>
   Hat
  </category>
  <size>
   XXL
  </size>
  <color>
   Синий
  </color>
  <material>
   Шелк
  </material>
  <price>
   684272
  </price>
  <rating>
   2.73
  </rating>
  <reviews>
   124546
  </reviews>
  <new>
   -
  </new>
 </clothing>
 <clothing>
  <id>
   940169451
  </id>
  <name>
   DC Skirt J-1466
  </name>
  <category>
   Skirt
  </category>
  <size>
   XXL
  </size>
  <color>
   Зеленый
  </color>
  <material>
   Кожа
  </material>
  <price>
   748728
  </price>
  <rating>
   1.81
  </rating>
  <reviews>
   427123
  </reviews>
 </clothing>
 <clothing>
  <id>
   127492792
  </id>
  <name>
   Asics Sweater X-4043
  </name>
  <category>
   Sweater
  </category>
  <size>
   S
  </size>
  <color>
   Красный
  </color>
  <material>
   Вискоза
  </material>
  <price>
   689263
  </price>
  <rating>
   2.96
  </rating>
  <reviews>
   594672
  </reviews>
  <sporty>
   yes
  </sporty>
 </clothing>
 <clothing>
  <id>
   150147435
  </id>
  <name>
   New Balance Pants A-8715
  </name>
  <category>
   Pants
  </category>
  <size>
   XXL
  </size>
  <color>
   Красный
  </color>
  <material>
   Шерсть
  </material>
  <price>
   642435
  </price>
  <rating>
   4.01
  </rating>
  <reviews>
   622879
  </reviews>
  <new>
   -
  </new>
 </clothing>
 <clothing>
  <id>
   714093486
  </id>
  <name>
   Under Armour Jacket W-9838
  </name>
  <category>
   Jacket
  </category>
  <size>
   M
  </size>
  <color>
   Зеленый
  </color>
  <material>
   Нейлон
  </material>
  <price>
   663757
  </price>
  <rating>
   2.8
  </rating>
  <reviews>
   77079
  </reviews>
  <exclusive>
   no
  </exclusive>
  <sporty>
   yes
  </sporty>
 </clothing>
 <clothing>
  <id>
   290325250
  </id>
  <name>
   Adidas Jacket V-1892
  </name>
  <category>
   Jacket
  </category>
  <size>
   M
  </size>
  <color>
   Фиолетовый
  </color>
  <material>
   Хлопок
  </material>
  <price>
   744192
  </price>
  <rating>
   1.63
  </rating>
  <reviews>
   111240
  </reviews>
  <new>
   -
  </new>
  <sporty>
   no
  </sporty>
 </clothing>
 <clothing>
  <id>
   668547944
  </id>
  <name>
   New Balance Pants T-5431
  </name>
  <category>
   Pants
  </category>
  <size>
   L
  </size>
  <color>
   Оранжевый
  </color>
  <material>
   Лен
  </material>
  <price>
   521630
  </price>
  <rating>
   3.37
  </rating>
  <reviews>
   844121
  </reviews>
  <new>
   -
  </new>
 </clothing>
 <clothing>
  <id>
   278447786
  </id>
  <name>
   PleinSport Shirt C-9049
  </name>
  <category>
   Shirt
  </category>
  <size>
   XXL
  </size>
  <color>
   Синий
  </color>
  <material>
   Лен
  </material>
  <price>
   187276
  </price>
  <rating>
   4.75
  </rating>
  <reviews>
   274106
  </reviews>
  <sporty>
   no
  </sporty>
 </clothing>
 <clothing>
  <id>
   185656413
  </id>
  <name>
   Addidas T-shirt I-3805
  </name>
  <category>
   T-shirt
  </category>
  <size>
   XXL
  </size>
  <color>
   Фиолетовый
  </color>
  <material>
   Хлопок
  </material>
  <price>
   703639
  </price>
  <rating>
   2.02
  </rating>
  <reviews>
   304485
  </reviews>
  <new>
   +
  </new>
  <exclusive>
   no
  </exclusive>
 </clothing>
 <clothing>
  <id>
   365437173
  </id>
  <name>
   Fila T-shirt T-4150
  </name>
  <category>
   T-shirt
  </category>
  <size>
   XL
  </size>
  <color>
   Оранжевый
  </color>
  <material>
   Вискоза
  </material>
  <price>
   155835
  </price>
  <rating>
   4.04
  </rating>
  <reviews>
   625035
  </reviews>
  <new>
   +
  </new>
  <exclusive>
   no
  </exclusive>
 </clothing>
 <clothing>
  <id>
   665965075
  </id>
  <name>
   Addidas Shirt U-9710
  </name>
  <category>
   Shirt
  </category>
  <size>
   L
  </size>
  <color>
   Фиолетовый
  </color>
  <material>
   Вискоза
  </material>
  <price>
   131192
  </price>
  <rating>
   3.07
  </rating>
  <reviews>
   780431
  </reviews>
 </clothing>
 <clothing>
  <id>
   495166528
  </id>
  <name>
   Nike Blouse D-4110
  </name>
  <category>
   Blouse
  </category>
  <size>
   S
  </size>
  <color>
   Красный
  </color>
  <material>
   Полиэстер
  </material>
  <price>
   547731
  </price>
  <rating>
   1.37
  </rating>
  <reviews>
   824890
  </reviews>
  <sporty>
   no
  </sporty>
 </clothing>
 <clothing>
  <id>
   789982558
  </id>
  <name>
   Asics Dress L-1219
  </name>
  <category>
   Dress
  </category>
  <size>
   S
  </size>
  <color>
   Оранжевый
  </color>
  <material>
   Полиэстер
  </material>
  <price>
   586138
  </price>
  <rating>
   4.3
  </rating>
  <reviews>
   485220
  </reviews>
  <new>
   +
  </new>
  <sporty>
   yes
  </sporty>
 </clothing>
 <clothing>
  <id>
   831733798
  </id>
  <name>
   Vans Hat X-8847
  </name>
  <category>
   Hat
  </category>
  <size>
   XL
  </size>
  <color>
   Красный
  </color>
  <material>
   Шерсть
  </material>
  <price>
   492633
  </price>
  <rating>
   1.02
  </rating>
  <reviews>
   127517
  </reviews>
  <new>
   -
  </new>
  <sporty>
   yes
  </sporty>
 </clothing>
 <clothing>
  <id>
   782355470
  </id>
  <name>
   DC Belts N-2213
  </name>
  <category>
   Belts
  </category>
  <size>
   L
  </size>
  <color>
   Синий
  </color>
  <material>
   Нейлон
  </material>
  <price>
   436380
  </price>
  <rating>
   1.2
  </rating>
  <reviews>
   948884
  </reviews>
  <new>
   -
  </new>
  <exclusive>
   no
  </exclusive>
  <sporty>
   yes
  </sporty>
 </clothing>
 <clothing>
  <id>
   435471194
  </id>
  <name>
   Addidas Pants V-3994
  </name>
  <category>
   Pants
  </category>
  <size>
   M
  </size>
  <color>
   Желтый
  </color>
  <material>
   Шелк
  </material>
  <price>
   789660
  </price>
  <rating>
   4.3
  </rating>
  <reviews>
   904291
  </reviews>
  <new>
   +
  </new>
  <exclusive>
   yes
  </exclusive>
  <sporty>
   yes
  </sporty>
 </clothing>
 <clothing>
  <id>
   397461938
  </id>
  <name>
   Brooks Socks E-3912
  </name>
  <category>
   Socks
  </category>
  <size>
   XXL
  </size>
  <color>
   Красный
  </color>
  <material>
   Полиэстер
  </material>
  <price>
   459952
  </price>
  <rating>
   3.64
  </rating>
  <reviews>
   87022
  </reviews>
  <new>
   +
  </new>
  <exclusive>
   no
  </exclusive>
  <sporty>
   no
  </sporty>
 </clothing>
 <clothing>
  <id>
   761016980
  </id>
  <name>
   Brooks T-shirt Y-6566
  </name>
  <category>
   T-shirt
  </category>
  <size>
   XL
  </size>
  <color>
   Синий
  </color>
  <material>
   Шелк
  </material>
  <price>
   360673
  </price>
  <rating>
   2.33
  </rating>
  <reviews>
   754963
  </reviews>
  <new>
   -
  </new>
  <exclusive>
   no
  </exclusive>
 </clothing>
 <clothing>
  <id>
   235520485
  </id>
  <name>
   Fila Hat F-4861
  </name>
  <category>
   Hat
  </category>
  <size>
   M
  </size>
  <color>
   Желтый
  </color>
  <material>
   Лен
  </material>
  <price>
   874040
  </price>
  <rating>
   2.95
  </rating>
  <reviews>
   596896
  </reviews>
  <exclusive>
   no
  </exclusive>
  <sporty>
   no
  </sporty>
 </clothing>
 <clothing>
  <id>
   608187657
  </id>
  <name>
   PleinSport Jeans G-9832
  </name>
  <category>
   Jeans
  </category>
  <size>
   L
  </size>
  <color>
   Красный
  </color>
  <material>
   Полиэстер
  </material>
  <price>
   758137
  </price>
  <rating>
   2.21
  </rating>
  <reviews>
   567025
  </reviews>
  <exclusive>
   no
  </exclusive>
  <sporty>
   no
  </sporty>
 </clothing>
 <clothing>
  <id>
   291550183
  </id>
  <name>
   Converse Umbrellas Y-9555
  </name>
  <category>
   Umbrellas
  </category>
  <size>
   S
  </size>
  <color>
   Зеленый
  </color>
  <material>
   Нейлон
  </material>
  <price>
   511831
  </price>
  <rating>
   4.59
  </rating>
  <reviews>
   266969
  </reviews>
  <exclusive>
   no
  </exclusive>
  <sporty>
   yes
  </sporty>
 </clothing>
</clothing-items>
