<?xml version="1.0" encoding="utf-8"?>
<clothing-items>
 <clothing>
  <id>
   288099688
  </id>
  <name>
   Asics Belts T-3905
  </name>
  <category>
   Belts
  </category>
  <size>
   XL
  </size>
  <color>
   Красный
  </color>
  <material>
   Полиэстер
  </material>
  <price>
   682541
  </price>
  <rating>
   4.55
  </rating>
  <reviews>
   413178
  </reviews>
  <new>
   -
  </new>
  <exclusive>
   no
  </exclusive>
  <sporty>
   no
  </sporty>
 </clothing>
 <clothing>
  <id>
   479111211
  </id>
  <name>
   Asics Shirt U-9238
  </name>
  <category>
   Shirt
  </category>
  <size>
   M
  </size>
  <color>
   Красный
  </color>
  <material>
   Полиэстер
  </material>
  <price>
   570755
  </price>
  <rating>
   2.72
  </rating>
  <reviews>
   609575
  </reviews>
  <new>
   -
  </new>
  <sporty>
   yes
  </sporty>
 </clothing>
 <clothing>
  <id>
   107721608
  </id>
  <name>
   Fila Dress D-3634
  </name>
  <category>
   Dress
  </category>
  <size>
   M
  </size>
  <color>
   Оранжевый
  </color>
  <material>
   Вискоза
  </material>
  <price>
   323226
  </price>
  <rating>
   4.94
  </rating>
  <reviews>
   591940
  </reviews>
  <new>
   +
  </new>
  <exclusive>
   no
  </exclusive>
  <sporty>
   no
  </sporty>
 </clothing>
 <clothing>
  <id>
   973931018
  </id>
  <name>
   Lacoste Shirt Y-4629
  </name>
  <category>
   Shirt
  </category>
  <size>
   L
  </size>
  <color>
   Желтый
  </color>
  <material>
   Шерсть
  </material>
  <price>
   543616
  </price>
  <rating>
   1.11
  </rating>
  <reviews>
   163709
  </reviews>
  <new>
   -
  </new>
  <exclusive>
   no
  </exclusive>
 </clothing>
 <clothing>
  <id>
   193104493
  </id>
  <name>
   Reebok Shirt E-6774
  </name>
  <category>
   Shirt
  </category>
  <size>
   S
  </size>
  <color>
   Голубой
  </color>
  <material>
   Хлопок
  </material>
  <price>
   523962
  </price>
  <rating>
   1.2
  </rating>
  <reviews>
   497696
  </reviews>
  <new>
   -
  </new>
  <exclusive>
   yes
  </exclusive>
  <sporty>
   yes
  </sporty>
 </clothing>
 <clothing>
  <id>
   111470733
  </id>
  <name>
   Nike Gloves O-2959
  </name>
  <category>
   Gloves
  </category>
  <size>
   XXL
  </size>
  <color>
   Фиолетовый
  </color>
  <material>
   Шелк
  </material>
  <price>
   887464
  </price>
  <rating>
   4.73
  </rating>
  <reviews>
   981465
  </reviews>
  <sporty>
   no
  </sporty>
 </clothing>
 <clothing>
  <id>
   780549778
  </id>
  <name>
   Adidas Skirt M-7453
  </name>
  <category>
   Skirt
  </category>
  <size>
   L
  </size>
  <color>
   Желтый
  </color>
  <material>
   Полиэстер
  </material>
  <price>
   996559
  </price>
  <rating>
   1.51
  </rating>
  <reviews>
   18661
  </reviews>
 </clothing>
 <clothing>
  <id>
   681278184
  </id>
  <name>
   Brooks Shoes H-7562
  </name>
  <category>
   Shoes
  </category>
  <size>
   XXL
  </size>
  <color>
   Зеленый
  </color>
  <material>
   Кожа
  </material>
  <price>
   735886
  </price>
  <rating>
   1.58
  </rating>
  <reviews>
   650733
  </reviews>
  <sporty>
   yes
  </sporty>
 </clothing>
 <clothing>
  <id>
   498576323
  </id>
  <name>
   DC Blouse C-6996
  </name>
  <category>
   Blouse
  </category>
  <size>
   S
  </size>
  <color>
   Синий
  </color>
  <material>
   Хлопок
  </material>
  <price>
   108075
  </price>
  <rating>
   4.3
  </rating>
  <reviews>
   721178
  </reviews>
  <new>
   -
  </new>
 </clothing>
 <clothing>
  <id>
   497589835
  </id>
  <name>
   Reebok Blouse Z-6759
  </name>
  <category>
   Blouse
  </category>
  <size>
   L
  </size>
  <color>
   Голубой
  </color>
  <material>
   Вискоза
  </material>
  <price>
   484962
  </price>
  <rating>
   4.41
  </rating>
  <reviews>
   969462
  </reviews>
  <new>
   +
  </new>
  <exclusive>
   yes
  </exclusive>
 </clothing>
 <clothing>
  <id>
   290807884
  </id>
  <name>
   PleinSport Skirt A-5826
  </name>
  <category>
   Skirt
  </category>
  <size>
   XXL
  </size>
  <color>
   Голубой
  </color>
  <material>
   Кожа
  </material>
  <price>
   845780
  </price>
  <rating>
   2.23
  </rating>
  <reviews>
   150432
  </reviews>
  <sporty>
   no
  </sporty>
 </clothing>
</clothing-items>
