<?xml version="1.0" encoding="utf-8"?>
<clothing-items>
 <clothing>
  <id>
   370490807
  </id>
  <name>
   Ellesse Skirt F-5941
  </name>
  <category>
   Skirt
  </category>
  <size>
   S
  </size>
  <color>
   Голубой
  </color>
  <material>
   Хлопок
  </material>
  <price>
   163165
  </price>
  <rating>
   2.26
  </rating>
  <reviews>
   148072
  </reviews>
  <exclusive>
   yes
  </exclusive>
  <sporty>
   no
  </sporty>
 </clothing>
 <clothing>
  <id>
   579778804
  </id>
  <name>
   Converse Socks J-3793
  </name>
  <category>
   Socks
  </category>
  <size>
   S
  </size>
  <color>
   Фиолетовый
  </color>
  <material>
   Вискоза
  </material>
  <price>
   542713
  </price>
  <rating>
   1.5
  </rating>
  <reviews>
   22089
  </reviews>
  <new>
   +
  </new>
  <sporty>
   no
  </sporty>
 </clothing>
 <clothing>
  <id>
   247523093
  </id>
  <name>
   Converse Hat Q-9943
  </name>
  <category>
   Hat
  </category>
  <size>
   L
  </size>
  <color>
   Зеленый
  </color>
  <material>
   Вискоза
  </material>
  <price>
   415940
  </price>
  <rating>
   1.39
  </rating>
  <reviews>
   575737
  </reviews>
 </clothing>
 <clothing>
  <id>
   369209317
  </id>
  <name>
   DC Jacket M-1860
  </name>
  <category>
   Jacket
  </category>
  <size>
   L
  </size>
  <color>
   Фиолетовый
  </color>
  <material>
   Хлопок
  </material>
  <price>
   266517
  </price>
  <rating>
   4.8
  </rating>
  <reviews>
   883832
  </reviews>
  <sporty>
   yes
  </sporty>
 </clothing>
 <clothing>
  <id>
   418112884
  </id>
  <name>
   Lacoste Gloves T-3388
  </name>
  <category>
   Gloves
  </category>
  <size>
   XXL
  </size>
  <color>
   Голубой
  </color>
  <material>
   Лен
  </material>
  <price>
   564808
  </price>
  <rating>
   4.55
  </rating>
  <reviews>
   941040
  </reviews>
  <exclusive>
   yes
  </exclusive>
  <sporty>
   yes
  </sporty>
 </clothing>
 <clothing>
  <id>
   556054384
  </id>
  <name>
   Reebok Socks J-8494
  </name>
  <category>
   Socks
  </category>
  <size>
   L
  </size>
  <color>
   Желтый
  </color>
  <material>
   Шелк
  </material>
  <price>
   807894
  </price>
  <rating>
   4.31
  </rating>
  <reviews>
   55068
  </reviews>
  <new>
   -
  </new>
 </clothing>
 <clothing>
  <id>
   582228996
  </id>
  <name>
   Puma Umbrellas Y-1608
  </name>
  <category>
   Umbrellas
  </category>
  <size>
   M
  </size>
  <color>
   Фиолетовый
  </color>
  <material>
   Шелк
  </material>
  <price>
   565032
  </price>
  <rating>
   2.52
  </rating>
  <reviews>
   301400
  </reviews>
  <new>
   -
  </new>
  <exclusive>
   no
  </exclusive>
  <sporty>
   no
  </sporty>
 </clothing>
 <clothing>
  <id>
   450382878
  </id>
  <name>
   Lacoste Jeans W-7854
  </name>
  <category>
   Jeans
  </category>
  <size>
   L
  </size>
  <color>
   Желтый
  </color>
  <material>
   Кожа
  </material>
  <price>
   120714
  </price>
  <rating>
   1.58
  </rating>
  <reviews>
   11145
  </reviews>
  <new>
   +
  </new>
  <exclusive>
   no
  </exclusive>
 </clothing>
 <clothing>
  <id>
   598633940
  </id>
  <name>
   Asics Jeans L-4365
  </name>
  <category>
   Jeans
  </category>
  <size>
   XL
  </size>
  <color>
   Красный
  </color>
  <material>
   Нейлон
  </material>
  <price>
   898819
  </price>
  <rating>
   4.64
  </rating>
  <reviews>
   584360
  </reviews>
  <new>
   -
  </new>
  <exclusive>
   yes
  </exclusive>
 </clothing>
 <clothing>
  <id>
   477577855
  </id>
  <name>
   Under Armour T-shirt E-3748
  </name>
  <category>
   T-shirt
  </category>
  <size>
   S
  </size>
  <color>
   Красный
  </color>
  <material>
   Полиэстер
  </material>
  <price>
   116797
  </price>
  <rating>
   3.97
  </rating>
  <reviews>
   96887
  </reviews>
  <exclusive>
   no
  </exclusive>
 </clothing>
 <clothing>
  <id>
   292904879
  </id>
  <name>
   Fila Gloves K-4082
  </name>
  <category>
   Gloves
  </category>
  <size>
   S
  </size>
  <color>
   Фиолетовый
  </color>
  <material>
   Вискоза
  </material>
  <price>
   139825
  </price>
  <rating>
   1.04
  </rating>
  <reviews>
   935709
  </reviews>
 </clothing>
 <clothing>
  <id>
   845699793
  </id>
  <name>
   PleinSport Jacket A-4319
  </name>
  <category>
   Jacket
  </category>
  <size>
   M
  </size>
  <color>
   Желтый
  </color>
  <material>
   Нейлон
  </material>
  <price>
   347482
  </price>
  <rating>
   3.5
  </rating>
  <reviews>
   784071
  </reviews>
  <exclusive>
   yes
  </exclusive>
  <sporty>
   no
  </sporty>
 </clothing>
 <clothing>
  <id>
   152963880
  </id>
  <name>
   PleinSport Shoes S-7490
  </name>
  <category>
   Shoes
  </category>
  <size>
   XXL
  </size>
  <color>
   Красный
  </color>
  <material>
   Лен
  </material>
  <price>
   109530
  </price>
  <rating>
   3.41
  </rating>
  <reviews>
   332451
  </reviews>
  <new>
   -
  </new>
  <exclusive>
   no
  </exclusive>
  <sporty>
   yes
  </sporty>
 </clothing>
 <clothing>
  <id>
   995104167
  </id>
  <name>
   Brooks Handbags Y-5302
  </name>
  <category>
   Handbags
  </category>
  <size>
   XL
  </size>
  <color>
   Оранжевый
  </color>
  <material>
   Кожа
  </material>
  <price>
   573048
  </price>
  <rating>
   3.58
  </rating>
  <reviews>
   110580
  </reviews>
  <exclusive>
   yes
  </exclusive>
 </clothing>
 <clothing>
  <id>
   785810560
  </id>
  <name>
   Puma Hat Q-7989
  </name>
  <category>
   Hat
  </category>
  <size>
   S
  </size>
  <color>
   Желтый
  </color>
  <material>
   Хлопок
  </material>
  <price>
   712947
  </price>
  <rating>
   3.7
  </rating>
  <reviews>
   418098
  </reviews>
  <exclusive>
   no
  </exclusive>
  <sporty>
   no
  </sporty>
 </clothing>
 <clothing>
  <id>
   709942904
  </id>
  <name>
   New Balance Umbrellas Y-4079
  </name>
  <category>
   Umbrellas
  </category>
  <size>
   XL
  </size>
  <color>
   Оранжевый
  </color>
  <material>
   Шелк
  </material>
  <price>
   764120
  </price>
  <rating>
   3.61
  </rating>
  <reviews>
   210841
  </reviews>
  <sporty>
   no
  </sporty>
 </clothing>
 <clothing>
  <id>
   975167478
  </id>
  <name>
   Puma Shoes B-8123
  </name>
  <category>
   Shoes
  </category>
  <size>
   XL
  </size>
  <color>
   Красный
  </color>
  <material>
   Нейлон
  </material>
  <price>
   241657
  </price>
  <rating>
   3.05
  </rating>
  <reviews>
   537572
  </reviews>
  <new>
   +
  </new>
  <exclusive>
   yes
  </exclusive>
  <sporty>
   yes
  </sporty>
 </clothing>
 <clothing>
  <id>
   495452441
  </id>
  <name>
   Converse Dress Q-7058
  </name>
  <category>
   Dress
  </category>
  <size>
   M
  </size>
  <color>
   Голубой
  </color>
  <material>
   Нейлон
  </material>
  <price>
   747147
  </price>
  <rating>
   4.77
  </rating>
  <reviews>
   166418
  </reviews>
  <new>
   +
  </new>
  <sporty>
   no
  </sporty>
 </clothing>
 <clothing>
  <id>
   734647338
  </id>
  <name>
   Ellesse Belts O-3328
  </name>
  <category>
   Belts
  </category>
  <size>
   XL
  </size>
  <color>
   Желтый
  </color>
  <material>
   Нейлон
  </material>
  <price>
   604458
  </price>
  <rating>
   2.19
  </rating>
  <reviews>
   127108
  </reviews>
  <exclusive>
   yes
  </exclusive>
  <sporty>
   no
  </sporty>
 </clothing>
 <clothing>
  <id>
   790349277
  </id>
  <name>
   Nike Pants P-1990
  </name>
  <category>
   Pants
  </category>
  <size>
   L
  </size>
  <color>
   Голубой
  </color>
  <material>
   Шерсть
  </material>
  <price>
   518654
  </price>
  <rating>
   1.86
  </rating>
  <reviews>
   548024
  </reviews>
  <new>
   -
  </new>
  <exclusive>
   no
  </exclusive>
 </clothing>
 <clothing>
  <id>
   253848239
  </id>
  <name>
   Nike Blouse F-8056
  </name>
  <category>
   Blouse
  </category>
  <size>
   M
  </size>
  <color>
   Синий
  </color>
  <material>
   Полиэстер
  </material>
  <price>
   884776
  </price>
  <rating>
   3.55
  </rating>
  <reviews>
   995440
  </reviews>
  <exclusive>
   no
  </exclusive>
 </clothing>
 <clothing>
  <id>
   579061769
  </id>
  <name>
   Reebok Skirt M-8653
  </name>
  <category>
   Skirt
  </category>
  <size>
   XL
  </size>
  <color>
   Красный
  </color>
  <material>
   Лен
  </material>
  <price>
   582873
  </price>
  <rating>
   3.12
  </rating>
  <reviews>
   329963
  </reviews>
 </clothing>
 <clothing>
  <id>
   599552252
  </id>
  <name>
   Fila Gloves O-8515
  </name>
  <category>
   Gloves
  </category>
  <size>
   S
  </size>
  <color>
   Оранжевый
  </color>
  <material>
   Шелк
  </material>
  <price>
   354037
  </price>
  <rating>
   3.46
  </rating>
  <reviews>
   828720
  </reviews>
  <new>
   +
  </new>
 </clothing>
 <clothing>
  <id>
   171106073
  </id>
  <name>
   Puma Socks O-7149
  </name>
  <category>
   Socks
  </category>
  <size>
   M
  </size>
  <color>
   Красный
  </color>
  <material>
   Нейлон
  </material>
  <price>
   981157
  </price>
  <rating>
   3.63
  </rating>
  <reviews>
   223896
  </reviews>
  <exclusive>
   yes
  </exclusive>
  <sporty>
   no
  </sporty>
 </clothing>
 <clothing>
  <id>
   615474049
  </id>
  <name>
   Addidas Pants R-8542
  </name>
  <category>
   Pants
  </category>
  <size>
   S
  </size>
  <color>
   Фиолетовый
  </color>
  <material>
   Кожа
  </material>
  <price>
   283860
  </price>
  <rating>
   3.3
  </rating>
  <reviews>
   113235
  </reviews>
  <new>
   +
  </new>
  <exclusive>
   no
  </exclusive>
  <sporty>
   no
  </sporty>
 </clothing>
 <clothing>
  <id>
   864655635
  </id>
  <name>
   Vans Handbags H-4049
  </name>
  <category>
   Handbags
  </category>
  <size>
   L
  </size>
  <color>
   Зеленый
  </color>
  <material>
   Шелк
  </material>
  <price>
   644400
  </price>
  <rating>
   1.32
  </rating>
  <reviews>
   769529
  </reviews>
  <exclusive>
   no
  </exclusive>
 </clothing>
 <clothing>
  <id>
   103302380
  </id>
  <name>
   Addidas T-shirt K-7660
  </name>
  <category>
   T-shirt
  </category>
  <size>
   L
  </size>
  <color>
   Красный
  </color>
  <material>
   Полиэстер
  </material>
  <price>
   885516
  </price>
  <rating>
   2.42
  </rating>
  <reviews>
   28751
  </reviews>
  <new>
   -
  </new>
 </clothing>
 <clothing>
  <id>
   741404371
  </id>
  <name>
   Reebok T-shirt R-2085
  </name>
  <category>
   T-shirt
  </category>
  <size>
   L
  </size>
  <color>
   Голубой
  </color>
  <material>
   Полиэстер
  </material>
  <price>
   387826
  </price>
  <rating>
   1.62
  </rating>
  <reviews>
   448216
  </reviews>
  <new>
   +
  </new>
  <exclusive>
   no
  </exclusive>
 </clothing>
 <clothing>
  <id>
   730398298
  </id>
  <name>
   Adidas Gloves X-3157
  </name>
  <category>
   Gloves
  </category>
  <size>
   XL
  </size>
  <color>
   Оранжевый
  </color>
  <material>
   Хлопок
  </material>
  <price>
   509789
  </price>
  <rating>
   4.58
  </rating>
  <reviews>
   55401
  </reviews>
  <new>
   +
  </new>
  <sporty>
   no
  </sporty>
 </clothing>
 <clothing>
  <id>
   941187316
  </id>
  <name>
   Nike T-shirt C-8751
  </name>
  <category>
   T-shirt
  </category>
  <size>
   XL
  </size>
  <color>
   Фиолетовый
  </color>
  <material>
   Нейлон
  </material>
  <price>
   706897
  </price>
  <rating>
   2.4
  </rating>
  <reviews>
   806056
  </reviews>
  <new>
   +
  </new>
 </clothing>
 <clothing>
  <id>
   294643252
  </id>
  <name>
   Addidas Socks Z-6322
  </name>
  <category>
   Socks
  </category>
  <size>
   M
  </size>
  <color>
   Фиолетовый
  </color>
  <material>
   Нейлон
  </material>
  <price>
   747420
  </price>
  <rating>
   1.84
  </rating>
  <reviews>
   852055
  </reviews>
  <new>
   -
  </new>
 </clothing>
 <clothing>
  <id>
   863748942
  </id>
  <name>
   Vans Blouse O-4036
  </name>
  <category>
   Blouse
  </category>
  <size>
   M
  </size>
  <color>
   Зеленый
  </color>
  <material>
   Хлопок
  </material>
  <price>
   169643
  </price>
  <rating>
   1.34
  </rating>
  <reviews>
   862615
  </reviews>
  <new>
   -
  </new>
  <sporty>
   no
  </sporty>
 </clothing>
 <clothing>
  <id>
   523075245
  </id>
  <name>
   New Balance Blouse A-1274
  </name>
  <category>
   Blouse
  </category>
  <size>
   XL
  </size>
  <color>
   Зеленый
  </color>
  <material>
   Полиэстер
  </material>
  <price>
   354860
  </price>
  <rating>
   3.35
  </rating>
  <reviews>
   867188
  </reviews>
  <new>
   -
  </new>
  <exclusive>
   yes
  </exclusive>
  <sporty>
   yes
  </sporty>
 </clothing>
 <clothing>
  <id>
   818104422
  </id>
  <name>
   Fila Sweater H-1296
  </name>
  <category>
   Sweater
  </category>
  <size>
   XL
  </size>
  <color>
   Фиолетовый
  </color>
  <material>
   Кожа
  </material>
  <price>
   680774
  </price>
  <rating>
   4.7
  </rating>
  <reviews>
   840885
  </reviews>
  <new>
   -
  </new>
 </clothing>
 <clothing>
  <id>
   519082704
  </id>
  <name>
   Vans Sweater U-6078
  </name>
  <category>
   Sweater
  </category>
  <size>
   XXL
  </size>
  <color>
   Фиолетовый
  </color>
  <material>
   Шелк
  </material>
  <price>
   355443
  </price>
  <rating>
   1.74
  </rating>
  <reviews>
   716556
  </reviews>
 </clothing>
 <clothing>
  <id>
   894655603
  </id>
  <name>
   Ellesse Shirt R-8837
  </name>
  <category>
   Shirt
  </category>
  <size>
   L
  </size>
  <color>
   Желтый
  </color>
  <material>
   Нейлон
  </material>
  <price>
   600816
  </price>
  <rating>
   2.76
  </rating>
  <reviews>
   451829
  </reviews>
  <new>
   -
  </new>
  <exclusive>
   yes
  </exclusive>
 </clothing>
 <clothing>
  <id>
   253239940
  </id>
  <name>
   PleinSport Handbags I-7808
  </name>
  <category>
   Handbags
  </category>
  <size>
   XXL
  </size>
  <color>
   Зеленый
  </color>
  <material>
   Шерсть
  </material>
  <price>
   317057
  </price>
  <rating>
   2.89
  </rating>
  <reviews>
   972881
  </reviews>
  <sporty>
   no
  </sporty>
 </clothing>
 <clothing>
  <id>
   610116040
  </id>
  <name>
   Brooks Blouse G-4837
  </name>
  <category>
   Blouse
  </category>
  <size>
   L
  </size>
  <color>
   Оранжевый
  </color>
  <material>
   Полиэстер
  </material>
  <price>
   704927
  </price>
  <rating>
   4.09
  </rating>
  <reviews>
   182538
  </reviews>
 </clothing>
 <clothing>
  <id>
   602093550
  </id>
  <name>
   Nike Dress T-6685
  </name>
  <category>
   Dress
  </category>
  <size>
   M
  </size>
  <color>
   Зеленый
  </color>
  <material>
   Лен
  </material>
  <price>
   384431
  </price>
  <rating>
   1.13
  </rating>
  <reviews>
   72971
  </reviews>
  <exclusive>
   no
  </exclusive>
  <sporty>
   yes
  </sporty>
 </clothing>
 <clothing>
  <id>
   499883409
  </id>
  <name>
   New Balance Blouse A-9791
  </name>
  <category>
   Blouse
  </category>
  <size>
   M
  </size>
  <color>
   Зеленый
  </color>
  <material>
   Шелк
  </material>
  <price>
   290943
  </price>
  <rating>
   2.23
  </rating>
  <reviews>
   737124
  </reviews>
  <new>
   +
  </new>
  <exclusive>
   no
  </exclusive>
 </clothing>
 <clothing>
  <id>
   819296855
  </id>
  <name>
   Lacoste Gloves Q-5849
  </name>
  <category>
   Gloves
  </category>
  <size>
   XXL
  </size>
  <color>
   Зеленый
  </color>
  <material>
   Полиэстер
  </material>
  <price>
   460416
  </price>
  <rating>
   1.62
  </rating>
  <reviews>
   378595
  </reviews>
  <new>
   -
  </new>
  <sporty>
   no
  </sporty>
 </clothing>
 <clothing>
  <id>
   372224709
  </id>
  <name>
   Lacoste Shoes Y-6127
  </name>
  <category>
   Shoes
  </category>
  <size>
   XXL
  </size>
  <color>
   Голубой
  </color>
  <material>
   Шелк
  </material>
  <price>
   579278
  </price>
  <rating>
   1.05
  </rating>
  <reviews>
   68089
  </reviews>
  <exclusive>
   no
  </exclusive>
 </clothing>
 <clothing>
  <id>
   346392456
  </id>
  <name>
   DC Shirt P-2272
  </name>
  <category>
   Shirt
  </category>
  <size>
   M
  </size>
  <color>
   Оранжевый
  </color>
  <material>
   Нейлон
  </material>
  <price>
   630087
  </price>
  <rating>
   4.49
  </rating>
  <reviews>
   36467
  </reviews>
  <new>
   -
  </new>
  <exclusive>
   yes
  </exclusive>
  <sporty>
   no
  </sporty>
 </clothing>
 <clothing>
  <id>
   322887715
  </id>
  <name>
   New Balance Umbrellas U-9827
  </name>
  <category>
   Umbrellas
  </category>
  <size>
   S
  </size>
  <color>
   Желтый
  </color>
  <material>
   Шелк
  </material>
  <price>
   711335
  </price>
  <rating>
   1.53
  </rating>
  <reviews>
   735082
  </reviews>
  <sporty>
   yes
  </sporty>
 </clothing>
 <clothing>
  <id>
   109749586
  </id>
  <name>
   Ellesse Socks N-5776
  </name>
  <category>
   Socks
  </category>
  <size>
   S
  </size>
  <color>
   Желтый
  </color>
  <material>
   Полиэстер
  </material>
  <price>
   595166
  </price>
  <rating>
   2.5
  </rating>
  <reviews>
   902370
  </reviews>
  <sporty>
   no
  </sporty>
 </clothing>
 <clothing>
  <id>
   271395166
  </id>
  <name>
   PleinSport Pants N-9614
  </name>
  <category>
   Pants
  </category>
  <size>
   M
  </size>
  <color>
   Синий
  </color>
  <material>
   Хлопок
  </material>
  <price>
   394025
  </price>
  <rating>
   4.55
  </rating>
  <reviews>
   144590
  </reviews>
  <new>
   -
  </new>
  <exclusive>
   yes
  </exclusive>
  <sporty>
   no
  </sporty>
 </clothing>
 <clothing>
  <id>
   738109842
  </id>
  <name>
   Puma Shirt B-2647
  </name>
  <category>
   Shirt
  </category>
  <size>
   M
  </size>
  <color>
   Фиолетовый
  </color>
  <material>
   Шелк
  </material>
  <price>
   476162
  </price>
  <rating>
   1.8
  </rating>
  <reviews>
   6103
  </reviews>
  <exclusive>
   yes
  </exclusive>
  <sporty>
   no
  </sporty>
 </clothing>
 <clothing>
  <id>
   215019303
  </id>
  <name>
   Adidas Handbags S-5994
  </name>
  <category>
   Handbags
  </category>
  <size>
   XXL
  </size>
  <color>
   Красный
  </color>
  <material>
   Лен
  </material>
  <price>
   842895
  </price>
  <rating>
   1.73
  </rating>
  <reviews>
   462351
  </reviews>
  <new>
   -
  </new>
  <sporty>
   no
  </sporty>
 </clothing>
</clothing-items>
