<?xml version="1.0" encoding="utf-8"?>
<clothing-items>
 <clothing>
  <id>
   607597495
  </id>
  <name>
   Ellesse Jeans J-5992
  </name>
  <category>
   Jeans
  </category>
  <size>
   M
  </size>
  <color>
   Синий
  </color>
  <material>
   Шелк
  </material>
  <price>
   877168
  </price>
  <rating>
   2.59
  </rating>
  <reviews>
   712322
  </reviews>
  <new>
   -
  </new>
 </clothing>
 <clothing>
  <id>
   876083769
  </id>
  <name>
   Fila Skirt H-6906
  </name>
  <category>
   Skirt
  </category>
  <size>
   L
  </size>
  <color>
   Желтый
  </color>
  <material>
   Лен
  </material>
  <price>
   292435
  </price>
  <rating>
   2.79
  </rating>
  <reviews>
   716528
  </reviews>
 </clothing>
 <clothing>
  <id>
   339379995
  </id>
  <name>
   Brooks Shoes T-3199
  </name>
  <category>
   Shoes
  </category>
  <size>
   M
  </size>
  <color>
   Красный
  </color>
  <material>
   Шелк
  </material>
  <price>
   603545
  </price>
  <rating>
   2.91
  </rating>
  <reviews>
   610375
  </reviews>
  <sporty>
   yes
  </sporty>
 </clothing>
 <clothing>
  <id>
   494823927
  </id>
  <name>
   Lacoste Skirt C-6596
  </name>
  <category>
   Skirt
  </category>
  <size>
   XL
  </size>
  <color>
   Зеленый
  </color>
  <material>
   Полиэстер
  </material>
  <price>
   805784
  </price>
  <rating>
   4.58
  </rating>
  <reviews>
   853968
  </reviews>
  <exclusive>
   yes
  </exclusive>
  <sporty>
   no
  </sporty>
 </clothing>
 <clothing>
  <id>
   996892016
  </id>
  <name>
   Ellesse Dress C-7897
  </name>
  <category>
   Dress
  </category>
  <size>
   XXL
  </size>
  <color>
   Зеленый
  </color>
  <material>
   Хлопок
  </material>
  <price>
   337961
  </price>
  <rating>
   4.48
  </rating>
  <reviews>
   329618
  </reviews>
  <new>
   -
  </new>
  <sporty>
   no
  </sporty>
 </clothing>
 <clothing>
  <id>
   957151508
  </id>
  <name>
   Addidas Dress V-7233
  </name>
  <category>
   Dress
  </category>
  <size>
   XXL
  </size>
  <color>
   Оранжевый
  </color>
  <material>
   Вискоза
  </material>
  <price>
   936964
  </price>
  <rating>
   4.92
  </rating>
  <reviews>
   947095
  </reviews>
  <exclusive>
   no
  </exclusive>
  <sporty>
   no
  </sporty>
 </clothing>
 <clothing>
  <id>
   363733930
  </id>
  <name>
   Asics T-shirt P-3827
  </name>
  <category>
   T-shirt
  </category>
  <size>
   S
  </size>
  <color>
   Красный
  </color>
  <material>
   Кожа
  </material>
  <price>
   644338
  </price>
  <rating>
   3.33
  </rating>
  <reviews>
   265753
  </reviews>
  <sporty>
   no
  </sporty>
 </clothing>
 <clothing>
  <id>
   119948065
  </id>
  <name>
   Fila T-shirt Z-9397
  </name>
  <category>
   T-shirt
  </category>
  <size>
   M
  </size>
  <color>
   Желтый
  </color>
  <material>
   Шерсть
  </material>
  <price>
   714684
  </price>
  <rating>
   2.69
  </rating>
  <reviews>
   688028
  </reviews>
  <new>
   +
  </new>
 </clothing>
 <clothing>
  <id>
   473584097
  </id>
  <name>
   Addidas Jacket V-4362
  </name>
  <category>
   Jacket
  </category>
  <size>
   XL
  </size>
  <color>
   Голубой
  </color>
  <material>
   Нейлон
  </material>
  <price>
   467071
  </price>
  <rating>
   4.43
  </rating>
  <reviews>
   578962
  </reviews>
  <sporty>
   yes
  </sporty>
 </clothing>
 <clothing>
  <id>
   284315369
  </id>
  <name>
   DC Skirt B-8619
  </name>
  <category>
   Skirt
  </category>
  <size>
   M
  </size>
  <color>
   Фиолетовый
  </color>
  <material>
   Лен
  </material>
  <price>
   895504
  </price>
  <rating>
   4.32
  </rating>
  <reviews>
   840718
  </reviews>
  <exclusive>
   no
  </exclusive>
 </clothing>
 <clothing>
  <id>
   245484407
  </id>
  <name>
   Lacoste Jacket Y-1809
  </name>
  <category>
   Jacket
  </category>
  <size>
   S
  </size>
  <color>
   Фиолетовый
  </color>
  <material>
   Хлопок
  </material>
  <price>
   784297
  </price>
  <rating>
   3.71
  </rating>
  <reviews>
   915651
  </reviews>
  <new>
   -
  </new>
  <exclusive>
   yes
  </exclusive>
  <sporty>
   yes
  </sporty>
 </clothing>
 <clothing>
  <id>
   416230864
  </id>
  <name>
   DC Sweater O-7712
  </name>
  <category>
   Sweater
  </category>
  <size>
   M
  </size>
  <color>
   Фиолетовый
  </color>
  <material>
   Кожа
  </material>
  <price>
   859434
  </price>
  <rating>
   4.33
  </rating>
  <reviews>
   857129
  </reviews>
  <new>
   -
  </new>
  <exclusive>
   no
  </exclusive>
  <sporty>
   yes
  </sporty>
 </clothing>
 <clothing>
  <id>
   339568534
  </id>
  <name>
   Brooks T-shirt H-5320
  </name>
  <category>
   T-shirt
  </category>
  <size>
   S
  </size>
  <color>
   Желтый
  </color>
  <material>
   Лен
  </material>
  <price>
   301930
  </price>
  <rating>
   1.5
  </rating>
  <reviews>
   820028
  </reviews>
  <new>
   +
  </new>
  <sporty>
   yes
  </sporty>
 </clothing>
 <clothing>
  <id>
   265841631
  </id>
  <name>
   Puma Socks N-4845
  </name>
  <category>
   Socks
  </category>
  <size>
   M
  </size>
  <color>
   Фиолетовый
  </color>
  <material>
   Нейлон
  </material>
  <price>
   873804
  </price>
  <rating>
   3.04
  </rating>
  <reviews>
   823498
  </reviews>
  <new>
   -
  </new>
  <sporty>
   no
  </sporty>
 </clothing>
 <clothing>
  <id>
   741812035
  </id>
  <name>
   New Balance Skirt G-6967
  </name>
  <category>
   Skirt
  </category>
  <size>
   XXL
  </size>
  <color>
   Оранжевый
  </color>
  <material>
   Нейлон
  </material>
  <price>
   274334
  </price>
  <rating>
   2.15
  </rating>
  <reviews>
   82634
  </reviews>
  <new>
   +
  </new>
  <exclusive>
   no
  </exclusive>
 </clothing>
 <clothing>
  <id>
   344777803
  </id>
  <name>
   PleinSport Belts O-1804
  </name>
  <category>
   Belts
  </category>
  <size>
   XXL
  </size>
  <color>
   Зеленый
  </color>
  <material>
   Кожа
  </material>
  <price>
   671566
  </price>
  <rating>
   3.19
  </rating>
  <reviews>
   763508
  </reviews>
  <new>
   +
  </new>
  <sporty>
   no
  </sporty>
 </clothing>
 <clothing>
  <id>
   262779483
  </id>
  <name>
   New Balance Blouse Q-5087
  </name>
  <category>
   Blouse
  </category>
  <size>
   XXL
  </size>
  <color>
   Оранжевый
  </color>
  <material>
   Вискоза
  </material>
  <price>
   911211
  </price>
  <rating>
   3.64
  </rating>
  <reviews>
   233861
  </reviews>
  <sporty>
   no
  </sporty>
 </clothing>
 <clothing>
  <id>
   176768960
  </id>
  <name>
   PleinSport Gloves B-9418
  </name>
  <category>
   Gloves
  </category>
  <size>
   L
  </size>
  <color>
   Красный
  </color>
  <material>
   Нейлон
  </material>
  <price>
   865573
  </price>
  <rating>
   1.53
  </rating>
  <reviews>
   755211
  </reviews>
  <exclusive>
   yes
  </exclusive>
 </clothing>
 <clothing>
  <id>
   513394565
  </id>
  <name>
   New Balance Sweater T-4127
  </name>
  <category>
   Sweater
  </category>
  <size>
   S
  </size>
  <color>
   Оранжевый
  </color>
  <material>
   Кожа
  </material>
  <price>
   200667
  </price>
  <rating>
   1.23
  </rating>
  <reviews>
   957724
  </reviews>
  <new>
   -
  </new>
  <exclusive>
   no
  </exclusive>
  <sporty>
   yes
  </sporty>
 </clothing>
 <clothing>
  <id>
   615885918
  </id>
  <name>
   PleinSport Umbrellas M-5143
  </name>
  <category>
   Umbrellas
  </category>
  <size>
   S
  </size>
  <color>
   Синий
  </color>
  <material>
   Шерсть
  </material>
  <price>
   914142
  </price>
  <rating>
   3.37
  </rating>
  <reviews>
   404524
  </reviews>
  <new>
   +
  </new>
  <exclusive>
   yes
  </exclusive>
  <sporty>
   yes
  </sporty>
 </clothing>
 <clothing>
  <id>
   482952780
  </id>
  <name>
   DC Sweater Y-9468
  </name>
  <category>
   Sweater
  </category>
  <size>
   XXL
  </size>
  <color>
   Синий
  </color>
  <material>
   Кожа
  </material>
  <price>
   790546
  </price>
  <rating>
   1.82
  </rating>
  <reviews>
   80734
  </reviews>
  <new>
   -
  </new>
  <sporty>
   no
  </sporty>
 </clothing>
 <clothing>
  <id>
   939623838
  </id>
  <name>
   Reebok Skirt J-6706
  </name>
  <category>
   Skirt
  </category>
  <size>
   L
  </size>
  <color>
   Синий
  </color>
  <material>
   Нейлон
  </material>
  <price>
   494444
  </price>
  <rating>
   3.54
  </rating>
  <reviews>
   725481
  </reviews>
  <new>
   +
  </new>
  <sporty>
   yes
  </sporty>
 </clothing>
 <clothing>
  <id>
   831615587
  </id>
  <name>
   Adidas Gloves L-3315
  </name>
  <category>
   Gloves
  </category>
  <size>
   S
  </size>
  <color>
   Фиолетовый
  </color>
  <material>
   Полиэстер
  </material>
  <price>
   469455
  </price>
  <rating>
   4.36
  </rating>
  <reviews>
   404124
  </reviews>
  <new>
   +
  </new>
  <exclusive>
   no
  </exclusive>
  <sporty>
   no
  </sporty>
 </clothing>
 <clothing>
  <id>
   559979867
  </id>
  <name>
   PleinSport Jacket C-9570
  </name>
  <category>
   Jacket
  </category>
  <size>
   L
  </size>
  <color>
   Фиолетовый
  </color>
  <material>
   Лен
  </material>
  <price>
   201943
  </price>
  <rating>
   4.13
  </rating>
  <reviews>
   482782
  </reviews>
  <new>
   -
  </new>
  <exclusive>
   no
  </exclusive>
  <sporty>
   no
  </sporty>
 </clothing>
 <clothing>
  <id>
   456639764
  </id>
  <name>
   Lacoste Shoes X-8549
  </name>
  <category>
   Shoes
  </category>
  <size>
   XL
  </size>
  <color>
   Оранжевый
  </color>
  <material>
   Полиэстер
  </material>
  <price>
   612852
  </price>
  <rating>
   4.32
  </rating>
  <reviews>
   170202
  </reviews>
  <sporty>
   no
  </sporty>
 </clothing>
 <clothing>
  <id>
   296800861
  </id>
  <name>
   Asics Hat W-3708
  </name>
  <category>
   Hat
  </category>
  <size>
   XL
  </size>
  <color>
   Красный
  </color>
  <material>
   Хлопок
  </material>
  <price>
   455622
  </price>
  <rating>
   1.61
  </rating>
  <reviews>
   698617
  </reviews>
  <new>
   +
  </new>
  <sporty>
   yes
  </sporty>
 </clothing>
 <clothing>
  <id>
   834586985
  </id>
  <name>
   DC Blouse N-4797
  </name>
  <category>
   Blouse
  </category>
  <size>
   XXL
  </size>
  <color>
   Красный
  </color>
  <material>
   Шелк
  </material>
  <price>
   604429
  </price>
  <rating>
   4.5
  </rating>
  <reviews>
   718200
  </reviews>
  <new>
   -
  </new>
  <exclusive>
   yes
  </exclusive>
 </clothing>
 <clothing>
  <id>
   513077607
  </id>
  <name>
   New Balance Sweater B-5702
  </name>
  <category>
   Sweater
  </category>
  <size>
   M
  </size>
  <color>
   Голубой
  </color>
  <material>
   Шерсть
  </material>
  <price>
   325567
  </price>
  <rating>
   1.77
  </rating>
  <reviews>
   402792
  </reviews>
  <new>
   -
  </new>
  <exclusive>
   yes
  </exclusive>
  <sporty>
   no
  </sporty>
 </clothing>
 <clothing>
  <id>
   957612960
  </id>
  <name>
   New Balance Shoes Q-3831
  </name>
  <category>
   Shoes
  </category>
  <size>
   L
  </size>
  <color>
   Фиолетовый
  </color>
  <material>
   Хлопок
  </material>
  <price>
   551481
  </price>
  <rating>
   2.52
  </rating>
  <reviews>
   216855
  </reviews>
  <exclusive>
   yes
  </exclusive>
  <sporty>
   yes
  </sporty>
 </clothing>
</clothing-items>
