<?xml version="1.0" encoding="utf-8"?>
<clothing-items>
 <clothing>
  <id>
   450418928
  </id>
  <name>
   DC Umbrellas O-4016
  </name>
  <category>
   Umbrellas
  </category>
  <size>
   XXL
  </size>
  <color>
   Фиолетовый
  </color>
  <material>
   Вискоза
  </material>
  <price>
   915469
  </price>
  <rating>
   1.51
  </rating>
  <reviews>
   864541
  </reviews>
  <new>
   -
  </new>
  <exclusive>
   no
  </exclusive>
  <sporty>
   no
  </sporty>
 </clothing>
 <clothing>
  <id>
   178181772
  </id>
  <name>
   PleinSport Shirt M-1250
  </name>
  <category>
   Shirt
  </category>
  <size>
   XXL
  </size>
  <color>
   Желтый
  </color>
  <material>
   Хлопок
  </material>
  <price>
   346111
  </price>
  <rating>
   3.33
  </rating>
  <reviews>
   342754
  </reviews>
  <new>
   +
  </new>
  <exclusive>
   no
  </exclusive>
  <sporty>
   no
  </sporty>
 </clothing>
 <clothing>
  <id>
   729527256
  </id>
  <name>
   Nike T-shirt D-1724
  </name>
  <category>
   T-shirt
  </category>
  <size>
   XL
  </size>
  <color>
   Оранжевый
  </color>
  <material>
   Шерсть
  </material>
  <price>
   394057
  </price>
  <rating>
   4.32
  </rating>
  <reviews>
   228375
  </reviews>
  <new>
   +
  </new>
 </clothing>
 <clothing>
  <id>
   333760696
  </id>
  <name>
   DC Jeans E-2900
  </name>
  <category>
   Jeans
  </category>
  <size>
   S
  </size>
  <color>
   Голубой
  </color>
  <material>
   Шелк
  </material>
  <price>
   272890
  </price>
  <rating>
   4.51
  </rating>
  <reviews>
   254877
  </reviews>
  <new>
   +
  </new>
  <exclusive>
   yes
  </exclusive>
  <sporty>
   yes
  </sporty>
 </clothing>
 <clothing>
  <id>
   432871960
  </id>
  <name>
   Lacoste Belts B-6580
  </name>
  <category>
   Belts
  </category>
  <size>
   S
  </size>
  <color>
   Красный
  </color>
  <material>
   Полиэстер
  </material>
  <price>
   585742
  </price>
  <rating>
   3.9
  </rating>
  <reviews>
   912380
  </reviews>
  <new>
   -
  </new>
  <exclusive>
   no
  </exclusive>
  <sporty>
   yes
  </sporty>
 </clothing>
 <clothing>
  <id>
   560747650
  </id>
  <name>
   Adidas Skirt G-4143
  </name>
  <category>
   Skirt
  </category>
  <size>
   XL
  </size>
  <color>
   Зеленый
  </color>
  <material>
   Вискоза
  </material>
  <price>
   782967
  </price>
  <rating>
   4.36
  </rating>
  <reviews>
   795444
  </reviews>
  <new>
   -
  </new>
  <exclusive>
   yes
  </exclusive>
 </clothing>
 <clothing>
  <id>
   103188556
  </id>
  <name>
   Puma Socks A-8440
  </name>
  <category>
   Socks
  </category>
  <size>
   XXL
  </size>
  <color>
   Оранжевый
  </color>
  <material>
   Шелк
  </material>
  <price>
   168558
  </price>
  <rating>
   3.92
  </rating>
  <reviews>
   52707
  </reviews>
  <new>
   -
  </new>
  <exclusive>
   yes
  </exclusive>
  <sporty>
   yes
  </sporty>
 </clothing>
 <clothing>
  <id>
   383785390
  </id>
  <name>
   Under Armour Shoes L-4838
  </name>
  <category>
   Shoes
  </category>
  <size>
   M
  </size>
  <color>
   Синий
  </color>
  <material>
   Шерсть
  </material>
  <price>
   532111
  </price>
  <rating>
   2.14
  </rating>
  <reviews>
   490791
  </reviews>
  <new>
   -
  </new>
  <exclusive>
   yes
  </exclusive>
  <sporty>
   yes
  </sporty>
 </clothing>
 <clothing>
  <id>
   465951422
  </id>
  <name>
   Asics Skirt B-3734
  </name>
  <category>
   Skirt
  </category>
  <size>
   S
  </size>
  <color>
   Зеленый
  </color>
  <material>
   Лен
  </material>
  <price>
   249029
  </price>
  <rating>
   1.71
  </rating>
  <reviews>
   375488
  </reviews>
 </clothing>
 <clothing>
  <id>
   210542283
  </id>
  <name>
   New Balance Blouse Q-3802
  </name>
  <category>
   Blouse
  </category>
  <size>
   XL
  </size>
  <color>
   Желтый
  </color>
  <material>
   Кожа
  </material>
  <price>
   540813
  </price>
  <rating>
   3.51
  </rating>
  <reviews>
   123234
  </reviews>
  <exclusive>
   no
  </exclusive>
  <sporty>
   yes
  </sporty>
 </clothing>
 <clothing>
  <id>
   843090181
  </id>
  <name>
   Under Armour Handbags X-7356
  </name>
  <category>
   Handbags
  </category>
  <size>
   L
  </size>
  <color>
   Фиолетовый
  </color>
  <material>
   Хлопок
  </material>
  <price>
   246736
  </price>
  <rating>
   2.35
  </rating>
  <reviews>
   192098
  </reviews>
  <new>
   +
  </new>
  <exclusive>
   no
  </exclusive>
  <sporty>
   no
  </sporty>
 </clothing>
 <clothing>
  <id>
   606152094
  </id>
  <name>
   New Balance Shirt U-2710
  </name>
  <category>
   Shirt
  </category>
  <size>
   XXL
  </size>
  <color>
   Фиолетовый
  </color>
  <material>
   Шерсть
  </material>
  <price>
   249642
  </price>
  <rating>
   2.63
  </rating>
  <reviews>
   160966
  </reviews>
  <new>
   -
  </new>
  <exclusive>
   yes
  </exclusive>
  <sporty>
   yes
  </sporty>
 </clothing>
 <clothing>
  <id>
   411483939
  </id>
  <name>
   New Balance Umbrellas R-5969
  </name>
  <category>
   Umbrellas
  </category>
  <size>
   XL
  </size>
  <color>
   Оранжевый
  </color>
  <material>
   Лен
  </material>
  <price>
   884721
  </price>
  <rating>
   4.77
  </rating>
  <reviews>
   729119
  </reviews>
  <new>
   +
  </new>
  <exclusive>
   no
  </exclusive>
  <sporty>
   no
  </sporty>
 </clothing>
 <clothing>
  <id>
   845119966
  </id>
  <name>
   Addidas Gloves B-9390
  </name>
  <category>
   Gloves
  </category>
  <size>
   S
  </size>
  <color>
   Красный
  </color>
  <material>
   Полиэстер
  </material>
  <price>
   892528
  </price>
  <rating>
   1.06
  </rating>
  <reviews>
   994324
  </reviews>
  <sporty>
   yes
  </sporty>
 </clothing>
 <clothing>
  <id>
   104453991
  </id>
  <name>
   Reebok Belts H-2317
  </name>
  <category>
   Belts
  </category>
  <size>
   M
  </size>
  <color>
   Красный
  </color>
  <material>
   Нейлон
  </material>
  <price>
   995358
  </price>
  <rating>
   2.97
  </rating>
  <reviews>
   48502
  </reviews>
 </clothing>
 <clothing>
  <id>
   106305195
  </id>
  <name>
   Converse Hat C-1784
  </name>
  <category>
   Hat
  </category>
  <size>
   L
  </size>
  <color>
   Оранжевый
  </color>
  <material>
   Лен
  </material>
  <price>
   558809
  </price>
  <rating>
   4.14
  </rating>
  <reviews>
   331963
  </reviews>
  <new>
   -
  </new>
  <exclusive>
   yes
  </exclusive>
  <sporty>
   no
  </sporty>
 </clothing>
 <clothing>
  <id>
   142672501
  </id>
  <name>
   New Balance Shirt O-9051
  </name>
  <category>
   Shirt
  </category>
  <size>
   XL
  </size>
  <color>
   Оранжевый
  </color>
  <material>
   Хлопок
  </material>
  <price>
   745155
  </price>
  <rating>
   3.05
  </rating>
  <reviews>
   255637
  </reviews>
  <sporty>
   yes
  </sporty>
 </clothing>
 <clothing>
  <id>
   123518363
  </id>
  <name>
   Brooks Dress O-6259
  </name>
  <category>
   Dress
  </category>
  <size>
   M
  </size>
  <color>
   Фиолетовый
  </color>
  <material>
   Лен
  </material>
  <price>
   493344
  </price>
  <rating>
   3.73
  </rating>
  <reviews>
   315796
  </reviews>
  <new>
   -
  </new>
  <exclusive>
   no
  </exclusive>
 </clothing>
 <clothing>
  <id>
   776208902
  </id>
  <name>
   Nike Handbags I-4237
  </name>
  <category>
   Handbags
  </category>
  <size>
   S
  </size>
  <color>
   Красный
  </color>
  <material>
   Хлопок
  </material>
  <price>
   162786
  </price>
  <rating>
   3.45
  </rating>
  <reviews>
   455757
  </reviews>
  <new>
   +
  </new>
  <sporty>
   yes
  </sporty>
 </clothing>
 <clothing>
  <id>
   891134560
  </id>
  <name>
   Ellesse T-shirt Q-7213
  </name>
  <category>
   T-shirt
  </category>
  <size>
   M
  </size>
  <color>
   Голубой
  </color>
  <material>
   Шерсть
  </material>
  <price>
   584889
  </price>
  <rating>
   4.78
  </rating>
  <reviews>
   527311
  </reviews>
  <sporty>
   yes
  </sporty>
 </clothing>
 <clothing>
  <id>
   567102290
  </id>
  <name>
   Under Armour Socks S-6086
  </name>
  <category>
   Socks
  </category>
  <size>
   M
  </size>
  <color>
   Синий
  </color>
  <material>
   Нейлон
  </material>
  <price>
   789663
  </price>
  <rating>
   1.38
  </rating>
  <reviews>
   179141
  </reviews>
  <new>
   -
  </new>
  <exclusive>
   no
  </exclusive>
 </clothing>
 <clothing>
  <id>
   643083470
  </id>
  <name>
   PleinSport Socks P-4233
  </name>
  <category>
   Socks
  </category>
  <size>
   M
  </size>
  <color>
   Голубой
  </color>
  <material>
   Нейлон
  </material>
  <price>
   623806
  </price>
  <rating>
   1.19
  </rating>
  <reviews>
   316934
  </reviews>
  <exclusive>
   no
  </exclusive>
  <sporty>
   no
  </sporty>
 </clothing>
 <clothing>
  <id>
   929426361
  </id>
  <name>
   Converse Skirt P-7643
  </name>
  <category>
   Skirt
  </category>
  <size>
   XXL
  </size>
  <color>
   Голубой
  </color>
  <material>
   Лен
  </material>
  <price>
   954135
  </price>
  <rating>
   4.64
  </rating>
  <reviews>
   731068
  </reviews>
  <exclusive>
   yes
  </exclusive>
 </clothing>
 <clothing>
  <id>
   385504950
  </id>
  <name>
   Puma Socks H-2832
  </name>
  <category>
   Socks
  </category>
  <size>
   S
  </size>
  <color>
   Синий
  </color>
  <material>
   Полиэстер
  </material>
  <price>
   310018
  </price>
  <rating>
   1.06
  </rating>
  <reviews>
   968357
  </reviews>
  <new>
   -
  </new>
  <exclusive>
   yes
  </exclusive>
  <sporty>
   yes
  </sporty>
 </clothing>
 <clothing>
  <id>
   933063145
  </id>
  <name>
   Lacoste Skirt B-7721
  </name>
  <category>
   Skirt
  </category>
  <size>
   XL
  </size>
  <color>
   Оранжевый
  </color>
  <material>
   Шелк
  </material>
  <price>
   895802
  </price>
  <rating>
   1.01
  </rating>
  <reviews>
   151890
  </reviews>
  <new>
   +
  </new>
  <exclusive>
   yes
  </exclusive>
  <sporty>
   no
  </sporty>
 </clothing>
 <clothing>
  <id>
   318419849
  </id>
  <name>
   DC T-shirt L-9193
  </name>
  <category>
   T-shirt
  </category>
  <size>
   L
  </size>
  <color>
   Фиолетовый
  </color>
  <material>
   Хлопок
  </material>
  <price>
   893363
  </price>
  <rating>
   1.58
  </rating>
  <reviews>
   568261
  </reviews>
  <new>
   -
  </new>
  <exclusive>
   yes
  </exclusive>
  <sporty>
   no
  </sporty>
 </clothing>
 <clothing>
  <id>
   313664102
  </id>
  <name>
   Reebok Gloves N-2065
  </name>
  <category>
   Gloves
  </category>
  <size>
   M
  </size>
  <color>
   Голубой
  </color>
  <material>
   Вискоза
  </material>
  <price>
   709554
  </price>
  <rating>
   4.63
  </rating>
  <reviews>
   388920
  </reviews>
  <exclusive>
   yes
  </exclusive>
 </clothing>
 <clothing>
  <id>
   931944466
  </id>
  <name>
   Lacoste Skirt W-3186
  </name>
  <category>
   Skirt
  </category>
  <size>
   L
  </size>
  <color>
   Голубой
  </color>
  <material>
   Вискоза
  </material>
  <price>
   407755
  </price>
  <rating>
   4.09
  </rating>
  <reviews>
   969182
  </reviews>
  <new>
   -
  </new>
  <exclusive>
   no
  </exclusive>
  <sporty>
   yes
  </sporty>
 </clothing>
 <clothing>
  <id>
   420382169
  </id>
  <name>
   Brooks Jeans W-4112
  </name>
  <category>
   Jeans
  </category>
  <size>
   XXL
  </size>
  <color>
   Фиолетовый
  </color>
  <material>
   Хлопок
  </material>
  <price>
   699847
  </price>
  <rating>
   2.37
  </rating>
  <reviews>
   769518
  </reviews>
  <new>
   +
  </new>
  <exclusive>
   yes
  </exclusive>
  <sporty>
   yes
  </sporty>
 </clothing>
 <clothing>
  <id>
   929633218
  </id>
  <name>
   Lacoste Sweater Z-1371
  </name>
  <category>
   Sweater
  </category>
  <size>
   XL
  </size>
  <color>
   Голубой
  </color>
  <material>
   Нейлон
  </material>
  <price>
   522332
  </price>
  <rating>
   1.37
  </rating>
  <reviews>
   697656
  </reviews>
  <exclusive>
   yes
  </exclusive>
 </clothing>
 <clothing>
  <id>
   714038836
  </id>
  <name>
   Asics Jacket M-6943
  </name>
  <category>
   Jacket
  </category>
  <size>
   XXL
  </size>
  <color>
   Красный
  </color>
  <material>
   Шелк
  </material>
  <price>
   514607
  </price>
  <rating>
   4.42
  </rating>
  <reviews>
   852331
  </reviews>
  <sporty>
   no
  </sporty>
 </clothing>
 <clothing>
  <id>
   102853623
  </id>
  <name>
   Converse Sweater U-2831
  </name>
  <category>
   Sweater
  </category>
  <size>
   XXL
  </size>
  <color>
   Фиолетовый
  </color>
  <material>
   Кожа
  </material>
  <price>
   502828
  </price>
  <rating>
   4.85
  </rating>
  <reviews>
   408457
  </reviews>
  <exclusive>
   yes
  </exclusive>
 </clothing>
 <clothing>
  <id>
   408930655
  </id>
  <name>
   Puma Skirt H-7805
  </name>
  <category>
   Skirt
  </category>
  <size>
   L
  </size>
  <color>
   Красный
  </color>
  <material>
   Шерсть
  </material>
  <price>
   404905
  </price>
  <rating>
   3.78
  </rating>
  <reviews>
   169931
  </reviews>
  <new>
   +
  </new>
  <sporty>
   yes
  </sporty>
 </clothing>
 <clothing>
  <id>
   981204344
  </id>
  <name>
   Fila Umbrellas M-5159
  </name>
  <category>
   Umbrellas
  </category>
  <size>
   XXL
  </size>
  <color>
   Желтый
  </color>
  <material>
   Шерсть
  </material>
  <price>
   722064
  </price>
  <rating>
   1.28
  </rating>
  <reviews>
   281307
  </reviews>
  <exclusive>
   yes
  </exclusive>
  <sporty>
   no
  </sporty>
 </clothing>
 <clothing>
  <id>
   609165590
  </id>
  <name>
   Adidas Belts U-5608
  </name>
  <category>
   Belts
  </category>
  <size>
   M
  </size>
  <color>
   Желтый
  </color>
  <material>
   Хлопок
  </material>
  <price>
   312985
  </price>
  <rating>
   2.2
  </rating>
  <reviews>
   35530
  </reviews>
  <new>
   +
  </new>
  <sporty>
   no
  </sporty>
 </clothing>
 <clothing>
  <id>
   842599570
  </id>
  <name>
   New Balance Shoes D-2075
  </name>
  <category>
   Shoes
  </category>
  <size>
   L
  </size>
  <color>
   Зеленый
  </color>
  <material>
   Хлопок
  </material>
  <price>
   580355
  </price>
  <rating>
   2.54
  </rating>
  <reviews>
   586174
  </reviews>
  <exclusive>
   yes
  </exclusive>
 </clothing>
 <clothing>
  <id>
   547158730
  </id>
  <name>
   Vans Blouse R-9810
  </name>
  <category>
   Blouse
  </category>
  <size>
   XL
  </size>
  <color>
   Зеленый
  </color>
  <material>
   Лен
  </material>
  <price>
   853642
  </price>
  <rating>
   1.58
  </rating>
  <reviews>
   930886
  </reviews>
  <new>
   -
  </new>
  <exclusive>
   no
  </exclusive>
 </clothing>
 <clothing>
  <id>
   715282336
  </id>
  <name>
   Fila Sweater I-5410
  </name>
  <category>
   Sweater
  </category>
  <size>
   XL
  </size>
  <color>
   Голубой
  </color>
  <material>
   Нейлон
  </material>
  <price>
   615537
  </price>
  <rating>
   3.35
  </rating>
  <reviews>
   289408
  </reviews>
  <new>
   -
  </new>
  <sporty>
   no
  </sporty>
 </clothing>
 <clothing>
  <id>
   535663866
  </id>
  <name>
   Brooks Jacket E-3130
  </name>
  <category>
   Jacket
  </category>
  <size>
   XXL
  </size>
  <color>
   Фиолетовый
  </color>
  <material>
   Хлопок
  </material>
  <price>
   365639
  </price>
  <rating>
   3.89
  </rating>
  <reviews>
   13974
  </reviews>
  <exclusive>
   yes
  </exclusive>
 </clothing>
 <clothing>
  <id>
   482214975
  </id>
  <name>
   Puma Hat R-1218
  </name>
  <category>
   Hat
  </category>
  <size>
   M
  </size>
  <color>
   Зеленый
  </color>
  <material>
   Хлопок
  </material>
  <price>
   174648
  </price>
  <rating>
   1.5
  </rating>
  <reviews>
   154034
  </reviews>
  <new>
   -
  </new>
  <exclusive>
   no
  </exclusive>
  <sporty>
   no
  </sporty>
 </clothing>
 <clothing>
  <id>
   121613441
  </id>
  <name>
   Puma Blouse S-5106
  </name>
  <category>
   Blouse
  </category>
  <size>
   M
  </size>
  <color>
   Фиолетовый
  </color>
  <material>
   Кожа
  </material>
  <price>
   531251
  </price>
  <rating>
   1.64
  </rating>
  <reviews>
   582114
  </reviews>
  <exclusive>
   yes
  </exclusive>
 </clothing>
 <clothing>
  <id>
   846221440
  </id>
  <name>
   New Balance Jacket A-4174
  </name>
  <category>
   Jacket
  </category>
  <size>
   S
  </size>
  <color>
   Красный
  </color>
  <material>
   Хлопок
  </material>
  <price>
   561731
  </price>
  <rating>
   2.41
  </rating>
  <reviews>
   938301
  </reviews>
  <new>
   +
  </new>
  <exclusive>
   no
  </exclusive>
 </clothing>
 <clothing>
  <id>
   960987928
  </id>
  <name>
   Nike Jeans A-8510
  </name>
  <category>
   Jeans
  </category>
  <size>
   XL
  </size>
  <color>
   Синий
  </color>
  <material>
   Вискоза
  </material>
  <price>
   314637
  </price>
  <rating>
   2.14
  </rating>
  <reviews>
   444751
  </reviews>
  <new>
   -
  </new>
  <sporty>
   no
  </sporty>
 </clothing>
</clothing-items>
