<?xml version="1.0" encoding="utf-8"?>
<clothing-items>
 <clothing>
  <id>
   685297173
  </id>
  <name>
   Addidas Shirt C-4356
  </name>
  <category>
   Shirt
  </category>
  <size>
   L
  </size>
  <color>
   Синий
  </color>
  <material>
   Кожа
  </material>
  <price>
   143456
  </price>
  <rating>
   3.45
  </rating>
  <reviews>
   872785
  </reviews>
  <exclusive>
   yes
  </exclusive>
  <sporty>
   yes
  </sporty>
 </clothing>
 <clothing>
  <id>
   480207270
  </id>
  <name>
   Under Armour Jeans V-3174
  </name>
  <category>
   Jeans
  </category>
  <size>
   L
  </size>
  <color>
   Зеленый
  </color>
  <material>
   Шерсть
  </material>
  <price>
   874772
  </price>
  <rating>
   1.99
  </rating>
  <reviews>
   379228
  </reviews>
  <new>
   +
  </new>
  <sporty>
   no
  </sporty>
 </clothing>
 <clothing>
  <id>
   412543600
  </id>
  <name>
   Lacoste Jeans D-1959
  </name>
  <category>
   Jeans
  </category>
  <size>
   L
  </size>
  <color>
   Красный
  </color>
  <material>
   Шелк
  </material>
  <price>
   458177
  </price>
  <rating>
   4.31
  </rating>
  <reviews>
   249905
  </reviews>
  <new>
   +
  </new>
  <sporty>
   yes
  </sporty>
 </clothing>
 <clothing>
  <id>
   442732974
  </id>
  <name>
   Fila T-shirt D-3451
  </name>
  <category>
   T-shirt
  </category>
  <size>
   XL
  </size>
  <color>
   Голубой
  </color>
  <material>
   Полиэстер
  </material>
  <price>
   870836
  </price>
  <rating>
   2.92
  </rating>
  <reviews>
   782602
  </reviews>
  <new>
   -
  </new>
  <exclusive>
   no
  </exclusive>
  <sporty>
   yes
  </sporty>
 </clothing>
 <clothing>
  <id>
   468591199
  </id>
  <name>
   Ellesse Belts A-8016
  </name>
  <category>
   Belts
  </category>
  <size>
   L
  </size>
  <color>
   Красный
  </color>
  <material>
   Шелк
  </material>
  <price>
   238017
  </price>
  <rating>
   1.75
  </rating>
  <reviews>
   766125
  </reviews>
  <new>
   -
  </new>
  <exclusive>
   yes
  </exclusive>
  <sporty>
   yes
  </sporty>
 </clothing>
 <clothing>
  <id>
   710321422
  </id>
  <name>
   Vans Pants Q-3499
  </name>
  <category>
   Pants
  </category>
  <size>
   XL
  </size>
  <color>
   Желтый
  </color>
  <material>
   Кожа
  </material>
  <price>
   857352
  </price>
  <rating>
   2.59
  </rating>
  <reviews>
   832928
  </reviews>
  <sporty>
   yes
  </sporty>
 </clothing>
 <clothing>
  <id>
   745149691
  </id>
  <name>
   Addidas Skirt F-9692
  </name>
  <category>
   Skirt
  </category>
  <size>
   XXL
  </size>
  <color>
   Голубой
  </color>
  <material>
   Полиэстер
  </material>
  <price>
   179981
  </price>
  <rating>
   3.95
  </rating>
  <reviews>
   258350
  </reviews>
  <exclusive>
   no
  </exclusive>
 </clothing>
 <clothing>
  <id>
   299863366
  </id>
  <name>
   Asics Jacket S-4392
  </name>
  <category>
   Jacket
  </category>
  <size>
   M
  </size>
  <color>
   Голубой
  </color>
  <material>
   Вискоза
  </material>
  <price>
   887099
  </price>
  <rating>
   2.37
  </rating>
  <reviews>
   374900
  </reviews>
  <sporty>
   no
  </sporty>
 </clothing>
 <clothing>
  <id>
   649537690
  </id>
  <name>
   Converse Gloves N-2883
  </name>
  <category>
   Gloves
  </category>
  <size>
   XL
  </size>
  <color>
   Фиолетовый
  </color>
  <material>
   Шелк
  </material>
  <price>
   660455
  </price>
  <rating>
   1.63
  </rating>
  <reviews>
   323525
  </reviews>
  <sporty>
   no
  </sporty>
 </clothing>
 <clothing>
  <id>
   521755739
  </id>
  <name>
   Reebok Shoes N-8039
  </name>
  <category>
   Shoes
  </category>
  <size>
   XL
  </size>
  <color>
   Фиолетовый
  </color>
  <material>
   Кожа
  </material>
  <price>
   320802
  </price>
  <rating>
   2.63
  </rating>
  <reviews>
   7278
  </reviews>
 </clothing>
 <clothing>
  <id>
   364864416
  </id>
  <name>
   New Balance Skirt Y-1910
  </name>
  <category>
   Skirt
  </category>
  <size>
   S
  </size>
  <color>
   Зеленый
  </color>
  <material>
   Нейлон
  </material>
  <price>
   359532
  </price>
  <rating>
   3.67
  </rating>
  <reviews>
   276830
  </reviews>
 </clothing>
 <clothing>
  <id>
   960993981
  </id>
  <name>
   Puma Sweater C-3072
  </name>
  <category>
   Sweater
  </category>
  <size>
   XXL
  </size>
  <color>
   Желтый
  </color>
  <material>
   Вискоза
  </material>
  <price>
   950522
  </price>
  <rating>
   3.94
  </rating>
  <reviews>
   443719
  </reviews>
 </clothing>
 <clothing>
  <id>
   926305356
  </id>
  <name>
   Converse T-shirt P-3659
  </name>
  <category>
   T-shirt
  </category>
  <size>
   S
  </size>
  <color>
   Оранжевый
  </color>
  <material>
   Нейлон
  </material>
  <price>
   471358
  </price>
  <rating>
   4.6
  </rating>
  <reviews>
   506316
  </reviews>
  <new>
   +
  </new>
  <exclusive>
   no
  </exclusive>
  <sporty>
   yes
  </sporty>
 </clothing>
 <clothing>
  <id>
   809615948
  </id>
  <name>
   Converse Skirt A-9768
  </name>
  <category>
   Skirt
  </category>
  <size>
   XXL
  </size>
  <color>
   Оранжевый
  </color>
  <material>
   Хлопок
  </material>
  <price>
   183149
  </price>
  <rating>
   3.87
  </rating>
  <reviews>
   488098
  </reviews>
  <new>
   +
  </new>
  <exclusive>
   no
  </exclusive>
  <sporty>
   no
  </sporty>
 </clothing>
 <clothing>
  <id>
   140802215
  </id>
  <name>
   Brooks Handbags M-6589
  </name>
  <category>
   Handbags
  </category>
  <size>
   XL
  </size>
  <color>
   Желтый
  </color>
  <material>
   Кожа
  </material>
  <price>
   774730
  </price>
  <rating>
   4.44
  </rating>
  <reviews>
   286755
  </reviews>
  <new>
   -
  </new>
  <sporty>
   no
  </sporty>
 </clothing>
 <clothing>
  <id>
   334479264
  </id>
  <name>
   Reebok Shirt X-8618
  </name>
  <category>
   Shirt
  </category>
  <size>
   L
  </size>
  <color>
   Красный
  </color>
  <material>
   Вискоза
  </material>
  <price>
   788770
  </price>
  <rating>
   3.27
  </rating>
  <reviews>
   436750
  </reviews>
  <new>
   +
  </new>
 </clothing>
 <clothing>
  <id>
   929309483
  </id>
  <name>
   Puma Dress N-3183
  </name>
  <category>
   Dress
  </category>
  <size>
   S
  </size>
  <color>
   Красный
  </color>
  <material>
   Лен
  </material>
  <price>
   936072
  </price>
  <rating>
   2.65
  </rating>
  <reviews>
   674151
  </reviews>
  <exclusive>
   no
  </exclusive>
 </clothing>
 <clothing>
  <id>
   663977569
  </id>
  <name>
   Adidas Pants Z-3125
  </name>
  <category>
   Pants
  </category>
  <size>
   M
  </size>
  <color>
   Синий
  </color>
  <material>
   Шелк
  </material>
  <price>
   744920
  </price>
  <rating>
   2.12
  </rating>
  <reviews>
   652191
  </reviews>
  <new>
   +
  </new>
  <exclusive>
   no
  </exclusive>
  <sporty>
   no
  </sporty>
 </clothing>
 <clothing>
  <id>
   282647469
  </id>
  <name>
   New Balance Jacket I-2440
  </name>
  <category>
   Jacket
  </category>
  <size>
   XL
  </size>
  <color>
   Фиолетовый
  </color>
  <material>
   Нейлон
  </material>
  <price>
   900015
  </price>
  <rating>
   3.26
  </rating>
  <reviews>
   464453
  </reviews>
  <new>
   -
  </new>
  <exclusive>
   no
  </exclusive>
  <sporty>
   no
  </sporty>
 </clothing>
 <clothing>
  <id>
   470148349
  </id>
  <name>
   New Balance Socks R-2309
  </name>
  <category>
   Socks
  </category>
  <size>
   M
  </size>
  <color>
   Оранжевый
  </color>
  <material>
   Кожа
  </material>
  <price>
   314179
  </price>
  <rating>
   4.44
  </rating>
  <reviews>
   568351
  </reviews>
  <sporty>
   yes
  </sporty>
 </clothing>
 <clothing>
  <id>
   970351584
  </id>
  <name>
   New Balance Jeans O-4136
  </name>
  <category>
   Jeans
  </category>
  <size>
   S
  </size>
  <color>
   Голубой
  </color>
  <material>
   Кожа
  </material>
  <price>
   622811
  </price>
  <rating>
   1.07
  </rating>
  <reviews>
   61712
  </reviews>
  <sporty>
   no
  </sporty>
 </clothing>
 <clothing>
  <id>
   925579782
  </id>
  <name>
   DC Skirt T-8473
  </name>
  <category>
   Skirt
  </category>
  <size>
   XL
  </size>
  <color>
   Синий
  </color>
  <material>
   Шерсть
  </material>
  <price>
   470299
  </price>
  <rating>
   3.97
  </rating>
  <reviews>
   340354
  </reviews>
  <sporty>
   no
  </sporty>
 </clothing>
 <clothing>
  <id>
   675011892
  </id>
  <name>
   DC T-shirt G-7090
  </name>
  <category>
   T-shirt
  </category>
  <size>
   XL
  </size>
  <color>
   Голубой
  </color>
  <material>
   Полиэстер
  </material>
  <price>
   497501
  </price>
  <rating>
   1.23
  </rating>
  <reviews>
   11172
  </reviews>
  <exclusive>
   no
  </exclusive>
  <sporty>
   no
  </sporty>
 </clothing>
 <clothing>
  <id>
   332925164
  </id>
  <name>
   Brooks Pants A-6593
  </name>
  <category>
   Pants
  </category>
  <size>
   S
  </size>
  <color>
   Желтый
  </color>
  <material>
   Полиэстер
  </material>
  <price>
   704671
  </price>
  <rating>
   2.75
  </rating>
  <reviews>
   103974
  </reviews>
  <new>
   +
  </new>
  <exclusive>
   yes
  </exclusive>
  <sporty>
   no
  </sporty>
 </clothing>
 <clothing>
  <id>
   267871621
  </id>
  <name>
   Asics Shirt V-4232
  </name>
  <category>
   Shirt
  </category>
  <size>
   S
  </size>
  <color>
   Фиолетовый
  </color>
  <material>
   Лен
  </material>
  <price>
   547139
  </price>
  <rating>
   1.73
  </rating>
  <reviews>
   522105
  </reviews>
  <exclusive>
   no
  </exclusive>
  <sporty>
   no
  </sporty>
 </clothing>
 <clothing>
  <id>
   622092887
  </id>
  <name>
   Addidas Jeans N-3799
  </name>
  <category>
   Jeans
  </category>
  <size>
   L
  </size>
  <color>
   Желтый
  </color>
  <material>
   Шелк
  </material>
  <price>
   873132
  </price>
  <rating>
   3.46
  </rating>
  <reviews>
   398283
  </reviews>
  <new>
   -
  </new>
  <sporty>
   yes
  </sporty>
 </clothing>
 <clothing>
  <id>
   813732672
  </id>
  <name>
   Puma Jacket U-3331
  </name>
  <category>
   Jacket
  </category>
  <size>
   M
  </size>
  <color>
   Фиолетовый
  </color>
  <material>
   Лен
  </material>
  <price>
   353850
  </price>
  <rating>
   2.48
  </rating>
  <reviews>
   937578
  </reviews>
  <new>
   -
  </new>
  <exclusive>
   no
  </exclusive>
  <sporty>
   no
  </sporty>
 </clothing>
 <clothing>
  <id>
   965654199
  </id>
  <name>
   Brooks Handbags Y-1153
  </name>
  <category>
   Handbags
  </category>
  <size>
   XXL
  </size>
  <color>
   Оранжевый
  </color>
  <material>
   Хлопок
  </material>
  <price>
   768014
  </price>
  <rating>
   2.18
  </rating>
  <reviews>
   734299
  </reviews>
  <new>
   +
  </new>
  <sporty>
   no
  </sporty>
 </clothing>
 <clothing>
  <id>
   871514286
  </id>
  <name>
   PleinSport Hat Q-2136
  </name>
  <category>
   Hat
  </category>
  <size>
   XXL
  </size>
  <color>
   Фиолетовый
  </color>
  <material>
   Шелк
  </material>
  <price>
   209523
  </price>
  <rating>
   3.28
  </rating>
  <reviews>
   470938
  </reviews>
  <new>
   +
  </new>
  <exclusive>
   yes
  </exclusive>
  <sporty>
   no
  </sporty>
 </clothing>
 <clothing>
  <id>
   949294296
  </id>
  <name>
   Nike Belts Q-2881
  </name>
  <category>
   Belts
  </category>
  <size>
   S
  </size>
  <color>
   Желтый
  </color>
  <material>
   Нейлон
  </material>
  <price>
   562060
  </price>
  <rating>
   1.35
  </rating>
  <reviews>
   148964
  </reviews>
  <exclusive>
   no
  </exclusive>
 </clothing>
 <clothing>
  <id>
   712701894
  </id>
  <name>
   PleinSport Shoes I-9626
  </name>
  <category>
   Shoes
  </category>
  <size>
   M
  </size>
  <color>
   Зеленый
  </color>
  <material>
   Полиэстер
  </material>
  <price>
   690009
  </price>
  <rating>
   4.69
  </rating>
  <reviews>
   844498
  </reviews>
  <new>
   -
  </new>
  <sporty>
   yes
  </sporty>
 </clothing>
 <clothing>
  <id>
   848199332
  </id>
  <name>
   Under Armour T-shirt N-8910
  </name>
  <category>
   T-shirt
  </category>
  <size>
   L
  </size>
  <color>
   Зеленый
  </color>
  <material>
   Вискоза
  </material>
  <price>
   963154
  </price>
  <rating>
   4.91
  </rating>
  <reviews>
   165283
  </reviews>
  <new>
   -
  </new>
  <sporty>
   yes
  </sporty>
 </clothing>
 <clothing>
  <id>
   905842125
  </id>
  <name>
   DC Skirt D-9961
  </name>
  <category>
   Skirt
  </category>
  <size>
   M
  </size>
  <color>
   Синий
  </color>
  <material>
   Шелк
  </material>
  <price>
   927481
  </price>
  <rating>
   2.28
  </rating>
  <reviews>
   458740
  </reviews>
  <new>
   +
  </new>
  <sporty>
   no
  </sporty>
 </clothing>
 <clothing>
  <id>
   773962780
  </id>
  <name>
   Ellesse Umbrellas C-9925
  </name>
  <category>
   Umbrellas
  </category>
  <size>
   M
  </size>
  <color>
   Голубой
  </color>
  <material>
   Кожа
  </material>
  <price>
   567844
  </price>
  <rating>
   4.23
  </rating>
  <reviews>
   453129
  </reviews>
  <exclusive>
   no
  </exclusive>
  <sporty>
   yes
  </sporty>
 </clothing>
 <clothing>
  <id>
   993477942
  </id>
  <name>
   PleinSport Shirt L-7494
  </name>
  <category>
   Shirt
  </category>
  <size>
   L
  </size>
  <color>
   Красный
  </color>
  <material>
   Лен
  </material>
  <price>
   222022
  </price>
  <rating>
   2.77
  </rating>
  <reviews>
   456031
  </reviews>
  <new>
   +
  </new>
 </clothing>
</clothing-items>
