<?xml version="1.0" encoding="utf-8"?>
<clothing-items>
 <clothing>
  <id>
   775653304
  </id>
  <name>
   Nike Jeans R-5302
  </name>
  <category>
   Jeans
  </category>
  <size>
   XXL
  </size>
  <color>
   Желтый
  </color>
  <material>
   Вискоза
  </material>
  <price>
   132898
  </price>
  <rating>
   4.18
  </rating>
  <reviews>
   607650
  </reviews>
  <sporty>
   no
  </sporty>
 </clothing>
 <clothing>
  <id>
   608499024
  </id>
  <name>
   Fila Pants K-1326
  </name>
  <category>
   Pants
  </category>
  <size>
   S
  </size>
  <color>
   Зеленый
  </color>
  <material>
   Вискоза
  </material>
  <price>
   807250
  </price>
  <rating>
   1.92
  </rating>
  <reviews>
   182964
  </reviews>
  <new>
   +
  </new>
  <exclusive>
   no
  </exclusive>
  <sporty>
   yes
  </sporty>
 </clothing>
 <clothing>
  <id>
   376533592
  </id>
  <name>
   Puma Sweater W-4871
  </name>
  <category>
   Sweater
  </category>
  <size>
   XXL
  </size>
  <color>
   Голубой
  </color>
  <material>
   Полиэстер
  </material>
  <price>
   342684
  </price>
  <rating>
   3.18
  </rating>
  <reviews>
   799368
  </reviews>
  <new>
   -
  </new>
  <exclusive>
   yes
  </exclusive>
 </clothing>
 <clothing>
  <id>
   179321821
  </id>
  <name>
   Adidas Shoes Z-7312
  </name>
  <category>
   Shoes
  </category>
  <size>
   XXL
  </size>
  <color>
   Фиолетовый
  </color>
  <material>
   Шерсть
  </material>
  <price>
   386038
  </price>
  <rating>
   2.87
  </rating>
  <reviews>
   690139
  </reviews>
  <exclusive>
   no
  </exclusive>
  <sporty>
   no
  </sporty>
 </clothing>
 <clothing>
  <id>
   281662270
  </id>
  <name>
   DC Pants Y-1408
  </name>
  <category>
   Pants
  </category>
  <size>
   XXL
  </size>
  <color>
   Оранжевый
  </color>
  <material>
   Лен
  </material>
  <price>
   221446
  </price>
  <rating>
   1.12
  </rating>
  <reviews>
   832538
  </reviews>
  <sporty>
   yes
  </sporty>
 </clothing>
 <clothing>
  <id>
   782034925
  </id>
  <name>
   Lacoste Jacket F-5609
  </name>
  <category>
   Jacket
  </category>
  <size>
   XXL
  </size>
  <color>
   Оранжевый
  </color>
  <material>
   Кожа
  </material>
  <price>
   613804
  </price>
  <rating>
   1.02
  </rating>
  <reviews>
   7612
  </reviews>
  <new>
   -
  </new>
  <exclusive>
   no
  </exclusive>
  <sporty>
   no
  </sporty>
 </clothing>
 <clothing>
  <id>
   478102372
  </id>
  <name>
   Brooks Dress X-9053
  </name>
  <category>
   Dress
  </category>
  <size>
   S
  </size>
  <color>
   Фиолетовый
  </color>
  <material>
   Кожа
  </material>
  <price>
   457781
  </price>
  <rating>
   2.35
  </rating>
  <reviews>
   365831
  </reviews>
  <new>
   +
  </new>
 </clothing>
 <clothing>
  <id>
   956256697
  </id>
  <name>
   New Balance Socks G-2670
  </name>
  <category>
   Socks
  </category>
  <size>
   S
  </size>
  <color>
   Голубой
  </color>
  <material>
   Шерсть
  </material>
  <price>
   975394
  </price>
  <rating>
   4.19
  </rating>
  <reviews>
   402569
  </reviews>
 </clothing>
 <clothing>
  <id>
   583057936
  </id>
  <name>
   Converse Gloves U-7895
  </name>
  <category>
   Gloves
  </category>
  <size>
   XXL
  </size>
  <color>
   Желтый
  </color>
  <material>
   Полиэстер
  </material>
  <price>
   271612
  </price>
  <rating>
   1.59
  </rating>
  <reviews>
   259662
  </reviews>
 </clothing>
 <clothing>
  <id>
   682550003
  </id>
  <name>
   Vans Belts V-7186
  </name>
  <category>
   Belts
  </category>
  <size>
   XL
  </size>
  <color>
   Синий
  </color>
  <material>
   Полиэстер
  </material>
  <price>
   574104
  </price>
  <rating>
   3.59
  </rating>
  <reviews>
   92311
  </reviews>
 </clothing>
 <clothing>
  <id>
   653300675
  </id>
  <name>
   New Balance Handbags V-3443
  </name>
  <category>
   Handbags
  </category>
  <size>
   S
  </size>
  <color>
   Зеленый
  </color>
  <material>
   Вискоза
  </material>
  <price>
   303804
  </price>
  <rating>
   3.54
  </rating>
  <reviews>
   806944
  </reviews>
  <new>
   -
  </new>
  <exclusive>
   yes
  </exclusive>
  <sporty>
   yes
  </sporty>
 </clothing>
 <clothing>
  <id>
   736909055
  </id>
  <name>
   Ellesse Jeans A-6607
  </name>
  <category>
   Jeans
  </category>
  <size>
   L
  </size>
  <color>
   Желтый
  </color>
  <material>
   Шелк
  </material>
  <price>
   328380
  </price>
  <rating>
   1.31
  </rating>
  <reviews>
   500249
  </reviews>
  <exclusive>
   no
  </exclusive>
 </clothing>
 <clothing>
  <id>
   284292027
  </id>
  <name>
   Nike Belts H-4037
  </name>
  <category>
   Belts
  </category>
  <size>
   L
  </size>
  <color>
   Зеленый
  </color>
  <material>
   Полиэстер
  </material>
  <price>
   239405
  </price>
  <rating>
   4.06
  </rating>
  <reviews>
   978027
  </reviews>
 </clothing>
 <clothing>
  <id>
   709838014
  </id>
  <name>
   Lacoste Umbrellas M-6340
  </name>
  <category>
   Umbrellas
  </category>
  <size>
   XL
  </size>
  <color>
   Зеленый
  </color>
  <material>
   Лен
  </material>
  <price>
   452776
  </price>
  <rating>
   4.9
  </rating>
  <reviews>
   934176
  </reviews>
  <new>
   -
  </new>
  <exclusive>
   yes
  </exclusive>
 </clothing>
 <clothing>
  <id>
   203377683
  </id>
  <name>
   Ellesse Skirt M-6943
  </name>
  <category>
   Skirt
  </category>
  <size>
   S
  </size>
  <color>
   Голубой
  </color>
  <material>
   Шелк
  </material>
  <price>
   384999
  </price>
  <rating>
   2.65
  </rating>
  <reviews>
   644530
  </reviews>
  <new>
   -
  </new>
  <exclusive>
   no
  </exclusive>
  <sporty>
   no
  </sporty>
 </clothing>
 <clothing>
  <id>
   767948443
  </id>
  <name>
   Addidas Shoes O-2931
  </name>
  <category>
   Shoes
  </category>
  <size>
   S
  </size>
  <color>
   Красный
  </color>
  <material>
   Нейлон
  </material>
  <price>
   539890
  </price>
  <rating>
   3.08
  </rating>
  <reviews>
   612563
  </reviews>
  <new>
   +
  </new>
  <sporty>
   no
  </sporty>
 </clothing>
 <clothing>
  <id>
   237083416
  </id>
  <name>
   Reebok Pants R-5043
  </name>
  <category>
   Pants
  </category>
  <size>
   M
  </size>
  <color>
   Зеленый
  </color>
  <material>
   Лен
  </material>
  <price>
   507788
  </price>
  <rating>
   4.06
  </rating>
  <reviews>
   976315
  </reviews>
  <exclusive>
   yes
  </exclusive>
  <sporty>
   no
  </sporty>
 </clothing>
 <clothing>
  <id>
   476433566
  </id>
  <name>
   Vans Shirt D-3707
  </name>
  <category>
   Shirt
  </category>
  <size>
   L
  </size>
  <color>
   Оранжевый
  </color>
  <material>
   Лен
  </material>
  <price>
   878781
  </price>
  <rating>
   4.11
  </rating>
  <reviews>
   303659
  </reviews>
  <new>
   +
  </new>
  <exclusive>
   yes
  </exclusive>
  <sporty>
   yes
  </sporty>
 </clothing>
 <clothing>
  <id>
   721012801
  </id>
  <name>
   Nike Gloves Q-1632
  </name>
  <category>
   Gloves
  </category>
  <size>
   XXL
  </size>
  <color>
   Красный
  </color>
  <material>
   Нейлон
  </material>
  <price>
   365325
  </price>
  <rating>
   4.53
  </rating>
  <reviews>
   401031
  </reviews>
  <exclusive>
   no
  </exclusive>
  <sporty>
   no
  </sporty>
 </clothing>
 <clothing>
  <id>
   850051476
  </id>
  <name>
   Ellesse Pants W-9354
  </name>
  <category>
   Pants
  </category>
  <size>
   XXL
  </size>
  <color>
   Красный
  </color>
  <material>
   Лен
  </material>
  <price>
   286724
  </price>
  <rating>
   1.02
  </rating>
  <reviews>
   762859
  </reviews>
  <new>
   +
  </new>
  <sporty>
   no
  </sporty>
 </clothing>
 <clothing>
  <id>
   366245661
  </id>
  <name>
   PleinSport Dress I-7683
  </name>
  <category>
   Dress
  </category>
  <size>
   XL
  </size>
  <color>
   Оранжевый
  </color>
  <material>
   Кожа
  </material>
  <price>
   774911
  </price>
  <rating>
   2.33
  </rating>
  <reviews>
   580404
  </reviews>
  <exclusive>
   no
  </exclusive>
  <sporty>
   yes
  </sporty>
 </clothing>
 <clothing>
  <id>
   962953558
  </id>
  <name>
   Nike Shirt I-4073
  </name>
  <category>
   Shirt
  </category>
  <size>
   M
  </size>
  <color>
   Красный
  </color>
  <material>
   Шерсть
  </material>
  <price>
   713655
  </price>
  <rating>
   4.15
  </rating>
  <reviews>
   973354
  </reviews>
  <exclusive>
   no
  </exclusive>
  <sporty>
   no
  </sporty>
 </clothing>
 <clothing>
  <id>
   814727076
  </id>
  <name>
   DC Gloves H-5180
  </name>
  <category>
   Gloves
  </category>
  <size>
   M
  </size>
  <color>
   Зеленый
  </color>
  <material>
   Шелк
  </material>
  <price>
   414445
  </price>
  <rating>
   1.31
  </rating>
  <reviews>
   480313
  </reviews>
  <new>
   -
  </new>
  <sporty>
   yes
  </sporty>
 </clothing>
 <clothing>
  <id>
   257116735
  </id>
  <name>
   Vans T-shirt P-2575
  </name>
  <category>
   T-shirt
  </category>
  <size>
   L
  </size>
  <color>
   Зеленый
  </color>
  <material>
   Полиэстер
  </material>
  <price>
   531432
  </price>
  <rating>
   2.87
  </rating>
  <reviews>
   858598
  </reviews>
  <new>
   -
  </new>
  <exclusive>
   yes
  </exclusive>
 </clothing>
 <clothing>
  <id>
   674008433
  </id>
  <name>
   Ellesse Socks L-7988
  </name>
  <category>
   Socks
  </category>
  <size>
   S
  </size>
  <color>
   Желтый
  </color>
  <material>
   Шерсть
  </material>
  <price>
   341131
  </price>
  <rating>
   2.98
  </rating>
  <reviews>
   912329
  </reviews>
  <new>
   +
  </new>
  <exclusive>
   no
  </exclusive>
 </clothing>
 <clothing>
  <id>
   146068795
  </id>
  <name>
   New Balance Jacket N-4737
  </name>
  <category>
   Jacket
  </category>
  <size>
   S
  </size>
  <color>
   Оранжевый
  </color>
  <material>
   Полиэстер
  </material>
  <price>
   288660
  </price>
  <rating>
   1.4
  </rating>
  <reviews>
   379388
  </reviews>
  <new>
   +
  </new>
  <exclusive>
   yes
  </exclusive>
 </clothing>
 <clothing>
  <id>
   808734772
  </id>
  <name>
   Puma Gloves N-9889
  </name>
  <category>
   Gloves
  </category>
  <size>
   XL
  </size>
  <color>
   Голубой
  </color>
  <material>
   Шерсть
  </material>
  <price>
   806680
  </price>
  <rating>
   2.9
  </rating>
  <reviews>
   714601
  </reviews>
  <exclusive>
   no
  </exclusive>
 </clothing>
 <clothing>
  <id>
   948571049
  </id>
  <name>
   Adidas Shirt M-8832
  </name>
  <category>
   Shirt
  </category>
  <size>
   S
  </size>
  <color>
   Фиолетовый
  </color>
  <material>
   Шерсть
  </material>
  <price>
   434594
  </price>
  <rating>
   4.6
  </rating>
  <reviews>
   285214
  </reviews>
  <new>
   +
  </new>
  <exclusive>
   yes
  </exclusive>
  <sporty>
   no
  </sporty>
 </clothing>
</clothing-items>
