<?xml version="1.0" encoding="utf-8"?>
<clothing-items>
 <clothing>
  <id>
   704928097
  </id>
  <name>
   DC Hat I-7258
  </name>
  <category>
   Hat
  </category>
  <size>
   L
  </size>
  <color>
   Голубой
  </color>
  <material>
   Хлопок
  </material>
  <price>
   211509
  </price>
  <rating>
   1.21
  </rating>
  <reviews>
   273383
  </reviews>
  <new>
   -
  </new>
  <exclusive>
   no
  </exclusive>
  <sporty>
   yes
  </sporty>
 </clothing>
 <clothing>
  <id>
   257263719
  </id>
  <name>
   PleinSport Shirt F-4898
  </name>
  <category>
   Shirt
  </category>
  <size>
   S
  </size>
  <color>
   Фиолетовый
  </color>
  <material>
   Лен
  </material>
  <price>
   407190
  </price>
  <rating>
   3.51
  </rating>
  <reviews>
   255087
  </reviews>
  <new>
   -
  </new>
  <sporty>
   yes
  </sporty>
 </clothing>
 <clothing>
  <id>
   139111117
  </id>
  <name>
   Lacoste Jeans P-2670
  </name>
  <category>
   Jeans
  </category>
  <size>
   S
  </size>
  <color>
   Голубой
  </color>
  <material>
   Полиэстер
  </material>
  <price>
   769117
  </price>
  <rating>
   1.39
  </rating>
  <reviews>
   267224
  </reviews>
  <new>
   +
  </new>
  <exclusive>
   yes
  </exclusive>
  <sporty>
   no
  </sporty>
 </clothing>
 <clothing>
  <id>
   887167770
  </id>
  <name>
   Reebok T-shirt C-1292
  </name>
  <category>
   T-shirt
  </category>
  <size>
   S
  </size>
  <color>
   Желтый
  </color>
  <material>
   Кожа
  </material>
  <price>
   355604
  </price>
  <rating>
   4.0
  </rating>
  <reviews>
   98448
  </reviews>
  <new>
   -
  </new>
  <sporty>
   no
  </sporty>
 </clothing>
 <clothing>
  <id>
   616644393
  </id>
  <name>
   New Balance Socks L-6848
  </name>
  <category>
   Socks
  </category>
  <size>
   XL
  </size>
  <color>
   Желтый
  </color>
  <material>
   Нейлон
  </material>
  <price>
   877944
  </price>
  <rating>
   2.07
  </rating>
  <reviews>
   268835
  </reviews>
  <sporty>
   no
  </sporty>
 </clothing>
 <clothing>
  <id>
   494964983
  </id>
  <name>
   Brooks Jeans N-5935
  </name>
  <category>
   Jeans
  </category>
  <size>
   L
  </size>
  <color>
   Красный
  </color>
  <material>
   Вискоза
  </material>
  <price>
   399718
  </price>
  <rating>
   4.84
  </rating>
  <reviews>
   462198
  </reviews>
  <new>
   +
  </new>
  <exclusive>
   yes
  </exclusive>
  <sporty>
   yes
  </sporty>
 </clothing>
 <clothing>
  <id>
   417049709
  </id>
  <name>
   Addidas T-shirt X-7226
  </name>
  <category>
   T-shirt
  </category>
  <size>
   XXL
  </size>
  <color>
   Красный
  </color>
  <material>
   Вискоза
  </material>
  <price>
   911056
  </price>
  <rating>
   1.12
  </rating>
  <reviews>
   478359
  </reviews>
  <exclusive>
   yes
  </exclusive>
  <sporty>
   no
  </sporty>
 </clothing>
 <clothing>
  <id>
   433901840
  </id>
  <name>
   Adidas Umbrellas O-1361
  </name>
  <category>
   Umbrellas
  </category>
  <size>
   XXL
  </size>
  <color>
   Голубой
  </color>
  <material>
   Шерсть
  </material>
  <price>
   349896
  </price>
  <rating>
   2.81
  </rating>
  <reviews>
   569611
  </reviews>
  <new>
   -
  </new>
  <exclusive>
   no
  </exclusive>
 </clothing>
 <clothing>
  <id>
   432525997
  </id>
  <name>
   Addidas Gloves T-9107
  </name>
  <category>
   Gloves
  </category>
  <size>
   S
  </size>
  <color>
   Зеленый
  </color>
  <material>
   Кожа
  </material>
  <price>
   561045
  </price>
  <rating>
   2.78
  </rating>
  <reviews>
   313353
  </reviews>
  <new>
   -
  </new>
  <exclusive>
   no
  </exclusive>
 </clothing>
 <clothing>
  <id>
   364584623
  </id>
  <name>
   Puma Dress G-7389
  </name>
  <category>
   Dress
  </category>
  <size>
   L
  </size>
  <color>
   Синий
  </color>
  <material>
   Полиэстер
  </material>
  <price>
   342827
  </price>
  <rating>
   3.63
  </rating>
  <reviews>
   505123
  </reviews>
  <new>
   +
  </new>
  <exclusive>
   no
  </exclusive>
 </clothing>
 <clothing>
  <id>
   474205111
  </id>
  <name>
   Puma Sweater J-5617
  </name>
  <category>
   Sweater
  </category>
  <size>
   L
  </size>
  <color>
   Оранжевый
  </color>
  <material>
   Лен
  </material>
  <price>
   934529
  </price>
  <rating>
   2.16
  </rating>
  <reviews>
   886988
  </reviews>
  <new>
   -
  </new>
  <sporty>
   no
  </sporty>
 </clothing>
 <clothing>
  <id>
   595099740
  </id>
  <name>
   Fila Sweater K-8091
  </name>
  <category>
   Sweater
  </category>
  <size>
   S
  </size>
  <color>
   Красный
  </color>
  <material>
   Шерсть
  </material>
  <price>
   724964
  </price>
  <rating>
   2.75
  </rating>
  <reviews>
   739342
  </reviews>
  <new>
   -
  </new>
  <exclusive>
   no
  </exclusive>
 </clothing>
 <clothing>
  <id>
   709393480
  </id>
  <name>
   Vans Shoes A-7693
  </name>
  <category>
   Shoes
  </category>
  <size>
   XXL
  </size>
  <color>
   Оранжевый
  </color>
  <material>
   Кожа
  </material>
  <price>
   458601
  </price>
  <rating>
   2.2
  </rating>
  <reviews>
   487167
  </reviews>
 </clothing>
 <clothing>
  <id>
   108471901
  </id>
  <name>
   DC Dress I-5652
  </name>
  <category>
   Dress
  </category>
  <size>
   L
  </size>
  <color>
   Зеленый
  </color>
  <material>
   Полиэстер
  </material>
  <price>
   284797
  </price>
  <rating>
   1.22
  </rating>
  <reviews>
   363450
  </reviews>
  <new>
   +
  </new>
  <sporty>
   no
  </sporty>
 </clothing>
 <clothing>
  <id>
   435832944
  </id>
  <name>
   Ellesse Belts D-9070
  </name>
  <category>
   Belts
  </category>
  <size>
   M
  </size>
  <color>
   Фиолетовый
  </color>
  <material>
   Шерсть
  </material>
  <price>
   561578
  </price>
  <rating>
   4.69
  </rating>
  <reviews>
   176063
  </reviews>
  <new>
   -
  </new>
 </clothing>
 <clothing>
  <id>
   315083947
  </id>
  <name>
   Vans T-shirt J-5600
  </name>
  <category>
   T-shirt
  </category>
  <size>
   L
  </size>
  <color>
   Голубой
  </color>
  <material>
   Вискоза
  </material>
  <price>
   370729
  </price>
  <rating>
   4.59
  </rating>
  <reviews>
   156320
  </reviews>
  <new>
   -
  </new>
 </clothing>
 <clothing>
  <id>
   344496299
  </id>
  <name>
   Ellesse Handbags V-2516
  </name>
  <category>
   Handbags
  </category>
  <size>
   S
  </size>
  <color>
   Синий
  </color>
  <material>
   Шерсть
  </material>
  <price>
   814701
  </price>
  <rating>
   4.76
  </rating>
  <reviews>
   27284
  </reviews>
  <exclusive>
   no
  </exclusive>
  <sporty>
   no
  </sporty>
 </clothing>
 <clothing>
  <id>
   962687981
  </id>
  <name>
   New Balance Skirt L-4790
  </name>
  <category>
   Skirt
  </category>
  <size>
   XL
  </size>
  <color>
   Красный
  </color>
  <material>
   Хлопок
  </material>
  <price>
   537860
  </price>
  <rating>
   4.28
  </rating>
  <reviews>
   929343
  </reviews>
  <new>
   +
  </new>
  <exclusive>
   no
  </exclusive>
 </clothing>
 <clothing>
  <id>
   564741438
  </id>
  <name>
   Vans Socks O-6069
  </name>
  <category>
   Socks
  </category>
  <size>
   M
  </size>
  <color>
   Зеленый
  </color>
  <material>
   Полиэстер
  </material>
  <price>
   631704
  </price>
  <rating>
   3.19
  </rating>
  <reviews>
   106840
  </reviews>
  <sporty>
   yes
  </sporty>
 </clothing>
 <clothing>
  <id>
   755214421
  </id>
  <name>
   Adidas Hat O-9316
  </name>
  <category>
   Hat
  </category>
  <size>
   XL
  </size>
  <color>
   Голубой
  </color>
  <material>
   Полиэстер
  </material>
  <price>
   428089
  </price>
  <rating>
   3.23
  </rating>
  <reviews>
   125784
  </reviews>
  <exclusive>
   yes
  </exclusive>
  <sporty>
   no
  </sporty>
 </clothing>
 <clothing>
  <id>
   571546934
  </id>
  <name>
   DC Jacket P-8547
  </name>
  <category>
   Jacket
  </category>
  <size>
   XL
  </size>
  <color>
   Оранжевый
  </color>
  <material>
   Вискоза
  </material>
  <price>
   772617
  </price>
  <rating>
   2.71
  </rating>
  <reviews>
   16922
  </reviews>
  <new>
   +
  </new>
  <sporty>
   yes
  </sporty>
 </clothing>
 <clothing>
  <id>
   971744225
  </id>
  <name>
   Ellesse Shirt E-2203
  </name>
  <category>
   Shirt
  </category>
  <size>
   XXL
  </size>
  <color>
   Голубой
  </color>
  <material>
   Полиэстер
  </material>
  <price>
   826678
  </price>
  <rating>
   1.0
  </rating>
  <reviews>
   293147
  </reviews>
  <exclusive>
   no
  </exclusive>
 </clothing>
 <clothing>
  <id>
   223528165
  </id>
  <name>
   Under Armour Shoes Q-2025
  </name>
  <category>
   Shoes
  </category>
  <size>
   L
  </size>
  <color>
   Голубой
  </color>
  <material>
   Вискоза
  </material>
  <price>
   393052
  </price>
  <rating>
   3.25
  </rating>
  <reviews>
   576376
  </reviews>
  <exclusive>
   no
  </exclusive>
  <sporty>
   no
  </sporty>
 </clothing>
 <clothing>
  <id>
   655233564
  </id>
  <name>
   Brooks Skirt F-1826
  </name>
  <category>
   Skirt
  </category>
  <size>
   XXL
  </size>
  <color>
   Оранжевый
  </color>
  <material>
   Хлопок
  </material>
  <price>
   993079
  </price>
  <rating>
   4.15
  </rating>
  <reviews>
   956686
  </reviews>
  <new>
   -
  </new>
  <sporty>
   no
  </sporty>
 </clothing>
 <clothing>
  <id>
   305060293
  </id>
  <name>
   Converse Gloves X-3713
  </name>
  <category>
   Gloves
  </category>
  <size>
   XL
  </size>
  <color>
   Зеленый
  </color>
  <material>
   Кожа
  </material>
  <price>
   324601
  </price>
  <rating>
   1.01
  </rating>
  <reviews>
   702049
  </reviews>
  <exclusive>
   no
  </exclusive>
 </clothing>
 <clothing>
  <id>
   942470441
  </id>
  <name>
   Nike Umbrellas U-4904
  </name>
  <category>
   Umbrellas
  </category>
  <size>
   L
  </size>
  <color>
   Голубой
  </color>
  <material>
   Нейлон
  </material>
  <price>
   974357
  </price>
  <rating>
   2.49
  </rating>
  <reviews>
   219944
  </reviews>
  <new>
   +
  </new>
  <exclusive>
   yes
  </exclusive>
 </clothing>
 <clothing>
  <id>
   480635388
  </id>
  <name>
   Lacoste Socks Q-3517
  </name>
  <category>
   Socks
  </category>
  <size>
   L
  </size>
  <color>
   Зеленый
  </color>
  <material>
   Нейлон
  </material>
  <price>
   681279
  </price>
  <rating>
   1.3
  </rating>
  <reviews>
   110811
  </reviews>
  <new>
   -
  </new>
  <sporty>
   yes
  </sporty>
 </clothing>
 <clothing>
  <id>
   367442740
  </id>
  <name>
   Asics Gloves Y-5274
  </name>
  <category>
   Gloves
  </category>
  <size>
   XXL
  </size>
  <color>
   Желтый
  </color>
  <material>
   Кожа
  </material>
  <price>
   679630
  </price>
  <rating>
   1.52
  </rating>
  <reviews>
   331141
  </reviews>
  <exclusive>
   no
  </exclusive>
 </clothing>
 <clothing>
  <id>
   111663413
  </id>
  <name>
   Fila Handbags F-2869
  </name>
  <category>
   Handbags
  </category>
  <size>
   L
  </size>
  <color>
   Желтый
  </color>
  <material>
   Хлопок
  </material>
  <price>
   838480
  </price>
  <rating>
   1.94
  </rating>
  <reviews>
   296509
  </reviews>
  <exclusive>
   yes
  </exclusive>
  <sporty>
   yes
  </sporty>
 </clothing>
 <clothing>
  <id>
   283065721
  </id>
  <name>
   Lacoste Socks Z-7155
  </name>
  <category>
   Socks
  </category>
  <size>
   XXL
  </size>
  <color>
   Голубой
  </color>
  <material>
   Вискоза
  </material>
  <price>
   927405
  </price>
  <rating>
   1.88
  </rating>
  <reviews>
   550470
  </reviews>
  <new>
   -
  </new>
  <exclusive>
   no
  </exclusive>
  <sporty>
   yes
  </sporty>
 </clothing>
 <clothing>
  <id>
   161914273
  </id>
  <name>
   PleinSport Sweater U-6488
  </name>
  <category>
   Sweater
  </category>
  <size>
   S
  </size>
  <color>
   Зеленый
  </color>
  <material>
   Вискоза
  </material>
  <price>
   635995
  </price>
  <rating>
   1.14
  </rating>
  <reviews>
   133062
  </reviews>
  <exclusive>
   no
  </exclusive>
 </clothing>
 <clothing>
  <id>
   264738792
  </id>
  <name>
   Addidas Pants C-8314
  </name>
  <category>
   Pants
  </category>
  <size>
   XL
  </size>
  <color>
   Синий
  </color>
  <material>
   Хлопок
  </material>
  <price>
   404653
  </price>
  <rating>
   2.16
  </rating>
  <reviews>
   50507
  </reviews>
  <new>
   -
  </new>
  <exclusive>
   no
  </exclusive>
  <sporty>
   no
  </sporty>
 </clothing>
 <clothing>
  <id>
   646473129
  </id>
  <name>
   Nike Jacket V-5159
  </name>
  <category>
   Jacket
  </category>
  <size>
   L
  </size>
  <color>
   Синий
  </color>
  <material>
   Вискоза
  </material>
  <price>
   446463
  </price>
  <rating>
   3.72
  </rating>
  <reviews>
   400389
  </reviews>
  <exclusive>
   yes
  </exclusive>
 </clothing>
 <clothing>
  <id>
   927988945
  </id>
  <name>
   Brooks Shirt A-9579
  </name>
  <category>
   Shirt
  </category>
  <size>
   XXL
  </size>
  <color>
   Фиолетовый
  </color>
  <material>
   Шерсть
  </material>
  <price>
   226435
  </price>
  <rating>
   4.95
  </rating>
  <reviews>
   731679
  </reviews>
  <sporty>
   yes
  </sporty>
 </clothing>
 <clothing>
  <id>
   310051516
  </id>
  <name>
   Asics Skirt G-8276
  </name>
  <category>
   Skirt
  </category>
  <size>
   M
  </size>
  <color>
   Оранжевый
  </color>
  <material>
   Хлопок
  </material>
  <price>
   759586
  </price>
  <rating>
   3.75
  </rating>
  <reviews>
   808974
  </reviews>
  <new>
   -
  </new>
  <exclusive>
   yes
  </exclusive>
  <sporty>
   yes
  </sporty>
 </clothing>
 <clothing>
  <id>
   694435726
  </id>
  <name>
   Converse Sweater W-1553
  </name>
  <category>
   Sweater
  </category>
  <size>
   XL
  </size>
  <color>
   Желтый
  </color>
  <material>
   Нейлон
  </material>
  <price>
   405501
  </price>
  <rating>
   2.04
  </rating>
  <reviews>
   126501
  </reviews>
  <new>
   -
  </new>
  <sporty>
   yes
  </sporty>
 </clothing>
 <clothing>
  <id>
   918523688
  </id>
  <name>
   New Balance Pants E-7628
  </name>
  <category>
   Pants
  </category>
  <size>
   XL
  </size>
  <color>
   Желтый
  </color>
  <material>
   Кожа
  </material>
  <price>
   660060
  </price>
  <rating>
   4.77
  </rating>
  <reviews>
   627692
  </reviews>
  <new>
   -
  </new>
 </clothing>
 <clothing>
  <id>
   549065291
  </id>
  <name>
   Vans Umbrellas T-8536
  </name>
  <category>
   Umbrellas
  </category>
  <size>
   L
  </size>
  <color>
   Оранжевый
  </color>
  <material>
   Хлопок
  </material>
  <price>
   186327
  </price>
  <rating>
   2.9
  </rating>
  <reviews>
   642146
  </reviews>
  <exclusive>
   no
  </exclusive>
 </clothing>
 <clothing>
  <id>
   701502773
  </id>
  <name>
   PleinSport T-shirt J-6629
  </name>
  <category>
   T-shirt
  </category>
  <size>
   XXL
  </size>
  <color>
   Зеленый
  </color>
  <material>
   Нейлон
  </material>
  <price>
   976116
  </price>
  <rating>
   3.58
  </rating>
  <reviews>
   881581
  </reviews>
  <new>
   -
  </new>
  <exclusive>
   no
  </exclusive>
 </clothing>
 <clothing>
  <id>
   444579239
  </id>
  <name>
   Asics Shoes X-3467
  </name>
  <category>
   Shoes
  </category>
  <size>
   M
  </size>
  <color>
   Зеленый
  </color>
  <material>
   Лен
  </material>
  <price>
   175304
  </price>
  <rating>
   1.76
  </rating>
  <reviews>
   625358
  </reviews>
  <new>
   -
  </new>
  <sporty>
   no
  </sporty>
 </clothing>
 <clothing>
  <id>
   301880678
  </id>
  <name>
   Lacoste T-shirt R-8033
  </name>
  <category>
   T-shirt
  </category>
  <size>
   M
  </size>
  <color>
   Желтый
  </color>
  <material>
   Шелк
  </material>
  <price>
   261140
  </price>
  <rating>
   4.13
  </rating>
  <reviews>
   976396
  </reviews>
  <new>
   +
  </new>
 </clothing>
 <clothing>
  <id>
   640395308
  </id>
  <name>
   Ellesse Handbags F-9594
  </name>
  <category>
   Handbags
  </category>
  <size>
   XL
  </size>
  <color>
   Оранжевый
  </color>
  <material>
   Кожа
  </material>
  <price>
   756260
  </price>
  <rating>
   4.04
  </rating>
  <reviews>
   747147
  </reviews>
  <new>
   -
  </new>
 </clothing>
 <clothing>
  <id>
   130361234
  </id>
  <name>
   Nike Belts I-7263
  </name>
  <category>
   Belts
  </category>
  <size>
   S
  </size>
  <color>
   Голубой
  </color>
  <material>
   Кожа
  </material>
  <price>
   525781
  </price>
  <rating>
   2.68
  </rating>
  <reviews>
   432465
  </reviews>
  <sporty>
   no
  </sporty>
 </clothing>
 <clothing>
  <id>
   585306094
  </id>
  <name>
   Ellesse Handbags K-3401
  </name>
  <category>
   Handbags
  </category>
  <size>
   XL
  </size>
  <color>
   Зеленый
  </color>
  <material>
   Шерсть
  </material>
  <price>
   313906
  </price>
  <rating>
   3.25
  </rating>
  <reviews>
   856132
  </reviews>
  <new>
   -
  </new>
  <exclusive>
   yes
  </exclusive>
  <sporty>
   yes
  </sporty>
 </clothing>
 <clothing>
  <id>
   907609612
  </id>
  <name>
   Vans Sweater F-8299
  </name>
  <category>
   Sweater
  </category>
  <size>
   M
  </size>
  <color>
   Оранжевый
  </color>
  <material>
   Шелк
  </material>
  <price>
   833744
  </price>
  <rating>
   2.55
  </rating>
  <reviews>
   640617
  </reviews>
  <sporty>
   yes
  </sporty>
 </clothing>
</clothing-items>
