<?xml version="1.0" encoding="utf-8"?>
<clothing-items>
 <clothing>
  <id>
   971321741
  </id>
  <name>
   Adidas Jeans O-4945
  </name>
  <category>
   Jeans
  </category>
  <size>
   XL
  </size>
  <color>
   Голубой
  </color>
  <material>
   Нейлон
  </material>
  <price>
   337636
  </price>
  <rating>
   2.3
  </rating>
  <reviews>
   620039
  </reviews>
  <new>
   +
  </new>
  <sporty>
   yes
  </sporty>
 </clothing>
 <clothing>
  <id>
   652980281
  </id>
  <name>
   Reebok Hat Z-4994
  </name>
  <category>
   Hat
  </category>
  <size>
   XL
  </size>
  <color>
   Желтый
  </color>
  <material>
   Полиэстер
  </material>
  <price>
   297644
  </price>
  <rating>
   3.29
  </rating>
  <reviews>
   972527
  </reviews>
  <sporty>
   no
  </sporty>
 </clothing>
 <clothing>
  <id>
   875656240
  </id>
  <name>
   Brooks Dress O-8132
  </name>
  <category>
   Dress
  </category>
  <size>
   XL
  </size>
  <color>
   Красный
  </color>
  <material>
   Лен
  </material>
  <price>
   735337
  </price>
  <rating>
   3.66
  </rating>
  <reviews>
   456322
  </reviews>
  <new>
   -
  </new>
  <sporty>
   no
  </sporty>
 </clothing>
 <clothing>
  <id>
   529373679
  </id>
  <name>
   Fila Skirt F-5528
  </name>
  <category>
   Skirt
  </category>
  <size>
   S
  </size>
  <color>
   Фиолетовый
  </color>
  <material>
   Полиэстер
  </material>
  <price>
   190315
  </price>
  <rating>
   2.84
  </rating>
  <reviews>
   753198
  </reviews>
  <exclusive>
   no
  </exclusive>
  <sporty>
   no
  </sporty>
 </clothing>
 <clothing>
  <id>
   898812512
  </id>
  <name>
   Converse Jacket R-7699
  </name>
  <category>
   Jacket
  </category>
  <size>
   S
  </size>
  <color>
   Фиолетовый
  </color>
  <material>
   Шерсть
  </material>
  <price>
   352995
  </price>
  <rating>
   2.33
  </rating>
  <reviews>
   826858
  </reviews>
  <new>
   -
  </new>
  <exclusive>
   no
  </exclusive>
  <sporty>
   yes
  </sporty>
 </clothing>
 <clothing>
  <id>
   348616159
  </id>
  <name>
   Fila Pants V-3965
  </name>
  <category>
   Pants
  </category>
  <size>
   XL
  </size>
  <color>
   Красный
  </color>
  <material>
   Шелк
  </material>
  <price>
   207844
  </price>
  <rating>
   2.29
  </rating>
  <reviews>
   96988
  </reviews>
  <new>
   +
  </new>
  <sporty>
   no
  </sporty>
 </clothing>
 <clothing>
  <id>
   246406019
  </id>
  <name>
   Lacoste Gloves H-2425
  </name>
  <category>
   Gloves
  </category>
  <size>
   M
  </size>
  <color>
   Зеленый
  </color>
  <material>
   Вискоза
  </material>
  <price>
   329430
  </price>
  <rating>
   2.97
  </rating>
  <reviews>
   312551
  </reviews>
  <exclusive>
   no
  </exclusive>
 </clothing>
 <clothing>
  <id>
   289707592
  </id>
  <name>
   DC T-shirt O-4197
  </name>
  <category>
   T-shirt
  </category>
  <size>
   M
  </size>
  <color>
   Красный
  </color>
  <material>
   Нейлон
  </material>
  <price>
   325136
  </price>
  <rating>
   4.68
  </rating>
  <reviews>
   13959
  </reviews>
  <new>
   -
  </new>
  <sporty>
   no
  </sporty>
 </clothing>
 <clothing>
  <id>
   697095942
  </id>
  <name>
   Asics Hat N-9597
  </name>
  <category>
   Hat
  </category>
  <size>
   M
  </size>
  <color>
   Синий
  </color>
  <material>
   Полиэстер
  </material>
  <price>
   332316
  </price>
  <rating>
   2.95
  </rating>
  <reviews>
   344123
  </reviews>
  <new>
   +
  </new>
  <sporty>
   yes
  </sporty>
 </clothing>
 <clothing>
  <id>
   154188515
  </id>
  <name>
   Vans Dress F-4030
  </name>
  <category>
   Dress
  </category>
  <size>
   XL
  </size>
  <color>
   Фиолетовый
  </color>
  <material>
   Шерсть
  </material>
  <price>
   488075
  </price>
  <rating>
   2.93
  </rating>
  <reviews>
   536710
  </reviews>
  <sporty>
   no
  </sporty>
 </clothing>
</clothing-items>
