<?xml version="1.0" encoding="utf-8"?>
<clothing-items>
 <clothing>
  <id>
   385401501
  </id>
  <name>
   Adidas Sweater P-4224
  </name>
  <category>
   Sweater
  </category>
  <size>
   S
  </size>
  <color>
   Зеленый
  </color>
  <material>
   Кожа
  </material>
  <price>
   431718
  </price>
  <rating>
   2.28
  </rating>
  <reviews>
   691408
  </reviews>
  <new>
   -
  </new>
  <exclusive>
   no
  </exclusive>
  <sporty>
   no
  </sporty>
 </clothing>
 <clothing>
  <id>
   555767578
  </id>
  <name>
   Brooks Jeans G-2944
  </name>
  <category>
   Jeans
  </category>
  <size>
   S
  </size>
  <color>
   Оранжевый
  </color>
  <material>
   Хлопок
  </material>
  <price>
   156314
  </price>
  <rating>
   4.95
  </rating>
  <reviews>
   587759
  </reviews>
  <sporty>
   no
  </sporty>
 </clothing>
 <clothing>
  <id>
   624963049
  </id>
  <name>
   Asics Umbrellas M-9851
  </name>
  <category>
   Umbrellas
  </category>
  <size>
   L
  </size>
  <color>
   Оранжевый
  </color>
  <material>
   Полиэстер
  </material>
  <price>
   288853
  </price>
  <rating>
   1.73
  </rating>
  <reviews>
   359242
  </reviews>
  <exclusive>
   no
  </exclusive>
 </clothing>
 <clothing>
  <id>
   291588245
  </id>
  <name>
   Nike Pants I-4137
  </name>
  <category>
   Pants
  </category>
  <size>
   M
  </size>
  <color>
   Красный
  </color>
  <material>
   Лен
  </material>
  <price>
   415643
  </price>
  <rating>
   2.57
  </rating>
  <reviews>
   421688
  </reviews>
  <sporty>
   yes
  </sporty>
 </clothing>
 <clothing>
  <id>
   517792388
  </id>
  <name>
   Adidas Blouse M-1685
  </name>
  <category>
   Blouse
  </category>
  <size>
   S
  </size>
  <color>
   Зеленый
  </color>
  <material>
   Лен
  </material>
  <price>
   415201
  </price>
  <rating>
   4.83
  </rating>
  <reviews>
   407404
  </reviews>
  <new>
   -
  </new>
  <exclusive>
   no
  </exclusive>
  <sporty>
   yes
  </sporty>
 </clothing>
 <clothing>
  <id>
   168481537
  </id>
  <name>
   Lacoste Blouse E-3595
  </name>
  <category>
   Blouse
  </category>
  <size>
   M
  </size>
  <color>
   Синий
  </color>
  <material>
   Шерсть
  </material>
  <price>
   836656
  </price>
  <rating>
   1.85
  </rating>
  <reviews>
   360650
  </reviews>
  <sporty>
   no
  </sporty>
 </clothing>
 <clothing>
  <id>
   975855912
  </id>
  <name>
   Asics Pants E-8681
  </name>
  <category>
   Pants
  </category>
  <size>
   XL
  </size>
  <color>
   Голубой
  </color>
  <material>
   Лен
  </material>
  <price>
   214618
  </price>
  <rating>
   2.31
  </rating>
  <reviews>
   185239
  </reviews>
  <new>
   +
  </new>
 </clothing>
 <clothing>
  <id>
   461330934
  </id>
  <name>
   Brooks Jeans Y-6020
  </name>
  <category>
   Jeans
  </category>
  <size>
   XXL
  </size>
  <color>
   Оранжевый
  </color>
  <material>
   Шелк
  </material>
  <price>
   962312
  </price>
  <rating>
   4.26
  </rating>
  <reviews>
   470361
  </reviews>
  <new>
   -
  </new>
  <sporty>
   yes
  </sporty>
 </clothing>
 <clothing>
  <id>
   432845076
  </id>
  <name>
   Brooks Jacket O-7406
  </name>
  <category>
   Jacket
  </category>
  <size>
   M
  </size>
  <color>
   Оранжевый
  </color>
  <material>
   Шерсть
  </material>
  <price>
   571958
  </price>
  <rating>
   2.71
  </rating>
  <reviews>
   482303
  </reviews>
  <exclusive>
   yes
  </exclusive>
  <sporty>
   no
  </sporty>
 </clothing>
 <clothing>
  <id>
   750658507
  </id>
  <name>
   Puma Jeans J-9944
  </name>
  <category>
   Jeans
  </category>
  <size>
   L
  </size>
  <color>
   Фиолетовый
  </color>
  <material>
   Шерсть
  </material>
  <price>
   364723
  </price>
  <rating>
   2.1
  </rating>
  <reviews>
   443398
  </reviews>
  <new>
   -
  </new>
 </clothing>
 <clothing>
  <id>
   443581755
  </id>
  <name>
   DC Umbrellas L-1242
  </name>
  <category>
   Umbrellas
  </category>
  <size>
   XXL
  </size>
  <color>
   Фиолетовый
  </color>
  <material>
   Кожа
  </material>
  <price>
   417287
  </price>
  <rating>
   1.82
  </rating>
  <reviews>
   336932
  </reviews>
  <new>
   +
  </new>
  <exclusive>
   no
  </exclusive>
 </clothing>
 <clothing>
  <id>
   604653659
  </id>
  <name>
   Adidas Handbags N-3451
  </name>
  <category>
   Handbags
  </category>
  <size>
   L
  </size>
  <color>
   Желтый
  </color>
  <material>
   Нейлон
  </material>
  <price>
   913566
  </price>
  <rating>
   1.7
  </rating>
  <reviews>
   716130
  </reviews>
  <new>
   -
  </new>
  <sporty>
   no
  </sporty>
 </clothing>
 <clothing>
  <id>
   229348718
  </id>
  <name>
   Puma Shoes I-6445
  </name>
  <category>
   Shoes
  </category>
  <size>
   S
  </size>
  <color>
   Красный
  </color>
  <material>
   Полиэстер
  </material>
  <price>
   722941
  </price>
  <rating>
   3.14
  </rating>
  <reviews>
   315222
  </reviews>
 </clothing>
 <clothing>
  <id>
   916610782
  </id>
  <name>
   Addidas Skirt N-6834
  </name>
  <category>
   Skirt
  </category>
  <size>
   L
  </size>
  <color>
   Оранжевый
  </color>
  <material>
   Вискоза
  </material>
  <price>
   854706
  </price>
  <rating>
   3.16
  </rating>
  <reviews>
   358021
  </reviews>
  <exclusive>
   no
  </exclusive>
 </clothing>
</clothing-items>
