<?xml version="1.0" encoding="utf-8"?>
<clothing-items>
 <clothing>
  <id>
   193225061
  </id>
  <name>
   Addidas Shoes V-8547
  </name>
  <category>
   Shoes
  </category>
  <size>
   M
  </size>
  <color>
   Желтый
  </color>
  <material>
   Нейлон
  </material>
  <price>
   405583
  </price>
  <rating>
   2.93
  </rating>
  <reviews>
   492777
  </reviews>
  <exclusive>
   no
  </exclusive>
  <sporty>
   no
  </sporty>
 </clothing>
 <clothing>
  <id>
   619450777
  </id>
  <name>
   Adidas Pants P-9879
  </name>
  <category>
   Pants
  </category>
  <size>
   XL
  </size>
  <color>
   Красный
  </color>
  <material>
   Лен
  </material>
  <price>
   914537
  </price>
  <rating>
   1.99
  </rating>
  <reviews>
   938996
  </reviews>
  <new>
   -
  </new>
  <sporty>
   no
  </sporty>
 </clothing>
 <clothing>
  <id>
   821448281
  </id>
  <name>
   Puma Dress G-5475
  </name>
  <category>
   Dress
  </category>
  <size>
   L
  </size>
  <color>
   Желтый
  </color>
  <material>
   Лен
  </material>
  <price>
   979811
  </price>
  <rating>
   2.15
  </rating>
  <reviews>
   545898
  </reviews>
  <exclusive>
   no
  </exclusive>
  <sporty>
   no
  </sporty>
 </clothing>
 <clothing>
  <id>
   289367196
  </id>
  <name>
   Lacoste Shoes D-3890
  </name>
  <category>
   Shoes
  </category>
  <size>
   M
  </size>
  <color>
   Оранжевый
  </color>
  <material>
   Хлопок
  </material>
  <price>
   315201
  </price>
  <rating>
   3.9
  </rating>
  <reviews>
   736897
  </reviews>
  <new>
   -
  </new>
  <exclusive>
   yes
  </exclusive>
  <sporty>
   no
  </sporty>
 </clothing>
 <clothing>
  <id>
   475212115
  </id>
  <name>
   Ellesse Blouse E-2201
  </name>
  <category>
   Blouse
  </category>
  <size>
   XXL
  </size>
  <color>
   Фиолетовый
  </color>
  <material>
   Вискоза
  </material>
  <price>
   923714
  </price>
  <rating>
   1.58
  </rating>
  <reviews>
   744377
  </reviews>
  <new>
   -
  </new>
 </clothing>
 <clothing>
  <id>
   177416615
  </id>
  <name>
   Ellesse T-shirt C-5729
  </name>
  <category>
   T-shirt
  </category>
  <size>
   L
  </size>
  <color>
   Синий
  </color>
  <material>
   Шерсть
  </material>
  <price>
   254858
  </price>
  <rating>
   1.9
  </rating>
  <reviews>
   468271
  </reviews>
  <exclusive>
   yes
  </exclusive>
 </clothing>
 <clothing>
  <id>
   394142771
  </id>
  <name>
   Ellesse Socks R-9077
  </name>
  <category>
   Socks
  </category>
  <size>
   XXL
  </size>
  <color>
   Голубой
  </color>
  <material>
   Полиэстер
  </material>
  <price>
   892528
  </price>
  <rating>
   3.08
  </rating>
  <reviews>
   986330
  </reviews>
  <new>
   -
  </new>
  <sporty>
   no
  </sporty>
 </clothing>
 <clothing>
  <id>
   992696071
  </id>
  <name>
   DC Umbrellas M-4338
  </name>
  <category>
   Umbrellas
  </category>
  <size>
   XL
  </size>
  <color>
   Голубой
  </color>
  <material>
   Шелк
  </material>
  <price>
   908786
  </price>
  <rating>
   1.81
  </rating>
  <reviews>
   55809
  </reviews>
  <new>
   -
  </new>
  <sporty>
   no
  </sporty>
 </clothing>
 <clothing>
  <id>
   999453026
  </id>
  <name>
   Fila T-shirt H-1017
  </name>
  <category>
   T-shirt
  </category>
  <size>
   XXL
  </size>
  <color>
   Желтый
  </color>
  <material>
   Вискоза
  </material>
  <price>
   375612
  </price>
  <rating>
   4.09
  </rating>
  <reviews>
   740982
  </reviews>
  <new>
   -
  </new>
  <sporty>
   no
  </sporty>
 </clothing>
 <clothing>
  <id>
   351046464
  </id>
  <name>
   DC Hat O-4308
  </name>
  <category>
   Hat
  </category>
  <size>
   XL
  </size>
  <color>
   Красный
  </color>
  <material>
   Лен
  </material>
  <price>
   144605
  </price>
  <rating>
   2.05
  </rating>
  <reviews>
   354163
  </reviews>
  <exclusive>
   no
  </exclusive>
 </clothing>
 <clothing>
  <id>
   317148984
  </id>
  <name>
   DC Dress R-1444
  </name>
  <category>
   Dress
  </category>
  <size>
   XXL
  </size>
  <color>
   Синий
  </color>
  <material>
   Вискоза
  </material>
  <price>
   757729
  </price>
  <rating>
   3.53
  </rating>
  <reviews>
   786190
  </reviews>
  <new>
   -
  </new>
  <exclusive>
   no
  </exclusive>
 </clothing>
 <clothing>
  <id>
   977269850
  </id>
  <name>
   Puma Dress M-3888
  </name>
  <category>
   Dress
  </category>
  <size>
   S
  </size>
  <color>
   Красный
  </color>
  <material>
   Шелк
  </material>
  <price>
   168006
  </price>
  <rating>
   1.39
  </rating>
  <reviews>
   17218
  </reviews>
  <exclusive>
   no
  </exclusive>
  <sporty>
   yes
  </sporty>
 </clothing>
 <clothing>
  <id>
   285545614
  </id>
  <name>
   PleinSport Dress G-5546
  </name>
  <category>
   Dress
  </category>
  <size>
   S
  </size>
  <color>
   Фиолетовый
  </color>
  <material>
   Кожа
  </material>
  <price>
   214250
  </price>
  <rating>
   3.74
  </rating>
  <reviews>
   200148
  </reviews>
  <new>
   -
  </new>
  <sporty>
   no
  </sporty>
 </clothing>
 <clothing>
  <id>
   662716648
  </id>
  <name>
   Addidas Blouse B-2259
  </name>
  <category>
   Blouse
  </category>
  <size>
   M
  </size>
  <color>
   Фиолетовый
  </color>
  <material>
   Полиэстер
  </material>
  <price>
   648386
  </price>
  <rating>
   4.18
  </rating>
  <reviews>
   169600
  </reviews>
  <exclusive>
   yes
  </exclusive>
  <sporty>
   yes
  </sporty>
 </clothing>
 <clothing>
  <id>
   568274471
  </id>
  <name>
   Nike Pants O-6662
  </name>
  <category>
   Pants
  </category>
  <size>
   L
  </size>
  <color>
   Желтый
  </color>
  <material>
   Хлопок
  </material>
  <price>
   984295
  </price>
  <rating>
   2.33
  </rating>
  <reviews>
   223417
  </reviews>
  <sporty>
   yes
  </sporty>
 </clothing>
 <clothing>
  <id>
   423489523
  </id>
  <name>
   Nike Dress Q-6802
  </name>
  <category>
   Dress
  </category>
  <size>
   M
  </size>
  <color>
   Голубой
  </color>
  <material>
   Нейлон
  </material>
  <price>
   640620
  </price>
  <rating>
   2.12
  </rating>
  <reviews>
   367575
  </reviews>
  <exclusive>
   yes
  </exclusive>
  <sporty>
   no
  </sporty>
 </clothing>
 <clothing>
  <id>
   141083864
  </id>
  <name>
   DC Socks X-2500
  </name>
  <category>
   Socks
  </category>
  <size>
   XL
  </size>
  <color>
   Зеленый
  </color>
  <material>
   Хлопок
  </material>
  <price>
   270278
  </price>
  <rating>
   2.28
  </rating>
  <reviews>
   174034
  </reviews>
 </clothing>
 <clothing>
  <id>
   227547580
  </id>
  <name>
   Asics Handbags C-9130
  </name>
  <category>
   Handbags
  </category>
  <size>
   XXL
  </size>
  <color>
   Зеленый
  </color>
  <material>
   Кожа
  </material>
  <price>
   632233
  </price>
  <rating>
   4.06
  </rating>
  <reviews>
   898079
  </reviews>
  <new>
   +
  </new>
  <exclusive>
   no
  </exclusive>
  <sporty>
   no
  </sporty>
 </clothing>
 <clothing>
  <id>
   780635551
  </id>
  <name>
   New Balance Hat G-2085
  </name>
  <category>
   Hat
  </category>
  <size>
   XL
  </size>
  <color>
   Голубой
  </color>
  <material>
   Лен
  </material>
  <price>
   986865
  </price>
  <rating>
   3.41
  </rating>
  <reviews>
   955425
  </reviews>
  <new>
   -
  </new>
  <exclusive>
   no
  </exclusive>
 </clothing>
 <clothing>
  <id>
   463136347
  </id>
  <name>
   PleinSport Sweater T-9495
  </name>
  <category>
   Sweater
  </category>
  <size>
   L
  </size>
  <color>
   Голубой
  </color>
  <material>
   Нейлон
  </material>
  <price>
   554775
  </price>
  <rating>
   2.19
  </rating>
  <reviews>
   63835
  </reviews>
  <sporty>
   no
  </sporty>
 </clothing>
 <clothing>
  <id>
   376821367
  </id>
  <name>
   Under Armour T-shirt Q-9415
  </name>
  <category>
   T-shirt
  </category>
  <size>
   XXL
  </size>
  <color>
   Фиолетовый
  </color>
  <material>
   Вискоза
  </material>
  <price>
   205021
  </price>
  <rating>
   1.13
  </rating>
  <reviews>
   762756
  </reviews>
  <new>
   -
  </new>
  <sporty>
   no
  </sporty>
 </clothing>
 <clothing>
  <id>
   315283055
  </id>
  <name>
   Fila Shirt U-6175
  </name>
  <category>
   Shirt
  </category>
  <size>
   XXL
  </size>
  <color>
   Голубой
  </color>
  <material>
   Нейлон
  </material>
  <price>
   393776
  </price>
  <rating>
   4.57
  </rating>
  <reviews>
   151338
  </reviews>
  <new>
   -
  </new>
  <sporty>
   yes
  </sporty>
 </clothing>
 <clothing>
  <id>
   801811616
  </id>
  <name>
   Asics Umbrellas P-8200
  </name>
  <category>
   Umbrellas
  </category>
  <size>
   S
  </size>
  <color>
   Фиолетовый
  </color>
  <material>
   Кожа
  </material>
  <price>
   658658
  </price>
  <rating>
   2.92
  </rating>
  <reviews>
   166636
  </reviews>
  <exclusive>
   yes
  </exclusive>
 </clothing>
 <clothing>
  <id>
   644264945
  </id>
  <name>
   Converse Gloves C-3209
  </name>
  <category>
   Gloves
  </category>
  <size>
   S
  </size>
  <color>
   Фиолетовый
  </color>
  <material>
   Шелк
  </material>
  <price>
   347978
  </price>
  <rating>
   3.06
  </rating>
  <reviews>
   888918
  </reviews>
  <new>
   -
  </new>
  <exclusive>
   no
  </exclusive>
 </clothing>
 <clothing>
  <id>
   251890567
  </id>
  <name>
   Brooks Gloves T-6832
  </name>
  <category>
   Gloves
  </category>
  <size>
   XL
  </size>
  <color>
   Зеленый
  </color>
  <material>
   Кожа
  </material>
  <price>
   613421
  </price>
  <rating>
   4.62
  </rating>
  <reviews>
   43679
  </reviews>
  <new>
   +
  </new>
  <exclusive>
   yes
  </exclusive>
  <sporty>
   yes
  </sporty>
 </clothing>
 <clothing>
  <id>
   874586657
  </id>
  <name>
   Ellesse Dress Q-6362
  </name>
  <category>
   Dress
  </category>
  <size>
   XXL
  </size>
  <color>
   Фиолетовый
  </color>
  <material>
   Нейлон
  </material>
  <price>
   370837
  </price>
  <rating>
   2.41
  </rating>
  <reviews>
   649992
  </reviews>
  <new>
   +
  </new>
  <exclusive>
   no
  </exclusive>
  <sporty>
   yes
  </sporty>
 </clothing>
 <clothing>
  <id>
   199332914
  </id>
  <name>
   PleinSport Gloves F-5975
  </name>
  <category>
   Gloves
  </category>
  <size>
   S
  </size>
  <color>
   Красный
  </color>
  <material>
   Шерсть
  </material>
  <price>
   258562
  </price>
  <rating>
   4.66
  </rating>
  <reviews>
   965537
  </reviews>
  <new>
   +
  </new>
  <exclusive>
   no
  </exclusive>
 </clothing>
 <clothing>
  <id>
   839733803
  </id>
  <name>
   Nike Socks B-5293
  </name>
  <category>
   Socks
  </category>
  <size>
   M
  </size>
  <color>
   Оранжевый
  </color>
  <material>
   Полиэстер
  </material>
  <price>
   981176
  </price>
  <rating>
   4.26
  </rating>
  <reviews>
   232489
  </reviews>
  <new>
   -
  </new>
  <sporty>
   no
  </sporty>
 </clothing>
 <clothing>
  <id>
   460967183
  </id>
  <name>
   Asics Skirt M-9000
  </name>
  <category>
   Skirt
  </category>
  <size>
   L
  </size>
  <color>
   Оранжевый
  </color>
  <material>
   Шерсть
  </material>
  <price>
   304314
  </price>
  <rating>
   4.9
  </rating>
  <reviews>
   477715
  </reviews>
  <new>
   -
  </new>
  <exclusive>
   yes
  </exclusive>
  <sporty>
   no
  </sporty>
 </clothing>
 <clothing>
  <id>
   850296149
  </id>
  <name>
   Addidas Gloves L-2668
  </name>
  <category>
   Gloves
  </category>
  <size>
   L
  </size>
  <color>
   Желтый
  </color>
  <material>
   Полиэстер
  </material>
  <price>
   959369
  </price>
  <rating>
   1.11
  </rating>
  <reviews>
   101220
  </reviews>
  <new>
   -
  </new>
  <exclusive>
   yes
  </exclusive>
 </clothing>
 <clothing>
  <id>
   128209938
  </id>
  <name>
   Under Armour Hat W-7658
  </name>
  <category>
   Hat
  </category>
  <size>
   XL
  </size>
  <color>
   Фиолетовый
  </color>
  <material>
   Нейлон
  </material>
  <price>
   100113
  </price>
  <rating>
   2.73
  </rating>
  <reviews>
   749648
  </reviews>
 </clothing>
 <clothing>
  <id>
   263250738
  </id>
  <name>
   Brooks Jeans O-9247
  </name>
  <category>
   Jeans
  </category>
  <size>
   M
  </size>
  <color>
   Оранжевый
  </color>
  <material>
   Хлопок
  </material>
  <price>
   153583
  </price>
  <rating>
   1.14
  </rating>
  <reviews>
   410724
  </reviews>
  <sporty>
   yes
  </sporty>
 </clothing>
 <clothing>
  <id>
   406675027
  </id>
  <name>
   Adidas Blouse U-1461
  </name>
  <category>
   Blouse
  </category>
  <size>
   S
  </size>
  <color>
   Желтый
  </color>
  <material>
   Вискоза
  </material>
  <price>
   746175
  </price>
  <rating>
   3.75
  </rating>
  <reviews>
   479743
  </reviews>
  <exclusive>
   no
  </exclusive>
  <sporty>
   no
  </sporty>
 </clothing>
 <clothing>
  <id>
   967973136
  </id>
  <name>
   Under Armour Belts F-9062
  </name>
  <category>
   Belts
  </category>
  <size>
   M
  </size>
  <color>
   Синий
  </color>
  <material>
   Полиэстер
  </material>
  <price>
   493213
  </price>
  <rating>
   4.19
  </rating>
  <reviews>
   447603
  </reviews>
  <exclusive>
   no
  </exclusive>
 </clothing>
 <clothing>
  <id>
   249727784
  </id>
  <name>
   PleinSport T-shirt E-7953
  </name>
  <category>
   T-shirt
  </category>
  <size>
   XXL
  </size>
  <color>
   Синий
  </color>
  <material>
   Вискоза
  </material>
  <price>
   213533
  </price>
  <rating>
   3.67
  </rating>
  <reviews>
   913254
  </reviews>
  <new>
   -
  </new>
 </clothing>
 <clothing>
  <id>
   120519829
  </id>
  <name>
   Ellesse Blouse C-4978
  </name>
  <category>
   Blouse
  </category>
  <size>
   S
  </size>
  <color>
   Фиолетовый
  </color>
  <material>
   Полиэстер
  </material>
  <price>
   947939
  </price>
  <rating>
   2.73
  </rating>
  <reviews>
   183768
  </reviews>
  <new>
   +
  </new>
  <exclusive>
   no
  </exclusive>
  <sporty>
   no
  </sporty>
 </clothing>
 <clothing>
  <id>
   549099199
  </id>
  <name>
   Asics Blouse R-8315
  </name>
  <category>
   Blouse
  </category>
  <size>
   XL
  </size>
  <color>
   Голубой
  </color>
  <material>
   Шелк
  </material>
  <price>
   869175
  </price>
  <rating>
   3.34
  </rating>
  <reviews>
   17697
  </reviews>
 </clothing>
 <clothing>
  <id>
   965660847
  </id>
  <name>
   Addidas Gloves C-4290
  </name>
  <category>
   Gloves
  </category>
  <size>
   L
  </size>
  <color>
   Красный
  </color>
  <material>
   Хлопок
  </material>
  <price>
   941022
  </price>
  <rating>
   2.0
  </rating>
  <reviews>
   88587
  </reviews>
  <new>
   +
  </new>
  <sporty>
   yes
  </sporty>
 </clothing>
 <clothing>
  <id>
   373951963
  </id>
  <name>
   Puma Blouse W-7666
  </name>
  <category>
   Blouse
  </category>
  <size>
   S
  </size>
  <color>
   Зеленый
  </color>
  <material>
   Вискоза
  </material>
  <price>
   141953
  </price>
  <rating>
   1.66
  </rating>
  <reviews>
   441797
  </reviews>
  <exclusive>
   no
  </exclusive>
  <sporty>
   no
  </sporty>
 </clothing>
</clothing-items>
