<?xml version="1.0" encoding="utf-8"?>
<clothing-items>
 <clothing>
  <id>
   592011631
  </id>
  <name>
   Nike Belts Z-7866
  </name>
  <category>
   Belts
  </category>
  <size>
   S
  </size>
  <color>
   Голубой
  </color>
  <material>
   Лен
  </material>
  <price>
   129373
  </price>
  <rating>
   1.81
  </rating>
  <reviews>
   819302
  </reviews>
  <exclusive>
   no
  </exclusive>
 </clothing>
 <clothing>
  <id>
   761761134
  </id>
  <name>
   Puma Dress O-5939
  </name>
  <category>
   Dress
  </category>
  <size>
   XL
  </size>
  <color>
   Фиолетовый
  </color>
  <material>
   Кожа
  </material>
  <price>
   750648
  </price>
  <rating>
   2.5
  </rating>
  <reviews>
   147190
  </reviews>
  <new>
   -
  </new>
  <exclusive>
   no
  </exclusive>
  <sporty>
   no
  </sporty>
 </clothing>
 <clothing>
  <id>
   687223219
  </id>
  <name>
   Addidas Belts O-4125
  </name>
  <category>
   Belts
  </category>
  <size>
   L
  </size>
  <color>
   Голубой
  </color>
  <material>
   Кожа
  </material>
  <price>
   583084
  </price>
  <rating>
   3.58
  </rating>
  <reviews>
   854834
  </reviews>
  <new>
   -
  </new>
  <exclusive>
   no
  </exclusive>
  <sporty>
   no
  </sporty>
 </clothing>
 <clothing>
  <id>
   798902489
  </id>
  <name>
   Converse Dress Z-7347
  </name>
  <category>
   Dress
  </category>
  <size>
   M
  </size>
  <color>
   Зеленый
  </color>
  <material>
   Хлопок
  </material>
  <price>
   619914
  </price>
  <rating>
   2.07
  </rating>
  <reviews>
   476112
  </reviews>
  <new>
   +
  </new>
  <exclusive>
   yes
  </exclusive>
  <sporty>
   yes
  </sporty>
 </clothing>
 <clothing>
  <id>
   494975436
  </id>
  <name>
   Nike Umbrellas Z-1799
  </name>
  <category>
   Umbrellas
  </category>
  <size>
   S
  </size>
  <color>
   Синий
  </color>
  <material>
   Шелк
  </material>
  <price>
   813116
  </price>
  <rating>
   2.59
  </rating>
  <reviews>
   181571
  </reviews>
  <sporty>
   no
  </sporty>
 </clothing>
 <clothing>
  <id>
   873057206
  </id>
  <name>
   Brooks Socks A-2450
  </name>
  <category>
   Socks
  </category>
  <size>
   M
  </size>
  <color>
   Красный
  </color>
  <material>
   Кожа
  </material>
  <price>
   375723
  </price>
  <rating>
   4.55
  </rating>
  <reviews>
   574885
  </reviews>
  <sporty>
   yes
  </sporty>
 </clothing>
 <clothing>
  <id>
   232075464
  </id>
  <name>
   New Balance Umbrellas M-9907
  </name>
  <category>
   Umbrellas
  </category>
  <size>
   XXL
  </size>
  <color>
   Голубой
  </color>
  <material>
   Нейлон
  </material>
  <price>
   735116
  </price>
  <rating>
   1.43
  </rating>
  <reviews>
   120939
  </reviews>
 </clothing>
 <clothing>
  <id>
   939971509
  </id>
  <name>
   Fila Skirt A-5751
  </name>
  <category>
   Skirt
  </category>
  <size>
   XL
  </size>
  <color>
   Голубой
  </color>
  <material>
   Хлопок
  </material>
  <price>
   666198
  </price>
  <rating>
   1.55
  </rating>
  <reviews>
   716455
  </reviews>
  <new>
   -
  </new>
  <exclusive>
   yes
  </exclusive>
  <sporty>
   no
  </sporty>
 </clothing>
 <clothing>
  <id>
   721521226
  </id>
  <name>
   Ellesse Gloves S-7135
  </name>
  <category>
   Gloves
  </category>
  <size>
   XL
  </size>
  <color>
   Желтый
  </color>
  <material>
   Кожа
  </material>
  <price>
   849882
  </price>
  <rating>
   4.88
  </rating>
  <reviews>
   913284
  </reviews>
  <new>
   +
  </new>
  <sporty>
   no
  </sporty>
 </clothing>
 <clothing>
  <id>
   792845234
  </id>
  <name>
   Ellesse T-shirt Z-2038
  </name>
  <category>
   T-shirt
  </category>
  <size>
   XL
  </size>
  <color>
   Желтый
  </color>
  <material>
   Хлопок
  </material>
  <price>
   234618
  </price>
  <rating>
   3.52
  </rating>
  <reviews>
   729923
  </reviews>
  <new>
   -
  </new>
  <exclusive>
   yes
  </exclusive>
 </clothing>
 <clothing>
  <id>
   511083866
  </id>
  <name>
   Reebok T-shirt L-9657
  </name>
  <category>
   T-shirt
  </category>
  <size>
   L
  </size>
  <color>
   Желтый
  </color>
  <material>
   Шелк
  </material>
  <price>
   865501
  </price>
  <rating>
   2.32
  </rating>
  <reviews>
   742603
  </reviews>
  <new>
   -
  </new>
  <exclusive>
   no
  </exclusive>
  <sporty>
   no
  </sporty>
 </clothing>
 <clothing>
  <id>
   180583299
  </id>
  <name>
   Vans Gloves Z-7406
  </name>
  <category>
   Gloves
  </category>
  <size>
   M
  </size>
  <color>
   Зеленый
  </color>
  <material>
   Полиэстер
  </material>
  <price>
   918101
  </price>
  <rating>
   1.96
  </rating>
  <reviews>
   406214
  </reviews>
  <new>
   -
  </new>
  <sporty>
   no
  </sporty>
 </clothing>
 <clothing>
  <id>
   225745075
  </id>
  <name>
   Vans Handbags F-1242
  </name>
  <category>
   Handbags
  </category>
  <size>
   L
  </size>
  <color>
   Фиолетовый
  </color>
  <material>
   Кожа
  </material>
  <price>
   677183
  </price>
  <rating>
   4.33
  </rating>
  <reviews>
   336570
  </reviews>
  <new>
   -
  </new>
 </clothing>
 <clothing>
  <id>
   876917170
  </id>
  <name>
   Vans Shoes W-4797
  </name>
  <category>
   Shoes
  </category>
  <size>
   XXL
  </size>
  <color>
   Желтый
  </color>
  <material>
   Полиэстер
  </material>
  <price>
   129306
  </price>
  <rating>
   1.37
  </rating>
  <reviews>
   343624
  </reviews>
  <exclusive>
   yes
  </exclusive>
  <sporty>
   no
  </sporty>
 </clothing>
 <clothing>
  <id>
   915989733
  </id>
  <name>
   Adidas Belts B-2796
  </name>
  <category>
   Belts
  </category>
  <size>
   S
  </size>
  <color>
   Оранжевый
  </color>
  <material>
   Хлопок
  </material>
  <price>
   234093
  </price>
  <rating>
   4.0
  </rating>
  <reviews>
   329453
  </reviews>
  <new>
   -
  </new>
  <exclusive>
   yes
  </exclusive>
  <sporty>
   no
  </sporty>
 </clothing>
 <clothing>
  <id>
   464444013
  </id>
  <name>
   Vans Handbags M-9722
  </name>
  <category>
   Handbags
  </category>
  <size>
   S
  </size>
  <color>
   Оранжевый
  </color>
  <material>
   Полиэстер
  </material>
  <price>
   780571
  </price>
  <rating>
   2.26
  </rating>
  <reviews>
   514581
  </reviews>
  <new>
   +
  </new>
  <sporty>
   yes
  </sporty>
 </clothing>
 <clothing>
  <id>
   109118846
  </id>
  <name>
   Adidas Jacket J-6480
  </name>
  <category>
   Jacket
  </category>
  <size>
   M
  </size>
  <color>
   Красный
  </color>
  <material>
   Вискоза
  </material>
  <price>
   563824
  </price>
  <rating>
   4.15
  </rating>
  <reviews>
   564115
  </reviews>
  <new>
   -
  </new>
  <exclusive>
   no
  </exclusive>
 </clothing>
 <clothing>
  <id>
   643846191
  </id>
  <name>
   Puma Shoes N-3723
  </name>
  <category>
   Shoes
  </category>
  <size>
   M
  </size>
  <color>
   Оранжевый
  </color>
  <material>
   Кожа
  </material>
  <price>
   610653
  </price>
  <rating>
   2.45
  </rating>
  <reviews>
   172444
  </reviews>
  <new>
   +
  </new>
  <exclusive>
   no
  </exclusive>
  <sporty>
   no
  </sporty>
 </clothing>
 <clothing>
  <id>
   708112706
  </id>
  <name>
   Asics Jacket A-5302
  </name>
  <category>
   Jacket
  </category>
  <size>
   S
  </size>
  <color>
   Желтый
  </color>
  <material>
   Лен
  </material>
  <price>
   685042
  </price>
  <rating>
   2.52
  </rating>
  <reviews>
   651926
  </reviews>
  <new>
   +
  </new>
  <exclusive>
   no
  </exclusive>
 </clothing>
 <clothing>
  <id>
   750543089
  </id>
  <name>
   Lacoste Socks X-7530
  </name>
  <category>
   Socks
  </category>
  <size>
   S
  </size>
  <color>
   Фиолетовый
  </color>
  <material>
   Шелк
  </material>
  <price>
   166754
  </price>
  <rating>
   4.68
  </rating>
  <reviews>
   542993
  </reviews>
  <new>
   -
  </new>
  <exclusive>
   yes
  </exclusive>
 </clothing>
 <clothing>
  <id>
   921075175
  </id>
  <name>
   Ellesse Skirt U-7746
  </name>
  <category>
   Skirt
  </category>
  <size>
   L
  </size>
  <color>
   Зеленый
  </color>
  <material>
   Кожа
  </material>
  <price>
   144042
  </price>
  <rating>
   1.5
  </rating>
  <reviews>
   151280
  </reviews>
  <new>
   -
  </new>
 </clothing>
 <clothing>
  <id>
   663958852
  </id>
  <name>
   Converse Shoes C-2964
  </name>
  <category>
   Shoes
  </category>
  <size>
   L
  </size>
  <color>
   Оранжевый
  </color>
  <material>
   Вискоза
  </material>
  <price>
   442239
  </price>
  <rating>
   4.52
  </rating>
  <reviews>
   352138
  </reviews>
  <new>
   +
  </new>
  <sporty>
   yes
  </sporty>
 </clothing>
 <clothing>
  <id>
   271898806
  </id>
  <name>
   Asics Hat T-1147
  </name>
  <category>
   Hat
  </category>
  <size>
   M
  </size>
  <color>
   Синий
  </color>
  <material>
   Шелк
  </material>
  <price>
   658050
  </price>
  <rating>
   3.43
  </rating>
  <reviews>
   555631
  </reviews>
  <new>
   -
  </new>
  <exclusive>
   no
  </exclusive>
 </clothing>
 <clothing>
  <id>
   256572608
  </id>
  <name>
   Adidas Jeans Z-6352
  </name>
  <category>
   Jeans
  </category>
  <size>
   L
  </size>
  <color>
   Голубой
  </color>
  <material>
   Вискоза
  </material>
  <price>
   884317
  </price>
  <rating>
   4.67
  </rating>
  <reviews>
   694320
  </reviews>
  <new>
   -
  </new>
  <exclusive>
   no
  </exclusive>
  <sporty>
   yes
  </sporty>
 </clothing>
 <clothing>
  <id>
   611650600
  </id>
  <name>
   Nike Pants F-7620
  </name>
  <category>
   Pants
  </category>
  <size>
   XXL
  </size>
  <color>
   Фиолетовый
  </color>
  <material>
   Лен
  </material>
  <price>
   325525
  </price>
  <rating>
   2.33
  </rating>
  <reviews>
   640962
  </reviews>
  <new>
   +
  </new>
  <sporty>
   no
  </sporty>
 </clothing>
 <clothing>
  <id>
   250109744
  </id>
  <name>
   Under Armour Umbrellas I-1596
  </name>
  <category>
   Umbrellas
  </category>
  <size>
   M
  </size>
  <color>
   Голубой
  </color>
  <material>
   Шерсть
  </material>
  <price>
   615081
  </price>
  <rating>
   2.74
  </rating>
  <reviews>
   110147
  </reviews>
  <exclusive>
   yes
  </exclusive>
  <sporty>
   yes
  </sporty>
 </clothing>
 <clothing>
  <id>
   278901546
  </id>
  <name>
   Under Armour Belts H-5289
  </name>
  <category>
   Belts
  </category>
  <size>
   XL
  </size>
  <color>
   Синий
  </color>
  <material>
   Кожа
  </material>
  <price>
   978386
  </price>
  <rating>
   4.18
  </rating>
  <reviews>
   257058
  </reviews>
  <new>
   -
  </new>
 </clothing>
 <clothing>
  <id>
   191209970
  </id>
  <name>
   DC Jeans V-7548
  </name>
  <category>
   Jeans
  </category>
  <size>
   XL
  </size>
  <color>
   Желтый
  </color>
  <material>
   Шерсть
  </material>
  <price>
   717889
  </price>
  <rating>
   2.45
  </rating>
  <reviews>
   266314
  </reviews>
  <new>
   +
  </new>
  <sporty>
   yes
  </sporty>
 </clothing>
 <clothing>
  <id>
   852135650
  </id>
  <name>
   Adidas Socks S-9793
  </name>
  <category>
   Socks
  </category>
  <size>
   XL
  </size>
  <color>
   Фиолетовый
  </color>
  <material>
   Шерсть
  </material>
  <price>
   998914
  </price>
  <rating>
   4.03
  </rating>
  <reviews>
   669867
  </reviews>
  <new>
   -
  </new>
 </clothing>
 <clothing>
  <id>
   141041711
  </id>
  <name>
   Vans Blouse B-1943
  </name>
  <category>
   Blouse
  </category>
  <size>
   M
  </size>
  <color>
   Красный
  </color>
  <material>
   Шерсть
  </material>
  <price>
   713386
  </price>
  <rating>
   3.27
  </rating>
  <reviews>
   709587
  </reviews>
  <exclusive>
   yes
  </exclusive>
  <sporty>
   yes
  </sporty>
 </clothing>
 <clothing>
  <id>
   922035852
  </id>
  <name>
   Addidas Gloves S-2984
  </name>
  <category>
   Gloves
  </category>
  <size>
   S
  </size>
  <color>
   Синий
  </color>
  <material>
   Лен
  </material>
  <price>
   827014
  </price>
  <rating>
   2.19
  </rating>
  <reviews>
   855229
  </reviews>
  <exclusive>
   no
  </exclusive>
 </clothing>
 <clothing>
  <id>
   868147748
  </id>
  <name>
   Converse Gloves P-9028
  </name>
  <category>
   Gloves
  </category>
  <size>
   XL
  </size>
  <color>
   Красный
  </color>
  <material>
   Вискоза
  </material>
  <price>
   552565
  </price>
  <rating>
   4.88
  </rating>
  <reviews>
   889146
  </reviews>
  <new>
   +
  </new>
 </clothing>
 <clothing>
  <id>
   664991275
  </id>
  <name>
   Reebok Shoes C-9933
  </name>
  <category>
   Shoes
  </category>
  <size>
   S
  </size>
  <color>
   Синий
  </color>
  <material>
   Шерсть
  </material>
  <price>
   969265
  </price>
  <rating>
   3.68
  </rating>
  <reviews>
   696321
  </reviews>
  <exclusive>
   no
  </exclusive>
  <sporty>
   yes
  </sporty>
 </clothing>
 <clothing>
  <id>
   106992996
  </id>
  <name>
   Reebok Jacket Y-5798
  </name>
  <category>
   Jacket
  </category>
  <size>
   S
  </size>
  <color>
   Желтый
  </color>
  <material>
   Кожа
  </material>
  <price>
   480999
  </price>
  <rating>
   1.94
  </rating>
  <reviews>
   539103
  </reviews>
  <sporty>
   yes
  </sporty>
 </clothing>
 <clothing>
  <id>
   123211283
  </id>
  <name>
   New Balance Shoes A-6838
  </name>
  <category>
   Shoes
  </category>
  <size>
   M
  </size>
  <color>
   Зеленый
  </color>
  <material>
   Полиэстер
  </material>
  <price>
   867537
  </price>
  <rating>
   4.28
  </rating>
  <reviews>
   373149
  </reviews>
  <new>
   -
  </new>
  <exclusive>
   no
  </exclusive>
  <sporty>
   yes
  </sporty>
 </clothing>
 <clothing>
  <id>
   516157463
  </id>
  <name>
   Under Armour Sweater G-5347
  </name>
  <category>
   Sweater
  </category>
  <size>
   S
  </size>
  <color>
   Голубой
  </color>
  <material>
   Вискоза
  </material>
  <price>
   193213
  </price>
  <rating>
   1.34
  </rating>
  <reviews>
   30092
  </reviews>
  <new>
   -
  </new>
  <exclusive>
   no
  </exclusive>
 </clothing>
 <clothing>
  <id>
   321390401
  </id>
  <name>
   New Balance Umbrellas V-3127
  </name>
  <category>
   Umbrellas
  </category>
  <size>
   L
  </size>
  <color>
   Оранжевый
  </color>
  <material>
   Кожа
  </material>
  <price>
   397732
  </price>
  <rating>
   3.56
  </rating>
  <reviews>
   654732
  </reviews>
  <exclusive>
   no
  </exclusive>
 </clothing>
 <clothing>
  <id>
   412966662
  </id>
  <name>
   Converse Shoes P-9034
  </name>
  <category>
   Shoes
  </category>
  <size>
   XXL
  </size>
  <color>
   Желтый
  </color>
  <material>
   Хлопок
  </material>
  <price>
   415836
  </price>
  <rating>
   2.45
  </rating>
  <reviews>
   90665
  </reviews>
  <exclusive>
   yes
  </exclusive>
  <sporty>
   no
  </sporty>
 </clothing>
 <clothing>
  <id>
   580580762
  </id>
  <name>
   Ellesse Shoes O-5828
  </name>
  <category>
   Shoes
  </category>
  <size>
   L
  </size>
  <color>
   Фиолетовый
  </color>
  <material>
   Нейлон
  </material>
  <price>
   140770
  </price>
  <rating>
   1.77
  </rating>
  <reviews>
   934652
  </reviews>
  <new>
   +
  </new>
  <exclusive>
   no
  </exclusive>
 </clothing>
 <clothing>
  <id>
   754172670
  </id>
  <name>
   Fila Dress V-1076
  </name>
  <category>
   Dress
  </category>
  <size>
   M
  </size>
  <color>
   Оранжевый
  </color>
  <material>
   Вискоза
  </material>
  <price>
   902173
  </price>
  <rating>
   3.74
  </rating>
  <reviews>
   289832
  </reviews>
  <sporty>
   no
  </sporty>
 </clothing>
 <clothing>
  <id>
   468881913
  </id>
  <name>
   Reebok Handbags N-5852
  </name>
  <category>
   Handbags
  </category>
  <size>
   XXL
  </size>
  <color>
   Фиолетовый
  </color>
  <material>
   Шерсть
  </material>
  <price>
   698209
  </price>
  <rating>
   2.38
  </rating>
  <reviews>
   936821
  </reviews>
  <exclusive>
   no
  </exclusive>
  <sporty>
   no
  </sporty>
 </clothing>
 <clothing>
  <id>
   439615444
  </id>
  <name>
   PleinSport Gloves N-7370
  </name>
  <category>
   Gloves
  </category>
  <size>
   M
  </size>
  <color>
   Красный
  </color>
  <material>
   Шерсть
  </material>
  <price>
   963302
  </price>
  <rating>
   2.97
  </rating>
  <reviews>
   180357
  </reviews>
  <exclusive>
   no
  </exclusive>
  <sporty>
   yes
  </sporty>
 </clothing>
</clothing-items>
