<?xml version="1.0" encoding="utf-8"?>
<clothing-items>
 <clothing>
  <id>
   670454763
  </id>
  <name>
   Converse Dress J-6479
  </name>
  <category>
   Dress
  </category>
  <size>
   XL
  </size>
  <color>
   Фиолетовый
  </color>
  <material>
   Лен
  </material>
  <price>
   412360
  </price>
  <rating>
   2.3
  </rating>
  <reviews>
   251983
  </reviews>
  <new>
   -
  </new>
  <exclusive>
   yes
  </exclusive>
  <sporty>
   yes
  </sporty>
 </clothing>
 <clothing>
  <id>
   286309390
  </id>
  <name>
   Lacoste Jeans F-8062
  </name>
  <category>
   Jeans
  </category>
  <size>
   XXL
  </size>
  <color>
   Зеленый
  </color>
  <material>
   Шерсть
  </material>
  <price>
   460393
  </price>
  <rating>
   2.47
  </rating>
  <reviews>
   71905
  </reviews>
  <exclusive>
   yes
  </exclusive>
  <sporty>
   no
  </sporty>
 </clothing>
 <clothing>
  <id>
   404022646
  </id>
  <name>
   Ellesse Pants F-3720
  </name>
  <category>
   Pants
  </category>
  <size>
   S
  </size>
  <color>
   Желтый
  </color>
  <material>
   Шерсть
  </material>
  <price>
   807607
  </price>
  <rating>
   4.14
  </rating>
  <reviews>
   231572
  </reviews>
  <exclusive>
   no
  </exclusive>
  <sporty>
   no
  </sporty>
 </clothing>
 <clothing>
  <id>
   956735700
  </id>
  <name>
   Lacoste Socks U-6212
  </name>
  <category>
   Socks
  </category>
  <size>
   XL
  </size>
  <color>
   Желтый
  </color>
  <material>
   Хлопок
  </material>
  <price>
   565832
  </price>
  <rating>
   2.94
  </rating>
  <reviews>
   687915
  </reviews>
  <new>
   +
  </new>
  <sporty>
   yes
  </sporty>
 </clothing>
 <clothing>
  <id>
   223792603
  </id>
  <name>
   Nike Shirt D-1806
  </name>
  <category>
   Shirt
  </category>
  <size>
   XL
  </size>
  <color>
   Синий
  </color>
  <material>
   Нейлон
  </material>
  <price>
   483594
  </price>
  <rating>
   2.34
  </rating>
  <reviews>
   532395
  </reviews>
  <exclusive>
   no
  </exclusive>
 </clothing>
 <clothing>
  <id>
   656020410
  </id>
  <name>
   New Balance Socks S-7429
  </name>
  <category>
   Socks
  </category>
  <size>
   M
  </size>
  <color>
   Зеленый
  </color>
  <material>
   Нейлон
  </material>
  <price>
   501004
  </price>
  <rating>
   3.92
  </rating>
  <reviews>
   324908
  </reviews>
  <sporty>
   no
  </sporty>
 </clothing>
 <clothing>
  <id>
   280124486
  </id>
  <name>
   Fila Handbags H-7321
  </name>
  <category>
   Handbags
  </category>
  <size>
   M
  </size>
  <color>
   Красный
  </color>
  <material>
   Нейлон
  </material>
  <price>
   901994
  </price>
  <rating>
   2.88
  </rating>
  <reviews>
   109983
  </reviews>
  <exclusive>
   no
  </exclusive>
  <sporty>
   yes
  </sporty>
 </clothing>
 <clothing>
  <id>
   589869786
  </id>
  <name>
   New Balance Belts T-2373
  </name>
  <category>
   Belts
  </category>
  <size>
   S
  </size>
  <color>
   Зеленый
  </color>
  <material>
   Полиэстер
  </material>
  <price>
   261636
  </price>
  <rating>
   3.84
  </rating>
  <reviews>
   425283
  </reviews>
  <new>
   -
  </new>
  <exclusive>
   yes
  </exclusive>
 </clothing>
 <clothing>
  <id>
   632663309
  </id>
  <name>
   Brooks Blouse T-5403
  </name>
  <category>
   Blouse
  </category>
  <size>
   M
  </size>
  <color>
   Желтый
  </color>
  <material>
   Нейлон
  </material>
  <price>
   287571
  </price>
  <rating>
   1.32
  </rating>
  <reviews>
   476936
  </reviews>
  <new>
   -
  </new>
  <sporty>
   yes
  </sporty>
 </clothing>
 <clothing>
  <id>
   991203718
  </id>
  <name>
   Lacoste T-shirt L-2269
  </name>
  <category>
   T-shirt
  </category>
  <size>
   L
  </size>
  <color>
   Красный
  </color>
  <material>
   Кожа
  </material>
  <price>
   935178
  </price>
  <rating>
   3.08
  </rating>
  <reviews>
   801579
  </reviews>
 </clothing>
 <clothing>
  <id>
   676527823
  </id>
  <name>
   Under Armour Shoes Q-2392
  </name>
  <category>
   Shoes
  </category>
  <size>
   XL
  </size>
  <color>
   Синий
  </color>
  <material>
   Лен
  </material>
  <price>
   137788
  </price>
  <rating>
   1.92
  </rating>
  <reviews>
   939818
  </reviews>
  <new>
   +
  </new>
  <sporty>
   yes
  </sporty>
 </clothing>
 <clothing>
  <id>
   330248192
  </id>
  <name>
   Ellesse Belts I-9109
  </name>
  <category>
   Belts
  </category>
  <size>
   S
  </size>
  <color>
   Зеленый
  </color>
  <material>
   Полиэстер
  </material>
  <price>
   899066
  </price>
  <rating>
   4.28
  </rating>
  <reviews>
   854219
  </reviews>
 </clothing>
 <clothing>
  <id>
   862206097
  </id>
  <name>
   DC Gloves G-7216
  </name>
  <category>
   Gloves
  </category>
  <size>
   XL
  </size>
  <color>
   Зеленый
  </color>
  <material>
   Вискоза
  </material>
  <price>
   339358
  </price>
  <rating>
   1.73
  </rating>
  <reviews>
   514658
  </reviews>
  <new>
   +
  </new>
 </clothing>
 <clothing>
  <id>
   578761831
  </id>
  <name>
   Asics Skirt E-3026
  </name>
  <category>
   Skirt
  </category>
  <size>
   XXL
  </size>
  <color>
   Оранжевый
  </color>
  <material>
   Вискоза
  </material>
  <price>
   728542
  </price>
  <rating>
   4.74
  </rating>
  <reviews>
   729260
  </reviews>
  <sporty>
   no
  </sporty>
 </clothing>
 <clothing>
  <id>
   647883697
  </id>
  <name>
   Converse Skirt Y-4519
  </name>
  <category>
   Skirt
  </category>
  <size>
   XL
  </size>
  <color>
   Фиолетовый
  </color>
  <material>
   Вискоза
  </material>
  <price>
   529919
  </price>
  <rating>
   1.83
  </rating>
  <reviews>
   927970
  </reviews>
  <sporty>
   yes
  </sporty>
 </clothing>
 <clothing>
  <id>
   211581701
  </id>
  <name>
   Puma Socks M-7204
  </name>
  <category>
   Socks
  </category>
  <size>
   M
  </size>
  <color>
   Желтый
  </color>
  <material>
   Хлопок
  </material>
  <price>
   863733
  </price>
  <rating>
   2.02
  </rating>
  <reviews>
   450709
  </reviews>
  <new>
   -
  </new>
 </clothing>
 <clothing>
  <id>
   587043949
  </id>
  <name>
   Addidas Sweater Y-3818
  </name>
  <category>
   Sweater
  </category>
  <size>
   XL
  </size>
  <color>
   Фиолетовый
  </color>
  <material>
   Нейлон
  </material>
  <price>
   272895
  </price>
  <rating>
   4.38
  </rating>
  <reviews>
   299086
  </reviews>
  <new>
   -
  </new>
  <exclusive>
   yes
  </exclusive>
 </clothing>
 <clothing>
  <id>
   645227303
  </id>
  <name>
   PleinSport Belts M-1926
  </name>
  <category>
   Belts
  </category>
  <size>
   XL
  </size>
  <color>
   Синий
  </color>
  <material>
   Кожа
  </material>
  <price>
   184466
  </price>
  <rating>
   3.42
  </rating>
  <reviews>
   207537
  </reviews>
 </clothing>
 <clothing>
  <id>
   371694914
  </id>
  <name>
   Lacoste Gloves B-9242
  </name>
  <category>
   Gloves
  </category>
  <size>
   XL
  </size>
  <color>
   Зеленый
  </color>
  <material>
   Лен
  </material>
  <price>
   206657
  </price>
  <rating>
   1.3
  </rating>
  <reviews>
   554010
  </reviews>
  <new>
   +
  </new>
  <sporty>
   no
  </sporty>
 </clothing>
 <clothing>
  <id>
   107998283
  </id>
  <name>
   PleinSport T-shirt L-2341
  </name>
  <category>
   T-shirt
  </category>
  <size>
   S
  </size>
  <color>
   Красный
  </color>
  <material>
   Нейлон
  </material>
  <price>
   793465
  </price>
  <rating>
   1.13
  </rating>
  <reviews>
   18662
  </reviews>
  <new>
   +
  </new>
  <sporty>
   no
  </sporty>
 </clothing>
 <clothing>
  <id>
   446835997
  </id>
  <name>
   Brooks Dress B-7851
  </name>
  <category>
   Dress
  </category>
  <size>
   XXL
  </size>
  <color>
   Желтый
  </color>
  <material>
   Шерсть
  </material>
  <price>
   572033
  </price>
  <rating>
   3.86
  </rating>
  <reviews>
   155400
  </reviews>
  <new>
   +
  </new>
  <exclusive>
   no
  </exclusive>
  <sporty>
   yes
  </sporty>
 </clothing>
 <clothing>
  <id>
   269303207
  </id>
  <name>
   Lacoste Hat P-9140
  </name>
  <category>
   Hat
  </category>
  <size>
   XL
  </size>
  <color>
   Желтый
  </color>
  <material>
   Шелк
  </material>
  <price>
   747955
  </price>
  <rating>
   4.06
  </rating>
  <reviews>
   754582
  </reviews>
  <exclusive>
   no
  </exclusive>
  <sporty>
   no
  </sporty>
 </clothing>
 <clothing>
  <id>
   394357515
  </id>
  <name>
   Brooks Jacket N-8471
  </name>
  <category>
   Jacket
  </category>
  <size>
   XL
  </size>
  <color>
   Оранжевый
  </color>
  <material>
   Шерсть
  </material>
  <price>
   340330
  </price>
  <rating>
   4.4
  </rating>
  <reviews>
   86709
  </reviews>
  <new>
   -
  </new>
 </clothing>
 <clothing>
  <id>
   432460651
  </id>
  <name>
   Asics Shirt H-9720
  </name>
  <category>
   Shirt
  </category>
  <size>
   S
  </size>
  <color>
   Зеленый
  </color>
  <material>
   Шелк
  </material>
  <price>
   452653
  </price>
  <rating>
   1.73
  </rating>
  <reviews>
   373925
  </reviews>
  <new>
   -
  </new>
 </clothing>
 <clothing>
  <id>
   117948214
  </id>
  <name>
   Fila Jeans B-7811
  </name>
  <category>
   Jeans
  </category>
  <size>
   L
  </size>
  <color>
   Оранжевый
  </color>
  <material>
   Нейлон
  </material>
  <price>
   906224
  </price>
  <rating>
   3.87
  </rating>
  <reviews>
   634216
  </reviews>
  <new>
   -
  </new>
  <exclusive>
   no
  </exclusive>
  <sporty>
   yes
  </sporty>
 </clothing>
 <clothing>
  <id>
   810441043
  </id>
  <name>
   Nike Shoes L-8373
  </name>
  <category>
   Shoes
  </category>
  <size>
   XL
  </size>
  <color>
   Голубой
  </color>
  <material>
   Полиэстер
  </material>
  <price>
   768956
  </price>
  <rating>
   4.4
  </rating>
  <reviews>
   73602
  </reviews>
  <new>
   -
  </new>
  <exclusive>
   no
  </exclusive>
 </clothing>
 <clothing>
  <id>
   239284201
  </id>
  <name>
   Addidas Jeans Y-5345
  </name>
  <category>
   Jeans
  </category>
  <size>
   XL
  </size>
  <color>
   Зеленый
  </color>
  <material>
   Нейлон
  </material>
  <price>
   590369
  </price>
  <rating>
   2.08
  </rating>
  <reviews>
   555488
  </reviews>
  <new>
   -
  </new>
  <exclusive>
   no
  </exclusive>
  <sporty>
   yes
  </sporty>
 </clothing>
 <clothing>
  <id>
   555848965
  </id>
  <name>
   DC Pants O-6598
  </name>
  <category>
   Pants
  </category>
  <size>
   S
  </size>
  <color>
   Фиолетовый
  </color>
  <material>
   Нейлон
  </material>
  <price>
   470935
  </price>
  <rating>
   1.08
  </rating>
  <reviews>
   440661
  </reviews>
  <exclusive>
   no
  </exclusive>
 </clothing>
 <clothing>
  <id>
   366401430
  </id>
  <name>
   Puma Shoes L-8030
  </name>
  <category>
   Shoes
  </category>
  <size>
   L
  </size>
  <color>
   Зеленый
  </color>
  <material>
   Нейлон
  </material>
  <price>
   399867
  </price>
  <rating>
   4.6
  </rating>
  <reviews>
   306397
  </reviews>
  <new>
   -
  </new>
  <exclusive>
   no
  </exclusive>
  <sporty>
   no
  </sporty>
 </clothing>
 <clothing>
  <id>
   827577484
  </id>
  <name>
   Under Armour Skirt D-9202
  </name>
  <category>
   Skirt
  </category>
  <size>
   L
  </size>
  <color>
   Фиолетовый
  </color>
  <material>
   Хлопок
  </material>
  <price>
   509090
  </price>
  <rating>
   1.48
  </rating>
  <reviews>
   293427
  </reviews>
  <exclusive>
   yes
  </exclusive>
  <sporty>
   no
  </sporty>
 </clothing>
 <clothing>
  <id>
   190987262
  </id>
  <name>
   New Balance T-shirt S-4678
  </name>
  <category>
   T-shirt
  </category>
  <size>
   XXL
  </size>
  <color>
   Зеленый
  </color>
  <material>
   Вискоза
  </material>
  <price>
   386270
  </price>
  <rating>
   3.7
  </rating>
  <reviews>
   106398
  </reviews>
  <new>
   -
  </new>
  <exclusive>
   no
  </exclusive>
  <sporty>
   yes
  </sporty>
 </clothing>
 <clothing>
  <id>
   761964096
  </id>
  <name>
   Brooks Sweater S-7938
  </name>
  <category>
   Sweater
  </category>
  <size>
   M
  </size>
  <color>
   Оранжевый
  </color>
  <material>
   Нейлон
  </material>
  <price>
   101243
  </price>
  <rating>
   4.66
  </rating>
  <reviews>
   396539
  </reviews>
 </clothing>
 <clothing>
  <id>
   465398238
  </id>
  <name>
   Asics Shoes F-4756
  </name>
  <category>
   Shoes
  </category>
  <size>
   XXL
  </size>
  <color>
   Фиолетовый
  </color>
  <material>
   Шерсть
  </material>
  <price>
   963150
  </price>
  <rating>
   3.15
  </rating>
  <reviews>
   5242
  </reviews>
  <new>
   +
  </new>
  <sporty>
   no
  </sporty>
 </clothing>
 <clothing>
  <id>
   294987417
  </id>
  <name>
   Vans Skirt G-5242
  </name>
  <category>
   Skirt
  </category>
  <size>
   XXL
  </size>
  <color>
   Желтый
  </color>
  <material>
   Кожа
  </material>
  <price>
   690546
  </price>
  <rating>
   3.19
  </rating>
  <reviews>
   64240
  </reviews>
  <new>
   -
  </new>
  <exclusive>
   yes
  </exclusive>
  <sporty>
   yes
  </sporty>
 </clothing>
 <clothing>
  <id>
   319905009
  </id>
  <name>
   Puma Blouse F-6860
  </name>
  <category>
   Blouse
  </category>
  <size>
   XXL
  </size>
  <color>
   Оранжевый
  </color>
  <material>
   Полиэстер
  </material>
  <price>
   232887
  </price>
  <rating>
   1.45
  </rating>
  <reviews>
   109963
  </reviews>
  <exclusive>
   yes
  </exclusive>
  <sporty>
   no
  </sporty>
 </clothing>
 <clothing>
  <id>
   657188650
  </id>
  <name>
   Nike Gloves Q-9020
  </name>
  <category>
   Gloves
  </category>
  <size>
   XL
  </size>
  <color>
   Синий
  </color>
  <material>
   Шелк
  </material>
  <price>
   531438
  </price>
  <rating>
   3.97
  </rating>
  <reviews>
   52670
  </reviews>
  <exclusive>
   no
  </exclusive>
  <sporty>
   yes
  </sporty>
 </clothing>
 <clothing>
  <id>
   925026620
  </id>
  <name>
   Converse Skirt Y-4169
  </name>
  <category>
   Skirt
  </category>
  <size>
   L
  </size>
  <color>
   Голубой
  </color>
  <material>
   Кожа
  </material>
  <price>
   604055
  </price>
  <rating>
   3.88
  </rating>
  <reviews>
   740708
  </reviews>
  <new>
   -
  </new>
  <exclusive>
   no
  </exclusive>
  <sporty>
   yes
  </sporty>
 </clothing>
 <clothing>
  <id>
   870965542
  </id>
  <name>
   Fila Pants Y-5796
  </name>
  <category>
   Pants
  </category>
  <size>
   M
  </size>
  <color>
   Фиолетовый
  </color>
  <material>
   Шелк
  </material>
  <price>
   220402
  </price>
  <rating>
   1.83
  </rating>
  <reviews>
   597269
  </reviews>
  <sporty>
   yes
  </sporty>
 </clothing>
 <clothing>
  <id>
   796476063
  </id>
  <name>
   DC Umbrellas O-8218
  </name>
  <category>
   Umbrellas
  </category>
  <size>
   M
  </size>
  <color>
   Желтый
  </color>
  <material>
   Лен
  </material>
  <price>
   699263
  </price>
  <rating>
   3.6
  </rating>
  <reviews>
   685331
  </reviews>
  <new>
   +
  </new>
  <exclusive>
   yes
  </exclusive>
 </clothing>
 <clothing>
  <id>
   900310428
  </id>
  <name>
   Vans Skirt M-7478
  </name>
  <category>
   Skirt
  </category>
  <size>
   XXL
  </size>
  <color>
   Оранжевый
  </color>
  <material>
   Кожа
  </material>
  <price>
   449898
  </price>
  <rating>
   3.34
  </rating>
  <reviews>
   730232
  </reviews>
  <exclusive>
   yes
  </exclusive>
 </clothing>
 <clothing>
  <id>
   915049160
  </id>
  <name>
   Under Armour Hat B-4003
  </name>
  <category>
   Hat
  </category>
  <size>
   L
  </size>
  <color>
   Оранжевый
  </color>
  <material>
   Шелк
  </material>
  <price>
   334095
  </price>
  <rating>
   4.17
  </rating>
  <reviews>
   255943
  </reviews>
  <new>
   +
  </new>
  <sporty>
   no
  </sporty>
 </clothing>
 <clothing>
  <id>
   380398567
  </id>
  <name>
   Brooks Pants K-1811
  </name>
  <category>
   Pants
  </category>
  <size>
   XL
  </size>
  <color>
   Синий
  </color>
  <material>
   Вискоза
  </material>
  <price>
   182055
  </price>
  <rating>
   2.05
  </rating>
  <reviews>
   970824
  </reviews>
  <new>
   -
  </new>
  <exclusive>
   yes
  </exclusive>
  <sporty>
   no
  </sporty>
 </clothing>
 <clothing>
  <id>
   566008017
  </id>
  <name>
   Asics Gloves G-9365
  </name>
  <category>
   Gloves
  </category>
  <size>
   M
  </size>
  <color>
   Оранжевый
  </color>
  <material>
   Полиэстер
  </material>
  <price>
   675113
  </price>
  <rating>
   3.88
  </rating>
  <reviews>
   190938
  </reviews>
  <sporty>
   no
  </sporty>
 </clothing>
 <clothing>
  <id>
   479642619
  </id>
  <name>
   Brooks Blouse V-3414
  </name>
  <category>
   Blouse
  </category>
  <size>
   XXL
  </size>
  <color>
   Синий
  </color>
  <material>
   Шелк
  </material>
  <price>
   372579
  </price>
  <rating>
   4.81
  </rating>
  <reviews>
   729050
  </reviews>
  <new>
   -
  </new>
  <sporty>
   yes
  </sporty>
 </clothing>
 <clothing>
  <id>
   450644812
  </id>
  <name>
   New Balance Jacket Y-4854
  </name>
  <category>
   Jacket
  </category>
  <size>
   XXL
  </size>
  <color>
   Оранжевый
  </color>
  <material>
   Лен
  </material>
  <price>
   801043
  </price>
  <rating>
   3.24
  </rating>
  <reviews>
   546477
  </reviews>
  <new>
   +
  </new>
  <exclusive>
   yes
  </exclusive>
  <sporty>
   no
  </sporty>
 </clothing>
 <clothing>
  <id>
   943648372
  </id>
  <name>
   Under Armour Umbrellas L-7485
  </name>
  <category>
   Umbrellas
  </category>
  <size>
   XXL
  </size>
  <color>
   Желтый
  </color>
  <material>
   Полиэстер
  </material>
  <price>
   314528
  </price>
  <rating>
   1.26
  </rating>
  <reviews>
   614519
  </reviews>
  <new>
   -
  </new>
  <sporty>
   yes
  </sporty>
 </clothing>
</clothing-items>
