<?xml version="1.0" encoding="utf-8"?>
<clothing-items>
 <clothing>
  <id>
   659621885
  </id>
  <name>
   Converse Handbags F-6299
  </name>
  <category>
   Handbags
  </category>
  <size>
   XXL
  </size>
  <color>
   Желтый
  </color>
  <material>
   Нейлон
  </material>
  <price>
   750406
  </price>
  <rating>
   3.28
  </rating>
  <reviews>
   702997
  </reviews>
  <new>
   +
  </new>
  <exclusive>
   no
  </exclusive>
 </clothing>
 <clothing>
  <id>
   985659985
  </id>
  <name>
   Puma Gloves K-2446
  </name>
  <category>
   Gloves
  </category>
  <size>
   S
  </size>
  <color>
   Голубой
  </color>
  <material>
   Нейлон
  </material>
  <price>
   569083
  </price>
  <rating>
   3.02
  </rating>
  <reviews>
   899404
  </reviews>
  <new>
   -
  </new>
  <exclusive>
   no
  </exclusive>
  <sporty>
   yes
  </sporty>
 </clothing>
 <clothing>
  <id>
   217997652
  </id>
  <name>
   Vans Shirt M-5778
  </name>
  <category>
   Shirt
  </category>
  <size>
   XXL
  </size>
  <color>
   Красный
  </color>
  <material>
   Нейлон
  </material>
  <price>
   423829
  </price>
  <rating>
   2.39
  </rating>
  <reviews>
   855915
  </reviews>
  <new>
   -
  </new>
 </clothing>
 <clothing>
  <id>
   564208055
  </id>
  <name>
   Puma Gloves D-1213
  </name>
  <category>
   Gloves
  </category>
  <size>
   XL
  </size>
  <color>
   Зеленый
  </color>
  <material>
   Кожа
  </material>
  <price>
   533381
  </price>
  <rating>
   1.22
  </rating>
  <reviews>
   91998
  </reviews>
  <new>
   +
  </new>
 </clothing>
 <clothing>
  <id>
   568922961
  </id>
  <name>
   Under Armour Umbrellas A-2298
  </name>
  <category>
   Umbrellas
  </category>
  <size>
   L
  </size>
  <color>
   Зеленый
  </color>
  <material>
   Шерсть
  </material>
  <price>
   465240
  </price>
  <rating>
   1.81
  </rating>
  <reviews>
   45581
  </reviews>
  <new>
   -
  </new>
  <sporty>
   yes
  </sporty>
 </clothing>
 <clothing>
  <id>
   763436580
  </id>
  <name>
   Lacoste Jacket T-2865
  </name>
  <category>
   Jacket
  </category>
  <size>
   L
  </size>
  <color>
   Оранжевый
  </color>
  <material>
   Шерсть
  </material>
  <price>
   538241
  </price>
  <rating>
   1.47
  </rating>
  <reviews>
   482430
  </reviews>
  <new>
   +
  </new>
  <exclusive>
   yes
  </exclusive>
  <sporty>
   no
  </sporty>
 </clothing>
 <clothing>
  <id>
   968280186
  </id>
  <name>
   Puma Umbrellas K-4817
  </name>
  <category>
   Umbrellas
  </category>
  <size>
   L
  </size>
  <color>
   Фиолетовый
  </color>
  <material>
   Шелк
  </material>
  <price>
   122709
  </price>
  <rating>
   1.56
  </rating>
  <reviews>
   1752
  </reviews>
  <exclusive>
   yes
  </exclusive>
 </clothing>
 <clothing>
  <id>
   565221508
  </id>
  <name>
   Puma Gloves K-3574
  </name>
  <category>
   Gloves
  </category>
  <size>
   M
  </size>
  <color>
   Голубой
  </color>
  <material>
   Кожа
  </material>
  <price>
   972106
  </price>
  <rating>
   3.82
  </rating>
  <reviews>
   796119
  </reviews>
  <exclusive>
   yes
  </exclusive>
  <sporty>
   yes
  </sporty>
 </clothing>
 <clothing>
  <id>
   593629902
  </id>
  <name>
   New Balance Sweater K-6633
  </name>
  <category>
   Sweater
  </category>
  <size>
   XXL
  </size>
  <color>
   Зеленый
  </color>
  <material>
   Нейлон
  </material>
  <price>
   492249
  </price>
  <rating>
   3.19
  </rating>
  <reviews>
   135380
  </reviews>
  <exclusive>
   no
  </exclusive>
 </clothing>
 <clothing>
  <id>
   679833951
  </id>
  <name>
   Reebok Blouse U-9225
  </name>
  <category>
   Blouse
  </category>
  <size>
   XL
  </size>
  <color>
   Фиолетовый
  </color>
  <material>
   Кожа
  </material>
  <price>
   947177
  </price>
  <rating>
   2.75
  </rating>
  <reviews>
   666660
  </reviews>
  <new>
   +
  </new>
  <sporty>
   no
  </sporty>
 </clothing>
 <clothing>
  <id>
   902240215
  </id>
  <name>
   Nike T-shirt B-1995
  </name>
  <category>
   T-shirt
  </category>
  <size>
   S
  </size>
  <color>
   Желтый
  </color>
  <material>
   Шерсть
  </material>
  <price>
   240485
  </price>
  <rating>
   1.82
  </rating>
  <reviews>
   207352
  </reviews>
  <new>
   -
  </new>
 </clothing>
 <clothing>
  <id>
   610935733
  </id>
  <name>
   Lacoste Shirt J-2611
  </name>
  <category>
   Shirt
  </category>
  <size>
   XXL
  </size>
  <color>
   Голубой
  </color>
  <material>
   Вискоза
  </material>
  <price>
   534617
  </price>
  <rating>
   4.38
  </rating>
  <reviews>
   835843
  </reviews>
  <exclusive>
   no
  </exclusive>
 </clothing>
</clothing-items>
