<?xml version="1.0" encoding="utf-8"?>
<clothing-items>
 <clothing>
  <id>
   724020424
  </id>
  <name>
   DC Gloves O-2407
  </name>
  <category>
   Gloves
  </category>
  <size>
   M
  </size>
  <color>
   Красный
  </color>
  <material>
   Вискоза
  </material>
  <price>
   733050
  </price>
  <rating>
   4.63
  </rating>
  <reviews>
   980386
  </reviews>
  <new>
   +
  </new>
  <sporty>
   no
  </sporty>
 </clothing>
 <clothing>
  <id>
   100732820
  </id>
  <name>
   New Balance Hat L-7655
  </name>
  <category>
   Hat
  </category>
  <size>
   M
  </size>
  <color>
   Красный
  </color>
  <material>
   Хлопок
  </material>
  <price>
   269514
  </price>
  <rating>
   3.04
  </rating>
  <reviews>
   254807
  </reviews>
  <exclusive>
   no
  </exclusive>
  <sporty>
   no
  </sporty>
 </clothing>
 <clothing>
  <id>
   206767469
  </id>
  <name>
   Converse Dress D-6820
  </name>
  <category>
   Dress
  </category>
  <size>
   M
  </size>
  <color>
   Зеленый
  </color>
  <material>
   Шелк
  </material>
  <price>
   178277
  </price>
  <rating>
   3.16
  </rating>
  <reviews>
   511171
  </reviews>
 </clothing>
 <clothing>
  <id>
   750434751
  </id>
  <name>
   Addidas Jeans L-2719
  </name>
  <category>
   Jeans
  </category>
  <size>
   XXL
  </size>
  <color>
   Зеленый
  </color>
  <material>
   Вискоза
  </material>
  <price>
   596046
  </price>
  <rating>
   3.76
  </rating>
  <reviews>
   137621
  </reviews>
  <new>
   -
  </new>
  <exclusive>
   no
  </exclusive>
 </clothing>
 <clothing>
  <id>
   751601257
  </id>
  <name>
   Reebok Skirt W-2754
  </name>
  <category>
   Skirt
  </category>
  <size>
   S
  </size>
  <color>
   Голубой
  </color>
  <material>
   Нейлон
  </material>
  <price>
   400431
  </price>
  <rating>
   2.01
  </rating>
  <reviews>
   223198
  </reviews>
  <new>
   +
  </new>
  <exclusive>
   no
  </exclusive>
 </clothing>
 <clothing>
  <id>
   860565083
  </id>
  <name>
   PleinSport Belts E-3710
  </name>
  <category>
   Belts
  </category>
  <size>
   M
  </size>
  <color>
   Синий
  </color>
  <material>
   Хлопок
  </material>
  <price>
   226341
  </price>
  <rating>
   4.48
  </rating>
  <reviews>
   623717
  </reviews>
  <new>
   +
  </new>
  <exclusive>
   no
  </exclusive>
  <sporty>
   yes
  </sporty>
 </clothing>
 <clothing>
  <id>
   984150173
  </id>
  <name>
   Nike Pants M-8409
  </name>
  <category>
   Pants
  </category>
  <size>
   S
  </size>
  <color>
   Оранжевый
  </color>
  <material>
   Хлопок
  </material>
  <price>
   982289
  </price>
  <rating>
   1.04
  </rating>
  <reviews>
   106904
  </reviews>
  <sporty>
   no
  </sporty>
 </clothing>
 <clothing>
  <id>
   380707910
  </id>
  <name>
   Ellesse Gloves Y-3769
  </name>
  <category>
   Gloves
  </category>
  <size>
   M
  </size>
  <color>
   Синий
  </color>
  <material>
   Полиэстер
  </material>
  <price>
   503402
  </price>
  <rating>
   2.65
  </rating>
  <reviews>
   943177
  </reviews>
  <new>
   +
  </new>
  <exclusive>
   no
  </exclusive>
  <sporty>
   no
  </sporty>
 </clothing>
 <clothing>
  <id>
   872843505
  </id>
  <name>
   Puma Jeans K-5885
  </name>
  <category>
   Jeans
  </category>
  <size>
   XXL
  </size>
  <color>
   Фиолетовый
  </color>
  <material>
   Кожа
  </material>
  <price>
   960575
  </price>
  <rating>
   2.39
  </rating>
  <reviews>
   600352
  </reviews>
  <new>
   -
  </new>
  <sporty>
   no
  </sporty>
 </clothing>
 <clothing>
  <id>
   438400231
  </id>
  <name>
   Asics Sweater O-2357
  </name>
  <category>
   Sweater
  </category>
  <size>
   S
  </size>
  <color>
   Фиолетовый
  </color>
  <material>
   Кожа
  </material>
  <price>
   468040
  </price>
  <rating>
   2.51
  </rating>
  <reviews>
   956511
  </reviews>
  <exclusive>
   yes
  </exclusive>
 </clothing>
 <clothing>
  <id>
   662298272
  </id>
  <name>
   Under Armour Jeans F-4517
  </name>
  <category>
   Jeans
  </category>
  <size>
   L
  </size>
  <color>
   Желтый
  </color>
  <material>
   Полиэстер
  </material>
  <price>
   243295
  </price>
  <rating>
   1.23
  </rating>
  <reviews>
   492728
  </reviews>
  <new>
   -
  </new>
  <exclusive>
   yes
  </exclusive>
 </clothing>
 <clothing>
  <id>
   274777840
  </id>
  <name>
   Nike Blouse Q-7985
  </name>
  <category>
   Blouse
  </category>
  <size>
   M
  </size>
  <color>
   Синий
  </color>
  <material>
   Шелк
  </material>
  <price>
   320193
  </price>
  <rating>
   2.91
  </rating>
  <reviews>
   43634
  </reviews>
  <exclusive>
   no
  </exclusive>
  <sporty>
   no
  </sporty>
 </clothing>
 <clothing>
  <id>
   831070615
  </id>
  <name>
   Converse Hat S-4112
  </name>
  <category>
   Hat
  </category>
  <size>
   M
  </size>
  <color>
   Оранжевый
  </color>
  <material>
   Хлопок
  </material>
  <price>
   505477
  </price>
  <rating>
   1.93
  </rating>
  <reviews>
   584079
  </reviews>
  <exclusive>
   yes
  </exclusive>
 </clothing>
 <clothing>
  <id>
   819557313
  </id>
  <name>
   Brooks Jacket N-9185
  </name>
  <category>
   Jacket
  </category>
  <size>
   L
  </size>
  <color>
   Зеленый
  </color>
  <material>
   Шелк
  </material>
  <price>
   249547
  </price>
  <rating>
   3.57
  </rating>
  <reviews>
   123890
  </reviews>
 </clothing>
 <clothing>
  <id>
   445395641
  </id>
  <name>
   Asics Sweater U-2967
  </name>
  <category>
   Sweater
  </category>
  <size>
   S
  </size>
  <color>
   Синий
  </color>
  <material>
   Нейлон
  </material>
  <price>
   105833
  </price>
  <rating>
   4.76
  </rating>
  <reviews>
   98580
  </reviews>
  <new>
   -
  </new>
  <exclusive>
   no
  </exclusive>
  <sporty>
   yes
  </sporty>
 </clothing>
 <clothing>
  <id>
   222752646
  </id>
  <name>
   Vans Sweater Z-5680
  </name>
  <category>
   Sweater
  </category>
  <size>
   L
  </size>
  <color>
   Красный
  </color>
  <material>
   Шерсть
  </material>
  <price>
   494338
  </price>
  <rating>
   2.35
  </rating>
  <reviews>
   697811
  </reviews>
  <exclusive>
   yes
  </exclusive>
  <sporty>
   yes
  </sporty>
 </clothing>
 <clothing>
  <id>
   686599405
  </id>
  <name>
   DC Jacket C-8505
  </name>
  <category>
   Jacket
  </category>
  <size>
   S
  </size>
  <color>
   Синий
  </color>
  <material>
   Шелк
  </material>
  <price>
   418009
  </price>
  <rating>
   1.28
  </rating>
  <reviews>
   562425
  </reviews>
  <new>
   -
  </new>
  <exclusive>
   yes
  </exclusive>
  <sporty>
   no
  </sporty>
 </clothing>
 <clothing>
  <id>
   730939133
  </id>
  <name>
   Asics Gloves T-6749
  </name>
  <category>
   Gloves
  </category>
  <size>
   M
  </size>
  <color>
   Желтый
  </color>
  <material>
   Хлопок
  </material>
  <price>
   809828
  </price>
  <rating>
   3.93
  </rating>
  <reviews>
   820864
  </reviews>
  <sporty>
   yes
  </sporty>
 </clothing>
 <clothing>
  <id>
   867118776
  </id>
  <name>
   Fila Gloves H-5601
  </name>
  <category>
   Gloves
  </category>
  <size>
   S
  </size>
  <color>
   Оранжевый
  </color>
  <material>
   Полиэстер
  </material>
  <price>
   472569
  </price>
  <rating>
   3.24
  </rating>
  <reviews>
   409227
  </reviews>
  <new>
   +
  </new>
  <exclusive>
   no
  </exclusive>
  <sporty>
   no
  </sporty>
 </clothing>
 <clothing>
  <id>
   225918391
  </id>
  <name>
   New Balance Pants B-5933
  </name>
  <category>
   Pants
  </category>
  <size>
   XL
  </size>
  <color>
   Голубой
  </color>
  <material>
   Кожа
  </material>
  <price>
   694751
  </price>
  <rating>
   3.19
  </rating>
  <reviews>
   664823
  </reviews>
  <new>
   +
  </new>
  <exclusive>
   no
  </exclusive>
  <sporty>
   no
  </sporty>
 </clothing>
 <clothing>
  <id>
   326334990
  </id>
  <name>
   DC T-shirt L-3281
  </name>
  <category>
   T-shirt
  </category>
  <size>
   XL
  </size>
  <color>
   Желтый
  </color>
  <material>
   Нейлон
  </material>
  <price>
   132639
  </price>
  <rating>
   1.94
  </rating>
  <reviews>
   434330
  </reviews>
  <exclusive>
   no
  </exclusive>
 </clothing>
 <clothing>
  <id>
   261598383
  </id>
  <name>
   Vans Handbags B-7918
  </name>
  <category>
   Handbags
  </category>
  <size>
   S
  </size>
  <color>
   Оранжевый
  </color>
  <material>
   Вискоза
  </material>
  <price>
   123083
  </price>
  <rating>
   4.38
  </rating>
  <reviews>
   411751
  </reviews>
  <exclusive>
   no
  </exclusive>
 </clothing>
 <clothing>
  <id>
   759820987
  </id>
  <name>
   Brooks T-shirt Q-1684
  </name>
  <category>
   T-shirt
  </category>
  <size>
   S
  </size>
  <color>
   Фиолетовый
  </color>
  <material>
   Вискоза
  </material>
  <price>
   284945
  </price>
  <rating>
   1.53
  </rating>
  <reviews>
   631876
  </reviews>
  <new>
   -
  </new>
  <sporty>
   no
  </sporty>
 </clothing>
 <clothing>
  <id>
   695921271
  </id>
  <name>
   New Balance Sweater H-2289
  </name>
  <category>
   Sweater
  </category>
  <size>
   M
  </size>
  <color>
   Синий
  </color>
  <material>
   Кожа
  </material>
  <price>
   830872
  </price>
  <rating>
   4.05
  </rating>
  <reviews>
   859106
  </reviews>
  <exclusive>
   yes
  </exclusive>
  <sporty>
   yes
  </sporty>
 </clothing>
 <clothing>
  <id>
   935710622
  </id>
  <name>
   Brooks Skirt J-7605
  </name>
  <category>
   Skirt
  </category>
  <size>
   XL
  </size>
  <color>
   Желтый
  </color>
  <material>
   Шерсть
  </material>
  <price>
   112364
  </price>
  <rating>
   2.31
  </rating>
  <reviews>
   755116
  </reviews>
  <new>
   +
  </new>
  <exclusive>
   no
  </exclusive>
 </clothing>
 <clothing>
  <id>
   538128438
  </id>
  <name>
   Vans Gloves B-2060
  </name>
  <category>
   Gloves
  </category>
  <size>
   XL
  </size>
  <color>
   Синий
  </color>
  <material>
   Вискоза
  </material>
  <price>
   371439
  </price>
  <rating>
   3.82
  </rating>
  <reviews>
   762347
  </reviews>
  <sporty>
   no
  </sporty>
 </clothing>
 <clothing>
  <id>
   493391889
  </id>
  <name>
   Fila Handbags T-9071
  </name>
  <category>
   Handbags
  </category>
  <size>
   M
  </size>
  <color>
   Красный
  </color>
  <material>
   Кожа
  </material>
  <price>
   738835
  </price>
  <rating>
   4.16
  </rating>
  <reviews>
   557228
  </reviews>
  <exclusive>
   no
  </exclusive>
 </clothing>
 <clothing>
  <id>
   274604199
  </id>
  <name>
   Under Armour Dress G-9295
  </name>
  <category>
   Dress
  </category>
  <size>
   XXL
  </size>
  <color>
   Синий
  </color>
  <material>
   Вискоза
  </material>
  <price>
   407949
  </price>
  <rating>
   2.62
  </rating>
  <reviews>
   602522
  </reviews>
  <new>
   +
  </new>
  <sporty>
   no
  </sporty>
 </clothing>
 <clothing>
  <id>
   743652738
  </id>
  <name>
   Adidas Jeans O-8634
  </name>
  <category>
   Jeans
  </category>
  <size>
   M
  </size>
  <color>
   Голубой
  </color>
  <material>
   Шерсть
  </material>
  <price>
   717427
  </price>
  <rating>
   3.14
  </rating>
  <reviews>
   4804
  </reviews>
  <new>
   -
  </new>
  <sporty>
   no
  </sporty>
 </clothing>
 <clothing>
  <id>
   640818222
  </id>
  <name>
   Under Armour Jacket N-6608
  </name>
  <category>
   Jacket
  </category>
  <size>
   L
  </size>
  <color>
   Красный
  </color>
  <material>
   Полиэстер
  </material>
  <price>
   891793
  </price>
  <rating>
   4.06
  </rating>
  <reviews>
   147828
  </reviews>
  <exclusive>
   yes
  </exclusive>
  <sporty>
   yes
  </sporty>
 </clothing>
 <clothing>
  <id>
   230846478
  </id>
  <name>
   Ellesse Jacket V-8400
  </name>
  <category>
   Jacket
  </category>
  <size>
   M
  </size>
  <color>
   Голубой
  </color>
  <material>
   Шерсть
  </material>
  <price>
   228470
  </price>
  <rating>
   2.22
  </rating>
  <reviews>
   622685
  </reviews>
  <exclusive>
   yes
  </exclusive>
 </clothing>
 <clothing>
  <id>
   681335826
  </id>
  <name>
   Ellesse Shoes F-5653
  </name>
  <category>
   Shoes
  </category>
  <size>
   L
  </size>
  <color>
   Красный
  </color>
  <material>
   Нейлон
  </material>
  <price>
   748760
  </price>
  <rating>
   5.0
  </rating>
  <reviews>
   976712
  </reviews>
  <exclusive>
   yes
  </exclusive>
  <sporty>
   no
  </sporty>
 </clothing>
 <clothing>
  <id>
   833511216
  </id>
  <name>
   Reebok Jeans M-2326
  </name>
  <category>
   Jeans
  </category>
  <size>
   M
  </size>
  <color>
   Фиолетовый
  </color>
  <material>
   Хлопок
  </material>
  <price>
   681191
  </price>
  <rating>
   1.56
  </rating>
  <reviews>
   433189
  </reviews>
  <new>
   +
  </new>
  <exclusive>
   no
  </exclusive>
 </clothing>
 <clothing>
  <id>
   971503650
  </id>
  <name>
   Adidas Hat E-3028
  </name>
  <category>
   Hat
  </category>
  <size>
   M
  </size>
  <color>
   Фиолетовый
  </color>
  <material>
   Вискоза
  </material>
  <price>
   757761
  </price>
  <rating>
   1.51
  </rating>
  <reviews>
   349374
  </reviews>
  <exclusive>
   yes
  </exclusive>
  <sporty>
   yes
  </sporty>
 </clothing>
 <clothing>
  <id>
   710910838
  </id>
  <name>
   Addidas Pants X-3092
  </name>
  <category>
   Pants
  </category>
  <size>
   S
  </size>
  <color>
   Желтый
  </color>
  <material>
   Шелк
  </material>
  <price>
   662057
  </price>
  <rating>
   2.04
  </rating>
  <reviews>
   491329
  </reviews>
  <new>
   +
  </new>
  <sporty>
   no
  </sporty>
 </clothing>
 <clothing>
  <id>
   413470025
  </id>
  <name>
   Fila T-shirt T-1792
  </name>
  <category>
   T-shirt
  </category>
  <size>
   XXL
  </size>
  <color>
   Голубой
  </color>
  <material>
   Полиэстер
  </material>
  <price>
   168635
  </price>
  <rating>
   2.24
  </rating>
  <reviews>
   208680
  </reviews>
  <new>
   +
  </new>
 </clothing>
 <clothing>
  <id>
   677822762
  </id>
  <name>
   Vans Blouse J-3836
  </name>
  <category>
   Blouse
  </category>
  <size>
   XXL
  </size>
  <color>
   Желтый
  </color>
  <material>
   Лен
  </material>
  <price>
   489848
  </price>
  <rating>
   1.39
  </rating>
  <reviews>
   130793
  </reviews>
  <new>
   -
  </new>
  <exclusive>
   no
  </exclusive>
  <sporty>
   yes
  </sporty>
 </clothing>
 <clothing>
  <id>
   427787375
  </id>
  <name>
   Ellesse Skirt D-5755
  </name>
  <category>
   Skirt
  </category>
  <size>
   XL
  </size>
  <color>
   Красный
  </color>
  <material>
   Полиэстер
  </material>
  <price>
   375913
  </price>
  <rating>
   1.17
  </rating>
  <reviews>
   622655
  </reviews>
  <new>
   +
  </new>
  <sporty>
   no
  </sporty>
 </clothing>
 <clothing>
  <id>
   166552074
  </id>
  <name>
   Vans Socks E-8810
  </name>
  <category>
   Socks
  </category>
  <size>
   XL
  </size>
  <color>
   Оранжевый
  </color>
  <material>
   Хлопок
  </material>
  <price>
   585034
  </price>
  <rating>
   2.92
  </rating>
  <reviews>
   349644
  </reviews>
  <new>
   +
  </new>
  <sporty>
   no
  </sporty>
 </clothing>
</clothing-items>
