<?xml version="1.0" encoding="utf-8"?>
<clothing-items>
 <clothing>
  <id>
   637007948
  </id>
  <name>
   PleinSport Skirt E-7695
  </name>
  <category>
   Skirt
  </category>
  <size>
   S
  </size>
  <color>
   Фиолетовый
  </color>
  <material>
   Полиэстер
  </material>
  <price>
   879643
  </price>
  <rating>
   4.98
  </rating>
  <reviews>
   491170
  </reviews>
  <exclusive>
   no
  </exclusive>
 </clothing>
 <clothing>
  <id>
   526303073
  </id>
  <name>
   Adidas Shoes Z-9660
  </name>
  <category>
   Shoes
  </category>
  <size>
   M
  </size>
  <color>
   Оранжевый
  </color>
  <material>
   Лен
  </material>
  <price>
   806153
  </price>
  <rating>
   4.99
  </rating>
  <reviews>
   259271
  </reviews>
  <new>
   -
  </new>
  <exclusive>
   no
  </exclusive>
 </clothing>
 <clothing>
  <id>
   881494500
  </id>
  <name>
   Converse Skirt Q-2273
  </name>
  <category>
   Skirt
  </category>
  <size>
   S
  </size>
  <color>
   Зеленый
  </color>
  <material>
   Кожа
  </material>
  <price>
   731873
  </price>
  <rating>
   4.27
  </rating>
  <reviews>
   82296
  </reviews>
  <exclusive>
   yes
  </exclusive>
 </clothing>
 <clothing>
  <id>
   359377730
  </id>
  <name>
   Reebok Skirt J-9079
  </name>
  <category>
   Skirt
  </category>
  <size>
   XL
  </size>
  <color>
   Желтый
  </color>
  <material>
   Вискоза
  </material>
  <price>
   449926
  </price>
  <rating>
   2.65
  </rating>
  <reviews>
   625087
  </reviews>
  <exclusive>
   no
  </exclusive>
 </clothing>
 <clothing>
  <id>
   822736375
  </id>
  <name>
   Nike Jacket T-9950
  </name>
  <category>
   Jacket
  </category>
  <size>
   S
  </size>
  <color>
   Красный
  </color>
  <material>
   Вискоза
  </material>
  <price>
   407169
  </price>
  <rating>
   2.75
  </rating>
  <reviews>
   575366
  </reviews>
 </clothing>
 <clothing>
  <id>
   414221784
  </id>
  <name>
   Converse Jacket Y-5601
  </name>
  <category>
   Jacket
  </category>
  <size>
   XL
  </size>
  <color>
   Фиолетовый
  </color>
  <material>
   Кожа
  </material>
  <price>
   488049
  </price>
  <rating>
   4.32
  </rating>
  <reviews>
   486354
  </reviews>
  <new>
   -
  </new>
  <exclusive>
   no
  </exclusive>
  <sporty>
   yes
  </sporty>
 </clothing>
 <clothing>
  <id>
   788816003
  </id>
  <name>
   Vans Belts Y-7173
  </name>
  <category>
   Belts
  </category>
  <size>
   XL
  </size>
  <color>
   Желтый
  </color>
  <material>
   Хлопок
  </material>
  <price>
   264501
  </price>
  <rating>
   4.33
  </rating>
  <reviews>
   697449
  </reviews>
  <new>
   -
  </new>
  <sporty>
   no
  </sporty>
 </clothing>
 <clothing>
  <id>
   886927033
  </id>
  <name>
   Fila Gloves M-5384
  </name>
  <category>
   Gloves
  </category>
  <size>
   L
  </size>
  <color>
   Желтый
  </color>
  <material>
   Лен
  </material>
  <price>
   449657
  </price>
  <rating>
   4.73
  </rating>
  <reviews>
   577588
  </reviews>
  <exclusive>
   no
  </exclusive>
  <sporty>
   no
  </sporty>
 </clothing>
 <clothing>
  <id>
   201027501
  </id>
  <name>
   DC Handbags C-9918
  </name>
  <category>
   Handbags
  </category>
  <size>
   XXL
  </size>
  <color>
   Синий
  </color>
  <material>
   Шерсть
  </material>
  <price>
   711591
  </price>
  <rating>
   3.45
  </rating>
  <reviews>
   467359
  </reviews>
  <new>
   +
  </new>
 </clothing>
 <clothing>
  <id>
   453771082
  </id>
  <name>
   PleinSport Socks I-5483
  </name>
  <category>
   Socks
  </category>
  <size>
   M
  </size>
  <color>
   Зеленый
  </color>
  <material>
   Шерсть
  </material>
  <price>
   446026
  </price>
  <rating>
   1.26
  </rating>
  <reviews>
   238012
  </reviews>
  <exclusive>
   no
  </exclusive>
  <sporty>
   no
  </sporty>
 </clothing>
 <clothing>
  <id>
   258368520
  </id>
  <name>
   Lacoste Shoes X-8312
  </name>
  <category>
   Shoes
  </category>
  <size>
   XXL
  </size>
  <color>
   Голубой
  </color>
  <material>
   Кожа
  </material>
  <price>
   632919
  </price>
  <rating>
   1.55
  </rating>
  <reviews>
   379213
  </reviews>
  <new>
   -
  </new>
 </clothing>
 <clothing>
  <id>
   311750339
  </id>
  <name>
   Brooks Jeans F-2005
  </name>
  <category>
   Jeans
  </category>
  <size>
   XL
  </size>
  <color>
   Желтый
  </color>
  <material>
   Кожа
  </material>
  <price>
   503135
  </price>
  <rating>
   4.83
  </rating>
  <reviews>
   368456
  </reviews>
  <new>
   -
  </new>
  <exclusive>
   no
  </exclusive>
 </clothing>
 <clothing>
  <id>
   290617385
  </id>
  <name>
   PleinSport Sweater E-2048
  </name>
  <category>
   Sweater
  </category>
  <size>
   M
  </size>
  <color>
   Голубой
  </color>
  <material>
   Хлопок
  </material>
  <price>
   477947
  </price>
  <rating>
   1.27
  </rating>
  <reviews>
   485598
  </reviews>
  <new>
   -
  </new>
 </clothing>
 <clothing>
  <id>
   834664479
  </id>
  <name>
   Fila Jeans V-5354
  </name>
  <category>
   Jeans
  </category>
  <size>
   XXL
  </size>
  <color>
   Зеленый
  </color>
  <material>
   Лен
  </material>
  <price>
   664165
  </price>
  <rating>
   4.98
  </rating>
  <reviews>
   35611
  </reviews>
  <new>
   -
  </new>
  <exclusive>
   no
  </exclusive>
 </clothing>
 <clothing>
  <id>
   296683353
  </id>
  <name>
   Addidas Socks O-5933
  </name>
  <category>
   Socks
  </category>
  <size>
   S
  </size>
  <color>
   Синий
  </color>
  <material>
   Кожа
  </material>
  <price>
   699219
  </price>
  <rating>
   1.44
  </rating>
  <reviews>
   17845
  </reviews>
  <sporty>
   no
  </sporty>
 </clothing>
</clothing-items>
