<?xml version="1.0" encoding="utf-8"?>
<clothing-items>
 <clothing>
  <id>
   487087774
  </id>
  <name>
   Adidas Gloves F-5252
  </name>
  <category>
   Gloves
  </category>
  <size>
   M
  </size>
  <color>
   Зеленый
  </color>
  <material>
   Нейлон
  </material>
  <price>
   793083
  </price>
  <rating>
   3.48
  </rating>
  <reviews>
   380841
  </reviews>
 </clothing>
 <clothing>
  <id>
   467531083
  </id>
  <name>
   PleinSport Jeans G-3878
  </name>
  <category>
   Jeans
  </category>
  <size>
   M
  </size>
  <color>
   Голубой
  </color>
  <material>
   Кожа
  </material>
  <price>
   878000
  </price>
  <rating>
   1.6
  </rating>
  <reviews>
   934092
  </reviews>
  <new>
   +
  </new>
  <exclusive>
   no
  </exclusive>
  <sporty>
   no
  </sporty>
 </clothing>
 <clothing>
  <id>
   766931103
  </id>
  <name>
   Nike Gloves L-5366
  </name>
  <category>
   Gloves
  </category>
  <size>
   L
  </size>
  <color>
   Оранжевый
  </color>
  <material>
   Хлопок
  </material>
  <price>
   480988
  </price>
  <rating>
   1.42
  </rating>
  <reviews>
   508436
  </reviews>
  <new>
   -
  </new>
  <exclusive>
   yes
  </exclusive>
 </clothing>
 <clothing>
  <id>
   355747275
  </id>
  <name>
   Puma Sweater G-7824
  </name>
  <category>
   Sweater
  </category>
  <size>
   L
  </size>
  <color>
   Красный
  </color>
  <material>
   Нейлон
  </material>
  <price>
   339028
  </price>
  <rating>
   3.95
  </rating>
  <reviews>
   583046
  </reviews>
 </clothing>
 <clothing>
  <id>
   809968938
  </id>
  <name>
   New Balance Handbags U-3053
  </name>
  <category>
   Handbags
  </category>
  <size>
   S
  </size>
  <color>
   Голубой
  </color>
  <material>
   Нейлон
  </material>
  <price>
   773994
  </price>
  <rating>
   4.06
  </rating>
  <reviews>
   197106
  </reviews>
  <exclusive>
   no
  </exclusive>
 </clothing>
 <clothing>
  <id>
   819816571
  </id>
  <name>
   Converse Pants I-7007
  </name>
  <category>
   Pants
  </category>
  <size>
   L
  </size>
  <color>
   Зеленый
  </color>
  <material>
   Полиэстер
  </material>
  <price>
   412044
  </price>
  <rating>
   2.93
  </rating>
  <reviews>
   147689
  </reviews>
  <new>
   -
  </new>
  <exclusive>
   yes
  </exclusive>
  <sporty>
   no
  </sporty>
 </clothing>
 <clothing>
  <id>
   423050930
  </id>
  <name>
   DC Hat O-7381
  </name>
  <category>
   Hat
  </category>
  <size>
   S
  </size>
  <color>
   Голубой
  </color>
  <material>
   Кожа
  </material>
  <price>
   783426
  </price>
  <rating>
   3.42
  </rating>
  <reviews>
   35031
  </reviews>
  <exclusive>
   yes
  </exclusive>
  <sporty>
   no
  </sporty>
 </clothing>
 <clothing>
  <id>
   240708629
  </id>
  <name>
   Brooks Jeans Q-2415
  </name>
  <category>
   Jeans
  </category>
  <size>
   S
  </size>
  <color>
   Фиолетовый
  </color>
  <material>
   Кожа
  </material>
  <price>
   765871
  </price>
  <rating>
   2.31
  </rating>
  <reviews>
   725992
  </reviews>
  <exclusive>
   no
  </exclusive>
 </clothing>
 <clothing>
  <id>
   657349124
  </id>
  <name>
   Converse Pants O-2120
  </name>
  <category>
   Pants
  </category>
  <size>
   XXL
  </size>
  <color>
   Красный
  </color>
  <material>
   Шелк
  </material>
  <price>
   231083
  </price>
  <rating>
   1.15
  </rating>
  <reviews>
   21076
  </reviews>
  <new>
   +
  </new>
  <exclusive>
   no
  </exclusive>
  <sporty>
   no
  </sporty>
 </clothing>
 <clothing>
  <id>
   729711053
  </id>
  <name>
   Puma T-shirt H-7575
  </name>
  <category>
   T-shirt
  </category>
  <size>
   XL
  </size>
  <color>
   Оранжевый
  </color>
  <material>
   Вискоза
  </material>
  <price>
   367663
  </price>
  <rating>
   3.32
  </rating>
  <reviews>
   46093
  </reviews>
  <exclusive>
   yes
  </exclusive>
 </clothing>
 <clothing>
  <id>
   961952766
  </id>
  <name>
   Under Armour Sweater M-3116
  </name>
  <category>
   Sweater
  </category>
  <size>
   XL
  </size>
  <color>
   Желтый
  </color>
  <material>
   Шерсть
  </material>
  <price>
   755387
  </price>
  <rating>
   4.61
  </rating>
  <reviews>
   815664
  </reviews>
  <new>
   -
  </new>
  <exclusive>
   yes
  </exclusive>
  <sporty>
   no
  </sporty>
 </clothing>
 <clothing>
  <id>
   147285331
  </id>
  <name>
   Lacoste Gloves M-4668
  </name>
  <category>
   Gloves
  </category>
  <size>
   M
  </size>
  <color>
   Оранжевый
  </color>
  <material>
   Вискоза
  </material>
  <price>
   645189
  </price>
  <rating>
   1.08
  </rating>
  <reviews>
   794008
  </reviews>
  <new>
   -
  </new>
 </clothing>
 <clothing>
  <id>
   316542594
  </id>
  <name>
   Adidas Gloves D-9304
  </name>
  <category>
   Gloves
  </category>
  <size>
   XXL
  </size>
  <color>
   Красный
  </color>
  <material>
   Шерсть
  </material>
  <price>
   275253
  </price>
  <rating>
   3.01
  </rating>
  <reviews>
   414223
  </reviews>
  <exclusive>
   yes
  </exclusive>
  <sporty>
   yes
  </sporty>
 </clothing>
 <clothing>
  <id>
   254055103
  </id>
  <name>
   Reebok Socks J-1459
  </name>
  <category>
   Socks
  </category>
  <size>
   XL
  </size>
  <color>
   Оранжевый
  </color>
  <material>
   Хлопок
  </material>
  <price>
   547618
  </price>
  <rating>
   2.62
  </rating>
  <reviews>
   207167
  </reviews>
  <sporty>
   no
  </sporty>
 </clothing>
 <clothing>
  <id>
   477722990
  </id>
  <name>
   Converse Pants E-9385
  </name>
  <category>
   Pants
  </category>
  <size>
   M
  </size>
  <color>
   Зеленый
  </color>
  <material>
   Шерсть
  </material>
  <price>
   820670
  </price>
  <rating>
   3.97
  </rating>
  <reviews>
   397496
  </reviews>
  <exclusive>
   no
  </exclusive>
  <sporty>
   yes
  </sporty>
 </clothing>
 <clothing>
  <id>
   480391234
  </id>
  <name>
   Adidas Shoes U-6357
  </name>
  <category>
   Shoes
  </category>
  <size>
   XL
  </size>
  <color>
   Желтый
  </color>
  <material>
   Полиэстер
  </material>
  <price>
   414418
  </price>
  <rating>
   3.76
  </rating>
  <reviews>
   151258
  </reviews>
  <sporty>
   yes
  </sporty>
 </clothing>
 <clothing>
  <id>
   317563675
  </id>
  <name>
   Vans Blouse X-4563
  </name>
  <category>
   Blouse
  </category>
  <size>
   S
  </size>
  <color>
   Фиолетовый
  </color>
  <material>
   Кожа
  </material>
  <price>
   977136
  </price>
  <rating>
   2.11
  </rating>
  <reviews>
   936755
  </reviews>
  <exclusive>
   yes
  </exclusive>
  <sporty>
   no
  </sporty>
 </clothing>
 <clothing>
  <id>
   505612822
  </id>
  <name>
   Fila Shirt T-4319
  </name>
  <category>
   Shirt
  </category>
  <size>
   XL
  </size>
  <color>
   Синий
  </color>
  <material>
   Шерсть
  </material>
  <price>
   863333
  </price>
  <rating>
   2.01
  </rating>
  <reviews>
   68322
  </reviews>
  <new>
   -
  </new>
  <exclusive>
   yes
  </exclusive>
 </clothing>
 <clothing>
  <id>
   424153930
  </id>
  <name>
   PleinSport Belts X-3233
  </name>
  <category>
   Belts
  </category>
  <size>
   L
  </size>
  <color>
   Синий
  </color>
  <material>
   Шерсть
  </material>
  <price>
   192253
  </price>
  <rating>
   1.37
  </rating>
  <reviews>
   269453
  </reviews>
  <sporty>
   yes
  </sporty>
 </clothing>
</clothing-items>
