<?xml version="1.0" encoding="utf-8"?>
<clothing-items>
 <clothing>
  <id>
   356511822
  </id>
  <name>
   Addidas Pants F-2235
  </name>
  <category>
   Pants
  </category>
  <size>
   L
  </size>
  <color>
   Желтый
  </color>
  <material>
   Шерсть
  </material>
  <price>
   957956
  </price>
  <rating>
   4.89
  </rating>
  <reviews>
   300921
  </reviews>
  <new>
   -
  </new>
  <exclusive>
   no
  </exclusive>
  <sporty>
   no
  </sporty>
 </clothing>
 <clothing>
  <id>
   986300549
  </id>
  <name>
   Fila Gloves Y-9857
  </name>
  <category>
   Gloves
  </category>
  <size>
   M
  </size>
  <color>
   Зеленый
  </color>
  <material>
   Вискоза
  </material>
  <price>
   680767
  </price>
  <rating>
   3.74
  </rating>
  <reviews>
   824890
  </reviews>
  <new>
   +
  </new>
  <exclusive>
   no
  </exclusive>
  <sporty>
   yes
  </sporty>
 </clothing>
 <clothing>
  <id>
   741572205
  </id>
  <name>
   DC Gloves U-2185
  </name>
  <category>
   Gloves
  </category>
  <size>
   XXL
  </size>
  <color>
   Оранжевый
  </color>
  <material>
   Нейлон
  </material>
  <price>
   405269
  </price>
  <rating>
   2.55
  </rating>
  <reviews>
   965693
  </reviews>
  <sporty>
   yes
  </sporty>
 </clothing>
 <clothing>
  <id>
   164056069
  </id>
  <name>
   Lacoste Blouse M-4906
  </name>
  <category>
   Blouse
  </category>
  <size>
   XXL
  </size>
  <color>
   Желтый
  </color>
  <material>
   Кожа
  </material>
  <price>
   595809
  </price>
  <rating>
   1.86
  </rating>
  <reviews>
   30061
  </reviews>
  <new>
   +
  </new>
  <exclusive>
   yes
  </exclusive>
 </clothing>
 <clothing>
  <id>
   343536593
  </id>
  <name>
   Reebok Hat B-1313
  </name>
  <category>
   Hat
  </category>
  <size>
   S
  </size>
  <color>
   Фиолетовый
  </color>
  <material>
   Хлопок
  </material>
  <price>
   805023
  </price>
  <rating>
   2.93
  </rating>
  <reviews>
   461965
  </reviews>
  <sporty>
   yes
  </sporty>
 </clothing>
 <clothing>
  <id>
   365866529
  </id>
  <name>
   Nike Pants X-4635
  </name>
  <category>
   Pants
  </category>
  <size>
   S
  </size>
  <color>
   Зеленый
  </color>
  <material>
   Лен
  </material>
  <price>
   903755
  </price>
  <rating>
   1.23
  </rating>
  <reviews>
   175950
  </reviews>
  <new>
   -
  </new>
  <exclusive>
   no
  </exclusive>
 </clothing>
 <clothing>
  <id>
   506646111
  </id>
  <name>
   Reebok Pants U-8057
  </name>
  <category>
   Pants
  </category>
  <size>
   S
  </size>
  <color>
   Голубой
  </color>
  <material>
   Кожа
  </material>
  <price>
   224815
  </price>
  <rating>
   4.86
  </rating>
  <reviews>
   117603
  </reviews>
  <sporty>
   yes
  </sporty>
 </clothing>
 <clothing>
  <id>
   874799408
  </id>
  <name>
   Lacoste Blouse O-4959
  </name>
  <category>
   Blouse
  </category>
  <size>
   L
  </size>
  <color>
   Синий
  </color>
  <material>
   Хлопок
  </material>
  <price>
   408687
  </price>
  <rating>
   4.19
  </rating>
  <reviews>
   714514
  </reviews>
  <sporty>
   no
  </sporty>
 </clothing>
 <clothing>
  <id>
   267750489
  </id>
  <name>
   Asics Belts B-2127
  </name>
  <category>
   Belts
  </category>
  <size>
   M
  </size>
  <color>
   Зеленый
  </color>
  <material>
   Нейлон
  </material>
  <price>
   109862
  </price>
  <rating>
   3.08
  </rating>
  <reviews>
   808186
  </reviews>
  <exclusive>
   yes
  </exclusive>
  <sporty>
   no
  </sporty>
 </clothing>
 <clothing>
  <id>
   754697255
  </id>
  <name>
   PleinSport Shoes B-6255
  </name>
  <category>
   Shoes
  </category>
  <size>
   L
  </size>
  <color>
   Синий
  </color>
  <material>
   Шелк
  </material>
  <price>
   566311
  </price>
  <rating>
   3.08
  </rating>
  <reviews>
   178891
  </reviews>
  <new>
   -
  </new>
 </clothing>
 <clothing>
  <id>
   825906074
  </id>
  <name>
   Vans Jeans R-3083
  </name>
  <category>
   Jeans
  </category>
  <size>
   M
  </size>
  <color>
   Фиолетовый
  </color>
  <material>
   Шерсть
  </material>
  <price>
   152830
  </price>
  <rating>
   4.02
  </rating>
  <reviews>
   344393
  </reviews>
  <exclusive>
   yes
  </exclusive>
 </clothing>
 <clothing>
  <id>
   273050428
  </id>
  <name>
   Ellesse Jeans C-6501
  </name>
  <category>
   Jeans
  </category>
  <size>
   L
  </size>
  <color>
   Зеленый
  </color>
  <material>
   Шелк
  </material>
  <price>
   457392
  </price>
  <rating>
   3.72
  </rating>
  <reviews>
   623090
  </reviews>
  <new>
   -
  </new>
  <exclusive>
   no
  </exclusive>
 </clothing>
 <clothing>
  <id>
   660106170
  </id>
  <name>
   Reebok Jacket J-4552
  </name>
  <category>
   Jacket
  </category>
  <size>
   S
  </size>
  <color>
   Желтый
  </color>
  <material>
   Вискоза
  </material>
  <price>
   302496
  </price>
  <rating>
   4.26
  </rating>
  <reviews>
   470666
  </reviews>
  <new>
   -
  </new>
  <exclusive>
   no
  </exclusive>
  <sporty>
   no
  </sporty>
 </clothing>
 <clothing>
  <id>
   808532835
  </id>
  <name>
   Asics Hat O-7018
  </name>
  <category>
   Hat
  </category>
  <size>
   XL
  </size>
  <color>
   Голубой
  </color>
  <material>
   Лен
  </material>
  <price>
   662972
  </price>
  <rating>
   1.83
  </rating>
  <reviews>
   292439
  </reviews>
  <new>
   -
  </new>
  <sporty>
   yes
  </sporty>
 </clothing>
</clothing-items>
