<?xml version="1.0" encoding="utf-8"?>
<clothing-items>
 <clothing>
  <id>
   833529476
  </id>
  <name>
   Ellesse Blouse I-5934
  </name>
  <category>
   Blouse
  </category>
  <size>
   M
  </size>
  <color>
   Голубой
  </color>
  <material>
   Шерсть
  </material>
  <price>
   511636
  </price>
  <rating>
   3.77
  </rating>
  <reviews>
   232704
  </reviews>
 </clothing>
 <clothing>
  <id>
   710986954
  </id>
  <name>
   DC Hat Y-8023
  </name>
  <category>
   Hat
  </category>
  <size>
   M
  </size>
  <color>
   Фиолетовый
  </color>
  <material>
   Полиэстер
  </material>
  <price>
   951894
  </price>
  <rating>
   2.07
  </rating>
  <reviews>
   491671
  </reviews>
  <new>
   -
  </new>
  <exclusive>
   yes
  </exclusive>
 </clothing>
 <clothing>
  <id>
   787661989
  </id>
  <name>
   PleinSport Gloves N-9595
  </name>
  <category>
   Gloves
  </category>
  <size>
   S
  </size>
  <color>
   Фиолетовый
  </color>
  <material>
   Лен
  </material>
  <price>
   762485
  </price>
  <rating>
   1.34
  </rating>
  <reviews>
   120880
  </reviews>
 </clothing>
 <clothing>
  <id>
   441142826
  </id>
  <name>
   Brooks Sweater R-1561
  </name>
  <category>
   Sweater
  </category>
  <size>
   XXL
  </size>
  <color>
   Желтый
  </color>
  <material>
   Вискоза
  </material>
  <price>
   215813
  </price>
  <rating>
   3.38
  </rating>
  <reviews>
   445657
  </reviews>
  <new>
   -
  </new>
  <exclusive>
   yes
  </exclusive>
  <sporty>
   yes
  </sporty>
 </clothing>
 <clothing>
  <id>
   361087127
  </id>
  <name>
   PleinSport Shirt W-4991
  </name>
  <category>
   Shirt
  </category>
  <size>
   L
  </size>
  <color>
   Зеленый
  </color>
  <material>
   Лен
  </material>
  <price>
   892144
  </price>
  <rating>
   4.31
  </rating>
  <reviews>
   906716
  </reviews>
  <exclusive>
   yes
  </exclusive>
  <sporty>
   yes
  </sporty>
 </clothing>
 <clothing>
  <id>
   585223678
  </id>
  <name>
   Addidas Gloves I-6294
  </name>
  <category>
   Gloves
  </category>
  <size>
   L
  </size>
  <color>
   Синий
  </color>
  <material>
   Кожа
  </material>
  <price>
   981853
  </price>
  <rating>
   1.87
  </rating>
  <reviews>
   428757
  </reviews>
  <sporty>
   no
  </sporty>
 </clothing>
 <clothing>
  <id>
   757401689
  </id>
  <name>
   Fila Jeans G-1547
  </name>
  <category>
   Jeans
  </category>
  <size>
   XL
  </size>
  <color>
   Голубой
  </color>
  <material>
   Полиэстер
  </material>
  <price>
   756440
  </price>
  <rating>
   3.81
  </rating>
  <reviews>
   75261
  </reviews>
  <new>
   -
  </new>
 </clothing>
 <clothing>
  <id>
   765539882
  </id>
  <name>
   Reebok Socks J-1998
  </name>
  <category>
   Socks
  </category>
  <size>
   M
  </size>
  <color>
   Оранжевый
  </color>
  <material>
   Полиэстер
  </material>
  <price>
   263324
  </price>
  <rating>
   1.17
  </rating>
  <reviews>
   886843
  </reviews>
  <exclusive>
   no
  </exclusive>
  <sporty>
   yes
  </sporty>
 </clothing>
 <clothing>
  <id>
   809895483
  </id>
  <name>
   DC Belts N-7164
  </name>
  <category>
   Belts
  </category>
  <size>
   XXL
  </size>
  <color>
   Красный
  </color>
  <material>
   Шелк
  </material>
  <price>
   766360
  </price>
  <rating>
   2.32
  </rating>
  <reviews>
   721670
  </reviews>
  <new>
   +
  </new>
  <exclusive>
   yes
  </exclusive>
  <sporty>
   yes
  </sporty>
 </clothing>
 <clothing>
  <id>
   173666771
  </id>
  <name>
   Under Armour Umbrellas N-5891
  </name>
  <category>
   Umbrellas
  </category>
  <size>
   XL
  </size>
  <color>
   Синий
  </color>
  <material>
   Хлопок
  </material>
  <price>
   377940
  </price>
  <rating>
   2.7
  </rating>
  <reviews>
   349198
  </reviews>
 </clothing>
 <clothing>
  <id>
   263131326
  </id>
  <name>
   Reebok T-shirt F-2336
  </name>
  <category>
   T-shirt
  </category>
  <size>
   L
  </size>
  <color>
   Оранжевый
  </color>
  <material>
   Кожа
  </material>
  <price>
   228323
  </price>
  <rating>
   4.38
  </rating>
  <reviews>
   748264
  </reviews>
  <new>
   -
  </new>
  <exclusive>
   no
  </exclusive>
 </clothing>
 <clothing>
  <id>
   690300910
  </id>
  <name>
   Asics Gloves C-7022
  </name>
  <category>
   Gloves
  </category>
  <size>
   XXL
  </size>
  <color>
   Синий
  </color>
  <material>
   Кожа
  </material>
  <price>
   492886
  </price>
  <rating>
   3.28
  </rating>
  <reviews>
   208004
  </reviews>
  <new>
   +
  </new>
 </clothing>
 <clothing>
  <id>
   649465724
  </id>
  <name>
   Under Armour T-shirt H-6250
  </name>
  <category>
   T-shirt
  </category>
  <size>
   M
  </size>
  <color>
   Голубой
  </color>
  <material>
   Лен
  </material>
  <price>
   534342
  </price>
  <rating>
   4.56
  </rating>
  <reviews>
   409561
  </reviews>
  <new>
   -
  </new>
  <sporty>
   no
  </sporty>
 </clothing>
 <clothing>
  <id>
   236239928
  </id>
  <name>
   Lacoste Shoes A-7938
  </name>
  <category>
   Shoes
  </category>
  <size>
   XL
  </size>
  <color>
   Зеленый
  </color>
  <material>
   Хлопок
  </material>
  <price>
   735545
  </price>
  <rating>
   1.62
  </rating>
  <reviews>
   622186
  </reviews>
  <new>
   -
  </new>
 </clothing>
 <clothing>
  <id>
   123832660
  </id>
  <name>
   Ellesse Dress R-8644
  </name>
  <category>
   Dress
  </category>
  <size>
   M
  </size>
  <color>
   Синий
  </color>
  <material>
   Кожа
  </material>
  <price>
   194165
  </price>
  <rating>
   3.11
  </rating>
  <reviews>
   568723
  </reviews>
  <new>
   -
  </new>
  <exclusive>
   no
  </exclusive>
  <sporty>
   no
  </sporty>
 </clothing>
 <clothing>
  <id>
   808666740
  </id>
  <name>
   Ellesse Handbags Z-8657
  </name>
  <category>
   Handbags
  </category>
  <size>
   S
  </size>
  <color>
   Желтый
  </color>
  <material>
   Вискоза
  </material>
  <price>
   245886
  </price>
  <rating>
   4.47
  </rating>
  <reviews>
   269803
  </reviews>
  <new>
   -
  </new>
  <sporty>
   yes
  </sporty>
 </clothing>
 <clothing>
  <id>
   320969955
  </id>
  <name>
   PleinSport Shirt W-2322
  </name>
  <category>
   Shirt
  </category>
  <size>
   L
  </size>
  <color>
   Синий
  </color>
  <material>
   Хлопок
  </material>
  <price>
   675841
  </price>
  <rating>
   2.66
  </rating>
  <reviews>
   417321
  </reviews>
  <new>
   -
  </new>
  <exclusive>
   no
  </exclusive>
  <sporty>
   no
  </sporty>
 </clothing>
 <clothing>
  <id>
   114475172
  </id>
  <name>
   Addidas Handbags Y-3276
  </name>
  <category>
   Handbags
  </category>
  <size>
   M
  </size>
  <color>
   Зеленый
  </color>
  <material>
   Вискоза
  </material>
  <price>
   777936
  </price>
  <rating>
   3.45
  </rating>
  <reviews>
   732075
  </reviews>
  <new>
   -
  </new>
  <sporty>
   yes
  </sporty>
 </clothing>
 <clothing>
  <id>
   826019576
  </id>
  <name>
   Lacoste Umbrellas Q-3700
  </name>
  <category>
   Umbrellas
  </category>
  <size>
   M
  </size>
  <color>
   Зеленый
  </color>
  <material>
   Вискоза
  </material>
  <price>
   726473
  </price>
  <rating>
   4.44
  </rating>
  <reviews>
   528816
  </reviews>
  <exclusive>
   no
  </exclusive>
  <sporty>
   no
  </sporty>
 </clothing>
 <clothing>
  <id>
   381558520
  </id>
  <name>
   Brooks Hat B-5088
  </name>
  <category>
   Hat
  </category>
  <size>
   M
  </size>
  <color>
   Красный
  </color>
  <material>
   Шелк
  </material>
  <price>
   459863
  </price>
  <rating>
   2.61
  </rating>
  <reviews>
   964462
  </reviews>
  <exclusive>
   no
  </exclusive>
 </clothing>
 <clothing>
  <id>
   116839775
  </id>
  <name>
   Ellesse Gloves T-3264
  </name>
  <category>
   Gloves
  </category>
  <size>
   XL
  </size>
  <color>
   Фиолетовый
  </color>
  <material>
   Шерсть
  </material>
  <price>
   636074
  </price>
  <rating>
   1.86
  </rating>
  <reviews>
   663570
  </reviews>
  <exclusive>
   yes
  </exclusive>
 </clothing>
 <clothing>
  <id>
   617384887
  </id>
  <name>
   Under Armour Sweater D-8582
  </name>
  <category>
   Sweater
  </category>
  <size>
   XL
  </size>
  <color>
   Синий
  </color>
  <material>
   Шерсть
  </material>
  <price>
   906980
  </price>
  <rating>
   1.79
  </rating>
  <reviews>
   457692
  </reviews>
  <new>
   +
  </new>
 </clothing>
 <clothing>
  <id>
   604340218
  </id>
  <name>
   Nike Sweater E-7616
  </name>
  <category>
   Sweater
  </category>
  <size>
   XL
  </size>
  <color>
   Оранжевый
  </color>
  <material>
   Кожа
  </material>
  <price>
   250508
  </price>
  <rating>
   1.47
  </rating>
  <reviews>
   506579
  </reviews>
  <new>
   -
  </new>
  <exclusive>
   no
  </exclusive>
 </clothing>
</clothing-items>
