<?xml version="1.0" encoding="utf-8"?>
<clothing-items>
 <clothing>
  <id>
   692434756
  </id>
  <name>
   Ellesse Shoes V-4153
  </name>
  <category>
   Shoes
  </category>
  <size>
   M
  </size>
  <color>
   Оранжевый
  </color>
  <material>
   Шерсть
  </material>
  <price>
   296568
  </price>
  <rating>
   1.9
  </rating>
  <reviews>
   402904
  </reviews>
 </clothing>
 <clothing>
  <id>
   692158951
  </id>
  <name>
   Under Armour Pants P-1470
  </name>
  <category>
   Pants
  </category>
  <size>
   S
  </size>
  <color>
   Синий
  </color>
  <material>
   Хлопок
  </material>
  <price>
   929272
  </price>
  <rating>
   3.42
  </rating>
  <reviews>
   994613
  </reviews>
  <sporty>
   yes
  </sporty>
 </clothing>
 <clothing>
  <id>
   338776088
  </id>
  <name>
   New Balance Belts A-6294
  </name>
  <category>
   Belts
  </category>
  <size>
   M
  </size>
  <color>
   Зеленый
  </color>
  <material>
   Нейлон
  </material>
  <price>
   700888
  </price>
  <rating>
   3.58
  </rating>
  <reviews>
   602324
  </reviews>
  <exclusive>
   no
  </exclusive>
  <sporty>
   no
  </sporty>
 </clothing>
 <clothing>
  <id>
   143192785
  </id>
  <name>
   Converse Pants W-6334
  </name>
  <category>
   Pants
  </category>
  <size>
   S
  </size>
  <color>
   Желтый
  </color>
  <material>
   Шелк
  </material>
  <price>
   389782
  </price>
  <rating>
   1.9
  </rating>
  <reviews>
   175727
  </reviews>
  <exclusive>
   yes
  </exclusive>
 </clothing>
 <clothing>
  <id>
   299932187
  </id>
  <name>
   Converse Hat U-9971
  </name>
  <category>
   Hat
  </category>
  <size>
   M
  </size>
  <color>
   Фиолетовый
  </color>
  <material>
   Шелк
  </material>
  <price>
   810557
  </price>
  <rating>
   2.27
  </rating>
  <reviews>
   953907
  </reviews>
  <new>
   -
  </new>
  <exclusive>
   no
  </exclusive>
  <sporty>
   no
  </sporty>
 </clothing>
 <clothing>
  <id>
   553323021
  </id>
  <name>
   Brooks Socks H-2286
  </name>
  <category>
   Socks
  </category>
  <size>
   XXL
  </size>
  <color>
   Зеленый
  </color>
  <material>
   Хлопок
  </material>
  <price>
   764074
  </price>
  <rating>
   1.71
  </rating>
  <reviews>
   939478
  </reviews>
  <new>
   +
  </new>
  <exclusive>
   no
  </exclusive>
 </clothing>
 <clothing>
  <id>
   454889987
  </id>
  <name>
   New Balance Shoes Z-9164
  </name>
  <category>
   Shoes
  </category>
  <size>
   XL
  </size>
  <color>
   Оранжевый
  </color>
  <material>
   Шерсть
  </material>
  <price>
   911634
  </price>
  <rating>
   3.59
  </rating>
  <reviews>
   725513
  </reviews>
  <new>
   +
  </new>
 </clothing>
 <clothing>
  <id>
   218714525
  </id>
  <name>
   Nike Umbrellas Z-9598
  </name>
  <category>
   Umbrellas
  </category>
  <size>
   L
  </size>
  <color>
   Голубой
  </color>
  <material>
   Вискоза
  </material>
  <price>
   443255
  </price>
  <rating>
   4.74
  </rating>
  <reviews>
   581973
  </reviews>
  <sporty>
   no
  </sporty>
 </clothing>
 <clothing>
  <id>
   636270911
  </id>
  <name>
   Converse Jeans E-5531
  </name>
  <category>
   Jeans
  </category>
  <size>
   XL
  </size>
  <color>
   Голубой
  </color>
  <material>
   Лен
  </material>
  <price>
   275923
  </price>
  <rating>
   1.04
  </rating>
  <reviews>
   813398
  </reviews>
  <new>
   +
  </new>
  <exclusive>
   no
  </exclusive>
  <sporty>
   yes
  </sporty>
 </clothing>
 <clothing>
  <id>
   892700151
  </id>
  <name>
   Vans T-shirt L-1435
  </name>
  <category>
   T-shirt
  </category>
  <size>
   XXL
  </size>
  <color>
   Красный
  </color>
  <material>
   Шелк
  </material>
  <price>
   546214
  </price>
  <rating>
   2.63
  </rating>
  <reviews>
   170592
  </reviews>
 </clothing>
 <clothing>
  <id>
   310236953
  </id>
  <name>
   Puma T-shirt L-9954
  </name>
  <category>
   T-shirt
  </category>
  <size>
   M
  </size>
  <color>
   Желтый
  </color>
  <material>
   Хлопок
  </material>
  <price>
   325417
  </price>
  <rating>
   1.04
  </rating>
  <reviews>
   243109
  </reviews>
  <sporty>
   no
  </sporty>
 </clothing>
 <clothing>
  <id>
   826793968
  </id>
  <name>
   Reebok Pants H-3689
  </name>
  <category>
   Pants
  </category>
  <size>
   L
  </size>
  <color>
   Зеленый
  </color>
  <material>
   Хлопок
  </material>
  <price>
   837809
  </price>
  <rating>
   1.85
  </rating>
  <reviews>
   290843
  </reviews>
  <exclusive>
   no
  </exclusive>
  <sporty>
   no
  </sporty>
 </clothing>
 <clothing>
  <id>
   888178122
  </id>
  <name>
   Puma Jeans H-6542
  </name>
  <category>
   Jeans
  </category>
  <size>
   S
  </size>
  <color>
   Фиолетовый
  </color>
  <material>
   Кожа
  </material>
  <price>
   424660
  </price>
  <rating>
   1.44
  </rating>
  <reviews>
   201200
  </reviews>
  <new>
   +
  </new>
  <exclusive>
   no
  </exclusive>
 </clothing>
 <clothing>
  <id>
   217744146
  </id>
  <name>
   Converse Sweater F-4604
  </name>
  <category>
   Sweater
  </category>
  <size>
   XXL
  </size>
  <color>
   Фиолетовый
  </color>
  <material>
   Лен
  </material>
  <price>
   831238
  </price>
  <rating>
   1.02
  </rating>
  <reviews>
   597352
  </reviews>
  <exclusive>
   no
  </exclusive>
  <sporty>
   no
  </sporty>
 </clothing>
 <clothing>
  <id>
   190244286
  </id>
  <name>
   Under Armour Skirt P-1475
  </name>
  <category>
   Skirt
  </category>
  <size>
   XL
  </size>
  <color>
   Красный
  </color>
  <material>
   Вискоза
  </material>
  <price>
   145524
  </price>
  <rating>
   4.57
  </rating>
  <reviews>
   777916
  </reviews>
  <exclusive>
   no
  </exclusive>
  <sporty>
   yes
  </sporty>
 </clothing>
 <clothing>
  <id>
   154091317
  </id>
  <name>
   Under Armour Sweater Q-7805
  </name>
  <category>
   Sweater
  </category>
  <size>
   S
  </size>
  <color>
   Синий
  </color>
  <material>
   Нейлон
  </material>
  <price>
   191050
  </price>
  <rating>
   1.11
  </rating>
  <reviews>
   609173
  </reviews>
  <exclusive>
   no
  </exclusive>
  <sporty>
   no
  </sporty>
 </clothing>
 <clothing>
  <id>
   690616668
  </id>
  <name>
   PleinSport Dress W-3790
  </name>
  <category>
   Dress
  </category>
  <size>
   XL
  </size>
  <color>
   Оранжевый
  </color>
  <material>
   Вискоза
  </material>
  <price>
   777480
  </price>
  <rating>
   2.22
  </rating>
  <reviews>
   320393
  </reviews>
  <new>
   -
  </new>
  <sporty>
   yes
  </sporty>
 </clothing>
 <clothing>
  <id>
   966461990
  </id>
  <name>
   Ellesse Jacket T-6073
  </name>
  <category>
   Jacket
  </category>
  <size>
   S
  </size>
  <color>
   Красный
  </color>
  <material>
   Хлопок
  </material>
  <price>
   645359
  </price>
  <rating>
   2.51
  </rating>
  <reviews>
   165554
  </reviews>
  <new>
   +
  </new>
 </clothing>
 <clothing>
  <id>
   201852117
  </id>
  <name>
   New Balance Hat V-8569
  </name>
  <category>
   Hat
  </category>
  <size>
   L
  </size>
  <color>
   Фиолетовый
  </color>
  <material>
   Шерсть
  </material>
  <price>
   559611
  </price>
  <rating>
   1.24
  </rating>
  <reviews>
   647583
  </reviews>
  <new>
   -
  </new>
  <exclusive>
   yes
  </exclusive>
  <sporty>
   yes
  </sporty>
 </clothing>
 <clothing>
  <id>
   896807120
  </id>
  <name>
   Lacoste Jeans T-8364
  </name>
  <category>
   Jeans
  </category>
  <size>
   L
  </size>
  <color>
   Фиолетовый
  </color>
  <material>
   Полиэстер
  </material>
  <price>
   746553
  </price>
  <rating>
   3.74
  </rating>
  <reviews>
   525898
  </reviews>
  <new>
   +
  </new>
  <sporty>
   yes
  </sporty>
 </clothing>
 <clothing>
  <id>
   836768203
  </id>
  <name>
   Addidas Hat O-8070
  </name>
  <category>
   Hat
  </category>
  <size>
   L
  </size>
  <color>
   Синий
  </color>
  <material>
   Кожа
  </material>
  <price>
   334217
  </price>
  <rating>
   4.42
  </rating>
  <reviews>
   160636
  </reviews>
  <sporty>
   yes
  </sporty>
 </clothing>
 <clothing>
  <id>
   221119752
  </id>
  <name>
   Converse Shirt D-4850
  </name>
  <category>
   Shirt
  </category>
  <size>
   M
  </size>
  <color>
   Оранжевый
  </color>
  <material>
   Полиэстер
  </material>
  <price>
   577166
  </price>
  <rating>
   1.69
  </rating>
  <reviews>
   490009
  </reviews>
  <exclusive>
   no
  </exclusive>
  <sporty>
   no
  </sporty>
 </clothing>
 <clothing>
  <id>
   791792404
  </id>
  <name>
   Converse Belts G-5162
  </name>
  <category>
   Belts
  </category>
  <size>
   L
  </size>
  <color>
   Красный
  </color>
  <material>
   Нейлон
  </material>
  <price>
   474893
  </price>
  <rating>
   1.45
  </rating>
  <reviews>
   427233
  </reviews>
  <new>
   -
  </new>
  <exclusive>
   yes
  </exclusive>
 </clothing>
</clothing-items>
