<?xml version="1.0" encoding="utf-8"?>
<clothing-items>
 <clothing>
  <id>
   137085050
  </id>
  <name>
   Reebok T-shirt S-3507
  </name>
  <category>
   T-shirt
  </category>
  <size>
   L
  </size>
  <color>
   Зеленый
  </color>
  <material>
   Вискоза
  </material>
  <price>
   106997
  </price>
  <rating>
   3.84
  </rating>
  <reviews>
   560992
  </reviews>
  <sporty>
   yes
  </sporty>
 </clothing>
 <clothing>
  <id>
   382154902
  </id>
  <name>
   DC Shirt E-2697
  </name>
  <category>
   Shirt
  </category>
  <size>
   L
  </size>
  <color>
   Оранжевый
  </color>
  <material>
   Нейлон
  </material>
  <price>
   824949
  </price>
  <rating>
   2.16
  </rating>
  <reviews>
   660450
  </reviews>
  <new>
   -
  </new>
  <exclusive>
   no
  </exclusive>
  <sporty>
   yes
  </sporty>
 </clothing>
 <clothing>
  <id>
   501297753
  </id>
  <name>
   Reebok Dress J-2591
  </name>
  <category>
   Dress
  </category>
  <size>
   S
  </size>
  <color>
   Желтый
  </color>
  <material>
   Шелк
  </material>
  <price>
   765458
  </price>
  <rating>
   1.93
  </rating>
  <reviews>
   281020
  </reviews>
  <new>
   -
  </new>
 </clothing>
 <clothing>
  <id>
   910129528
  </id>
  <name>
   Addidas Sweater Z-8544
  </name>
  <category>
   Sweater
  </category>
  <size>
   M
  </size>
  <color>
   Красный
  </color>
  <material>
   Шелк
  </material>
  <price>
   854266
  </price>
  <rating>
   3.59
  </rating>
  <reviews>
   704183
  </reviews>
  <new>
   -
  </new>
 </clothing>
 <clothing>
  <id>
   389649130
  </id>
  <name>
   Adidas Socks S-1895
  </name>
  <category>
   Socks
  </category>
  <size>
   M
  </size>
  <color>
   Синий
  </color>
  <material>
   Вискоза
  </material>
  <price>
   436295
  </price>
  <rating>
   2.44
  </rating>
  <reviews>
   377537
  </reviews>
  <exclusive>
   no
  </exclusive>
  <sporty>
   no
  </sporty>
 </clothing>
 <clothing>
  <id>
   432760048
  </id>
  <name>
   Converse Skirt F-4126
  </name>
  <category>
   Skirt
  </category>
  <size>
   L
  </size>
  <color>
   Красный
  </color>
  <material>
   Хлопок
  </material>
  <price>
   490371
  </price>
  <rating>
   2.26
  </rating>
  <reviews>
   469953
  </reviews>
  <new>
   -
  </new>
 </clothing>
 <clothing>
  <id>
   153990665
  </id>
  <name>
   Addidas Gloves V-7756
  </name>
  <category>
   Gloves
  </category>
  <size>
   M
  </size>
  <color>
   Желтый
  </color>
  <material>
   Вискоза
  </material>
  <price>
   418383
  </price>
  <rating>
   3.51
  </rating>
  <reviews>
   287831
  </reviews>
  <new>
   +
  </new>
 </clothing>
 <clothing>
  <id>
   881847934
  </id>
  <name>
   Puma Jeans F-9381
  </name>
  <category>
   Jeans
  </category>
  <size>
   L
  </size>
  <color>
   Зеленый
  </color>
  <material>
   Шерсть
  </material>
  <price>
   946865
  </price>
  <rating>
   1.17
  </rating>
  <reviews>
   939960
  </reviews>
  <new>
   -
  </new>
  <exclusive>
   no
  </exclusive>
  <sporty>
   yes
  </sporty>
 </clothing>
 <clothing>
  <id>
   908803539
  </id>
  <name>
   Brooks Skirt A-7166
  </name>
  <category>
   Skirt
  </category>
  <size>
   XXL
  </size>
  <color>
   Голубой
  </color>
  <material>
   Шелк
  </material>
  <price>
   456573
  </price>
  <rating>
   1.35
  </rating>
  <reviews>
   964500
  </reviews>
  <exclusive>
   no
  </exclusive>
  <sporty>
   yes
  </sporty>
 </clothing>
 <clothing>
  <id>
   345516239
  </id>
  <name>
   Under Armour Shirt E-3797
  </name>
  <category>
   Shirt
  </category>
  <size>
   S
  </size>
  <color>
   Зеленый
  </color>
  <material>
   Полиэстер
  </material>
  <price>
   150464
  </price>
  <rating>
   3.8
  </rating>
  <reviews>
   470701
  </reviews>
  <new>
   +
  </new>
  <sporty>
   yes
  </sporty>
 </clothing>
 <clothing>
  <id>
   524418640
  </id>
  <name>
   Fila Blouse H-1140
  </name>
  <category>
   Blouse
  </category>
  <size>
   M
  </size>
  <color>
   Фиолетовый
  </color>
  <material>
   Полиэстер
  </material>
  <price>
   369131
  </price>
  <rating>
   3.89
  </rating>
  <reviews>
   564728
  </reviews>
  <sporty>
   no
  </sporty>
 </clothing>
 <clothing>
  <id>
   373567298
  </id>
  <name>
   Converse Pants A-5447
  </name>
  <category>
   Pants
  </category>
  <size>
   M
  </size>
  <color>
   Синий
  </color>
  <material>
   Кожа
  </material>
  <price>
   897358
  </price>
  <rating>
   4.48
  </rating>
  <reviews>
   198386
  </reviews>
  <new>
   -
  </new>
  <exclusive>
   no
  </exclusive>
  <sporty>
   yes
  </sporty>
 </clothing>
 <clothing>
  <id>
   598488715
  </id>
  <name>
   Adidas Hat D-8485
  </name>
  <category>
   Hat
  </category>
  <size>
   XL
  </size>
  <color>
   Красный
  </color>
  <material>
   Нейлон
  </material>
  <price>
   216388
  </price>
  <rating>
   4.55
  </rating>
  <reviews>
   896292
  </reviews>
  <new>
   -
  </new>
  <exclusive>
   no
  </exclusive>
 </clothing>
 <clothing>
  <id>
   802567764
  </id>
  <name>
   Nike Hat C-6691
  </name>
  <category>
   Hat
  </category>
  <size>
   XL
  </size>
  <color>
   Зеленый
  </color>
  <material>
   Шерсть
  </material>
  <price>
   918757
  </price>
  <rating>
   3.4
  </rating>
  <reviews>
   579986
  </reviews>
  <exclusive>
   yes
  </exclusive>
  <sporty>
   no
  </sporty>
 </clothing>
 <clothing>
  <id>
   851434638
  </id>
  <name>
   Ellesse Dress P-4945
  </name>
  <category>
   Dress
  </category>
  <size>
   M
  </size>
  <color>
   Красный
  </color>
  <material>
   Шерсть
  </material>
  <price>
   933028
  </price>
  <rating>
   2.51
  </rating>
  <reviews>
   873429
  </reviews>
  <exclusive>
   no
  </exclusive>
  <sporty>
   yes
  </sporty>
 </clothing>
 <clothing>
  <id>
   941102896
  </id>
  <name>
   Puma Dress K-8103
  </name>
  <category>
   Dress
  </category>
  <size>
   XL
  </size>
  <color>
   Синий
  </color>
  <material>
   Нейлон
  </material>
  <price>
   419263
  </price>
  <rating>
   3.32
  </rating>
  <reviews>
   536907
  </reviews>
  <new>
   +
  </new>
  <exclusive>
   yes
  </exclusive>
  <sporty>
   yes
  </sporty>
 </clothing>
 <clothing>
  <id>
   445882459
  </id>
  <name>
   Ellesse Jeans C-8036
  </name>
  <category>
   Jeans
  </category>
  <size>
   S
  </size>
  <color>
   Красный
  </color>
  <material>
   Кожа
  </material>
  <price>
   223846
  </price>
  <rating>
   2.52
  </rating>
  <reviews>
   517553
  </reviews>
  <new>
   +
  </new>
  <exclusive>
   no
  </exclusive>
 </clothing>
 <clothing>
  <id>
   609667817
  </id>
  <name>
   Converse Umbrellas V-5999
  </name>
  <category>
   Umbrellas
  </category>
  <size>
   S
  </size>
  <color>
   Фиолетовый
  </color>
  <material>
   Шелк
  </material>
  <price>
   253902
  </price>
  <rating>
   4.45
  </rating>
  <reviews>
   764184
  </reviews>
  <exclusive>
   no
  </exclusive>
  <sporty>
   yes
  </sporty>
 </clothing>
 <clothing>
  <id>
   462000992
  </id>
  <name>
   Adidas Skirt P-3569
  </name>
  <category>
   Skirt
  </category>
  <size>
   L
  </size>
  <color>
   Голубой
  </color>
  <material>
   Нейлон
  </material>
  <price>
   974407
  </price>
  <rating>
   1.93
  </rating>
  <reviews>
   460412
  </reviews>
  <new>
   -
  </new>
  <exclusive>
   no
  </exclusive>
 </clothing>
 <clothing>
  <id>
   695685455
  </id>
  <name>
   Ellesse T-shirt M-8217
  </name>
  <category>
   T-shirt
  </category>
  <size>
   L
  </size>
  <color>
   Желтый
  </color>
  <material>
   Хлопок
  </material>
  <price>
   345068
  </price>
  <rating>
   2.84
  </rating>
  <reviews>
   910720
  </reviews>
  <exclusive>
   yes
  </exclusive>
  <sporty>
   no
  </sporty>
 </clothing>
 <clothing>
  <id>
   150115014
  </id>
  <name>
   Ellesse Umbrellas L-8293
  </name>
  <category>
   Umbrellas
  </category>
  <size>
   S
  </size>
  <color>
   Красный
  </color>
  <material>
   Кожа
  </material>
  <price>
   435168
  </price>
  <rating>
   3.12
  </rating>
  <reviews>
   604284
  </reviews>
  <new>
   -
  </new>
  <exclusive>
   no
  </exclusive>
 </clothing>
 <clothing>
  <id>
   985098427
  </id>
  <name>
   Adidas Dress Q-8858
  </name>
  <category>
   Dress
  </category>
  <size>
   XXL
  </size>
  <color>
   Желтый
  </color>
  <material>
   Хлопок
  </material>
  <price>
   897552
  </price>
  <rating>
   4.94
  </rating>
  <reviews>
   309386
  </reviews>
  <new>
   -
  </new>
  <exclusive>
   no
  </exclusive>
  <sporty>
   yes
  </sporty>
 </clothing>
 <clothing>
  <id>
   425657442
  </id>
  <name>
   PleinSport Shirt H-2528
  </name>
  <category>
   Shirt
  </category>
  <size>
   S
  </size>
  <color>
   Красный
  </color>
  <material>
   Лен
  </material>
  <price>
   793196
  </price>
  <rating>
   2.67
  </rating>
  <reviews>
   889648
  </reviews>
  <new>
   -
  </new>
  <sporty>
   no
  </sporty>
 </clothing>
 <clothing>
  <id>
   324162875
  </id>
  <name>
   Asics Shirt X-8329
  </name>
  <category>
   Shirt
  </category>
  <size>
   XL
  </size>
  <color>
   Синий
  </color>
  <material>
   Шелк
  </material>
  <price>
   439176
  </price>
  <rating>
   3.3
  </rating>
  <reviews>
   239933
  </reviews>
  <new>
   +
  </new>
  <exclusive>
   yes
  </exclusive>
 </clothing>
</clothing-items>
