<?xml version="1.0" encoding="utf-8"?>
<clothing-items>
 <clothing>
  <id>
   691663960
  </id>
  <name>
   Brooks Dress C-4159
  </name>
  <category>
   Dress
  </category>
  <size>
   M
  </size>
  <color>
   Фиолетовый
  </color>
  <material>
   Полиэстер
  </material>
  <price>
   841384
  </price>
  <rating>
   2.52
  </rating>
  <reviews>
   792207
  </reviews>
  <exclusive>
   no
  </exclusive>
  <sporty>
   no
  </sporty>
 </clothing>
 <clothing>
  <id>
   261564779
  </id>
  <name>
   Asics T-shirt S-1869
  </name>
  <category>
   T-shirt
  </category>
  <size>
   L
  </size>
  <color>
   Фиолетовый
  </color>
  <material>
   Кожа
  </material>
  <price>
   371282
  </price>
  <rating>
   2.72
  </rating>
  <reviews>
   496273
  </reviews>
 </clothing>
 <clothing>
  <id>
   468605482
  </id>
  <name>
   Vans Skirt V-8672
  </name>
  <category>
   Skirt
  </category>
  <size>
   XL
  </size>
  <color>
   Голубой
  </color>
  <material>
   Полиэстер
  </material>
  <price>
   495781
  </price>
  <rating>
   1.18
  </rating>
  <reviews>
   349526
  </reviews>
  <new>
   -
  </new>
  <sporty>
   no
  </sporty>
 </clothing>
 <clothing>
  <id>
   765899074
  </id>
  <name>
   Ellesse Gloves G-9376
  </name>
  <category>
   Gloves
  </category>
  <size>
   XL
  </size>
  <color>
   Фиолетовый
  </color>
  <material>
   Полиэстер
  </material>
  <price>
   625395
  </price>
  <rating>
   1.15
  </rating>
  <reviews>
   413048
  </reviews>
  <new>
   -
  </new>
  <exclusive>
   yes
  </exclusive>
  <sporty>
   yes
  </sporty>
 </clothing>
 <clothing>
  <id>
   432927201
  </id>
  <name>
   PleinSport T-shirt U-3275
  </name>
  <category>
   T-shirt
  </category>
  <size>
   M
  </size>
  <color>
   Фиолетовый
  </color>
  <material>
   Хлопок
  </material>
  <price>
   729437
  </price>
  <rating>
   1.57
  </rating>
  <reviews>
   36759
  </reviews>
  <exclusive>
   no
  </exclusive>
 </clothing>
 <clothing>
  <id>
   632020403
  </id>
  <name>
   DC Dress F-9924
  </name>
  <category>
   Dress
  </category>
  <size>
   S
  </size>
  <color>
   Оранжевый
  </color>
  <material>
   Вискоза
  </material>
  <price>
   927756
  </price>
  <rating>
   4.62
  </rating>
  <reviews>
   236714
  </reviews>
  <exclusive>
   no
  </exclusive>
 </clothing>
 <clothing>
  <id>
   455779917
  </id>
  <name>
   Puma T-shirt U-2865
  </name>
  <category>
   T-shirt
  </category>
  <size>
   XL
  </size>
  <color>
   Голубой
  </color>
  <material>
   Полиэстер
  </material>
  <price>
   476256
  </price>
  <rating>
   3.04
  </rating>
  <reviews>
   575866
  </reviews>
  <new>
   -
  </new>
  <sporty>
   no
  </sporty>
 </clothing>
 <clothing>
  <id>
   695063872
  </id>
  <name>
   Asics Umbrellas W-3155
  </name>
  <category>
   Umbrellas
  </category>
  <size>
   XXL
  </size>
  <color>
   Синий
  </color>
  <material>
   Полиэстер
  </material>
  <price>
   184388
  </price>
  <rating>
   1.69
  </rating>
  <reviews>
   503886
  </reviews>
  <new>
   -
  </new>
  <exclusive>
   no
  </exclusive>
  <sporty>
   no
  </sporty>
 </clothing>
 <clothing>
  <id>
   611073840
  </id>
  <name>
   Under Armour Belts X-7961
  </name>
  <category>
   Belts
  </category>
  <size>
   XL
  </size>
  <color>
   Синий
  </color>
  <material>
   Полиэстер
  </material>
  <price>
   929379
  </price>
  <rating>
   2.66
  </rating>
  <reviews>
   948542
  </reviews>
  <new>
   -
  </new>
  <exclusive>
   yes
  </exclusive>
 </clothing>
 <clothing>
  <id>
   362744292
  </id>
  <name>
   Converse Socks F-4834
  </name>
  <category>
   Socks
  </category>
  <size>
   S
  </size>
  <color>
   Оранжевый
  </color>
  <material>
   Лен
  </material>
  <price>
   900841
  </price>
  <rating>
   1.16
  </rating>
  <reviews>
   443874
  </reviews>
  <sporty>
   no
  </sporty>
 </clothing>
 <clothing>
  <id>
   147483910
  </id>
  <name>
   New Balance Shirt U-6755
  </name>
  <category>
   Shirt
  </category>
  <size>
   XXL
  </size>
  <color>
   Фиолетовый
  </color>
  <material>
   Кожа
  </material>
  <price>
   997471
  </price>
  <rating>
   4.54
  </rating>
  <reviews>
   137735
  </reviews>
  <new>
   +
  </new>
  <exclusive>
   no
  </exclusive>
  <sporty>
   yes
  </sporty>
 </clothing>
 <clothing>
  <id>
   438229609
  </id>
  <name>
   Reebok Jacket X-4804
  </name>
  <category>
   Jacket
  </category>
  <size>
   L
  </size>
  <color>
   Фиолетовый
  </color>
  <material>
   Полиэстер
  </material>
  <price>
   491345
  </price>
  <rating>
   3.84
  </rating>
  <reviews>
   767809
  </reviews>
  <exclusive>
   yes
  </exclusive>
  <sporty>
   no
  </sporty>
 </clothing>
 <clothing>
  <id>
   530121201
  </id>
  <name>
   Fila Belts H-5775
  </name>
  <category>
   Belts
  </category>
  <size>
   XXL
  </size>
  <color>
   Синий
  </color>
  <material>
   Хлопок
  </material>
  <price>
   144746
  </price>
  <rating>
   3.29
  </rating>
  <reviews>
   563127
  </reviews>
  <sporty>
   no
  </sporty>
 </clothing>
 <clothing>
  <id>
   656679120
  </id>
  <name>
   Under Armour Handbags K-6550
  </name>
  <category>
   Handbags
  </category>
  <size>
   M
  </size>
  <color>
   Зеленый
  </color>
  <material>
   Шелк
  </material>
  <price>
   821132
  </price>
  <rating>
   3.48
  </rating>
  <reviews>
   695161
  </reviews>
  <new>
   +
  </new>
  <exclusive>
   yes
  </exclusive>
 </clothing>
 <clothing>
  <id>
   101585492
  </id>
  <name>
   PleinSport Shirt T-1417
  </name>
  <category>
   Shirt
  </category>
  <size>
   XL
  </size>
  <color>
   Зеленый
  </color>
  <material>
   Хлопок
  </material>
  <price>
   642050
  </price>
  <rating>
   2.57
  </rating>
  <reviews>
   912908
  </reviews>
  <sporty>
   yes
  </sporty>
 </clothing>
 <clothing>
  <id>
   572305086
  </id>
  <name>
   Brooks Shoes M-7333
  </name>
  <category>
   Shoes
  </category>
  <size>
   XXL
  </size>
  <color>
   Фиолетовый
  </color>
  <material>
   Нейлон
  </material>
  <price>
   799842
  </price>
  <rating>
   3.67
  </rating>
  <reviews>
   987467
  </reviews>
  <new>
   +
  </new>
  <exclusive>
   no
  </exclusive>
 </clothing>
 <clothing>
  <id>
   564285483
  </id>
  <name>
   PleinSport Dress A-6497
  </name>
  <category>
   Dress
  </category>
  <size>
   XXL
  </size>
  <color>
   Фиолетовый
  </color>
  <material>
   Шерсть
  </material>
  <price>
   308548
  </price>
  <rating>
   1.56
  </rating>
  <reviews>
   777998
  </reviews>
  <new>
   +
  </new>
  <sporty>
   no
  </sporty>
 </clothing>
 <clothing>
  <id>
   676245702
  </id>
  <name>
   New Balance Gloves B-2376
  </name>
  <category>
   Gloves
  </category>
  <size>
   L
  </size>
  <color>
   Зеленый
  </color>
  <material>
   Шелк
  </material>
  <price>
   611506
  </price>
  <rating>
   2.59
  </rating>
  <reviews>
   415391
  </reviews>
  <sporty>
   no
  </sporty>
 </clothing>
 <clothing>
  <id>
   465405821
  </id>
  <name>
   DC Shoes L-1017
  </name>
  <category>
   Shoes
  </category>
  <size>
   S
  </size>
  <color>
   Оранжевый
  </color>
  <material>
   Кожа
  </material>
  <price>
   262380
  </price>
  <rating>
   4.17
  </rating>
  <reviews>
   601782
  </reviews>
  <sporty>
   no
  </sporty>
 </clothing>
 <clothing>
  <id>
   517004681
  </id>
  <name>
   Brooks Handbags P-3276
  </name>
  <category>
   Handbags
  </category>
  <size>
   L
  </size>
  <color>
   Красный
  </color>
  <material>
   Шелк
  </material>
  <price>
   711432
  </price>
  <rating>
   3.97
  </rating>
  <reviews>
   58656
  </reviews>
  <new>
   -
  </new>
  <exclusive>
   no
  </exclusive>
 </clothing>
 <clothing>
  <id>
   894908693
  </id>
  <name>
   Nike Dress B-1199
  </name>
  <category>
   Dress
  </category>
  <size>
   XL
  </size>
  <color>
   Зеленый
  </color>
  <material>
   Полиэстер
  </material>
  <price>
   375020
  </price>
  <rating>
   4.86
  </rating>
  <reviews>
   198748
  </reviews>
  <new>
   +
  </new>
  <exclusive>
   no
  </exclusive>
 </clothing>
 <clothing>
  <id>
   152264313
  </id>
  <name>
   Nike Sweater E-5615
  </name>
  <category>
   Sweater
  </category>
  <size>
   XXL
  </size>
  <color>
   Голубой
  </color>
  <material>
   Кожа
  </material>
  <price>
   350621
  </price>
  <rating>
   1.21
  </rating>
  <reviews>
   819783
  </reviews>
  <new>
   -
  </new>
  <exclusive>
   yes
  </exclusive>
 </clothing>
 <clothing>
  <id>
   756139860
  </id>
  <name>
   Vans Skirt A-8856
  </name>
  <category>
   Skirt
  </category>
  <size>
   XXL
  </size>
  <color>
   Желтый
  </color>
  <material>
   Кожа
  </material>
  <price>
   224941
  </price>
  <rating>
   1.74
  </rating>
  <reviews>
   499976
  </reviews>
  <sporty>
   yes
  </sporty>
 </clothing>
 <clothing>
  <id>
   586426165
  </id>
  <name>
   Nike Shoes K-9739
  </name>
  <category>
   Shoes
  </category>
  <size>
   M
  </size>
  <color>
   Красный
  </color>
  <material>
   Шерсть
  </material>
  <price>
   741548
  </price>
  <rating>
   3.93
  </rating>
  <reviews>
   449715
  </reviews>
  <new>
   -
  </new>
  <sporty>
   no
  </sporty>
 </clothing>
 <clothing>
  <id>
   326515680
  </id>
  <name>
   DC Socks T-8240
  </name>
  <category>
   Socks
  </category>
  <size>
   L
  </size>
  <color>
   Зеленый
  </color>
  <material>
   Лен
  </material>
  <price>
   143331
  </price>
  <rating>
   3.05
  </rating>
  <reviews>
   923669
  </reviews>
  <new>
   +
  </new>
  <exclusive>
   no
  </exclusive>
  <sporty>
   no
  </sporty>
 </clothing>
 <clothing>
  <id>
   387001043
  </id>
  <name>
   Converse Pants A-8889
  </name>
  <category>
   Pants
  </category>
  <size>
   XL
  </size>
  <color>
   Синий
  </color>
  <material>
   Нейлон
  </material>
  <price>
   642337
  </price>
  <rating>
   3.26
  </rating>
  <reviews>
   83413
  </reviews>
 </clothing>
 <clothing>
  <id>
   698551233
  </id>
  <name>
   Puma Socks S-4425
  </name>
  <category>
   Socks
  </category>
  <size>
   XL
  </size>
  <color>
   Фиолетовый
  </color>
  <material>
   Вискоза
  </material>
  <price>
   452673
  </price>
  <rating>
   3.61
  </rating>
  <reviews>
   450508
  </reviews>
  <exclusive>
   no
  </exclusive>
  <sporty>
   yes
  </sporty>
 </clothing>
 <clothing>
  <id>
   623105704
  </id>
  <name>
   Puma Gloves P-2924
  </name>
  <category>
   Gloves
  </category>
  <size>
   L
  </size>
  <color>
   Голубой
  </color>
  <material>
   Вискоза
  </material>
  <price>
   394855
  </price>
  <rating>
   4.84
  </rating>
  <reviews>
   196491
  </reviews>
  <new>
   -
  </new>
  <exclusive>
   yes
  </exclusive>
  <sporty>
   no
  </sporty>
 </clothing>
</clothing-items>
