<?xml version="1.0" encoding="utf-8"?>
<clothing-items>
 <clothing>
  <id>
   972211288
  </id>
  <name>
   Asics Socks N-3125
  </name>
  <category>
   Socks
  </category>
  <size>
   XL
  </size>
  <color>
   Желтый
  </color>
  <material>
   Кожа
  </material>
  <price>
   945707
  </price>
  <rating>
   3.11
  </rating>
  <reviews>
   89799
  </reviews>
  <new>
   +
  </new>
  <exclusive>
   no
  </exclusive>
 </clothing>
 <clothing>
  <id>
   330717618
  </id>
  <name>
   Addidas Shirt I-3974
  </name>
  <category>
   Shirt
  </category>
  <size>
   M
  </size>
  <color>
   Голубой
  </color>
  <material>
   Вискоза
  </material>
  <price>
   339892
  </price>
  <rating>
   4.72
  </rating>
  <reviews>
   872732
  </reviews>
  <new>
   -
  </new>
 </clothing>
 <clothing>
  <id>
   756600526
  </id>
  <name>
   Adidas Shoes A-9454
  </name>
  <category>
   Shoes
  </category>
  <size>
   L
  </size>
  <color>
   Фиолетовый
  </color>
  <material>
   Нейлон
  </material>
  <price>
   450682
  </price>
  <rating>
   4.12
  </rating>
  <reviews>
   914111
  </reviews>
  <new>
   +
  </new>
  <sporty>
   no
  </sporty>
 </clothing>
 <clothing>
  <id>
   729337442
  </id>
  <name>
   Asics Hat C-9365
  </name>
  <category>
   Hat
  </category>
  <size>
   M
  </size>
  <color>
   Зеленый
  </color>
  <material>
   Нейлон
  </material>
  <price>
   334386
  </price>
  <rating>
   1.73
  </rating>
  <reviews>
   520194
  </reviews>
  <new>
   -
  </new>
  <exclusive>
   yes
  </exclusive>
 </clothing>
 <clothing>
  <id>
   489330837
  </id>
  <name>
   DC Blouse L-9542
  </name>
  <category>
   Blouse
  </category>
  <size>
   S
  </size>
  <color>
   Оранжевый
  </color>
  <material>
   Хлопок
  </material>
  <price>
   743170
  </price>
  <rating>
   4.34
  </rating>
  <reviews>
   672007
  </reviews>
  <new>
   +
  </new>
  <exclusive>
   yes
  </exclusive>
 </clothing>
 <clothing>
  <id>
   511597426
  </id>
  <name>
   DC Gloves F-1971
  </name>
  <category>
   Gloves
  </category>
  <size>
   XXL
  </size>
  <color>
   Голубой
  </color>
  <material>
   Лен
  </material>
  <price>
   355900
  </price>
  <rating>
   4.44
  </rating>
  <reviews>
   995251
  </reviews>
  <new>
   -
  </new>
  <exclusive>
   yes
  </exclusive>
 </clothing>
 <clothing>
  <id>
   394198874
  </id>
  <name>
   Puma Socks M-6353
  </name>
  <category>
   Socks
  </category>
  <size>
   L
  </size>
  <color>
   Желтый
  </color>
  <material>
   Шелк
  </material>
  <price>
   970030
  </price>
  <rating>
   4.11
  </rating>
  <reviews>
   44107
  </reviews>
  <new>
   -
  </new>
  <exclusive>
   no
  </exclusive>
 </clothing>
 <clothing>
  <id>
   194732448
  </id>
  <name>
   Converse Skirt N-1206
  </name>
  <category>
   Skirt
  </category>
  <size>
   XL
  </size>
  <color>
   Фиолетовый
  </color>
  <material>
   Хлопок
  </material>
  <price>
   718751
  </price>
  <rating>
   3.57
  </rating>
  <reviews>
   929792
  </reviews>
 </clothing>
 <clothing>
  <id>
   486840315
  </id>
  <name>
   Brooks T-shirt W-3559
  </name>
  <category>
   T-shirt
  </category>
  <size>
   M
  </size>
  <color>
   Оранжевый
  </color>
  <material>
   Нейлон
  </material>
  <price>
   101052
  </price>
  <rating>
   3.13
  </rating>
  <reviews>
   942423
  </reviews>
  <new>
   -
  </new>
  <exclusive>
   yes
  </exclusive>
  <sporty>
   yes
  </sporty>
 </clothing>
 <clothing>
  <id>
   783729096
  </id>
  <name>
   New Balance Skirt Z-9589
  </name>
  <category>
   Skirt
  </category>
  <size>
   XXL
  </size>
  <color>
   Синий
  </color>
  <material>
   Лен
  </material>
  <price>
   786177
  </price>
  <rating>
   1.16
  </rating>
  <reviews>
   476002
  </reviews>
  <new>
   -
  </new>
  <sporty>
   no
  </sporty>
 </clothing>
 <clothing>
  <id>
   497759373
  </id>
  <name>
   New Balance Umbrellas Y-1028
  </name>
  <category>
   Umbrellas
  </category>
  <size>
   S
  </size>
  <color>
   Голубой
  </color>
  <material>
   Нейлон
  </material>
  <price>
   931414
  </price>
  <rating>
   4.47
  </rating>
  <reviews>
   433046
  </reviews>
  <new>
   +
  </new>
  <exclusive>
   no
  </exclusive>
 </clothing>
 <clothing>
  <id>
   870197161
  </id>
  <name>
   Asics Dress E-8312
  </name>
  <category>
   Dress
  </category>
  <size>
   XXL
  </size>
  <color>
   Красный
  </color>
  <material>
   Шерсть
  </material>
  <price>
   347277
  </price>
  <rating>
   2.69
  </rating>
  <reviews>
   882476
  </reviews>
  <new>
   +
  </new>
  <exclusive>
   yes
  </exclusive>
 </clothing>
</clothing-items>
